gene_id	c_exc_s	c_inc_s	c_missing	c_het_calls	c_stop_codon	c_unq_h
PF3D7_1416900	2094	37996	1014	1080	0	71
PF3D7_1145500	13199	26891	5389	7806	4	571
PF3D7_1359500	3129	36961	644	2484	1	195
PF3D7_1428900	21986	18104	14211	7774	1	538
PF3D7_0219200	2771	37319	2316	455	0	4
PF3D7_1440200	14633	25457	8531	6101	1	945
PF3D7_0622600	929	39161	593	336	0	14
PF3D7_0827100	16412	23678	6246	10153	13	1625
PF3D7_1108200	2899	37191	1846	1053	0	29
PF3D7_0108000	2269	37821	1798	471	0	15
PF3D7_1412900	5338	34752	3133	2205	0	92
PF3D7_0713100	22233	17857	9478	12176	579	271
PF3D7_0622200	9724	30366	4806	4916	2	439
PF3D7_1466300	14559	25531	8478	6080	1	391
PF3D7_1436500	11161	28929	5852	5308	1	210
PF3D7_1140400	1547	38543	629	918	0	74
PF3D7_0220700	8196	31894	725	5843	1628	108
PF3D7_1310200	2354	37736	848	1505	1	71
PF3D7_0527400	6803	33287	1479	3760	1564	134
PF3D7_0831500	2825	37265	789	2029	7	136
PF3D7_1108600	10765	29325	6674	4091	0	63
PF3D7_1127800	21193	18897	11365	9827	1	877
PF3D7_0909400	10867	29223	5427	5440	0	540
PF3D7_1241800	17965	22125	12988	4977	0	624
PF3D7_0731100	13616	26474	9720	3896	0	292
PF3D7_1366400	27644	12446	21698	5946	0	1545
PF3D7_0711500	15226	24864	4467	10757	2	323
PF3D7_0616000	36504	3586	36046	458	0	73
PF3D7_0206600	1163	38927	817	346	0	12
PF3D7_1325300	1515	38575	977	538	0	37
PF3D7_0319800	6621	33469	1140	5480	1	242
PF3D7_1462200	591	39499	350	241	0	19
PF3D7_0908100	7654	32436	2566	5088	0	315
PF3D7_1434500	37284	2806	34968	2315	1	1711
PF3D7_0406400	7857	32233	3900	3957	0	50
PF3D7_1302400	2084	38006	906	1178	0	58
PF3D7_1314700	10086	30004	5487	4597	2	386
PF3D7_1005600	22442	17648	13247	6440	2755	727
PF3D7_0602800	13004	27086	1402	11602	0	667
PF3D7_0923400	18831	21259	11698	7131	2	942
PF3D7_1450100	5449	34641	3464	1985	0	78
PF3D7_0406600	988	39102	403	585	0	47
PF3D7_0618500	2372	37718	1332	1040	0	31
PF3D7_1340000	18789	21301	14001	4782	6	596
PF3D7_0929600	6092	33998	4908	1184	0	38
PF3D7_1461300	2215	37875	514	1701	0	1
PF3D7_1460500	39853	237	39430	379	44	68
PF3D7_0220300	5794	34296	1867	3914	13	48
PF3D7_1368100	10321	29769	6442	3879	0	11
PF3D7_1321100	29081	11009	23668	5412	1	2114
PF3D7_0504200	10432	29658	5041	5391	0	201
PF3D7_1314300	5136	34954	2752	2383	1	152
PF3D7_0602700	11994	28096	876	11118	0	343
PF3D7_1008400	5016	35074	3024	1992	0	22
PF3D7_1447400	3118	36972	2124	994	0	71
PF3D7_1340700	11049	29041	10434	615	0	23
PF3D7_1450200	1721	38369	815	906	0	51
PF3D7_0924700	4690	35400	607	4083	0	225
PF3D7_1463600	1287	38803	802	483	2	36
PF3D7_1465700	5909	34181	4068	1841	0	110
PF3D7_0623700	13266	26824	5201	8064	1	836
PF3D7_1129600	23381	16709	17451	5929	1	1020
PF3D7_1010200	19867	20223	13729	6137	1	1620
PF3D7_1239000	7030	33060	3881	3149	0	242
PF3D7_0622100	13574	26516	5473	8096	5	964
PF3D7_1002500	1042	39048	509	533	0	42
PF3D7_1361000	12204	27886	5801	6402	1	482
PF3D7_0315700	7191	32899	4956	2235	0	186
PF3D7_1021400	6868	33222	4927	1941	0	90
PF3D7_1439200	12364	27726	7220	5144	0	791
PF3D7_1449400	21641	18449	15156	6484	1	2193
PF3D7_1422100	2775	37315	987	1788	0	118
PF3D7_1326900	19741	20349	12706	7035	0	620
PF3D7_1473400	9046	31044	2756	6289	1	714
PF3D7_0218300	6631	33459	3199	3432	0	184
PF3D7_0612400	1247	38843	686	561	0	64
PF3D7_1459300	1394	38696	328	729	337	49
PF3D7_1440300	4281	35809	1302	2979	0	179
PF3D7_0104700	8248	31842	3416	4831	1	345
PF3D7_0605400	7475	32615	7066	409	0	51
PF3D7_0905000	4042	36048	1782	2258	2	155
PF3D7_0514200	16648	23442	8310	8162	176	448
PF3D7_0404700	26980	13110	23849	3103	28	348
PF3D7_1367600	5645	34445	1477	4168	0	77
PF3D7_0816600	16024	24066	12055	3968	1	180
PF3D7_1348400	38303	1787	35856	2446	1	667
PF3D7_0624700	9741	30349	3506	6235	0	112
PF3D7_1022900	700	39390	285	415	0	16
PF3D7_0509000	4542	35548	3914	628	0	46
PF3D7_1312300	2530	37560	860	1670	0	136
PF3D7_1138500	11192	28898	4608	6584	0	505
PF3D7_1471800	6057	34033	2905	3152	0	198
PF3D7_1447200	13155	26935	5578	7577	0	383
PF3D7_1247200	3145	36945	1412	1733	0	74
PF3D7_1110800	3326	36764	2650	676	0	93
PF3D7_0424000	9622	30468	4556	5032	34	356
PF3D7_1001800	3420	36670	349	3071	0	99
PF3D7_1003300	949	39141	176	773	0	29
PF3D7_1465800	25097	14993	18854	6238	5	3516
PF3D7_1426000	2384	37706	1808	576	0	11
PF3D7_0530750	1647	38443	1081	565	1	50
PF3D7_1353300	17947	22143	9001	8946	0	2103
PF3D7_0110400	2047	38043	1052	995	0	64
PF3D7_1122500	17189	22901	10141	7047	1	914
PF3D7_1363000	10591	29499	4599	5991	1	831
PF3D7_0724800	9448	30642	5923	3525	0	95
PF3D7_1018700	8639	31451	1636	7002	1	531
PF3D7_0621300	11790	28300	5860	5930	0	546
PF3D7_0314500	1178	38912	635	543	0	57
PF3D7_1116500	2927	37163	1733	1193	1	39
PF3D7_0508300	2778	37312	1734	1044	0	60
PF3D7_0505800	2511	37579	1938	573	0	7
PF3D7_1120500	10424	29666	7851	2513	60	271
PF3D7_1124900	1670	38420	1195	475	0	29
PF3D7_1226000	10058	30032	5007	5051	0	378
PF3D7_0104400	11394	28696	9577	1817	0	154
PF3D7_1032300	10473	29617	1849	8624	0	647
PF3D7_1360400	2796	37294	769	2027	0	233
PF3D7_0515400	14720	25370	10132	4587	1	333
PF3D7_1138800	20793	19297	12686	8107	0	1642
PF3D7_0409200	8552	31538	6304	2247	1	130
PF3D7_0927500	1815	38275	1419	396	0	28
PF3D7_1458100	1127	38963	784	343	0	24
PF3D7_1122000	5824	34266	3901	1923	0	108
PF3D7_0912100	8833	31257	5316	3433	84	305
PF3D7_1337100	5216	34874	4040	1175	1	115
PF3D7_1132300	2286	37804	1592	694	0	28
PF3D7_1033000	13919	26171	5491	8428	0	300
PF3D7_0530800	6038	34052	4495	1542	1	107
PF3D7_1247300	5821	34269	2519	3302	0	306
PF3D7_1313000	572	39518	269	303	0	2
PF3D7_1204000	4614	35476	3210	1404	0	96
PF3D7_1334700	4563	35527	4055	508	0	78
PF3D7_1117900	21416	18674	15787	5629	0	1768
PF3D7_0318300	19463	20627	12033	7430	0	624
PF3D7_1317800	3052	37038	2374	678	0	14
PF3D7_1014300	21054	19036	15309	5745	0	1147
PF3D7_1129700	1135	38955	364	771	0	48
PF3D7_0935400	11937	28153	2208	9727	2	599
PF3D7_1432400	12624	27466	6500	6124	0	615
PF3D7_0903800	17725	22365	9237	8488	0	1247
PF3D7_0616700	6864	33226	1629	5232	3	255
PF3D7_0521300	11027	29063	5532	5495	0	727
PF3D7_0924800	1553	38537	1041	512	0	31
PF3D7_1309400	33103	6987	29019	4082	2	1336
PF3D7_0823700	2766	37324	2024	742	0	23
PF3D7_1415200	2431	37659	2132	291	8	34
PF3D7_0105100	762	39328	133	629	0	52
PF3D7_1239600	8377	31713	3802	4575	0	152
PF3D7_1406500	14715	25375	7325	7389	1	902
PF3D7_0924000	22990	17100	15204	7777	9	819
PF3D7_1317700	3182	36908	278	2904	0	65
PF3D7_1133000	7183	32907	1019	6164	0	20
PF3D7_0823900	3882	36208	2646	1236	0	69
PF3D7_0933300	8228	31862	2873	5355	0	487
PF3D7_0801000	39118	972	37811	1304	3	101
PF3D7_0524500	1191	38899	354	837	0	54
PF3D7_1229400	3480	36610	2666	814	0	30
PF3D7_0302500	40027	63	38645	1382	0	26
PF3D7_1404400	1620	38470	935	685	0	65
PF3D7_1026000	10129	29961	2879	7250	0	347
PF3D7_1435600	18865	21225	10115	8748	2	1439
PF3D7_0611300	2006	38084	1429	573	4	48
PF3D7_0803400	16776	23314	10748	6028	0	551
PF3D7_1334100	10978	29112	3540	7437	1	452
PF3D7_0629400	4582	35508	2231	2351	0	180
PF3D7_1347100	9328	30762	6825	2502	1	180
PF3D7_1208400	14011	26079	6680	7328	3	833
PF3D7_1115600	4251	35839	3045	1206	0	43
PF3D7_0208400	22093	17997	14036	8041	16	1652
PF3D7_0934400	2684	37406	2102	581	1	34
PF3D7_1426600	14181	25909	4696	9485	0	1421
PF3D7_0722300	18559	21531	13645	4914	0	532
PF3D7_1414600	7690	32400	1023	6580	87	241
PF3D7_0816000	4849	35241	1490	3359	0	211
PF3D7_1450400	15060	25030	3673	11385	2	2015
PF3D7_0605300	13586	26504	11362	2224	0	8
PF3D7_1435900	7378	32712	1002	6376	0	100
PF3D7_0323600	11325	28765	4314	7011	0	144
PF3D7_1459700	4056	36034	1615	2439	2	168
PF3D7_1213700	1589	38501	1136	453	0	22
PF3D7_1339900	11426	28664	6079	5347	0	484
PF3D7_1354800	6623	33467	2835	3788	0	371
PF3D7_1130900	19098	20992	13282	5816	0	1058
PF3D7_0303800	8789	31301	5383	3405	1	228
PF3D7_0925300	8192	31898	1174	7018	0	175
PF3D7_1366000	1141	38949	351	790	0	64
PF3D7_1445600	8247	31843	1236	7002	9	512
PF3D7_1250800	19581	20509	12491	7088	2	1276
PF3D7_1013400	13567	26523	6216	7350	1	635
PF3D7_1147400	3214	36876	3023	191	0	14
PF3D7_0419800	1545	38545	199	1346	0	84
PF3D7_1138350	3196	36894	1767	1415	14	69
PF3D7_0815600	3948	36142	2877	1071	0	24
PF3D7_1027900	4197	35893	2986	1211	0	60
PF3D7_1008600	5518	34572	1089	4429	0	248
PF3D7_1146500	5976	34114	974	5002	0	139
PF3D7_0725300	26260	13830	23112	3141	7	275
PF3D7_0927200	18182	21908	8865	9312	5	1160
PF3D7_1207200	24270	15820	15957	8310	3	3038
PF3D7_1406600	12608	27482	4065	8539	4	897
PF3D7_1251700	6940	33150	2106	4834	0	322
PF3D7_1308100	5190	34900	4757	433	0	46
PF3D7_1002600	6477	33613	715	5762	0	424
PF3D7_1103100	1910	38180	1683	227	0	16
PF3D7_1358900	5057	35033	4015	1042	0	90
PF3D7_0308300	8602	31488	903	7699	0	228
PF3D7_0214800	22998	17092	14831	8166	1	1084
PF3D7_0621200	2575	37515	1985	588	2	35
PF3D7_1012200	8780	31310	896	7884	0	140
PF3D7_0820600	2954	37136	545	2408	1	143
PF3D7_1463200	4827	35263	3260	1567	0	47
PF3D7_1455500	12601	27489	3797	8803	1	570
PF3D7_0113000	25863	14227	18803	6893	167	1079
PF3D7_1309600	2868	37222	725	2143	0	120
PF3D7_1457600	8378	31712	621	7757	0	517
PF3D7_0720800	10632	29458	4910	5722	0	67
PF3D7_0316100	2687	37403	810	1876	1	93
PF3D7_1357700	14583	25507	8175	6407	1	991
PF3D7_1146600	15169	24921	4594	10569	6	1227
PF3D7_1445000	6341	33749	3900	2441	0	188
PF3D7_0320900	2607	37483	2359	248	0	5
PF3D7_1350600	9241	30849	1225	8016	0	161
PF3D7_1470000	1475	38615	885	590	0	39
PF3D7_0302800	6220	33870	825	5395	0	236
PF3D7_1251000	3128	36962	1609	1519	0	60
PF3D7_0721600	4298	35792	486	3812	0	18
PF3D7_1307500	686	39404	118	547	21	40
PF3D7_1316700	9025	31065	5389	3627	9	282
PF3D7_0104300	32500	7590	27815	4685	0	2709
PF3D7_0503800	1646	38444	1122	524	0	8
PF3D7_1410700	6824	33266	2979	3845	0	85
PF3D7_0821000	3766	36324	2161	1605	0	62
PF3D7_1033400	6886	33204	1436	5449	1	69
PF3D7_0819200	7639	32451	2848	4788	3	226
PF3D7_0826300	6621	33469	1929	4692	0	321
PF3D7_1467200	13797	26293	9651	4146	0	407
PF3D7_0304800	11744	28346	1913	9831	0	982
PF3D7_0729500	14981	25109	7149	7831	1	384
PF3D7_1248800	2925	37165	2022	903	0	43
PF3D7_1323500	10998	29092	3167	7820	11	279
PF3D7_1246600	8196	31894	2127	6058	11	386
PF3D7_0512400	2936	37154	649	2287	0	123
PF3D7_1446700	9103	30987	2527	6576	0	96
PF3D7_1444100	32398	7692	29074	3323	1	3311
PF3D7_1142900	4751	35339	1214	3536	1	289
PF3D7_1435200	4573	35517	1869	2704	0	216
PF3D7_0110100	31478	8612	29142	2336	0	347
PF3D7_1470950	1171	38919	326	753	92	59
PF3D7_1349800	3473	36617	1389	2084	0	163
PF3D7_1031700	6377	33713	917	5458	2	45
PF3D7_1313200	9217	30873	4162	5055	0	397
PF3D7_0321700	26874	13216	21462	5412	0	1704
PF3D7_0630400	9918	30172	1342	8574	2	144
PF3D7_0420300	28411	11679	20386	8019	6	3548
PF3D7_1205100	10720	29370	6657	4058	5	280
PF3D7_1246400	7195	32895	734	6461	0	50
PF3D7_1107900	12578	27512	5491	7083	4	1027
PF3D7_1451900	13145	26945	5521	7618	6	705
PF3D7_0301800	10932	29158	5435	5497	0	92
PF3D7_1209500	11519	28571	4359	7160	0	579
PF3D7_0902000	11948	28142	2147	9798	3	408
PF3D7_1034400	11307	28783	9069	2238	0	99
PF3D7_1411000	22925	17165	7231	15693	1	1493
PF3D7_0828100	12971	27119	4019	8951	1	1236
PF3D7_0520100	10806	29284	3705	7101	0	318
PF3D7_0802700	6059	34031	4287	1772	0	172
PF3D7_1367100	7895	32195	5670	2225	0	198
PF3D7_1443700	3882	36208	527	3355	0	21
PF3D7_1127900	6927	33163	2413	4513	1	164
PF3D7_0509300	2125	37965	1077	1048	0	38
PF3D7_0823500	8416	31674	5945	2471	0	215
PF3D7_1436800	1520	38570	543	974	3	41
PF3D7_0709400	16716	23374	8995	7721	0	850
PF3D7_1411700	9074	31016	1991	7083	0	573
PF3D7_0520700	10288	29802	965	9309	14	607
PF3D7_0904300	20301	19789	11122	9177	2	2706
PF3D7_0604300	15433	24657	6584	8848	1	822
PF3D7_1123700	3903	36187	3289	614	0	62
PF3D7_0803000	8572	31518	1638	6934	0	553
PF3D7_0315600	10125	29965	4956	5169	0	271
PF3D7_0805800	5676	34414	209	5437	30	206
PF3D7_1102800	3502	36588	961	2541	0	35
PF3D7_0711400	12793	27297	1926	10866	1	638
PF3D7_0925800	27511	12579	24033	3478	0	884
PF3D7_1029600	8169	31921	5981	2188	0	80
PF3D7_1340800	2094	37996	1437	646	11	37
PF3D7_0210500	13735	26355	7727	6008	0	645
PF3D7_1113000	23586	16504	16230	7341	15	5734
PF3D7_1019800	31021	9069	28661	2356	4	191
PF3D7_0418000	31650	8440	24745	6904	1	3592
PF3D7_1238500	37097	2993	35358	1725	14	1032
PF3D7_1022200	8419	31671	1547	6872	0	177
PF3D7_0510000	16647	23443	13514	3133	0	238
PF3D7_1417600	29688	10402	23256	6427	5	2714
PF3D7_1333400	8729	31361	2543	6181	5	92
PF3D7_0524900	34850	5240	32940	1910	0	202
PF3D7_0418800	4959	35131	4230	728	1	43
PF3D7_1235700	11839	28251	11102	737	0	45
PF3D7_1124500	7232	32858	1035	6197	0	272
PF3D7_0602400	11759	28331	9066	2693	0	189
PF3D7_1350800	2657	37433	937	1720	0	128
PF3D7_1327300	22508	17582	16430	6077	1	1400
PF3D7_1235600	10360	29730	5691	4669	0	42
PF3D7_0303000	8869	31221	5115	3684	70	286
PF3D7_1209000	1675	38415	695	980	0	83
PF3D7_0512500	8767	31323	4655	4112	0	255
PF3D7_1426900	617	39473	246	371	0	13
PF3D7_1023100	36169	3921	33780	2389	0	545
PF3D7_1404500	9040	31050	6002	3038	0	214
PF3D7_1020500	5034	35056	1873	3161	0	235
PF3D7_0624300	2941	37149	1176	1765	0	75
PF3D7_1026200	19071	21019	14481	4574	16	262
PF3D7_1328300	3164	36926	1679	1485	0	87
PF3D7_1348100	3957	36133	3130	827	0	81
PF3D7_1018800	8062	32028	2846	5216	0	436
PF3D7_0909000	12893	27197	6898	5995	0	534
PF3D7_0715600	12070	28020	8265	3805	0	121
PF3D7_1430000	6319	33771	652	5667	0	123
PF3D7_0804900	9508	30582	1036	8471	1	271
PF3D7_1116800	11234	28856	7391	3842	1	104
PF3D7_0724100	18291	21799	11968	6322	1	725
PF3D7_1129300	16867	23223	8404	8463	0	1673
PF3D7_1453300	816	39274	493	323	0	12
PF3D7_0625000	2920	37170	1514	1406	0	55
PF3D7_1016900	8470	31620	419	8051	0	62
PF3D7_0923500	17239	22851	15299	1940	0	58
PF3D7_0516200	1354	38736	1069	284	1	13
PF3D7_1318900	11508	28582	2784	8723	1	603
PF3D7_1359900	25868	14222	18292	7576	0	1727
PF3D7_0210100	3719	36371	3534	184	1	11
PF3D7_0935300	1737	38353	1217	520	0	17
PF3D7_0714400	3324	36766	1787	1537	0	67
PF3D7_0509200	7611	32479	5581	2030	0	130
PF3D7_0703900	35133	4957	31893	3239	1	3220
PF3D7_1249300	20014	20076	13802	6212	0	634
PF3D7_0415000	7797	32293	1377	6420	0	44
PF3D7_1467600	39113	977	38093	1012	8	253
PF3D7_1437500	4781	35309	481	4300	0	131
PF3D7_1206400	3280	36810	2087	1193	0	159
PF3D7_1140600	16665	23425	7377	9287	1	1728
PF3D7_0521700	10659	29431	8535	2123	1	290
PF3D7_0527300	5825	34265	1135	4689	1	108
PF3D7_0721800	770	39320	367	402	1	15
PF3D7_1401100	12064	28026	2766	9297	1	509
PF3D7_1204600	8564	31526	6446	2118	0	177
PF3D7_0420200	12578	27512	1765	10813	0	581
PF3D7_1407600	21650	18440	14220	7428	2	2538
PF3D7_0312400	6208	33882	4938	1270	0	53
PF3D7_0828000	2847	37243	814	2032	1	108
PF3D7_0806300	21513	18577	15183	6330	0	326
PF3D7_1145100	10578	29512	5696	4882	0	433
PF3D7_0512800	36722	3368	35707	1015	0	408
PF3D7_0803300	3396	36694	1051	2344	1	133
PF3D7_1402800	26141	13949	18829	7310	2	2007
PF3D7_0616300	1562	38528	603	959	0	82
PF3D7_1208000	1324	38766	755	568	1	43
PF3D7_1126800	13382	26708	4209	9151	22	1580
PF3D7_0307400	3558	36532	657	2898	3	138
PF3D7_1005400	6250	33840	2154	4096	0	238
PF3D7_1125300	17868	22222	12652	5216	0	422
PF3D7_0729900	26749	13341	21654	5095	0	796
PF3D7_1402700	9226	30864	3629	5597	0	331
PF3D7_1474700	7392	32698	1625	5766	1	668
PF3D7_0623300	11615	28475	4224	7391	0	66
PF3D7_0408500	15945	24145	13314	2627	4	204
PF3D7_1231100	3646	36444	2124	1522	0	9
PF3D7_0520500	2170	37920	1446	724	0	52
PF3D7_0620600	6265	33825	336	5928	1	180
PF3D7_0207600	30584	9506	28068	2480	36	605
PF3D7_1224200	7973	32117	5024	2948	1	173
PF3D7_0616200	6617	33473	3658	2959	0	159
PF3D7_0903600	11365	28725	2979	8384	2	490
PF3D7_0603500	4054	36036	3010	1044	0	49
PF3D7_0319500	8390	31700	6285	2099	6	143
PF3D7_1413800	4598	35492	869	3729	0	127
PF3D7_1330800	11149	28941	6927	4221	1	331
PF3D7_0424900	9268	30822	1235	8031	2	179
PF3D7_0828200	14522	25568	7750	6772	0	1132
PF3D7_0518300	2976	37114	2281	695	0	40
PF3D7_0208000	14480	25610	6190	8288	2	571
PF3D7_0726500	27369	12721	18743	8626	0	2263
PF3D7_1413400	7718	32372	2296	5422	0	405
PF3D7_0902800	14051	26039	8970	5074	7	545
PF3D7_0916400	21885	18205	11305	10572	8	5405
PF3D7_1113400	4147	35943	1765	2382	0	105
PF3D7_1422900	9120	30970	655	8465	0	144
PF3D7_0827800	32580	7510	23124	9456	0	2203
PF3D7_1458600	12547	27543	2993	9554	0	1388
PF3D7_0110000	6981	33109	1668	5313	0	106
PF3D7_1466500	2497	37593	787	1710	0	73
PF3D7_0320300	10619	29471	9882	737	0	48
PF3D7_1425200	2381	37709	994	1386	1	105
PF3D7_1316500	10057	30033	6380	3677	0	455
PF3D7_0913400	2320	37770	1678	642	0	41
PF3D7_0215700	15329	24761	11527	3802	0	141
PF3D7_0304400	1555	38535	1330	225	0	4
PF3D7_1017600	25333	14757	19428	5899	6	686
PF3D7_1145000	7618	32472	3078	4540	0	467
PF3D7_1306500	18238	21852	6904	11334	0	5251
PF3D7_1227900	19476	20614	12657	6819	0	368
PF3D7_0919600	5978	34112	4667	1310	1	187
PF3D7_1106200	6796	33294	2750	4045	1	382
PF3D7_0621000	7564	32526	3126	4438	0	347
PF3D7_0114700	19237	20853	2990	11404	4843	701
PF3D7_1477700	8844	31246	1025	6196	1623	166
PF3D7_1244600	3983	36107	278	3705	0	65
PF3D7_1252900	2038	38052	1108	906	24	65
PF3D7_1102500	15718	24372	7239	8478	1	507
PF3D7_1009200	12297	27793	2664	9630	3	699
PF3D7_1143900	11731	28359	6454	5276	1	175
PF3D7_1363100	11990	28100	6846	5143	1	669
PF3D7_1113600	13924	26166	6510	7414	0	339
PF3D7_1145900	6138	33952	3268	2869	1	247
PF3D7_1308700	14287	25803	9332	4955	0	405
PF3D7_0708600	4741	35349	4243	497	1	69
PF3D7_1306800	3786	36304	265	3515	6	235
PF3D7_1119600	17130	22960	12052	5078	0	411
PF3D7_1038400	40074	16	40070	4	0	0
PF3D7_0418100	19007	21083	10225	8779	3	1049
PF3D7_1448800	2764	37326	685	2079	0	106
PF3D7_1129100	13198	26892	4911	8286	1	550
PF3D7_0209300	3298	36792	1818	1480	0	67
PF3D7_1223200	5794	34296	3803	1991	0	73
PF3D7_1004300	25275	14815	18500	6775	0	834
PF3D7_0603300	11248	28842	9560	1688	0	145
PF3D7_0810200	7525	32565	2014	5505	6	257
PF3D7_0605100	5925	34165	3500	2425	0	187
PF3D7_1320000	12380	27710	2829	9551	0	1013
PF3D7_1412500	5563	34527	1233	4328	2	13
PF3D7_1144500	2096	37994	846	1250	0	106
PF3D7_0215600	19420	20670	16474	2946	0	196
PF3D7_1106800	27678	12412	21938	5740	0	1469
PF3D7_0316400	12215	27875	7779	4436	0	469
PF3D7_1105900	3720	36370	518	3202	0	71
PF3D7_1360200	5529	34561	1488	4041	0	76
PF3D7_1313400	8106	31984	1415	6691	0	502
PF3D7_1022000	15177	24913	6870	8307	0	642
PF3D7_0312500	9085	31005	2399	6682	4	353
PF3D7_0507800	37670	2420	36431	1238	1	765
PF3D7_0111000	18538	21552	11600	6937	1	983
PF3D7_0422200	24733	15357	15594	9102	37	6564
PF3D7_0219700	8670	31420	1291	7374	5	163
PF3D7_1343400	15780	24310	9081	6698	1	681
PF3D7_1406700	938	39152	405	530	3	40
PF3D7_0512700	3932	36158	2597	1334	1	76
PF3D7_0309300	33190	6900	31926	1263	1	127
PF3D7_0817800	737	39353	424	313	0	18
PF3D7_0928100	12203	27887	7174	5029	0	268
PF3D7_0512100	3162	36928	1472	1690	0	41
PF3D7_1413900	2736	37354	1358	1378	0	39
PF3D7_1476700	3098	36992	1479	1617	2	144
PF3D7_1019100	34394	5696	29663	4728	3	1261
PF3D7_1132100	11444	28646	2572	8871	1	1077
PF3D7_0628200	31577	8513	27850	3727	0	920
PF3D7_1233050	2386	37704	2250	136	0	12
PF3D7_1140200	15178	24912	7460	7716	2	463
PF3D7_0707400	7842	32248	4422	3420	0	115
PF3D7_1439900	3339	36751	952	2387	0	76
PF3D7_1203600	2425	37665	1245	1180	0	62
PF3D7_1121300	15851	24239	8597	7253	1	549
PF3D7_0716600	21080	19010	15167	5913	0	148
PF3D7_1009100	10072	30018	1694	8370	8	538
PF3D7_0407400	845	39245	86	759	0	64
PF3D7_0103700	11778	28312	3200	8578	0	432
PF3D7_1417200	24726	15364	16752	7938	36	2883
PF3D7_1029100	17069	23021	9172	7896	1	1112
PF3D7_1037700	1161	38929	763	398	0	10
PF3D7_1010100	7558	32532	5302	2256	0	146
PF3D7_1037600	13932	26158	9709	4223	0	122
PF3D7_0105200	4073	36017	2122	1950	1	160
PF3D7_0604600	13389	26701	6048	7339	2	1120
PF3D7_1221000	35738	4352	32883	2855	0	990
PF3D7_1443000	14370	25720	6842	7528	0	1112
PF3D7_0520300	3676	36414	3002	673	1	17
PF3D7_0823200	3512	36578	697	2815	0	31
PF3D7_0720100	4333	35757	1262	3071	0	158
PF3D7_0705800	2623	37467	1432	1187	4	72
PF3D7_1350900	11960	28130	6489	5471	0	210
PF3D7_1030500	9516	30574	2883	6631	2	121
PF3D7_0930700	3774	36316	1959	1815	0	126
PF3D7_0933700	3954	36136	3280	674	0	54
PF3D7_1211700	12619	27471	11572	1047	0	38
PF3D7_1123200	10058	30032	3040	7018	0	333
PF3D7_0206900	6036	34054	845	5191	0	68
PF3D7_0306800	11533	28557	10048	1484	1	73
PF3D7_1461000	25452	14638	19606	5845	1	127
PF3D7_1359800	2023	38067	662	1361	0	69
PF3D7_0903200	3046	37044	1054	1991	1	16
PF3D7_1232800	5017	35073	2450	2566	1	52
PF3D7_1445800	15718	24372	9085	6633	0	623
PF3D7_0521400	7688	32402	4560	3124	4	190
PF3D7_1340500	11155	28935	2183	8972	0	1254
PF3D7_1133100	26142	13948	22680	3462	0	396
PF3D7_0323800	6688	33402	2298	4384	6	261
PF3D7_1358300	3663	36427	2259	1404	0	105
PF3D7_0821400	2077	38013	1100	977	0	52
PF3D7_0917700	4093	35997	2391	1701	1	127
PF3D7_1030600	12918	27172	10156	2762	0	230
PF3D7_1458900	2223	37867	443	1780	0	174
PF3D7_1309200	10517	29573	5117	5399	1	466
PF3D7_1117700	1356	38734	989	367	0	4
PF3D7_1109900	3185	36905	1534	1651	0	33
PF3D7_0820400	5341	34749	1154	4185	2	312
PF3D7_1124000	11368	28722	6326	5041	1	81
PF3D7_1309900	2402	37688	831	1571	0	150
PF3D7_0624400	7065	33025	978	6087	0	376
PF3D7_1135500	3076	37014	1818	1242	16	146
PF3D7_1427700	4174	35916	2127	2047	0	10
PF3D7_1456700	3960	36130	1253	2707	0	116
PF3D7_1109100	18896	21194	9045	9851	0	2226
PF3D7_1325900	35090	5000	31294	3796	0	1296
PF3D7_0936300	18891	21199	11783	6952	156	310
PF3D7_0614100	20245	19845	11882	8363	0	1043
PF3D7_1353600	1627	38463	1145	482	0	10
PF3D7_0618300	1881	38209	725	1156	0	16
PF3D7_0726800	968	39122	537	431	0	20
PF3D7_0707200	24903	15187	16277	8620	6	2424
PF3D7_1432000	8718	31372	5764	2954	0	158
PF3D7_0923000	4030	36060	2388	1642	0	87
PF3D7_0516500	9032	31058	8201	829	2	76
PF3D7_0411300	9697	30393	4641	5056	0	451
PF3D7_1462900	11022	29068	4040	6982	0	883
PF3D7_0722400	6865	33225	6362	503	0	27
PF3D7_1103800	25892	14198	18023	7867	2	2394
PF3D7_0210800	9977	30113	589	9388	0	369
PF3D7_1360900	4423	35667	3378	1045	0	25
PF3D7_0218500	826	39264	280	546	0	14
PF3D7_1430900	2163	37927	1086	1077	0	29
PF3D7_1349300	24747	15343	17639	6992	116	1023
PF3D7_0804300	36108	3982	33241	2866	1	357
PF3D7_0902200	6736	33354	2758	3978	0	219
PF3D7_1231400	18457	21633	12660	5797	0	737
PF3D7_0511100	5639	34451	5407	232	0	24
PF3D7_1444000	9754	30336	8131	1623	0	150
PF3D7_0929700	5407	34683	2765	2641	1	151
PF3D7_1249200	2419	37671	518	1901	0	132
PF3D7_1306700	5033	35057	1175	3851	7	292
PF3D7_1427000	14409	25681	8481	5928	0	541
PF3D7_1139500	7986	32104	4555	3431	0	218
PF3D7_1334600	8641	31449	6423	2212	6	181
PF3D7_1228100	3805	36285	1110	2695	0	202
PF3D7_1201200	8025	32065	1516	5828	681	91
PF3D7_1238700	10435	29655	7848	2587	0	238
PF3D7_1460700	2215	37875	1344	871	0	34
PF3D7_0213600	30556	9534	24718	5838	0	1694
PF3D7_1332800	4681	35409	3518	1162	1	23
PF3D7_0907300	3536	36554	1287	2249	0	193
PF3D7_0516700	19156	20934	12629	6527	0	361
PF3D7_1033100	24001	16089	16191	7809	1	4429
PF3D7_1439600	816	39274	316	500	0	35
PF3D7_1321600	11845	28245	8845	3000	0	179
PF3D7_0529500	5611	34479	4899	712	0	43
PF3D7_1007100	1781	38309	1364	417	0	35
PF3D7_0110600	26324	13766	21499	4825	0	880
PF3D7_1451200	20441	19649	14319	6113	9	1422
PF3D7_1305300	23222	16868	15827	7394	1	2511
PF3D7_0408200	5193	34897	1650	3543	0	365
PF3D7_1312500	425	39665	167	258	0	20
PF3D7_1107100	7808	32282	3698	4109	1	379
PF3D7_1130200	6168	33922	5499	668	1	61
PF3D7_1458400	8667	31423	3774	4893	0	258
PF3D7_0613000	2232	37858	2013	217	2	12
PF3D7_0217300	1714	38376	1079	634	1	10
PF3D7_0802900	1136	38954	611	524	1	28
PF3D7_1419500	1881	38209	745	1136	0	96
PF3D7_1020900	2217	37873	1792	425	0	3
PF3D7_0304900	2072	38018	275	1797	0	45
PF3D7_0824900	11229	28861	3534	7672	23	927
PF3D7_1410200	10828	29262	6672	4156	0	294
PF3D7_1236900	5260	34830	1840	3420	0	181
PF3D7_0420000	35142	4948	32328	2814	0	2210
PF3D7_0607800	6294	33796	3166	3128	0	262
PF3D7_0522100	10569	29521	1720	8848	1	408
PF3D7_0523800	13212	26878	5349	7863	0	279
PF3D7_1421000	5063	35027	909	4154	0	80
PF3D7_0715400	3193	36897	964	2229	0	56
PF3D7_1337300	18417	21673	14437	3980	0	380
PF3D7_1013900	8622	31468	2676	5942	4	461
PF3D7_0415800	20120	19970	7651	12021	448	1245
PF3D7_1316600	11691	28399	7218	4472	1	181
PF3D7_1419200	6447	33643	3232	3215	0	279
PF3D7_1442200	13792	26298	8457	5335	0	655
PF3D7_0214300	36714	3376	33863	2850	1	1216
PF3D7_0706300	1195	38895	352	833	10	78
PF3D7_0919700	2850	37240	934	1916	0	92
PF3D7_1428000	6426	33664	5233	1193	0	80
PF3D7_1129800	4081	36009	1625	2456	0	119
PF3D7_1413100	9441	30649	667	8619	155	572
PF3D7_1331500	27735	12355	21876	5859	0	441
PF3D7_0625400	7406	32684	241	7165	0	206
PF3D7_1430800	1740	38350	979	761	0	28
PF3D7_1212400	6656	33434	944	5712	0	166
PF3D7_1234400	28616	11474	26694	1922	0	156
PF3D7_0628000	3276	36814	2975	301	0	21
PF3D7_1246100	5793	34297	3372	2420	1	207
PF3D7_1228900	14345	25745	5731	8613	1	365
PF3D7_0314400	1120	38970	609	510	1	12
PF3D7_1343700	11568	28522	6639	4928	1	191
PF3D7_1343000	6103	33987	1477	4625	1	71
PF3D7_1322600	9921	30169	3116	6798	7	440
PF3D7_0709300	37883	2207	36081	1802	0	1142
PF3D7_0424400	34822	5268	31351	2965	506	1739
PF3D7_0825600	514	39576	211	303	0	38
PF3D7_1103500	14010	26080	9936	4073	1	225
PF3D7_1024100	27047	13043	21950	5097	0	585
PF3D7_0424100	9042	31048	1985	7057	0	188
PF3D7_1032600	5772	34318	1668	4104	0	170
PF3D7_1315600	4390	35700	2545	1844	1	56
PF3D7_0204000	10694	29396	3694	6999	1	486
PF3D7_1338500	10870	29220	4935	5935	0	434
PF3D7_1326600	37900	2190	36371	1529	0	905
PF3D7_1226400	10559	29531	1413	9026	120	440
PF3D7_0605700	8044	32046	3404	4638	2	166
PF3D7_1356000	12008	28082	1716	10267	25	1619
PF3D7_0813400	6375	33715	2281	4093	1	195
PF3D7_1305900	5117	34973	2564	2534	19	273
PF3D7_0707300	32981	7109	28819	4162	0	825
PF3D7_1010000	3718	36372	3110	606	2	34
PF3D7_1250000	2925	37165	2012	913	0	57
PF3D7_1339400	1549	38541	516	1033	0	32
PF3D7_0917800	6404	33686	3522	2881	1	194
PF3D7_1474000	23634	16456	15191	8443	0	2613
PF3D7_0511400	11643	28447	744	10899	0	581
PF3D7_1249500	3131	36959	2303	828	0	86
PF3D7_1430500	8824	31266	6326	2498	0	125
PF3D7_1209800	988	39102	416	572	0	65
PF3D7_1213500	5413	34677	1981	3432	0	239
PF3D7_1125500	469	39621	159	310	0	24
PF3D7_1332900	18680	21410	14172	4508	0	292
PF3D7_1024900	29099	10991	24958	4141	0	946
PF3D7_0425100	13157	26933	4045	9111	1	208
PF3D7_1006500	6086	34004	2124	3959	3	218
PF3D7_1321900	8587	31503	326	8261	0	155
PF3D7_1477800	1029	39061	208	802	19	58
PF3D7_1245000	3992	36098	679	3313	0	254
PF3D7_1111500	1255	38835	528	726	1	62
PF3D7_0317900	11918	28172	9959	1959	0	211
PF3D7_0102300	3029	37061	1478	1548	3	48
PF3D7_1144200	5454	34636	1445	4009	0	291
PF3D7_0929400	18562	21528	11965	6597	0	611
PF3D7_1456300	3059	37031	629	2429	1	242
PF3D7_0809800	16171	23919	7323	8846	2	507
PF3D7_1438900	2714	37376	1372	1342	0	20
PF3D7_1303100	10559	29531	811	9748	0	240
PF3D7_1033600	16717	23373	11152	5565	0	451
PF3D7_0405600	2521	37569	763	1758	0	88
PF3D7_0826000	19104	20986	10835	8269	0	1227
PF3D7_0220100	20891	19199	12570	8320	1	736
PF3D7_0627800	21398	18692	15630	5768	0	580
PF3D7_1439800	1137	38953	373	764	0	42
PF3D7_1228600	22808	17282	18862	3944	2	574
PF3D7_0627900	3362	36728	1770	1592	0	54
PF3D7_0729800	1187	38903	907	280	0	23
PF3D7_1029900	18754	21336	11202	7539	13	928
PF3D7_1365500	5977	34113	4507	1470	0	111
PF3D7_1148900	3932	36158	399	3533	0	13
PF3D7_1476200	8296	31794	2267	6024	5	326
PF3D7_0525100	13456	26634	5219	8236	1	509
PF3D7_0721300	20477	19613	13175	7293	9	603
PF3D7_0911000	4357	35733	2191	2166	0	42
PF3D7_1102900	8726	31364	1402	6323	1001	147
PF3D7_1001300	8314	31776	3176	5113	25	99
PF3D7_0203100	30153	9937	24800	5351	2	1374
PF3D7_0528500	10125	29965	4413	5712	0	109
PF3D7_0513900	1425	38665	586	839	0	104
PF3D7_1143800	16280	23810	8813	7465	2	682
PF3D7_0711000	15379	24711	4921	10458	0	440
PF3D7_1215000	1113	38977	165	948	0	70
PF3D7_0205000	14832	25258	9981	4844	7	427
PF3D7_0532500	13704	26386	1533	12110	61	76
PF3D7_0319700	19614	20476	11605	8009	0	1949
PF3D7_1366700	8782	31308	767	8014	1	511
PF3D7_0215200	2691	37399	1765	926	0	42
PF3D7_1106600	12838	27252	7164	5674	0	797
PF3D7_0823300	16149	23941	8464	7685	0	726
PF3D7_0112100	3538	36552	3401	137	0	22
PF3D7_0523200	13703	26387	5234	8468	1	892
PF3D7_0301500	4241	35849	2465	1773	3	129
PF3D7_0932700	24860	15230	19603	5245	12	640
PF3D7_1236000	5262	34828	342	4920	0	208
PF3D7_1019700	36857	3233	35590	1258	9	334
PF3D7_1239700	12294	27796	8403	3891	0	258
PF3D7_0708200	14109	25981	4643	9464	2	847
PF3D7_0719000	1944	38146	1499	445	0	47
PF3D7_0931200	1315	38775	393	922	0	26
PF3D7_1367800	29830	10260	26076	3753	1	619
PF3D7_0803100	38063	2027	37244	819	0	385
PF3D7_0620200	5122	34968	2209	2913	0	84
PF3D7_1427500	17072	23018	15057	2015	0	73
PF3D7_1339300	2136	37954	628	1508	0	52
PF3D7_1427100	27822	12268	23069	4753	0	417
PF3D7_1348700	13610	26480	11228	2382	0	224
PF3D7_0523600	1313	38777	749	564	0	20
PF3D7_1243600	640	39450	445	195	0	4
PF3D7_0207500	20221	19869	15453	4768	0	469
PF3D7_0818400	1781	38309	736	1045	0	24
PF3D7_1217400	15467	24623	9422	6045	0	580
PF3D7_1140900	17837	22253	7723	10110	4	3038
PF3D7_1329300	6717	33373	4312	2405	0	98
PF3D7_1127600	3964	36126	3007	957	0	21
PF3D7_1113300	4474	35616	2654	1820	0	55
PF3D7_1403400	13193	26897	6017	7176	0	577
PF3D7_0920100	3989	36101	1600	2389	0	149
PF3D7_1319100	13696	26394	8028	5668	0	271
PF3D7_0826400	9727	30363	4859	4868	0	169
PF3D7_1209700	3291	36799	2537	754	0	74
PF3D7_0609900	25797	14293	21400	4397	0	665
PF3D7_1226800	4064	36026	3101	963	0	73
PF3D7_0724000	17093	22997	3843	13249	1	1041
PF3D7_0921300	10052	30038	3306	6746	0	159
PF3D7_0727300	13503	26587	3579	9924	0	885
PF3D7_1438000	6690	33400	2678	4012	0	217
PF3D7_1421600	7348	32742	3371	3976	1	369
PF3D7_1002700	17054	23036	9140	7906	8	487
PF3D7_0916000	13704	26386	3642	10062	0	1610
PF3D7_0517200	15512	24578	8379	7130	3	518
PF3D7_0816700	4254	35836	3843	404	7	28
PF3D7_0405800	800	39290	363	437	0	30
PF3D7_1251500	11253	28837	5643	5606	4	415
PF3D7_1024800	25929	14161	21321	4608	0	910
PF3D7_1115200	22081	18009	17074	5007	0	285
PF3D7_1146900	1845	38245	885	960	0	66
PF3D7_0316200	22613	17477	13571	9042	0	3051
PF3D7_0706100	21089	19001	13752	7336	1	709
PF3D7_1425900	3342	36748	1899	1442	1	77
PF3D7_1210900	6755	33335	4130	2625	0	133
PF3D7_1463400	6947	33143	1737	5209	1	209
PF3D7_1200900	6774	33316	1641	4979	154	105
PF3D7_1034100	1794	38296	1224	570	0	30
PF3D7_1306300	11247	28843	6759	4482	6	614
PF3D7_0308200	16643	23447	8696	7947	0	59
PF3D7_1401800	2754	37336	553	2200	1	74
PF3D7_0504400	16528	23562	10565	5962	1	310
PF3D7_1018600	22012	18078	13745	8267	0	1672
PF3D7_0709000	9587	30503	5351	4236	0	124
PF3D7_0610800	8143	31947	6846	1296	1	96
PF3D7_1364300	14884	25206	7984	6899	1	800
PF3D7_1126600	14000	26090	5688	8312	0	533
PF3D7_0106800	1908	38182	1172	736	0	31
PF3D7_0304100	10069	30021	3454	6614	1	283
PF3D7_1103000	10758	29332	1287	9471	0	248
PF3D7_0936400	2824	37266	785	2037	2	99
PF3D7_0212400	33474	6616	28308	5166	0	3217
PF3D7_1204100	31105	8985	25956	5148	1	1122
PF3D7_1325500	5811	34279	3403	2408	0	260
PF3D7_1354900	8293	31797	2447	5846	0	498
PF3D7_0927400	13608	26482	8264	5344	0	544
PF3D7_1359300	9561	30529	4100	5460	1	619
PF3D7_1037300	2514	37576	1103	1411	0	20
PF3D7_0511500	35731	4359	32211	3519	1	1864
PF3D7_0629600	1774	38316	892	881	1	82
PF3D7_0928200	12083	28007	2477	9606	0	1259
PF3D7_1222000	6237	33853	2047	4190	0	281
PF3D7_1239400	1377	38713	509	868	0	81
PF3D7_1422700	15407	24683	5921	9486	0	1570
PF3D7_1221500	11713	28377	7037	4676	0	374
PF3D7_1356800	22643	17447	14860	7776	7	4232
PF3D7_1422400	27033	13057	19344	7689	0	2141
PF3D7_0505400	12168	27922	10130	2037	1	217
PF3D7_1323100	6246	33844	5904	342	0	23
PF3D7_1112800	12249	27841	5575	6671	3	224
PF3D7_1312600	11868	28222	7400	4446	22	109
PF3D7_1407400	5176	34914	1087	4079	10	127
PF3D7_0413700	8802	31288	8451	351	0	35
PF3D7_1131700	2568	37522	2029	539	0	74
PF3D7_0515900	1155	38935	455	700	0	29
PF3D7_0822600	14172	25918	7981	6191	0	55
PF3D7_1318500	9369	30721	4471	4897	1	94
PF3D7_0714000	449	39641	159	290	0	3
PF3D7_0611400	10671	29419	9102	1567	2	199
PF3D7_1027200	9167	30923	3539	5627	1	160
PF3D7_0830700	2777	37313	1294	1483	0	63
PF3D7_1116700	12594	27496	6113	6479	2	302
PF3D7_0806100	18312	21778	11689	6622	1	1221
PF3D7_1471300	11745	28345	5462	6259	24	559
PF3D7_1144100	3295	36795	2742	553	0	22
PF3D7_1330300	6078	34012	763	5315	0	166
PF3D7_1212100	6363	33727	2079	4284	0	265
PF3D7_0626200	5812	34278	1483	4329	0	214
PF3D7_1475700	5724	34366	3662	2062	0	77
PF3D7_1437000	9999	30091	2584	7414	1	236
PF3D7_1310500	3840	36250	1100	2737	3	92
PF3D7_1330600	6015	34075	3324	2691	0	112
PF3D7_1021200	12534	27556	8315	4219	0	287
PF3D7_1112000	1152	38938	893	257	2	17
PF3D7_0522700	1496	38594	689	807	0	108
PF3D7_1209300	32958	7132	31088	1870	0	724
PF3D7_1447600	3512	36578	470	3042	0	62
PF3D7_0112200	14454	25636	10466	3978	10	234
PF3D7_1354400	1512	38578	480	1032	0	15
PF3D7_0613900	27927	12163	23393	4532	2	1109
PF3D7_0809400	15705	24385	6079	9626	0	929
PF3D7_0314600	8228	31862	1753	6464	11	116
PF3D7_1238600	1994	38096	1096	898	0	52
PF3D7_0925000	4579	35511	1935	2643	1	99
PF3D7_1351100	2184	37906	1330	854	0	71
PF3D7_1122600	12520	27570	6319	6200	1	705
PF3D7_0203000	26853	13237	22090	4760	3	967
PF3D7_1337900	4363	35727	241	4122	0	168
PF3D7_1324000	39190	900	38952	238	0	139
PF3D7_0205600	4056	36034	2390	1666	0	110
PF3D7_1247900	3058	37032	1785	1272	1	57
PF3D7_1239300	1754	38336	648	1106	0	73
PF3D7_1011100	12883	27207	6677	6202	4	637
PF3D7_1310800	34205	5885	30840	3365	0	844
PF3D7_1463700	5472	34618	4313	1157	2	119
PF3D7_0820000	33969	6121	30118	3851	0	893
PF3D7_1428300	9077	31013	1991	7085	1	67
PF3D7_1118400	2332	37758	1372	957	3	30
PF3D7_0214000	7327	32763	6049	1278	0	107
PF3D7_1325800	18640	21450	11816	6822	2	903
PF3D7_1401300	8203	31887	4010	4192	1	160
PF3D7_1408600	2730	37360	793	1937	0	32
PF3D7_1226600	6234	33856	605	5628	1	26
PF3D7_0936800	3909	36181	2277	1631	1	128
PF3D7_1007200	13506	26584	11321	2180	5	132
PF3D7_1133800	9053	31037	4823	4229	1	269
PF3D7_0917300	5588	34502	2482	3106	0	49
PF3D7_0920700	10911	29179	1003	9908	0	561
PF3D7_1327100	6203	33887	4798	1405	0	91
PF3D7_0930900	1940	38150	878	1062	0	94
PF3D7_0221000	19106	20984	7856	8784	2466	226
PF3D7_0404500	11752	28338	2061	9687	4	314
PF3D7_1315400	2288	37802	680	1608	0	64
PF3D7_0619900	1750	38340	1332	418	0	45
PF3D7_1440900	7684	32406	3336	4348	0	115
PF3D7_1347900	12871	27219	4136	8733	2	1578
PF3D7_0514700	30333	9757	26807	3521	5	703
PF3D7_1438500	10580	29510	7129	3451	0	362
PF3D7_1462600	4494	35596	1620	2874	0	147
PF3D7_0219400	4929	35161	1797	3132	0	14
PF3D7_0909200	11428	28662	5252	6175	1	201
PF3D7_0918000	2396	37694	944	1452	0	79
PF3D7_0306700	13535	26555	13237	296	2	26
PF3D7_1404200	1255	38835	212	1043	0	66
PF3D7_1453500	17508	22582	12241	5267	0	317
PF3D7_0410900	21902	18188	17578	4324	0	505
PF3D7_1344800	5324	34766	3090	2234	0	162
PF3D7_1464400	2904	37186	2316	588	0	65
PF3D7_0810700	5688	34402	1742	3945	1	20
PF3D7_0302000	13719	26371	6177	7542	0	238
PF3D7_1428400	19109	20981	10594	8500	15	1160
PF3D7_0416100	14014	26076	8753	5261	0	242
PF3D7_0724600	15932	24158	6739	9188	5	1388
PF3D7_1367500	5195	34895	1455	3740	0	124
PF3D7_0818500	923	39167	158	764	1	64
PF3D7_1303600	1511	38579	1065	446	0	35
PF3D7_1250500	4677	35413	4292	385	0	21
PF3D7_1318000	1258	38832	595	662	1	73
PF3D7_1305800	3505	36585	1672	1833	0	185
PF3D7_0726600	5326	34764	1330	3994	2	415
PF3D7_1444200	1247	38843	426	820	1	34
PF3D7_1011400	1242	38848	465	777	0	44
PF3D7_0629700	33985	6105	29755	4230	0	1583
PF3D7_0218700	4572	35518	2417	2155	0	190
PF3D7_1450300	9393	30697	2711	6682	0	615
PF3D7_0504600	15153	24937	14586	556	11	54
PF3D7_1117300	692	39398	180	512	0	21
PF3D7_1143200	5414	34676	1180	4234	0	173
PF3D7_0926500	21467	18623	13267	8200	0	1381
PF3D7_0931300	7718	32372	3839	3879	0	183
PF3D7_1143700	10592	29498	1522	9070	0	739
PF3D7_0510100	21856	18234	13264	8590	2	2012
PF3D7_0614200	16315	23775	9660	6655	0	628
PF3D7_0924200	12718	27372	4435	8283	0	749
PF3D7_0214600	14494	25596	7011	7483	0	1285
PF3D7_0202300	6731	33359	2198	1673	2860	102
PF3D7_1108700	5817	34273	3228	2589	0	137
PF3D7_1403200	8790	31300	1742	7047	1	212
PF3D7_0812600	917	39173	572	345	0	11
PF3D7_0922000	8458	31632	3580	4878	0	403
PF3D7_1141500	4047	36043	1941	2103	3	156
PF3D7_1458800	10759	29331	3524	7234	1	697
PF3D7_1346700	10092	29998	3502	6589	1	111
PF3D7_0519700	2702	37388	1717	985	0	57
PF3D7_1330200	3040	37050	579	2459	2	114
PF3D7_1360300	6940	33150	1029	5911	0	310
PF3D7_1474500	23836	16254	4211	9655	9970	649
PF3D7_1343200	5141	34949	1848	3289	4	240
PF3D7_0706000	15109	24981	10734	4375	0	169
PF3D7_0813700	25973	14117	19564	6407	2	660
PF3D7_0312900	6323	33767	4136	2175	12	171
PF3D7_0812100	22153	17937	16118	6035	0	826
PF3D7_0524000	15270	24820	10977	4293	0	53
PF3D7_0613800	38322	1768	37273	1048	1	1105
PF3D7_0622500	5100	34990	1513	3587	0	230
PF3D7_0622000	2356	37734	1144	1212	0	107
PF3D7_0606200	5057	35033	844	4212	1	26
PF3D7_1329900	13887	26203	8469	5418	0	400
PF3D7_0215900	4860	35230	2340	2519	1	133
PF3D7_1305600	7594	32496	1836	5758	0	75
PF3D7_1338400	8545	31545	6643	1902	0	157
PF3D7_0918300	2962	37128	1605	1354	3	62
PF3D7_0935000	2759	37331	1993	764	2	46
PF3D7_1012800	12608	27482	7894	4714	0	393
PF3D7_1321500	14528	25562	6532	7996	0	344
PF3D7_1211100	5051	35039	3532	1515	4	105
PF3D7_0415200	27760	12330	21691	6068	1	2273
PF3D7_1435300	24222	15868	19007	5215	0	1073
PF3D7_0922500	9951	30139	8115	1835	1	51
PF3D7_0216700	25146	14944	18083	7062	1	509
PF3D7_0603700	8007	32083	3909	4097	1	122
PF3D7_0716100	23910	16180	17325	6584	1	356
PF3D7_1453100	6468	33622	728	5740	0	456
PF3D7_1369300	5581	34509	1762	3819	0	365
PF3D7_1020100	464	39626	123	341	0	22
PF3D7_1008900	2263	37827	1389	874	0	34
PF3D7_0608300	18927	21163	8658	10269	0	2097
PF3D7_1402400	4340	35750	684	3655	1	343
PF3D7_1239500	13368	26722	7044	6323	1	491
PF3D7_0812500	12347	27743	7022	5325	0	479
PF3D7_0207900	25102	14988	19224	5878	0	1917
PF3D7_1474200	27495	12595	19520	7902	73	5097
PF3D7_1232100	11509	28581	8461	3048	0	91
PF3D7_0411800	32631	7459	26870	5761	0	1491
PF3D7_1436100	18838	21252	9047	9790	1	1154
PF3D7_1015600	8523	31567	7664	859	0	35
PF3D7_1319700	13368	26722	4776	8592	0	278
PF3D7_1134400	4251	35839	3547	704	0	46
PF3D7_1414100	10533	29557	4483	6041	9	543
PF3D7_1308500	2934	37156	210	2720	4	193
PF3D7_1027700	4027	36063	3847	180	0	13
PF3D7_1313800	26369	13721	19728	6641	0	2405
PF3D7_1466100	13463	26627	8730	4733	0	227
PF3D7_1438800	7997	32093	5320	2677	0	181
PF3D7_1470100	16048	24042	6356	9692	0	2625
PF3D7_1414200	12995	27095	1472	11523	0	523
PF3D7_0705600	9867	30223	4400	5467	0	722
PF3D7_0909100	11285	28805	1438	9845	2	1018
PF3D7_1411800	7328	32762	1041	6277	10	289
PF3D7_1004600	15496	24594	5229	10267	0	1025
PF3D7_0407100	2767	37323	424	2343	0	155
PF3D7_1010900	5056	35034	1975	3029	52	212
PF3D7_1116600	13258	26832	9747	3511	0	326
PF3D7_0825400	2281	37809	1666	615	0	30
PF3D7_1431000	1732	38358	708	1024	0	49
PF3D7_1333800	8525	31565	1410	7111	4	191
PF3D7_1038500	12399	27691	6768	5631	0	101
PF3D7_0311700	12519	27571	7162	5357	0	94
PF3D7_0816900	8389	31701	2817	5570	2	98
PF3D7_1224900	1111	38979	907	204	0	12
PF3D7_1405300	13359	26731	6180	7177	2	789
PF3D7_1411400	17679	22411	9938	7740	1	1021
PF3D7_1226900	6427	33663	4529	1898	0	143
PF3D7_0729300	11052	29038	6036	5015	1	480
PF3D7_0309800	2894	37196	1327	1567	0	90
PF3D7_1357800	7047	33043	5886	1161	0	70
PF3D7_0814200	4078	36012	612	3466	0	30
PF3D7_0718800	7267	32823	5126	2141	0	32
PF3D7_1401700	21591	18499	11985	9603	3	373
PF3D7_1429400	38308	1782	37383	924	1	650
PF3D7_1364100	15099	24991	5391	9708	0	1066
PF3D7_0610700	2298	37792	2107	191	0	21
PF3D7_1337400	11234	28856	7291	3943	0	365
PF3D7_0513800	2138	37952	687	1451	0	8
PF3D7_0302900	12903	27187	6545	6358	0	148
PF3D7_1341800	7970	32120	1844	6126	0	293
PF3D7_0216200	5510	34580	1339	4170	1	152
PF3D7_1037000	23559	16531	18145	5408	6	1178
PF3D7_1005200	2228	37862	1926	301	1	49
PF3D7_0619200	15557	24533	7941	7616	0	816
PF3D7_1234000	3795	36295	745	3050	0	116
PF3D7_1410000	7058	33032	369	6689	0	107
PF3D7_0314700	20597	19493	14997	5599	1	635
PF3D7_1450700	11789	28301	6043	5735	11	770
PF3D7_0310000	3696	36394	391	3305	0	101
PF3D7_1302000	10462	29628	7144	3315	3	66
PF3D7_0627000	1774	38316	258	1516	0	66
PF3D7_1018200	32174	7916	27063	5110	1	1439
PF3D7_1411300	10131	29959	2605	7526	0	478
PF3D7_0404800	21093	18997	13301	7792	0	528
PF3D7_1225400	2567	37523	754	1813	0	120
PF3D7_1036700	2586	37504	1614	972	0	66
PF3D7_0817000	5678	34412	2856	2821	1	86
PF3D7_1010400	11560	28530	6765	4795	0	172
PF3D7_0531200	1660	38430	247	1413	0	48
PF3D7_1353500	2501	37589	398	2103	0	108
PF3D7_1208300	1700	38390	1028	672	0	73
PF3D7_1315500	4223	35867	1617	2606	0	71
PF3D7_1402100	20866	19224	13389	7476	1	1826
PF3D7_0815400	2666	37424	885	1780	1	52
PF3D7_1333100	23815	16275	18441	5373	1	547
PF3D7_0907600	10221	29869	4561	5659	1	728
PF3D7_1209900	7420	32670	3210	4209	1	397
PF3D7_0603800	20464	19626	13151	7313	0	804
PF3D7_1314900	4376	35714	3334	1042	0	83
PF3D7_1355200	19420	20670	14033	5387	0	605
PF3D7_1117800	13587	26503	9218	4369	0	317
PF3D7_0217800	3090	37000	2361	729	0	3
PF3D7_0710500	10215	29875	1129	9086	0	81
PF3D7_0817500	3415	36675	2684	730	1	39
PF3D7_0928700	26272	13818	19269	7003	0	1024
PF3D7_0714600	18539	21551	13296	5239	4	281
PF3D7_0501900	6274	33816	1557	4717	0	119
PF3D7_0820800	17616	22474	9984	7632	0	352
PF3D7_0523900	1773	38317	991	782	0	89
PF3D7_0709700	10278	29812	3228	7050	0	80
PF3D7_0816800	7849	32241	6523	1326	0	54
PF3D7_0935700	3989	36101	2097	1841	51	113
PF3D7_1241100	15339	24751	10372	4967	0	67
PF3D7_1431600	7895	32195	6313	1582	0	93
PF3D7_1321800	2969	37121	2018	951	0	79
PF3D7_1136700	8013	32077	2143	5870	0	169
PF3D7_0526900	7963	32127	3828	4135	0	75
PF3D7_1459200	12323	27767	2641	9681	1	1113
PF3D7_0211600	6343	33747	2479	3864	0	38
PF3D7_0615300	16602	23488	11162	5440	0	427
PF3D7_1017200	7707	32383	6201	1505	1	190
PF3D7_0323400	16381	23709	9547	6834	0	488
PF3D7_1352700	16902	23188	6699	10203	0	2772
PF3D7_0831700	5966	34124	5681	285	0	9
PF3D7_0308100	27902	12188	20194	7706	2	3736
PF3D7_1218500	12773	27317	6633	6140	0	108
PF3D7_1453400	13046	27044	6653	6393	0	1117
PF3D7_0307800	19272	20818	16273	2999	0	162
PF3D7_1221700	21626	18464	18815	2810	1	231
PF3D7_1204300	666	39424	200	466	0	7
PF3D7_1236200	32680	7410	29436	3238	6	552
PF3D7_0723100	7527	32563	5268	2258	1	155
PF3D7_1225100	12525	27565	4361	8163	1	759
PF3D7_0723300	13998	26092	11712	2285	1	281
PF3D7_0110200	3792	36298	2991	800	1	27
PF3D7_0908800	5405	34685	1872	3533	0	274
PF3D7_1005700	13176	26914	6173	7003	0	703
PF3D7_1017400	5469	34621	1450	4019	0	46
PF3D7_1147700	1522	38568	613	909	0	42
PF3D7_1344400	7622	32468	2435	5182	5	464
PF3D7_0919100	3666	36424	1200	2466	0	48
PF3D7_0727100	24189	15901	16698	7490	1	1007
PF3D7_1354500	4986	35104	3496	1479	11	81
PF3D7_1236800	5433	34657	3370	2057	6	175
PF3D7_1118300	23301	16789	17365	5934	2	685
PF3D7_0818600	13037	27053	2530	10488	19	683
PF3D7_0920200	12262	27828	6227	6034	1	489
PF3D7_0306500	8556	31534	7566	990	0	86
PF3D7_1473600	1033	39057	416	615	2	18
PF3D7_1471500	4640	35450	2579	2061	0	93
PF3D7_1022500	10872	29218	8859	2013	0	78
PF3D7_0521100	18145	21945	13560	4583	2	544
PF3D7_1448000	16768	23322	10513	6249	6	807
PF3D7_1478800	6035	34055	1445	3804	786	178
PF3D7_1365600	9667	30423	5698	3967	2	421
PF3D7_1357500	15281	24809	12186	3095	0	234
PF3D7_1460900	2755	37335	1683	1072	0	85
PF3D7_0217500	7700	32390	5778	1922	0	29
PF3D7_1416800	8689	31401	3117	5572	0	362
PF3D7_0602500	4682	35408	2578	2103	1	133
PF3D7_0216600	9873	30217	4921	4951	1	380
PF3D7_1411200	9605	30485	2286	7319	0	251
PF3D7_0716300	12908	27182	3933	8974	1	309
PF3D7_1436900	1835	38255	983	852	0	36
PF3D7_1412000	3568	36522	694	2873	1	97
PF3D7_1337500	40073	17	40072	1	0	1
PF3D7_1329400	11416	28674	5646	5768	2	141
PF3D7_0512600	3493	36597	3091	402	0	6
PF3D7_0818300	9325	30765	2372	6953	0	447
PF3D7_0508100	21790	18300	15353	6431	6	947
PF3D7_1131500	2149	37941	240	1909	0	129
PF3D7_1450500	23724	16366	16832	6888	4	2359
PF3D7_1005000	12184	27906	4264	7917	3	665
PF3D7_1038600	12537	27553	3560	8977	0	277
PF3D7_0908900	31331	8759	26937	4394	0	661
PF3D7_0220800	21943	18147	12343	9509	91	1649
PF3D7_1407200	7203	32887	4162	3041	0	101
PF3D7_1202100	19265	20825	11801	7459	5	232
PF3D7_1122100	5093	34997	4114	979	0	139
PF3D7_1363200	7316	32774	4114	3201	1	200
PF3D7_1035400	30805	9285	23436	4944	2425	48
PF3D7_0619500	14944	25146	4859	10084	1	898
PF3D7_0824700	8202	31888	2193	6006	3	349
PF3D7_1143000	5052	35038	2823	2227	2	167
PF3D7_0503500	13035	27055	3509	9525	1	588
PF3D7_1250400	12842	27248	3283	9559	0	939
PF3D7_1015200	8483	31607	5787	2688	8	199
PF3D7_1357100	28076	12014	27373	703	0	5
PF3D7_0812220	4401	35689	3029	1372	0	37
PF3D7_1423700	14105	25985	4568	9530	7	1116
PF3D7_1323300	7803	32287	3615	4188	0	151
PF3D7_0914300	17096	22994	12227	4869	0	543
PF3D7_1223700	1025	39065	357	668	0	17
PF3D7_1436400	14191	25899	9256	4935	0	690
PF3D7_0811700	12333	27757	3714	8619	0	368
PF3D7_0906500	9289	30801	827	8462	0	269
PF3D7_1125400	8773	31317	2807	5966	0	146
PF3D7_1330500	26947	13143	24477	2468	2	225
PF3D7_0111200	1144	38946	938	206	0	13
PF3D7_1009300	6081	34009	3693	2385	3	226
PF3D7_1312400	12667	27423	5097	7568	2	597
PF3D7_0524300	12654	27436	4570	8083	1	360
PF3D7_1121000	9232	30858	3360	5872	0	36
PF3D7_0714100	6920	33170	2976	3944	0	256
PF3D7_1431700	2743	37347	2257	486	0	38
PF3D7_1110200	19328	20762	10230	8190	908	838
PF3D7_1442700	21764	18326	13874	7885	5	2989
PF3D7_0106900	8033	32057	2901	5132	0	426
PF3D7_1140800	10175	29915	3859	6316	0	483
PF3D7_1332100	8579	31511	3819	4749	11	350
PF3D7_1449100	10738	29352	2021	8717	0	1007
PF3D7_0211100	10990	29100	5353	5637	0	517
PF3D7_0918600	7466	32624	3777	3689	0	374
PF3D7_0206200	5189	34901	2834	2355	0	77
PF3D7_1018400	5971	34119	2558	3413	0	71
PF3D7_1117400	6028	34062	2588	3439	1	233
PF3D7_1013600	13705	26385	4592	9113	0	1689
PF3D7_0321900	14494	25596	4637	9857	0	946
PF3D7_1231500	600	39490	332	267	1	4
PF3D7_0309500	8742	31348	6296	2445	1	103
PF3D7_1367700	22494	17596	17666	4828	0	811
PF3D7_0310500	23394	16696	16033	7358	3	1666
PF3D7_1205200	2188	37902	585	1603	0	141
PF3D7_0112900	7549	32541	365	7184	0	41
PF3D7_1453200	16374	23716	7019	9354	1	1209
PF3D7_1145200	18820	21270	10637	8183	0	2785
PF3D7_1364800	4453	35637	4014	439	0	17
PF3D7_0930600	6705	33385	3184	3520	1	244
PF3D7_1035000	15817	24273	4095	11720	2	1916
PF3D7_1328200	19764	20326	11951	7813	0	1841
PF3D7_1236700	4539	35551	1372	3167	0	258
PF3D7_1439500	16281	23809	6713	9566	2	1071
PF3D7_0317600	4123	35967	1974	2149	0	16
PF3D7_1030900	4154	35936	947	3207	0	104
PF3D7_1425300	4638	35452	3232	1406	0	109
PF3D7_1467500	12494	27596	7775	4691	28	170
PF3D7_0715900	9984	30106	966	9018	0	192
PF3D7_0910100	13523	26567	8857	4666	0	150
PF3D7_0823600	4136	35954	1511	2625	0	234
PF3D7_0931800	3521	36569	490	3031	0	73
PF3D7_0608500	2599	37491	1950	649	0	24
PF3D7_0806800	11860	28230	6781	5078	1	211
PF3D7_1350000	6159	33931	4256	1903	0	147
PF3D7_1361400	969	39121	308	660	1	22
PF3D7_0918800	7169	32921	1739	5430	0	239
PF3D7_1325200	3408	36682	1537	1871	0	10
PF3D7_0204300	10730	29360	2785	7942	3	690
PF3D7_1330100	1267	38823	300	967	0	55
PF3D7_0605800	27399	12691	21843	5556	0	1728
PF3D7_0320600	3188	36902	2796	391	1	18
PF3D7_0708100	707	39383	145	562	0	7
PF3D7_1346300	6203	33887	5308	895	0	52
PF3D7_1132700	4842	35248	3856	986	0	89
PF3D7_0514600	10369	29721	8864	1505	0	37
PF3D7_0319400	30483	9607	27349	3133	1	399
PF3D7_1200800	7853	32237	2987	4865	1	217
PF3D7_1030200	12586	27504	5634	6952	0	158
PF3D7_1444400	11581	28509	7673	3908	0	330
PF3D7_1011500	7323	32767	2411	4911	1	29
PF3D7_1341300	2604	37486	2181	423	0	32
PF3D7_0612800	14081	26009	4734	9346	1	280
PF3D7_1032000	10515	29575	6010	4091	414	412
PF3D7_0312000	4360	35730	3962	398	0	37
PF3D7_0823000	16673	23417	8163	8504	6	1516
PF3D7_1201100	16468	23622	8333	8132	3	368
PF3D7_0528700	7100	32990	537	6563	0	36
PF3D7_0829100	3206	36884	2370	836	0	59
PF3D7_0816200	1385	38705	341	1044	0	37
PF3D7_0113900	11897	28193	3738	8152	7	115
PF3D7_1135900	7273	32817	5920	1353	0	33
PF3D7_0708400	13362	26728	6806	6556	0	115
PF3D7_1328600	4415	35675	2711	1704	0	127
PF3D7_1432500	4534	35556	2593	1941	0	161
PF3D7_1328100	3347	36743	2370	977	0	23
PF3D7_0616100	1071	39019	415	656	0	64
PF3D7_1319900	18336	21754	9558	8778	0	1999
PF3D7_1455800	16440	23650	11076	5364	0	495
PF3D7_0905900	9676	30414	5799	3873	4	332
PF3D7_1131900	11191	28899	3804	7387	0	533
PF3D7_0204900	5150	34940	4132	1018	0	137
PF3D7_0935900	17608	22482	11930	5678	0	130
PF3D7_1468400	11351	28739	4911	6440	0	846
PF3D7_1009500	10413	29677	8158	2255	0	198
PF3D7_1477400	5057	35033	1851	3206	0	132
PF3D7_1335000	7646	32444	5521	2122	3	192
PF3D7_1369100	10340	29750	3003	7337	0	563
PF3D7_0727000	26614	13476	21237	5377	0	1288
PF3D7_1008800	3879	36211	2235	1644	0	105
PF3D7_1005800	1186	38904	519	667	0	64
PF3D7_1416600	19652	20438	10771	8880	1	3770
PF3D7_1334200	8672	31418	2203	6468	1	156
PF3D7_0414700	6715	33375	1889	4823	3	165
PF3D7_0800800	10178	29912	1988	8181	9	195
PF3D7_1453600	14177	25913	5767	8404	6	1872
PF3D7_1121100	25153	14937	19150	6003	0	613
PF3D7_1016700	14295	25795	5153	9140	2	1302
PF3D7_0418900	7599	32491	3630	3967	2	147
PF3D7_1140700	27808	12282	22856	4951	1	1463
PF3D7_1133500	4864	35226	3671	1193	0	112
PF3D7_0706700	9033	31057	5153	3880	0	367
PF3D7_1238300	33446	6644	29926	3520	0	551
PF3D7_0822100	1693	38397	372	1320	1	79
PF3D7_0611200	5065	35025	1576	3489	0	42
PF3D7_0813800	9342	30748	6575	2766	1	42
PF3D7_0412000	26687	13403	20704	5977	6	739
PF3D7_1113100	1050	39040	226	824	0	33
PF3D7_0409100	8108	31982	6044	2064	0	159
PF3D7_1310100	13200	26890	5024	8173	3	909
PF3D7_1472900	3180	36910	1033	2147	0	46
PF3D7_0321100	25013	15077	16632	8380	1	1200
PF3D7_1243700	20658	19432	13582	7073	3	210
PF3D7_1037500	9289	30801	6574	2713	2	52
PF3D7_1443300	1173	38917	721	452	0	20
PF3D7_1430600	28596	11494	26312	2279	5	252
PF3D7_0506400	4710	35380	4252	458	0	41
PF3D7_0710000	26302	13788	18846	7456	0	5441
PF3D7_1349700	1566	38524	412	1150	4	88
PF3D7_0322200	10285	29805	4567	5718	0	535
PF3D7_1441300	16039	24051	5700	10334	5	2687
PF3D7_0926600	20210	19880	12412	7798	0	683
PF3D7_0407500	1938	38152	487	1451	0	67
PF3D7_1422300	8178	31912	4230	3948	0	147
PF3D7_1003600	1659	38431	722	936	1	41
PF3D7_0831300	24581	15509	17839	6742	0	1110
PF3D7_0317200	17158	22932	11479	5679	0	834
PF3D7_0717000	13500	26590	8795	4705	0	45
PF3D7_0314300	4048	36042	2720	1328	0	89
PF3D7_0405100	17150	22940	10428	6721	1	816
PF3D7_0924400	18989	21101	12900	6089	0	1037
PF3D7_0306300	3002	37088	2383	619	0	43
PF3D7_0915200	3794	36296	1258	2536	0	206
PF3D7_0728600	30162	9928	24156	6006	0	1359
PF3D7_1202800	3008	37082	1967	1041	0	85
PF3D7_0417300	3981	36109	2207	1773	1	87
PF3D7_0822200	19338	20752	10617	8721	0	1619
PF3D7_0917100	13346	26744	5431	7909	6	814
PF3D7_1014400	6050	34040	2515	3535	0	59
PF3D7_1452100	10295	29795	9772	522	1	86
PF3D7_1338600	18871	21219	12545	6295	31	713
PF3D7_0408000	6109	33981	446	5663	0	99
PF3D7_1450900	8182	31908	5466	2685	31	226
PF3D7_1357000	33090	7000	28806	4284	0	3
PF3D7_1004100	10734	29356	2441	8285	8	915
PF3D7_0526800	4519	35571	1000	3519	0	185
PF3D7_1136100	6964	33126	3122	3841	1	443
PF3D7_1013500	10043	30047	2827	7202	14	670
PF3D7_0315200	27818	12272	23634	4184	0	849
PF3D7_1213600	368	39722	212	156	0	4
PF3D7_1368900	6963	33127	5050	1898	15	216
PF3D7_0828900	2802	37288	1817	981	4	57
PF3D7_0102200	38696	1394	36221	2475	0	147
PF3D7_0819500	5440	34650	2045	3394	1	51
PF3D7_0509500	27345	12745	23459	3886	0	99
PF3D7_1108300	3277	36813	3036	241	0	29
PF3D7_1121700	8840	31250	5462	3378	0	165
PF3D7_1452000	33536	6554	29239	4297	0	923
PF3D7_0525500	25492	14598	19282	6209	1	1551
PF3D7_1222100	5758	34332	3460	2298	0	143
PF3D7_1247100	2193	37897	695	1498	0	154
PF3D7_0502100	2120	37970	210	1910	0	117
PF3D7_0934200	5391	34699	1261	4130	0	30
PF3D7_0602200	5425	34665	4113	1312	0	62
PF3D7_1446500	29505	10585	24024	5481	0	2528
PF3D7_0526200	9782	30308	2619	7163	0	427
PF3D7_1359200	3990	36100	3046	944	0	88
PF3D7_1009600	21497	18593	14649	6848	0	181
PF3D7_1467900	14044	26046	5292	8752	0	804
PF3D7_1202300	22225	17865	12829	9381	15	4748
PF3D7_1345700	7820	32270	6121	1699	0	148
PF3D7_1130700	22548	17542	18556	3992	0	1418
PF3D7_1408700	23253	16837	14319	8933	1	6452
PF3D7_0501700	10446	29644	3284	7161	1	248
PF3D7_1121500	8857	31233	5505	3309	43	174
PF3D7_0210600	5388	34702	3630	1758	0	99
PF3D7_1348000	15312	24778	7973	7339	0	1337
PF3D7_0109200	3849	36241	3004	845	0	41
PF3D7_0926900	2091	37999	984	1096	11	54
PF3D7_1252100	22808	17282	16093	6715	0	1731
PF3D7_0422800	14511	25579	4572	9938	1	263
PF3D7_0103100	22842	17248	15353	7485	4	1550
PF3D7_1423300	8407	31683	6123	2282	2	151
PF3D7_0914800	6147	33943	315	5832	0	22
PF3D7_0509400	32404	7686	17573	6149	8682	2097
PF3D7_0211400	4253	35837	3356	897	0	65
PF3D7_1467400	8827	31263	5392	3435	0	80
PF3D7_0723900	12624	27466	4461	8162	1	845
PF3D7_1401500	2275	37815	829	1446	0	19
PF3D7_1351000	15016	25074	6124	8892	0	1839
PF3D7_1303500	22009	18081	13974	8035	0	1849
PF3D7_0106000	20549	19541	14040	6509	0	487
PF3D7_1423100	5723	34367	3389	2332	2	206
PF3D7_1427600	14427	25663	12248	2179	0	88
PF3D7_0934500	2565	37525	1898	667	0	55
PF3D7_1309500	2236	37854	851	1385	0	99
PF3D7_1320300	6493	33597	1246	5247	0	315
PF3D7_0213200	1064	39026	500	563	1	58
PF3D7_0309200	35378	4712	31559	3819	0	1422
PF3D7_0405000	8168	31922	2481	5686	1	262
PF3D7_1420000	16158	23932	9618	6536	4	262
PF3D7_0718900	9608	30482	2700	6902	6	86
PF3D7_0932900	1441	38649	237	1204	0	90
PF3D7_1246300	12237	27853	5027	7210	0	428
PF3D7_1221400	13512	26578	5755	7755	2	273
PF3D7_1349200	14693	25397	8003	6689	1	427
PF3D7_0507000	3410	36680	2964	445	1	32
PF3D7_1134800	4793	35297	3062	1731	0	71
PF3D7_1110900	7164	32926	1315	5845	4	416
PF3D7_1311100	10043	30047	5383	4660	0	325
PF3D7_1456600	2992	37098	1094	1898	0	79
PF3D7_1114500	4014	36076	1205	2800	9	273
PF3D7_0417100	3798	36292	1713	2084	1	29
PF3D7_0423500	2574	37516	1348	1223	3	34
PF3D7_1028600	1445	38645	711	734	0	78
PF3D7_1223000	3565	36525	1600	1965	0	49
PF3D7_0830800	27400	12690	19390	7968	42	4335
PF3D7_1320200	4948	35142	1557	3357	34	248
PF3D7_0504700	39939	151	39738	201	0	74
PF3D7_0522500	2608	37482	1296	1312	0	39
PF3D7_1133300	2257	37833	1611	646	0	56
PF3D7_1429200	14698	25392	8897	5801	0	666
PF3D7_1476500	5376	34714	617	4758	1	295
PF3D7_0205200	2092	37998	1022	1070	0	106
PF3D7_0311100	18505	21585	11867	6638	0	490
PF3D7_0817100	12245	27845	6721	5523	1	472
PF3D7_1138700	19031	21059	11351	7679	1	1594
PF3D7_0704300	36209	3881	33906	2303	0	577
PF3D7_1408000	10049	30041	4788	5261	0	191
PF3D7_1102700	1831	38259	331	1500	0	58
PF3D7_0106500	19639	20451	9002	10629	8	1651
PF3D7_1233100	1897	38193	1427	470	0	54
PF3D7_1010300	5013	35077	1408	3605	0	31
PF3D7_0211800	5392	34698	3497	1895	0	116
PF3D7_1021800	31465	8625	27904	3561	0	557
PF3D7_1362900	36412	3678	33281	3131	0	501
PF3D7_0803200	11284	28806	3502	7782	0	418
PF3D7_0517700	12459	27631	10992	1466	1	46
PF3D7_0824600	1895	38195	781	1114	0	76
PF3D7_1409700	12809	27281	3127	9681	1	780
PF3D7_1206900	8806	31284	4612	4191	3	463
PF3D7_1357200	10512	29578	7135	3374	3	287
PF3D7_0810800	9570	30520	3007	6563	0	129
PF3D7_1248100	10885	29205	6469	4416	0	250
PF3D7_0705900	1685	38405	1203	482	0	42
PF3D7_0702600	1579	38511	125	1447	7	45
PF3D7_0932500	6939	33151	2988	3949	2	265
PF3D7_0110500	38330	1760	36984	1346	0	435
PF3D7_1001600	13368	26722	5471	7897	0	338
PF3D7_0501100	9314	30776	3677	5637	0	74
PF3D7_1031100	1492	38598	580	912	0	113
PF3D7_0803600	21656	18434	13525	8131	0	1196
PF3D7_1215400	8264	31826	4397	3867	0	368
PF3D7_1127700	6241	33849	2853	3388	0	298
PF3D7_0410000	32841	7249	29087	3754	0	376
PF3D7_1037200	7898	32192	2601	5294	3	287
PF3D7_0412300	13312	26778	2511	10794	7	385
PF3D7_1365700	3194	36896	500	2694	0	105
PF3D7_1243900	23985	16105	18279	5706	0	615
PF3D7_0502400	12371	27719	3727	8643	1	715
PF3D7_1362000	1547	38543	297	1250	0	91
PF3D7_0801400	4252	35838	322	3930	0	16
PF3D7_1319300	16446	23644	10760	5684	2	394
PF3D7_1356100	12014	28076	4690	7323	1	748
PF3D7_1232000	8453	31637	4897	3556	0	190
PF3D7_1225500	7036	33054	3086	3950	0	183
PF3D7_0306100	7110	32980	1014	6093	3	582
PF3D7_1014100	17304	22786	9257	8047	0	905
PF3D7_0114800	10701	29389	2300	8310	91	138
PF3D7_0709900	24372	15718	17470	6902	0	1440
PF3D7_1227100	12070	28020	5081	6989	0	537
PF3D7_0719100	3536	36554	2934	602	0	42
PF3D7_0624600	21597	18493	14974	6616	7	917
PF3D7_1408100	6132	33958	3644	2487	1	160
PF3D7_1201300	6247	33843	806	5441	0	19
PF3D7_0412100	6284	33806	1815	4469	0	136
PF3D7_1335700	12100	27990	4868	7232	0	604
PF3D7_0619300	20980	19110	11704	9220	56	3438
PF3D7_0728000	2460	37630	1669	791	0	25
PF3D7_1231800	25803	14287	18738	7064	1	1280
PF3D7_1124400	2404	37686	429	1975	0	43
PF3D7_1311900	8085	32005	6820	1264	1	43
PF3D7_0903300	19506	20584	9009	10305	192	5940
PF3D7_1432600	14887	25203	10361	4525	1	562
PF3D7_1434800	2507	37583	2092	415	0	28
PF3D7_1120300	9454	30636	3677	5777	0	151
PF3D7_0801500	6026	34064	3227	2798	1	194
PF3D7_0919500	12772	27318	5335	7052	385	295
PF3D7_1029500	2834	37256	1583	1250	1	94
PF3D7_0109100	12822	27268	10031	2790	1	258
PF3D7_1447000	4480	35610	2662	1818	0	15
PF3D7_1208100	33654	6436	24029	9625	0	1519
PF3D7_1464600	19226	20864	13241	5982	3	757
PF3D7_0813200	5995	34095	4038	1957	0	88
PF3D7_1225000	15362	24728	6501	8860	1	1264
PF3D7_0703100	2613	37477	1428	1184	1	34
PF3D7_0515000	19224	20866	10877	7663	684	417
PF3D7_0907100	16890	23200	8203	8634	53	2397
PF3D7_0220000	39625	465	39054	570	1	188
PF3D7_1460600	2665	37425	740	1924	1	17
PF3D7_1223900	1295	38795	765	529	1	37
PF3D7_0936000	28055	12035	976	8846	18233	61
PF3D7_1024600	8215	31875	5913	2302	0	127
PF3D7_1103700	1317	38773	348	969	0	43
PF3D7_1218800	6589	33501	1274	5314	1	60
PF3D7_1366500	1659	38431	161	1498	0	33
PF3D7_0214200	3447	36643	2900	546	1	35
PF3D7_0528800	8976	31114	1218	7757	1	341
PF3D7_1029800	5514	34576	2805	2709	0	136
PF3D7_1312450	3606	36484	303	3298	5	61
PF3D7_1317200	23181	16909	16119	7056	6	2173
PF3D7_1022700	1553	38537	1173	380	0	22
PF3D7_1006600	2651	37439	2346	305	0	30
PF3D7_1241600	8701	31389	1652	7049	0	182
PF3D7_0301900	14146	25944	7868	6277	1	131
PF3D7_0922400	11272	28818	7962	3310	0	264
PF3D7_0628700	7764	32326	1652	6111	1	268
PF3D7_1440000	18933	21157	10315	8618	0	2362
PF3D7_1005500	18211	21879	10085	8123	3	925
PF3D7_1102400	12792	27298	2712	10080	0	447
PF3D7_1025600	653	39437	396	257	0	12
PF3D7_0816500	2577	37513	1787	790	0	18
PF3D7_0219500	3262	36828	1074	2188	0	100
PF3D7_0111300	13661	26429	5785	7876	0	547
PF3D7_0417400	38328	1762	36922	1406	0	1210
PF3D7_0109950	8837	31253	3369	5468	0	73
PF3D7_0924900	6146	33944	1185	4955	6	89
PF3D7_1027500	3418	36672	3186	232	0	23
PF3D7_0914200	5933	34157	3481	2452	0	65
PF3D7_0627500	5320	34770	2209	3111	0	20
PF3D7_0620000	28405	11685	25194	3211	0	145
PF3D7_1467000	10607	29483	1944	8662	1	738
PF3D7_1235200	10739	29351	6664	4075	0	350
PF3D7_0315000	2947	37143	2080	867	0	34
PF3D7_1445900	4980	35110	1725	3254	1	44
PF3D7_1109400	9162	30928	4886	4275	1	220
PF3D7_1360800	15120	24970	10576	4544	0	426
PF3D7_0720300	5217	34873	317	4894	6	45
PF3D7_1366300	28717	11373	21697	6984	36	3556
PF3D7_0823100	8824	31266	1564	7260	0	170
PF3D7_0208100	22297	17793	12487	9809	1	1365
PF3D7_1331100	18643	21447	12201	6441	1	436
PF3D7_0918900	36443	3647	34952	1491	0	170
PF3D7_0205800	1099	38991	764	335	0	9
PF3D7_1124800	2827	37263	2004	823	0	66
PF3D7_0530500	11061	29029	3382	7671	8	708
PF3D7_1136900	17403	22687	9257	8146	0	1197
PF3D7_0414200	9560	30530	1903	7657	0	32
PF3D7_1106000	6720	33370	1328	5392	0	68
PF3D7_0513300	5753	34337	1919	3834	0	48
PF3D7_1236650	332	39758	183	149	0	12
PF3D7_1440800	9197	30893	1758	7439	0	323
PF3D7_1320700	24741	15349	10484	8054	6203	1624
PF3D7_1216100	2309	37781	772	1536	1	86
PF3D7_0933800	8998	31092	2361	6637	0	330
PF3D7_1446100	9574	30516	3733	5838	3	562
PF3D7_1349900	3132	36958	2272	860	0	90
PF3D7_0315500	1096	38994	228	868	0	43
PF3D7_0313300	3184	36906	1934	1250	0	67
PF3D7_1119900	19121	20969	11249	7872	0	1811
PF3D7_0402900	8801	31289	2853	5945	3	92
PF3D7_1456200	12815	27275	7931	4884	0	467
PF3D7_0824200	13641	26449	6120	7521	0	609
PF3D7_0911700	22206	17884	18899	3306	1	366
PF3D7_0722800	9494	30596	8308	1186	0	157
PF3D7_1112400	3252	36838	1154	2098	0	40
PF3D7_1325000	2770	37320	2158	612	0	10
PF3D7_1021600	1489	38601	538	951	0	31
PF3D7_1431300	29631	10459	25572	4059	0	936
PF3D7_1439000	2372	37718	957	1415	0	100
PF3D7_1143400	1552	38538	1065	487	0	8
PF3D7_1001200	5721	34369	2989	2732	0	18
PF3D7_0922700	6603	33487	5379	1221	3	114
PF3D7_1318800	9015	31075	5205	3809	1	43
PF3D7_1333600	22036	18054	16218	5812	6	1114
PF3D7_1242900	1258	38832	522	736	0	33
PF3D7_0609400	4292	35798	2470	1822	0	157
PF3D7_1468500	7479	32611	5823	1656	0	15
PF3D7_1021700	36887	3203	32709	4173	5	2066
PF3D7_0501300	20589	19501	14646	5943	0	365
PF3D7_0831600	26394	13696	18705	7575	114	1952
PF3D7_0501000	6720	33370	2330	4390	0	88
PF3D7_1028700	9465	30625	2138	7327	0	518
PF3D7_1426400	5946	34144	5477	469	0	45
PF3D7_1307000	2014	38076	867	1147	0	107
PF3D7_1420700	12983	27107	7714	5269	0	512
PF3D7_0924600	18828	21262	11599	7228	1	2043
PF3D7_1311300	6257	33833	3428	2829	0	68
PF3D7_0523100	8764	31326	7473	1291	0	93
PF3D7_1336800	2924	37166	1649	1275	0	70
PF3D7_0627700	12713	27377	5397	7316	0	255
PF3D7_1112600	10320	29770	2880	7440	0	431
PF3D7_1206200	15197	24893	12617	2580	0	230
PF3D7_0619700	8444	31646	1355	7089	0	242
PF3D7_1217800	793	39297	407	386	0	26
PF3D7_0909500	8019	32071	5551	2468	0	125
PF3D7_0306000	955	39135	457	497	1	31
PF3D7_0729000	842	39248	400	442	0	42
PF3D7_1460000	5810	34280	1543	4257	10	330
PF3D7_1468700	5135	34955	3988	1146	1	10
PF3D7_0113800	39593	497	39391	198	4	181
PF3D7_1433600	3394	36696	595	2799	0	33
PF3D7_1205600	5573	34517	2422	3149	2	108
PF3D7_0629000	4722	35368	4238	484	0	41
PF3D7_0709600	17252	22838	9286	7964	2	1383
PF3D7_1468600	21425	18665	11447	9977	1	2493
PF3D7_1214100	13658	26432	8373	5284	1	570
PF3D7_1128600	4386	35704	1584	2802	0	317
PF3D7_0517500	21956	18134	16228	5723	5	183
PF3D7_1030700	3932	36158	2344	1588	0	98
PF3D7_0311600	14586	25504	5616	8969	1	427
PF3D7_1432200	14854	25236	6002	8852	0	1161
PF3D7_1143500	16498	23592	7725	8773	0	1001
PF3D7_0615000	3375	36715	1810	1565	0	90
PF3D7_0704100	28790	11300	21881	6809	100	2643
PF3D7_0532600	10651	29439	1204	8215	1232	108
PF3D7_0415500	2861	37229	2106	754	1	38
PF3D7_1427400	9507	30583	8854	652	1	47
PF3D7_1446200	10622	29468	8134	2487	1	132
PF3D7_1308400	34574	5516	30324	4250	0	3090
PF3D7_1248700	25712	14378	18988	6724	0	2906
PF3D7_1425700	4248	35842	2034	2213	1	117
PF3D7_1222600	24138	15952	11952	12185	1	2721
PF3D7_0623500	5301	34789	4129	1171	1	116
PF3D7_1143100	24612	15478	17896	6716	0	2124
PF3D7_0702500	7147	32943	912	6214	21	134
PF3D7_1465500	8934	31156	4680	4254	0	521
PF3D7_1123400	5115	34975	3132	1983	0	89
PF3D7_0827300	28195	11895	23386	4807	2	622
PF3D7_0108600	5071	35019	2460	2610	1	209
PF3D7_1002900	1937	38153	1454	483	0	32
PF3D7_0501400	39692	398	39146	546	0	54
PF3D7_0610600	4454	35636	2847	1607	0	42
PF3D7_0916800	422	39668	248	174	0	18
PF3D7_0811800	9993	30097	4077	5916	0	251
PF3D7_0701900	31609	8481	26515	4290	804	1589
PF3D7_1137600	8954	31136	923	8031	0	688
PF3D7_0203600	9852	30238	951	8901	0	358
PF3D7_0205100	16938	23152	10433	6494	11	579
PF3D7_1349400	12209	27881	6931	5268	10	178
PF3D7_1458500	15784	24306	5733	10043	8	2086
PF3D7_1243100	3224	36866	1880	1344	0	131
PF3D7_0417700	5332	34758	2573	2755	4	166
PF3D7_0827600	32682	7408	29015	3667	0	1108
PF3D7_1450000	3719	36371	1998	1721	0	50
PF3D7_1126900	9769	30321	984	8785	0	17
PF3D7_0612500	4423	35667	4056	367	0	41
PF3D7_0714500	7383	32707	3800	3583	0	122
PF3D7_1421500	1425	38665	819	502	104	38
PF3D7_1202900	921	39169	419	502	0	7
PF3D7_1141200	1884	38206	1552	331	1	30
PF3D7_0907500	2997	37093	2148	849	0	43
PF3D7_1118000	5033	35057	576	4457	0	26
PF3D7_0928600	5715	34375	425	5289	1	40
PF3D7_1363400	12696	27394	2930	9765	1	753
PF3D7_1404800	19582	20508	11650	7931	1	1299
PF3D7_0829200	1866	38224	948	918	0	11
PF3D7_1429800	23744	16346	14769	8975	0	325
PF3D7_0921200	19374	20716	11593	7777	4	1784
PF3D7_1205300	6276	33814	3063	3213	0	201
PF3D7_1038100	13681	26409	6114	7563	4	599
PF3D7_1327600	656	39434	220	436	0	13
PF3D7_1435500	3497	36593	1590	1906	1	95
PF3D7_0219900	7680	32410	1229	6450	1	101
PF3D7_0704200	25949	14141	19580	6369	0	772
PF3D7_1018100	8711	31379	4746	3965	0	227
PF3D7_0717100	26475	13615	22422	4053	0	268
PF3D7_1016300	24598	15492	21549	3049	0	68
PF3D7_0902300	7138	32952	4084	3052	2	195
PF3D7_1004800	12161	27929	1638	10523	0	302
PF3D7_1351600	10063	30027	7192	2871	0	95
PF3D7_0925700	4241	35849	2804	1437	0	20
PF3D7_0829600	10355	29735	492	9863	0	208
PF3D7_0612300	1286	38804	861	425	0	34
PF3D7_0207200	3129	36961	2840	289	0	32
PF3D7_1127400	2102	37988	1205	890	7	76
PF3D7_1033700	10653	29437	7522	3130	1	109
PF3D7_0821600	10838	29252	1974	8864	0	445
PF3D7_0715100	8388	31702	8059	329	0	57
PF3D7_1454700	8950	31140	7500	1450	0	96
PF3D7_0610900	12712	27378	8171	4540	1	362
PF3D7_1314000	11022	29068	4858	6164	0	728
PF3D7_1415100	12625	27465	8111	4513	1	278
PF3D7_1227700	11641	28449	3968	7673	0	265
PF3D7_0815900	7276	32814	3373	3902	1	343
PF3D7_0812900	20934	19156	15729	5191	14	457
PF3D7_1252600	7251	32839	1059	6192	0	60
PF3D7_1228500	3263	36827	1982	1273	8	103
PF3D7_0513400	7810	32280	3778	4032	0	48
PF3D7_1468100	24088	16002	17071	7011	6	1618
PF3D7_1463900	12844	27246	5986	6857	1	573
PF3D7_0419100	2357	37733	982	1375	0	102
PF3D7_0528000	3255	36835	2513	742	0	34
PF3D7_0623900	6446	33644	4813	1633	0	70
PF3D7_0919300	1914	38176	935	979	0	46
PF3D7_0528900	4467	35623	3470	997	0	133
PF3D7_1237300	3860	36230	2026	1834	0	118
PF3D7_1351900	20471	19619	14411	6057	3	215
PF3D7_1347800	5013	35077	3704	1302	7	96
PF3D7_1250100	30646	9444	25474	5172	0	1866
PF3D7_1331200	7108	32982	1870	5237	1	221
PF3D7_1322200	20275	19815	10923	9352	0	4244
PF3D7_1442800	7309	32781	3518	3790	1	301
PF3D7_0817400	16382	23708	12405	3977	0	351
PF3D7_1115100	8255	31835	4051	4203	1	132
PF3D7_1335500	7482	32608	4435	3047	0	57
PF3D7_0417900	15268	24822	5652	9616	0	702
PF3D7_0926400	5946	34144	2674	3272	0	193
PF3D7_1012100	4001	36089	2918	1082	1	132
PF3D7_1304000	10100	29990	4232	5867	1	583
PF3D7_0910600	4009	36081	2832	1177	0	50
PF3D7_1033300	2591	37499	1789	801	1	24
PF3D7_0502600	11554	28536	1798	9753	3	985
PF3D7_1011700	3375	36715	1340	2035	0	226
PF3D7_0934300	1331	38759	525	681	125	38
PF3D7_1201400	22593	17497	13901	8690	2	2517
PF3D7_1203400	29321	10769	24318	5002	1	793
PF3D7_0611800	30023	10067	25135	4888	0	1502
PF3D7_0529000	15067	25023	7077	7990	0	164
PF3D7_1245200	23860	16230	19265	4595	0	1195
PF3D7_1362100	3565	36525	1595	1970	0	75
PF3D7_0604000	16078	24012	6570	9506	2	1613
PF3D7_1145300	1512	38578	910	602	0	55
PF3D7_0804800	1314	38776	729	585	0	46
PF3D7_1405800	11613	28477	1446	10167	0	938
PF3D7_0213300	1082	39008	765	317	0	14
PF3D7_1318300	26630	13460	20339	6290	1	1961
PF3D7_1420500	17487	22603	10926	6561	0	545
PF3D7_0216800	36323	3767	34795	1528	0	664
PF3D7_0830500	16505	23585	7801	8704	0	769
PF3D7_1419800	5795	34295	2384	3411	0	145
PF3D7_1414900	14027	26063	5525	8502	0	938
PF3D7_1012500	13235	26855	10590	2645	0	126
PF3D7_1247000	3691	36399	2438	1253	0	133
PF3D7_0606100	8942	31148	3967	4974	1	393
PF3D7_0504300	4094	35996	3067	1025	2	106
PF3D7_1477600	40058	32	39940	118	0	10
PF3D7_0303900	4346	35744	3364	982	0	76
PF3D7_1230600	6558	33532	6036	522	0	34
PF3D7_1140300	3576	36514	1331	2245	0	120
PF3D7_1469200	4643	35447	2564	2079	0	114
PF3D7_0929100	4442	35648	2588	1854	0	124
PF3D7_1451500	1332	38758	326	1006	0	77
PF3D7_1112500	8330	31760	1586	6742	2	185
PF3D7_0801900	36946	3144	34792	2116	38	1968
PF3D7_1427300	15516	24574	13769	1747	0	172
PF3D7_1312000	6362	33728	1001	5361	0	222
PF3D7_1412700	18125	21965	10464	7655	6	1918
PF3D7_1247400	2582	37508	1492	1090	0	70
PF3D7_1303700	13072	27018	4128	8944	0	1281
PF3D7_1324600	25686	14404	19446	6236	4	635
PF3D7_1420900	5013	35077	3666	1347	0	76
PF3D7_0322900	5587	34503	4422	1165	0	16
PF3D7_0612100	17728	22362	13814	3912	2	153
PF3D7_1132800	3276	36814	857	2419	0	39
PF3D7_1369500	11526	28564	7040	4485	1	393
PF3D7_1403000	25193	14897	20396	4797	0	357
PF3D7_0311200	18113	21977	11334	6779	0	1022
PF3D7_0808300	9442	30648	1231	8211	0	43
PF3D7_1353200	2290	37800	1135	1155	0	82
PF3D7_0507400	1294	38796	749	545	0	36
PF3D7_1314400	792	39298	329	463	0	40
PF3D7_1225600	11262	28828	6789	4473	0	306
PF3D7_0306400	9455	30635	7964	1491	0	111
PF3D7_0212100	33695	6395	30211	3481	3	953
PF3D7_1245600	25271	14819	19268	6003	0	2925
PF3D7_0805300	13007	27083	6892	6115	0	631
PF3D7_1146200	1750	38340	356	1394	0	110
PF3D7_0111700	606	39484	237	369	0	19
PF3D7_1221100	6388	33702	1608	4780	0	135
PF3D7_1028900	2827	37263	481	2332	14	193
PF3D7_1404700	9984	30106	879	9105	0	281
PF3D7_1104200	22883	17207	15464	7419	0	555
PF3D7_1235100	4006	36084	774	3232	0	17
PF3D7_0630000	7353	32737	3143	4209	1	89
PF3D7_0810400	5260	34830	721	4539	0	171
PF3D7_0616900	12924	27166	5797	7126	1	1015
PF3D7_1327700	1996	38094	1174	819	3	62
PF3D7_1425600	40056	34	22317	6439	11300	10
PF3D7_1307700	10491	29599	2172	8319	0	1288
PF3D7_1030000	6709	33381	6258	449	2	40
PF3D7_0626000	13559	26531	3957	9602	0	1372
PF3D7_0931100	13162	26928	8005	5157	0	375
PF3D7_0531000	10298	29792	3779	6519	0	534
PF3D7_1365100	3767	36323	3274	493	0	25
PF3D7_1346000	6633	33457	2111	4520	2	511
PF3D7_0716200	19926	20164	15200	4726	0	575
PF3D7_0107100	5191	34899	1359	3832	0	215
PF3D7_0709500	5532	34558	3953	1578	1	35
PF3D7_1327400	6378	33712	282	6096	0	124
PF3D7_0828500	3459	36631	1277	2182	0	109
PF3D7_0213700	1106	38984	619	486	1	13
PF3D7_1468300	2521	37569	858	1663	0	106
PF3D7_0607900	7927	32163	3834	4090	3	415
PF3D7_1355700	9912	30178	3013	6897	2	941
PF3D7_1339800	710	39380	489	221	0	12
PF3D7_0312800	2607	37483	2210	397	0	12
PF3D7_0212500	27204	12886	22447	4757	0	3856
PF3D7_0919400	3969	36121	2228	1740	1	182
PF3D7_1035600	13360	26730	9697	3525	138	159
PF3D7_0610100	4792	35298	2152	2639	1	113
PF3D7_1460200	2438	37652	383	2034	21	210
PF3D7_0613400	3082	37008	2538	544	0	38
PF3D7_1034600	10320	29770	2612	7708	0	173
PF3D7_1342800	8483	31607	7244	1239	0	65
PF3D7_1476300	16408	23682	6746	8095	1567	453
PF3D7_1471200	9648	30442	6315	3333	0	58
PF3D7_1461900	13514	26576	8338	5173	3	554
PF3D7_1472100	3624	36466	1884	1740	0	128
PF3D7_0624900	8537	31553	5694	2843	0	175
PF3D7_0605900	3154	36936	2269	885	0	19
PF3D7_1025200	16218	23872	15195	1023	0	88
PF3D7_1139600	10553	29537	2106	8439	8	629
PF3D7_1203700	6176	33914	3455	2720	1	25
PF3D7_1026900	3329	36761	1818	1510	1	88
PF3D7_0423800	6169	33921	2168	4001	0	187
PF3D7_0711200	16353	23737	5982	10370	1	1518
PF3D7_1228300	29087	11003	25178	3908	1	208
PF3D7_0218600	21074	19016	11383	9691	0	2881
PF3D7_1320800	8727	31363	6084	2642	1	153
PF3D7_1123500	20027	20063	14963	5064	0	416
PF3D7_0618800	11628	28462	2911	8717	0	555
PF3D7_1322700	5855	34235	3700	2154	1	144
PF3D7_1212000	1492	38598	543	949	0	72
PF3D7_1309100	1228	38862	641	587	0	29
PF3D7_1311200	7265	32825	5263	2002	0	165
PF3D7_1409900	10042	30048	3868	6174	0	279
PF3D7_1231900	11847	28243	3921	7923	3	603
PF3D7_0902600	17183	22907	9696	7485	2	400
PF3D7_0502800	1915	38175	204	1711	0	56
PF3D7_1252800	6828	33262	1264	5563	1	262
PF3D7_0305000	3733	36357	1782	1951	0	152
PF3D7_0923900	2987	37103	1918	1069	0	25
PF3D7_1146100	3433	36657	1680	1753	0	101
PF3D7_1464700	8869	31221	5975	2893	1	44
PF3D7_0609300	18447	21643	11949	6497	1	628
PF3D7_1360700	13513	26577	6155	7349	9	626
PF3D7_0620100	515	39575	116	399	0	25
PF3D7_0805000	3260	36830	1989	1271	0	37
PF3D7_1405400	13567	26523	5968	7594	5	932
PF3D7_1036000	16613	23477	14001	2612	0	108
PF3D7_0721500	12679	27411	3844	8832	3	494
PF3D7_0309700	7557	32533	2998	4536	23	412
PF3D7_0322400	15466	24624	8369	7074	23	645
PF3D7_0423200	2368	37722	223	2144	1	36
PF3D7_1127200	1441	38649	1115	325	1	21
PF3D7_0603000	16404	23686	8143	8261	0	308
PF3D7_1221300	8572	31518	2090	6452	30	404
PF3D7_0927900	9781	30309	3037	6744	0	35
PF3D7_1361700	3833	36257	2778	1024	31	82
PF3D7_0415400	2184	37906	1703	481	0	26
PF3D7_1409100	16261	23829	10284	5977	0	846
PF3D7_1237100	39439	651	38982	457	0	460
PF3D7_0628100	29913	10177	25398	4515	0	2010
PF3D7_1240000	9917	30173	7300	2617	0	132
PF3D7_0903000	1853	38237	124	1729	0	79
PF3D7_1469000	2687	37403	692	1994	1	91
PF3D7_0817600	16008	24082	9532	6473	3	770
PF3D7_1210500	5358	34732	1960	3396	2	246
PF3D7_1405600	3047	37043	879	2168	0	30
PF3D7_1323600	5767	34323	4892	875	0	89
PF3D7_0627200	7384	32706	4015	3369	0	67
PF3D7_1029700	15014	25076	10005	5009	0	344
PF3D7_0717500	5662	34428	4167	1495	0	24
PF3D7_0730200	6730	33360	1377	5353	0	311
PF3D7_0936700	11045	29045	7465	3403	177	254
PF3D7_1442900	30294	9796	20862	6792	2640	2061
PF3D7_0416300	13638	26452	10346	3292	0	358
PF3D7_0402000	14689	25401	5984	8705	0	627
PF3D7_0301100	5616	34474	813	4611	192	174
PF3D7_0529900	4615	35475	3811	803	1	29
PF3D7_0422600	6139	33951	2537	3602	0	34
PF3D7_0526600	40008	82	39919	89	0	53
PF3D7_1306400	4273	35817	2069	2204	0	29
PF3D7_0531100	19872	20218	9986	9874	12	3776
PF3D7_1431200	22250	17840	15072	7178	0	1690
PF3D7_1355100	14222	25868	12433	1789	0	83
PF3D7_1206800	7560	32530	3398	4161	1	328
PF3D7_1038900	2667	37423	795	1760	112	36
PF3D7_0212000	8501	31589	2789	5712	0	90
PF3D7_0731200	2130	37960	1056	1074	0	107
PF3D7_1212300	12035	28055	5857	6177	1	596
PF3D7_1474900	1735	38355	364	1371	0	49
PF3D7_1031500	17018	23072	12873	4145	0	517
PF3D7_1441000	10889	29201	3305	7584	0	317
PF3D7_1248400	4381	35709	2018	2363	0	175
PF3D7_0309600	1743	38347	326	1417	0	26
PF3D7_1215700	13483	26607	5300	8183	0	1560
PF3D7_0211500	15657	24433	9367	6290	0	402
PF3D7_0502900	757	39333	256	500	1	20
PF3D7_0221400	15781	24309	7522	6678	1581	162
PF3D7_0921400	3524	36566	1591	1933	0	95
PF3D7_1130100	1339	38751	1207	132	0	11
PF3D7_1320600	2300	37790	1723	577	0	12
PF3D7_1432300	19204	20886	10652	8552	0	1662
PF3D7_0728100	29743	10347	23168	6565	10	4708
PF3D7_1347500	3263	36827	1959	1304	0	50
PF3D7_0911900	6822	33268	2171	4651	0	315
PF3D7_1455600	19152	20938	11930	7222	0	880
PF3D7_0508000	14683	25407	5349	9334	0	679
PF3D7_1031200	4737	35353	292	4444	1	73
PF3D7_1133700	15175	24915	7756	7419	0	465
PF3D7_1310600	2228	37862	1338	890	0	77
PF3D7_1014800	14430	25660	7399	7031	0	351
PF3D7_1215600	3378	36712	2422	956	0	66
PF3D7_1004400	13911	26179	6752	7155	4	938
PF3D7_0604200	1345	38745	945	400	0	21
PF3D7_0312100	16286	23804	7745	8541	0	462
PF3D7_0309900	23673	16417	16221	7447	5	1103
PF3D7_0321800	27161	12929	19903	7257	1	4106
PF3D7_1242500	5394	34696	3626	1767	1	180
PF3D7_0708800	10393	29697	6782	3610	1	100
PF3D7_1436000	9810	30280	4082	5726	2	177
PF3D7_1447900	20294	19796	12885	7404	5	464
PF3D7_0918400	18992	21098	12429	6563	0	515
PF3D7_0520200	10252	29838	5412	4836	4	395
PF3D7_1218900	14752	25338	6024	8728	0	983
PF3D7_0521600	1250	38840	986	264	0	31
PF3D7_0921000	2473	37617	2097	376	0	8
PF3D7_1205900	15826	24264	10069	5757	0	468
PF3D7_0827400	2729	37361	1163	1566	0	100
PF3D7_1442600	39333	757	38460	873	0	301
PF3D7_0908300	5635	34455	4266	1369	0	90
PF3D7_1005900	6923	33167	4918	2004	1	241
PF3D7_1461500	3240	36850	2570	670	0	68
PF3D7_0416200	6074	34016	3233	2841	0	60
PF3D7_1123100	23593	16497	16769	6824	0	751
PF3D7_1466700	5379	34711	3303	2076	0	52
PF3D7_0621900	15029	25061	7560	7468	1	481
PF3D7_1023500	1011	39079	238	773	0	16
PF3D7_1218300	8658	31432	837	7821	0	183
PF3D7_1149400	10339	29751	793	9544	2	129
PF3D7_1132600	6807	33283	4354	2451	2	192
PF3D7_1244100	16850	23240	9273	7577	0	1061
PF3D7_0108800	5453	34637	3908	1545	0	74
PF3D7_0829300	1433	38657	940	493	0	29
PF3D7_1317400	3942	36148	409	3532	1	147
PF3D7_1413300	4747	35343	4475	272	0	31
PF3D7_1462300	16180	23910	9023	7157	0	613
PF3D7_1226300	1938	38152	622	1316	0	21
PF3D7_0610500	1275	38815	579	696	0	36
PF3D7_1239800	32609	7481	26981	5628	0	3731
PF3D7_0206500	27694	12396	23544	4150	0	647
PF3D7_0914400	2288	37802	1109	1179	0	25
PF3D7_1027400	3678	36412	3104	573	1	16
PF3D7_1137700	5947	34143	1336	4611	0	537
PF3D7_1338100	4337	35753	1506	2831	0	122
PF3D7_1433300	7672	32418	5603	2069	0	84
PF3D7_0209700	22667	17423	18733	3933	1	142
PF3D7_1220900	1003	39087	209	794	0	27
PF3D7_0728300	1333	38757	336	996	1	82
PF3D7_0502300	2359	37731	377	1977	5	131
PF3D7_0205300	9134	30956	2295	6838	1	542
PF3D7_1131000	13083	27007	10118	2965	0	164
PF3D7_0505900	3656	36434	2408	1248	0	34
PF3D7_0419900	36764	3326	34331	2422	11	2119
PF3D7_0923300	15792	24298	11765	4027	0	250
PF3D7_0915700	6780	33310	1068	5711	1	63
PF3D7_1138300	1845	38245	830	993	22	113
PF3D7_0503100	7944	32146	1532	6412	0	445
PF3D7_1142200	3349	36741	2148	1187	14	131
PF3D7_1235300	17586	22504	9387	8199	0	941
PF3D7_0715000	14699	25391	11019	3680	0	88
PF3D7_1123900	1994	38096	1538	455	1	10
PF3D7_1113800	10951	29139	9175	1776	0	146
PF3D7_1475400	29453	10637	23331	6116	6	4060
PF3D7_1136000	32629	7461	28180	4447	2	2124
PF3D7_1030300	12409	27681	2835	9569	5	1280
PF3D7_1366600	5079	35011	1458	3621	0	230
PF3D7_1320100	3932	36158	3164	768	0	60
PF3D7_1441700	4205	35885	762	3443	0	200
PF3D7_1409600	13556	26534	4423	9133	0	880
PF3D7_0606800	4236	35854	2248	1988	0	60
PF3D7_1024500	1666	38424	598	1068	0	149
PF3D7_0902500	14232	25858	4878	9354	0	405
PF3D7_0915500	7590	32500	1270	6319	1	435
PF3D7_1022600	12144	27946	7957	4187	0	248
PF3D7_1448700	7525	32565	550	6974	1	328
PF3D7_0727600	13997	26093	4132	9865	0	1391
PF3D7_1114400	5801	34289	3187	2614	0	295
PF3D7_1323700	1882	38208	1111	771	0	23
PF3D7_1356700	2042	38048	584	1458	0	122
PF3D7_0722600	8782	31308	4724	4010	48	179
PF3D7_1232700	12557	27533	5538	7019	0	210
PF3D7_1219600	18464	21626	11919	6545	0	237
PF3D7_1011900	4170	35920	2755	1415	0	99
PF3D7_1466200	27057	13033	22080	4977	0	1856
PF3D7_0404400	5582	34508	2836	2745	1	112
PF3D7_0720200	2379	37711	1093	1286	0	39
PF3D7_1443200	7115	32975	1935	5180	0	296
PF3D7_0206800	36832	3258	35954	878	0	558
PF3D7_0501600	9060	31030	2832	6227	1	70
PF3D7_1416200	32981	7109	28667	4314	0	1109
PF3D7_1470600	7946	32144	1793	6153	0	439
PF3D7_0813100	7010	33080	2586	4424	0	306
PF3D7_1470800	10477	29613	4148	6329	0	447
PF3D7_0220600	2465	37625	1156	1309	0	61
PF3D7_0703400	15982	24108	8485	7496	1	815
PF3D7_0514300	23880	16210	16070	7808	2	1117
PF3D7_1311500	7946	32144	6550	1395	1	22
PF3D7_1122300	2791	37299	724	2066	1	67
PF3D7_1333000	4230	35860	2589	1641	0	61
PF3D7_1460300	1547	38543	846	701	0	19
PF3D7_0509100	23925	16165	17814	6111	0	745
PF3D7_0710800	5299	34791	1199	4099	1	207
PF3D7_1337800	6667	33423	4695	1972	0	71
PF3D7_1305200	2855	37235	1034	1821	0	144
PF3D7_1235400	21288	18802	18017	3270	1	477
PF3D7_0529100	3983	36107	2217	1766	0	75
PF3D7_1343800	24296	15794	16610	7686	0	4879
PF3D7_1311000	4013	36077	3811	202	0	23
PF3D7_0316600	9400	30690	2119	7281	0	53
PF3D7_1007300	9781	30309	4544	5237	0	455
PF3D7_0722000	2613	37477	997	1614	2	164
PF3D7_0925500	4777	35313	1825	2952	0	39
PF3D7_1105000	459	39631	222	237	0	1
PF3D7_1111600	10099	29991	2464	7634	1	461
PF3D7_1432700	3824	36266	3067	757	0	11
PF3D7_1414000	4066	36024	2576	1489	1	84
PF3D7_1007400	3667	36423	1954	1713	0	112
PF3D7_0811100	3177	36913	2045	1132	0	59
PF3D7_1230100	10683	29407	6116	4567	0	260
PF3D7_1346400	25097	14993	18912	6185	0	4102
PF3D7_0519800	13304	26786	9841	3462	1	270
PF3D7_1426500	11601	28489	8255	3344	2	50
PF3D7_0726700	1385	38705	287	1098	0	58
PF3D7_0305400	1734	38356	1035	698	1	33
PF3D7_0602600	13676	26414	3190	10486	0	790
PF3D7_0909700	11398	28692	3341	8054	3	757
PF3D7_1004500	1371	38719	226	1145	0	38
PF3D7_1139700	4663	35427	2465	2197	1	142
PF3D7_0111800	5584	34506	1983	3596	5	206
PF3D7_0515100	7392	32698	1966	5426	0	246
PF3D7_0822500	1831	38259	913	918	0	60
PF3D7_0621800	2596	37494	2123	473	0	29
PF3D7_1357600	7878	32212	7498	380	0	32
PF3D7_1123000	23117	16973	14602	8515	0	1935
PF3D7_1329500	24391	15699	13324	11067	0	1337
PF3D7_1429900	15631	24459	6286	9345	0	1145
PF3D7_0303400	7327	32763	4778	2549	0	138
PF3D7_0831100	38225	1865	36448	1656	121	565
PF3D7_1020400	7520	32570	4327	3190	3	321
PF3D7_1208600	674	39416	462	212	0	13
PF3D7_1016400	9902	30188	1652	8250	0	144
PF3D7_1408200	27559	12531	22423	5134	2	1480
PF3D7_1307600	9602	30488	3569	6033	0	195
PF3D7_1477200	10902	29188	1058	8176	1668	468
PF3D7_1207300	1185	38905	602	583	0	69
PF3D7_0822900	34335	5755	31726	2609	0	477
PF3D7_0618600	4058	36032	1305	2753	0	86
PF3D7_1130000	17009	23081	10630	6346	33	852
PF3D7_0111900	568	39522	277	291	0	9
PF3D7_1232300	1628	38462	624	1003	1	44
PF3D7_1208800	12727	27363	5011	7714	2	904
PF3D7_0825300	1003	39087	210	792	1	53
PF3D7_0716400	2312	37778	1826	481	5	30
PF3D7_1410100	5568	34522	2521	3047	0	118
PF3D7_0728900	12202	27888	1958	10243	1	331
PF3D7_0713900	29414	10676	23085	6321	8	3851
PF3D7_1440100	8218	31872	2549	5669	0	657
PF3D7_1241500	3508	36582	711	2795	2	254
PF3D7_1143600	7710	32380	3421	4289	0	201
PF3D7_0603100	4243	35847	449	3793	1	187
PF3D7_0419400	27080	13010	20089	6986	5	2652
PF3D7_1472200	29586	10504	24357	5228	1	1000
PF3D7_1356200	1890	38200	139	1751	0	28
PF3D7_1448500	36325	3765	34181	2144	0	1755
PF3D7_0920900	6122	33968	755	5367	0	317
PF3D7_1238900	8082	32008	1260	6821	1	187
PF3D7_0207000	11984	28106	1967	10017	0	465
PF3D7_1023200	4828	35262	3186	1642	0	85
PF3D7_1452400	12680	27410	5965	6715	0	700
PF3D7_0703600	10287	29803	8129	2158	0	59
PF3D7_1345300	903	39187	475	428	0	49
PF3D7_1104500	7907	32183	3237	4670	0	365
PF3D7_0931600	3413	36677	2068	1345	0	80
PF3D7_1342100	12966	27124	8504	4462	0	271
PF3D7_1427900	5878	34212	1693	4185	0	31
PF3D7_1008100	24920	15170	17810	7110	0	2955
PF3D7_1020200	11099	28991	2211	8888	0	571
PF3D7_0806700	37552	2538	34809	2743	0	703
PF3D7_1034800	13183	26907	3131	10046	6	215
PF3D7_0726400	24519	15571	14111	10405	3	5659
PF3D7_1026100	1925	38165	1067	858	0	53
PF3D7_0629300	38627	1463	38144	470	13	126
PF3D7_1105700	9598	30492	4159	5439	0	145
PF3D7_1453800	15072	25018	9515	5557	0	375
PF3D7_1114100	1748	38342	763	983	2	69
PF3D7_1439400	4459	35631	2412	2047	0	65
PF3D7_0608100	36373	3717	33445	2928	0	272
PF3D7_0710100	12212	27878	2359	9853	0	284
PF3D7_1308900	14175	25915	4662	9512	1	1616
PF3D7_0909600	8701	31389	3021	5680	0	156
PF3D7_1115000	1428	38662	686	742	0	48
PF3D7_0920000	6365	33725	2709	3653	3	343
PF3D7_1028000	15390	24700	9969	5421	0	174
PF3D7_0905300	30765	9325	24753	6012	0	2202
PF3D7_1013700	1769	38321	709	1057	3	113
PF3D7_0722100	4239	35851	2620	1619	0	144
PF3D7_0528100	18522	21568	13318	5204	0	124
PF3D7_0605000	1460	38630	884	576	0	28
PF3D7_1413700	17093	22997	12407	4608	78	940
PF3D7_0320800	2348	37742	884	1464	0	10
PF3D7_1343500	7202	32888	6120	1082	0	114
PF3D7_1001700	9860	30230	1108	7619	1133	135
PF3D7_1362700	39456	634	38923	533	0	177
PF3D7_1301900	6019	34071	938	5081	0	44
PF3D7_1218600	9879	30211	6491	3388	0	142
PF3D7_1215500	2828	37262	2674	154	0	11
PF3D7_1112200	6960	33130	6298	662	0	56
PF3D7_0811400	7643	32447	6493	1150	0	52
PF3D7_0401800	31862	8228	27792	3970	100	351
PF3D7_1403900	1793	38297	614	1179	0	51
PF3D7_1415900	1813	38277	1345	468	0	44
PF3D7_0931500	2841	37249	1251	1589	1	64
PF3D7_1224100	2071	38019	1056	1015	0	17
PF3D7_0702000	19452	20638	10855	8590	7	207
PF3D7_1455400	3668	36422	484	3184	0	50
PF3D7_0913700	18607	21483	15581	3026	0	152
PF3D7_1247700	7377	32713	519	6858	0	305
PF3D7_1433700	14742	25348	6884	7857	1	1617
PF3D7_0802800	6401	33689	3783	2618	0	112
PF3D7_0906100	6740	33350	809	5931	0	36
PF3D7_0928800	15344	24746	10323	5021	0	460
PF3D7_1211500	5728	34362	3932	1795	1	164
PF3D7_0828600	4535	35555	1564	2958	13	201
PF3D7_0804500	37472	2618	35682	1790	0	1591
PF3D7_1436200	20931	19159	12579	8352	0	2225
PF3D7_1014900	18779	21311	10517	8260	2	2332
PF3D7_1454900	7709	32381	434	7275	0	32
PF3D7_1241200	31267	8823	24275	6991	1	722
PF3D7_0612700	5439	34651	1896	3540	3	190
PF3D7_1330000	1708	38382	828	880	0	70
PF3D7_0819600	4809	35281	1300	3509	0	111
PF3D7_0910200	32332	7758	27332	4662	338	2948
PF3D7_0730500	18573	21517	9343	9229	1	2573
PF3D7_1347000	3976	36114	1570	2406	0	95
PF3D7_1419300	2768	37322	396	2372	0	49
PF3D7_0811300	19210	20880	13219	5991	0	393
PF3D7_1404100	1522	38568	938	584	0	11
PF3D7_0908400	4268	35822	652	3615	1	150
PF3D7_0624000	8039	32051	6815	1224	0	18
PF3D7_0828400	10813	29277	1960	8851	2	615
PF3D7_1144700	7608	32482	6562	1046	0	90
PF3D7_1251600	11164	28926	1891	9273	0	1016
PF3D7_1138400	20768	19322	12169	8596	3	2890
PF3D7_1252700	9217	30873	3482	5735	0	168
PF3D7_0727400	7430	32660	6249	1181	0	36
PF3D7_0904900	24154	15936	17432	6709	13	2907
PF3D7_0411000	20933	19157	11367	9564	2	1130
PF3D7_1430300	27144	12946	21493	5651	0	904
PF3D7_1202600	32178	7912	29102	3075	1	1134
PF3D7_1324400	3279	36811	2355	924	0	32
PF3D7_1108800	1890	38200	972	918	0	102
PF3D7_1105600	12673	27417	3635	9038	0	655
PF3D7_0601900	1138	38952	608	448	82	20
PF3D7_0406100	9563	30527	4663	4900	0	23
PF3D7_1471100	3914	36176	637	3276	1	61
PF3D7_1477100	7217	32873	712	6443	62	323
PF3D7_1441900	1535	38555	971	564	0	14
PF3D7_1126300	16833	23257	11902	4931	0	466
PF3D7_0926200	254	39836	120	134	0	15
PF3D7_1019300	21539	18551	12734	8804	1	1475
PF3D7_1141800	3653	36437	1192	2461	0	90
PF3D7_1018500	2644	37446	2313	331	0	8
PF3D7_1110600	3142	36948	2190	952	0	84
PF3D7_1430400	21807	18283	15467	6326	14	398
PF3D7_1243400	6443	33647	628	5810	5	373
PF3D7_1329200	5192	34898	1556	3634	2	122
PF3D7_1116900	6620	33470	2105	4515	0	40
PF3D7_1473500	7451	32639	1327	6121	3	621
PF3D7_0317300	38659	1431	37755	904	0	885
PF3D7_1244900	10428	29662	2335	8078	15	487
PF3D7_1302600	9303	30787	1171	8130	2	286
PF3D7_0506500	35252	4838	32948	2304	0	1250
PF3D7_1441600	6987	33103	2917	4050	20	266
PF3D7_1313500	15665	24425	5027	10490	148	2103
PF3D7_0520800	15515	24575	7910	7604	1	938
PF3D7_1415800	4346	35744	2534	1796	16	90
PF3D7_0305100	30287	9803	24133	6154	0	3281
PF3D7_0528300	8645	31445	4325	4320	0	396
PF3D7_1025000	16811	23279	9119	7692	0	483
PF3D7_1241400	15453	24637	5281	10164	8	1816
PF3D7_0103300	13362	26728	1593	11768	1	1166
PF3D7_1418000	3285	36805	2315	970	0	54
PF3D7_1206500	27351	12739	24172	3168	11	256
PF3D7_1403100	19585	20505	10340	9243	2	2115
PF3D7_0705000	10981	29109	5580	5400	1	505
PF3D7_1232600	5922	34168	1134	4788	0	196
PF3D7_1015800	6626	33464	2973	3652	1	38
PF3D7_1209200	2247	37843	1694	547	6	37
PF3D7_1318400	11587	28503	5904	5683	0	208
PF3D7_0504500	14874	25216	14097	776	1	49
PF3D7_0320700	4106	35984	951	3155	0	53
PF3D7_1329800	20364	19726	12813	7550	1	931
PF3D7_0405900	9795	30295	3553	6237	5	495
PF3D7_1441100	5281	34809	3787	1494	0	89
PF3D7_0516600	23220	16870	17049	6171	0	1063
PF3D7_1408300	7493	32597	866	6620	7	154
PF3D7_0307100	2323	37767	1228	1095	0	21
PF3D7_1409300	5111	34979	3242	1869	0	112
PF3D7_0211700	34470	5620	30536	3934	0	1809
PF3D7_0934900	7479	32611	5993	1486	0	191
PF3D7_0903100	3204	36886	322	2882	0	68
PF3D7_1007700	18821	21269	11496	7325	0	722
PF3D7_1217600	4032	36058	356	3676	0	127
PF3D7_0810000	3440	36650	996	2443	1	12
PF3D7_0304500	2769	37321	2347	422	0	34
PF3D7_0209400	9699	30391	6028	3667	4	190
PF3D7_0503200	14428	25662	3236	11192	0	932
PF3D7_1028400	12889	27201	9148	3740	1	210
PF3D7_1437600	10480	29610	5467	5012	1	521
PF3D7_1318200	3588	36502	1614	1974	0	129
PF3D7_1006200	3487	36603	2880	607	0	6
PF3D7_0413600	8386	31704	6882	1504	0	9
PF3D7_1330400	1922	38168	1260	662	0	20
PF3D7_0404600	32315	7775	27185	5128	2	3213
PF3D7_1463800	536	39554	208	328	0	21
PF3D7_0624100	4683	35407	3402	1253	28	90
PF3D7_0415300	29971	10119	27044	2926	1	297
PF3D7_1145700	12308	27782	2925	9383	0	479
PF3D7_1221200	1313	38777	840	473	0	42
PF3D7_0623100	17447	22643	11390	6053	4	515
PF3D7_1310900	8816	31274	4007	4808	1	95
PF3D7_1342700	912	39178	715	197	0	4
PF3D7_1466600	3201	36889	1127	2073	1	161
PF3D7_1456900	1992	38098	848	1144	0	72
PF3D7_1106700	15508	24582	9194	6313	1	496
PF3D7_1242600	9696	30394	3884	5807	5	417
PF3D7_0918200	3778	36312	2289	1489	0	57
PF3D7_0314100	3306	36784	2442	864	0	48
PF3D7_1030400	13685	26405	6842	6843	0	187
PF3D7_1437800	1525	38565	891	634	0	39
PF3D7_0725200	4243	35847	3002	1241	0	14
PF3D7_1205700	1757	38333	327	1430	0	119
PF3D7_1015000	9640	30450	6129	3508	3	89
PF3D7_1321300	23602	16488	16787	6814	1	2720
PF3D7_0511800	8327	31763	6556	1771	0	85
PF3D7_0626800	5429	34661	4317	1112	0	23
PF3D7_1445200	15157	24933	9842	5314	1	656
PF3D7_1135400	5127	34963	590	4537	0	55
PF3D7_1315000	3081	37009	2505	576	0	62
PF3D7_0708900	2360	37730	829	1530	1	115
PF3D7_1449300	12421	27669	5399	7019	3	579
PF3D7_1433900	16066	24024	5162	10901	3	2109
PF3D7_0630200	1760	38330	1100	652	8	31
PF3D7_1248500	3085	37005	2323	762	0	46
PF3D7_1230900	22096	17994	17320	4776	0	373
PF3D7_1473300	11579	28511	5726	5852	1	796
PF3D7_1243300	1395	38695	1088	305	2	30
PF3D7_1435700	6664	33426	2095	4566	3	368
PF3D7_0905600	14331	25759	4253	10078	0	1643
PF3D7_1418200	2946	37144	1954	992	0	107
PF3D7_1466900	29379	10711	25905	3471	3	963
PF3D7_0215000	13226	26864	4887	8338	1	814
PF3D7_1462100	11420	28670	3859	7561	0	900
PF3D7_0424700	38362	1728	37305	1057	0	147
PF3D7_1364600	20270	19820	13924	6346	0	472
PF3D7_1360500	21289	18801	13292	7988	9	2974
PF3D7_1250600	8020	32070	4336	3684	0	351
PF3D7_1303900	2236	37854	1279	957	0	48
PF3D7_0423100	2792	37298	369	2423	0	23
PF3D7_1346800	12619	27471	5134	7485	0	277
PF3D7_1306600	9239	30851	1823	7416	0	92
PF3D7_1422200	1322	38768	246	1076	0	79
PF3D7_1331800	2037	38053	1492	545	0	6
PF3D7_1417000	5668	34422	1520	4144	4	281
PF3D7_0319100	1854	38236	1734	120	0	13
PF3D7_1206100	8398	31692	6842	1556	0	43
PF3D7_1455100	2800	37290	1919	762	119	27
PF3D7_1412600	8496	31594	1759	6736	1	222
PF3D7_0907900	2717	37373	1792	925	0	72
PF3D7_0418700	19648	20442	15279	4369	0	530
PF3D7_0812400	11414	28676	10722	692	0	14
PF3D7_1114700	8839	31251	5564	3274	1	233
PF3D7_0322300	10450	29640	1949	8501	0	235
PF3D7_1417300	11803	28287	3045	8756	2	926
PF3D7_0717600	7817	32273	3119	4696	2	353
PF3D7_1220000	7044	33046	2617	4427	0	104
PF3D7_0622400	2772	37318	2349	423	0	48
PF3D7_0908500	19194	20896	11236	7956	2	2032
PF3D7_0403500	2521	37569	695	1825	1	106
PF3D7_1216500	5204	34886	1038	4166	0	76
PF3D7_1475100	13595	26495	4532	9063	0	1662
PF3D7_1316900	10624	29466	3353	7270	1	600
PF3D7_1036900	13592	26498	5015	8577	0	737
PF3D7_0818800	10905	29185	3642	7263	0	117
PF3D7_0323200	5883	34207	2150	3733	0	206
PF3D7_0217100	10133	29957	8235	1898	0	65
PF3D7_0718600	13484	26606	8117	5355	12	531
PF3D7_1025500	38300	1790	36937	1362	1	1116
PF3D7_1318600	10160	29930	7330	2830	0	215
PF3D7_1104700	3492	36598	2892	600	0	45
PF3D7_1311600	6564	33526	919	5644	1	411
PF3D7_0710400	11440	28650	702	10738	0	335
PF3D7_1333500	11584	28506	5902	5682	0	299
PF3D7_1137900	10001	30089	3031	6970	0	1018
PF3D7_1304100	12136	27954	7442	4692	2	319
PF3D7_1309000	2852	37238	782	2064	6	126
PF3D7_0930400	14075	26015	6535	7540	0	364
PF3D7_1004200	22619	17471	12817	9801	1	4913
PF3D7_0102800	6366	33724	1560	4806	0	303
PF3D7_1322300	15128	24962	7537	7590	1	840
PF3D7_0704600	26516	13574	19428	7087	1	3920
PF3D7_1011800	18876	21214	8520	10352	4	1016
PF3D7_1414700	12225	27865	2452	9761	12	1481
PF3D7_1015400	11051	29039	7911	3139	1	510
PF3D7_0815700	3651	36439	1685	1966	0	140
PF3D7_1447800	26162	13928	19596	6565	1	1903
PF3D7_1408800	4295	35795	1563	2670	62	140
PF3D7_0303700	7309	32781	2771	4538	0	241
PF3D7_1106400	4399	35691	3685	714	0	31
PF3D7_0318200	24686	15404	18467	6218	1	1871
PF3D7_1037400	11461	28629	2334	9120	7	1060
PF3D7_0629800	17885	22205	7320	10565	0	426
PF3D7_0205500	4670	35420	3220	1449	1	13
PF3D7_0420100	15916	24174	6931	8985	0	436
PF3D7_0515500	15489	24601	6379	9110	0	1467
PF3D7_0932100	23682	16408	17862	5818	2	544
PF3D7_1411900	4716	35374	549	4167	0	119
PF3D7_1302900	14043	26047	2438	11605	0	1086
PF3D7_1003000	13382	26708	3337	10037	8	911
PF3D7_0630600	13665	26425	3488	10177	0	236
PF3D7_1022800	9496	30594	5170	4326	0	212
PF3D7_1401200	9168	30922	2908	6260	0	152
PF3D7_1119400	23030	17060	16374	6651	5	1431
PF3D7_1235000	6356	33734	3668	2688	0	162
PF3D7_1142100	21264	18826	12227	9035	2	2862
PF3D7_0628400	3903	36187	2486	1417	0	105
PF3D7_1326800	2136	37954	563	1573	0	188
PF3D7_1449800	1375	38715	201	1174	0	116
PF3D7_1233600	35845	4245	32210	3635	0	1965
PF3D7_1249800	30524	9566	23275	7248	1	2464
PF3D7_1410800	1167	38923	688	479	0	28
PF3D7_0311400	27559	12531	17932	9627	0	1999
PF3D7_1445300	12510	27580	6347	6163	0	341
PF3D7_1307200	3390	36700	1722	1668	0	210
PF3D7_1009400	7208	32882	4443	2764	1	182
PF3D7_1314800	6172	33918	425	5746	1	99
PF3D7_0418500	7991	32099	1792	6199	0	31
PF3D7_1449700	10470	29620	2177	8291	2	1323
PF3D7_0719700	3315	36775	3052	263	0	10
PF3D7_1318700	12235	27855	8763	3472	0	361
PF3D7_1465400	933	39157	607	326	0	21
PF3D7_1204400	4851	35239	1959	2892	0	197
PF3D7_0307300	5762	34328	1271	4491	0	298
PF3D7_1446900	4138	35952	2072	2066	0	83
PF3D7_1468800	13025	27065	9550	3475	0	490
PF3D7_1207000	27499	12591	21175	6321	3	1508
PF3D7_1025100	26006	14084	21510	4474	22	156
PF3D7_1002300	4084	36006	448	3635	1	133
PF3D7_1005300	9958	30132	3983	5972	3	217
PF3D7_0725400	6466	33624	3273	3192	1	18
PF3D7_0214400	5532	34558	1614	3918	0	377
PF3D7_0928400	2022	38068	405	1617	0	48
PF3D7_1345200	4986	35104	658	4326	2	323
PF3D7_1468200	3309	36781	871	2437	1	207
PF3D7_1345000	4887	35203	1965	2921	1	240
PF3D7_0406800	6319	33771	4579	1740	0	76
PF3D7_1322900	6950	33140	5625	1325	0	64
PF3D7_1446800	4153	35937	2434	1719	0	62
PF3D7_1017100	7787	32303	5626	2161	0	122
PF3D7_1421300	13487	26603	3861	9617	9	1109
PF3D7_1358400	2704	37386	1903	801	0	26
PF3D7_0220500	8715	31375	7804	911	0	26
PF3D7_0507500	15533	24557	8610	6922	1	313
PF3D7_1356500	2297	37793	1096	1201	0	77
PF3D7_0408100	14446	25644	6890	7556	0	703
PF3D7_0802100	23663	16427	16006	7655	2	2785
PF3D7_1335800	6060	34030	2438	3579	43	186
PF3D7_0618200	1672	38418	999	673	0	46
PF3D7_1341200	2320	37770	1981	339	0	20
PF3D7_1422600	15255	24835	7584	7671	0	439
PF3D7_1313300	5435	34655	3828	1606	1	100
PF3D7_0936200	7816	32274	1445	6371	0	101
PF3D7_1475200	13307	26783	5270	8032	5	1205
PF3D7_1245500	8537	31553	5999	2538	0	177
PF3D7_1461800	35051	5039	31204	3845	2	1095
PF3D7_0419000	11127	28963	5021	6106	0	219
PF3D7_1003400	19071	21019	10023	9046	2	2268
PF3D7_1420300	9313	30777	6370	2943	0	148
PF3D7_0607100	7918	32172	4603	3315	0	258
PF3D7_1340200	700	39390	509	191	0	19
PF3D7_1468900	9567	30523	3535	6031	1	582
PF3D7_1209100	7680	32410	1007	6673	0	840
PF3D7_1214300	3327	36763	1521	1804	2	170
PF3D7_1137400	4003	36087	2403	1599	1	117
PF3D7_0629100	9502	30588	4862	4640	0	148
PF3D7_1353800	2040	38050	714	1326	0	41
PF3D7_0927000	1835	38255	878	957	0	31
PF3D7_1476000	3751	36339	2062	1688	1	32
PF3D7_1250900	5500	34590	3998	1502	0	123
PF3D7_0718000	36783	3307	32807	1575	2401	783
PF3D7_0310300	19192	20898	10576	8615	1	475
PF3D7_0630700	12050	28040	2310	9740	0	743
PF3D7_1436600	14208	25882	10503	3705	0	87
PF3D7_0935500	9317	30773	2128	7007	182	107
PF3D7_1453000	8225	31865	1014	7211	0	812
PF3D7_1314600	7503	32587	3307	4196	0	112
PF3D7_1464200	4570	35520	805	3764	1	193
PF3D7_0825700	10534	29556	2760	7773	1	314
PF3D7_0615900	25120	14970	14027	11093	0	3248
PF3D7_0821200	4046	36044	3113	932	1	101
PF3D7_0820500	13661	26429	4456	9205	0	675
PF3D7_1456000	17157	22933	9868	7289	0	790
PF3D7_1122700	1290	38800	251	1039	0	87
PF3D7_0218000	2296	37794	1254	1042	0	50
PF3D7_0811200	13698	26392	6253	7441	4	631
PF3D7_0404000	741	39349	243	498	0	25
PF3D7_1031900	13554	26536	6371	7182	1	317
PF3D7_0404900	12276	27814	4497	7773	6	282
PF3D7_1458000	10651	29439	2338	8313	0	586
PF3D7_1323900	6548	33542	3244	2996	308	161
PF3D7_1454100	2225	37865	1767	457	1	61
PF3D7_0514100	24389	15701	19720	4669	0	690
PF3D7_1407000	19433	20657	15243	4189	1	319
PF3D7_0931900	2276	37814	1100	1176	0	81
PF3D7_0704900	3130	36960	1069	2060	1	112
PF3D7_0608800	8593	31497	6815	1778	0	30
PF3D7_1236500	3104	36986	287	2817	0	143
PF3D7_1019000	29165	10925	24925	4239	1	1553
PF3D7_1202000	8570	31520	4834	3735	1	382
PF3D7_1457100	11418	28672	4109	7307	2	836
PF3D7_1352100	10103	29987	2941	7160	2	620
PF3D7_0519100	1422	38668	1007	415	0	17
PF3D7_0915600	2644	37446	598	2046	0	171
PF3D7_1120700	17742	22348	10128	7612	2	715
PF3D7_1344900	16119	23971	6801	9318	0	1429
PF3D7_0518400	6173	33917	1023	5147	3	34
PF3D7_0608000	7424	32666	5185	2239	0	144
PF3D7_0407800	30049	10041	27146	2903	0	994
PF3D7_1362800	18701	21389	11385	7315	1	1648
PF3D7_1125600	2040	38050	410	1630	0	26
PF3D7_0909800	2825	37265	2291	534	0	22
PF3D7_1219900	3225	36865	1995	1229	1	74
PF3D7_0820700	13619	26471	7815	5804	0	225
PF3D7_1336200	8055	32035	6187	1862	6	161
PF3D7_0215300	14989	25101	6730	8251	8	586
PF3D7_1358700	1233	38857	229	1004	0	19
PF3D7_0202100	9611	30479	1798	7813	0	179
PF3D7_0821100	15057	25033	10150	4907	0	416
PF3D7_0932800	19189	20901	12776	6412	1	425
PF3D7_1408500	2405	37685	1079	1326	0	94
PF3D7_1347600	5372	34718	2427	2942	3	117
PF3D7_1444700	1700	38390	1103	597	0	72
PF3D7_1109200	9446	30644	6005	3441	0	147
PF3D7_1126100	28202	11888	22690	5512	0	2642
PF3D7_1218400	4484	35606	2376	2108	0	71
PF3D7_1201000	19269	20821	16610	2658	1	223
PF3D7_0424600	10853	29237	3178	7674	1	136
PF3D7_0321600	9501	30589	3439	6062	0	457
PF3D7_1134700	17051	23039	11892	5159	0	343
PF3D7_0821500	9315	30775	2968	6347	0	275
PF3D7_0525000	10855	29235	2057	8798	0	674
PF3D7_0907000	1746	38344	1046	699	1	39
PF3D7_1316400	2197	37893	1534	662	1	49
PF3D7_0218200	8671	31419	2061	6608	2	726
PF3D7_1327500	11340	28750	2881	8459	0	445
PF3D7_0724400	544	39546	346	198	0	10
PF3D7_1210200	14829	25261	4840	9989	0	1583
PF3D7_1457700	14971	25119	5751	9215	5	1146
PF3D7_1246800	3562	36528	916	2646	0	40
PF3D7_1009700	6378	33712	3326	3051	1	184
PF3D7_1033900	1795	38295	992	803	0	16
PF3D7_0525700	1409	38681	616	784	9	45
PF3D7_1014000	3597	36493	2795	802	0	51
PF3D7_1407900	12409	27681	8169	4238	2	217
PF3D7_1223800	3312	36778	758	2552	2	68
PF3D7_1418300	1920	38170	648	1272	0	46
PF3D7_1341700	1902	38188	964	938	0	43
PF3D7_0713400	11167	28923	2717	8450	0	37
PF3D7_1146800	22886	17204	12981	9904	1	3038
PF3D7_1007600	717	39373	270	446	1	39
PF3D7_1348300	15549	24541	8217	7328	4	724
PF3D7_1226700	4272	35818	1499	2773	0	270
PF3D7_1365800	2334	37756	1381	953	0	66
PF3D7_1340100	1848	38242	436	1412	0	88
PF3D7_1003700	19896	20194	13169	6727	0	762
PF3D7_0207300	18668	21422	10568	8100	0	1088
PF3D7_0927800	9861	30229	5896	3965	0	33
PF3D7_0216100	17631	22459	8219	9412	0	600
PF3D7_0710200	39930	160	39597	333	0	84
PF3D7_0615500	7502	32588	3149	4353	0	174
PF3D7_0521200	4167	35923	683	3482	2	131
PF3D7_0825900	10345	29745	4452	5892	1	436
PF3D7_1304600	15931	24159	7647	8284	0	1360
PF3D7_1026500	968	39122	621	347	0	14
PF3D7_0905100	23358	16732	18220	5138	0	958
PF3D7_1423600	7646	32444	6821	824	1	15
PF3D7_0729600	7494	32596	2655	4839	0	40
PF3D7_0308800	4669	35421	3442	1227	0	46
PF3D7_0812800	906	39184	585	321	0	10
PF3D7_0319000	17165	22925	10964	6201	0	472
PF3D7_0920800	6893	33197	4056	2837	0	88
PF3D7_0621350	2013	38077	1371	631	11	46
PF3D7_0103500	34035	6055	28712	5323	0	709
PF3D7_0105600	11551	28539	5768	5783	0	606
PF3D7_0410400	4528	35562	3386	1138	4	74
PF3D7_1464800	10472	29618	9935	537	0	50
PF3D7_0527100	2367	37723	1673	694	0	9
PF3D7_1470300	1341	38749	269	998	74	86
PF3D7_0623800	19558	20532	8733	10823	2	2288
PF3D7_0614500	1307	38783	588	719	0	19
PF3D7_1440400	11243	28847	3227	8011	5	980
PF3D7_0630900	12011	28079	3199	8808	4	218
PF3D7_1430100	2674	37416	2061	613	0	48
PF3D7_0522200	3648	36442	2116	1532	0	37
PF3D7_1362400	16761	23329	8036	8723	2	1887
PF3D7_1348200	2758	37332	872	1886	0	61
PF3D7_0825100	1475	38615	630	843	2	54
PF3D7_1449000	11450	28640	974	10476	0	511
PF3D7_0717300	8680	31410	1834	6846	0	109
PF3D7_0627600	2910	37180	786	2123	1	197
PF3D7_1333900	29569	10521	25103	4465	1	541
PF3D7_1470900	1028	39062	359	669	0	36
PF3D7_0317700	35013	5077	32419	2594	0	563
PF3D7_1133900	18672	21418	11958	6714	0	834
PF3D7_1304700	3707	36383	1793	1914	0	166
PF3D7_1251800	10337	29753	5059	5276	2	504
PF3D7_1034700	1895	38195	1442	452	1	9
PF3D7_0813600	4054	36036	646	3408	0	127
PF3D7_1252200	1718	38372	282	1436	0	46
PF3D7_1475500	17655	22435	14185	3470	0	381
PF3D7_1120100	2468	37622	1992	475	1	17
PF3D7_1443800	4952	35138	2149	2803	0	199
PF3D7_0805900	2835	37255	1404	1431	0	90
PF3D7_0904200	9694	30396	3519	6174	1	254
PF3D7_1307400	5742	34348	632	5110	0	264
PF3D7_1369700	2802	37288	2018	784	0	51
PF3D7_0111400	4881	35209	2047	2827	7	237
PF3D7_0509700	9350	30740	4366	4978	6	171
PF3D7_0421800	856	39234	152	703	1	34
PF3D7_1446300	8187	31903	951	7231	5	884
PF3D7_0933600	6420	33670	5393	1026	1	60
PF3D7_1126000	17985	22105	11279	6705	1	672
PF3D7_0606600	33105	6985	29539	3566	0	2107
PF3D7_0311500	492	39598	168	324	0	10
PF3D7_1248000	4811	35279	2367	2444	0	141
PF3D7_1141600	2458	37632	1343	1115	0	86
PF3D7_0512900	5323	34767	4520	803	0	91
PF3D7_1342600	15793	24297	11326	4466	1	94
PF3D7_0502500	5403	34687	707	4695	1	352
PF3D7_1409800	6404	33686	919	5485	0	164
PF3D7_0408800	2049	38041	621	1427	1	106
PF3D7_0322600	14068	26022	3669	10388	11	2438
PF3D7_0806500	16009	24081	11791	4218	0	193
PF3D7_0314000	2280	37810	1289	991	0	52
PF3D7_1467700	2146	37944	918	1168	60	42
PF3D7_1218700	3617	36473	854	2762	1	338
PF3D7_0532300	12801	27289	2375	10422	4	297
PF3D7_1362500	10062	30028	2833	7229	0	574
PF3D7_0623200	3140	36950	1105	2035	0	131
PF3D7_1139800	15359	24731	6294	9064	1	1841
PF3D7_1327900	7128	32962	6034	1081	13	61
PF3D7_1115900	6187	33903	3785	2402	0	70
PF3D7_0409900	13157	26933	6398	6759	0	109
PF3D7_1454200	12456	27634	5938	6516	2	696
PF3D7_0818700	13963	26127	6807	7155	1	757
PF3D7_1419700	8703	31387	3574	5129	0	226
PF3D7_1304500	2584	37506	507	2077	0	86
PF3D7_1351800	3820	36270	438	3382	0	187
PF3D7_0415600	2180	37910	1260	920	0	55
PF3D7_0917000	16110	23980	7178	8931	1	1231
PF3D7_0930000	9080	31010	7137	1942	1	164
PF3D7_0921600	13072	27018	3432	9347	293	1489
PF3D7_1421400	5120	34970	817	4303	0	56
PF3D7_0413900	15867	24223	9324	6543	0	189
PF3D7_1028300	3615	36475	1019	2593	3	194
PF3D7_0402100	13014	27076	6375	6625	14	347
PF3D7_0313900	16982	23108	7369	9612	1	1623
PF3D7_1208900	14838	25252	7334	7503	1	530
PF3D7_0707600	2871	37219	727	2144	0	84
PF3D7_1332700	8736	31354	4897	3839	0	222
PF3D7_1228200	5541	34549	1320	4221	0	433
PF3D7_0719600	1906	38184	1429	476	1	9
PF3D7_1213800	8273	31817	4932	3340	1	189
PF3D7_0202600	28488	11602	25472	3015	1	982
PF3D7_1344100	11402	28688	6041	5361	0	463
PF3D7_1133400	20018	20072	10804	9214	0	2456
PF3D7_0805500	10889	29201	3957	6932	0	421
PF3D7_0520900	7804	32286	6371	1433	0	63
PF3D7_0211300	3552	36538	2897	650	5	55
PF3D7_1023700	11479	28611	2572	8901	6	387
PF3D7_0610000	3775	36315	2841	933	1	53
PF3D7_0620300	5829	34261	1231	4578	20	447
PF3D7_1220300	16515	23575	5509	11006	0	2110
PF3D7_1038000	1174	38916	658	516	0	11
PF3D7_1248900	6073	34017	4311	1761	1	45
PF3D7_0519000	6488	33602	2711	3777	0	116
PF3D7_1449900	3750	36340	443	3307	0	287
PF3D7_0409500	5111	34979	2504	2607	0	39
PF3D7_1463000	1174	38916	474	699	1	34
PF3D7_1225300	5489	34601	3527	1939	23	170
PF3D7_1359700	27478	12612	20879	6598	1	3814
PF3D7_0522300	5162	34928	2815	2345	2	77
PF3D7_0814500	17674	22416	10593	7070	11	640
PF3D7_0819100	5907	34183	1079	4828	0	127
PF3D7_1349100	8023	32067	1958	6064	1	31
PF3D7_1227600	16386	23704	8334	8051	1	717
PF3D7_0403900	16709	23381	8266	8442	1	980
PF3D7_1012600	9020	31070	5109	3910	1	222
PF3D7_0906890	2702	37388	1807	889	6	68
PF3D7_1134500	13634	26456	4578	9056	0	1402
PF3D7_1432900	3065	37025	1939	1126	0	53
PF3D7_0407300	5760	34330	114	5645	1	232
PF3D7_0210900	2266	37824	1496	770	0	87
PF3D7_0529800	32613	7477	28083	4530	0	1735
PF3D7_1201500	8364	31726	1562	6802	0	160
PF3D7_0721100	1980	38110	1468	512	0	45
PF3D7_0103000	4897	35193	2039	2858	0	114
PF3D7_1224400	5734	34356	1369	4365	0	230
PF3D7_1249100	14391	25699	6472	7919	0	261
PF3D7_0603200	8364	31726	5011	3352	1	151
PF3D7_1034000	6942	33148	2752	4189	1	164
PF3D7_1234300	11900	28190	9055	2844	1	70
PF3D7_0611900	2374	37716	1567	807	0	26
PF3D7_0310100	6304	33786	2989	3314	1	72
PF3D7_1420200	12490	27600	4195	8294	1	752
PF3D7_1224800	3674	36416	1148	2526	0	104
PF3D7_1402000	10412	29678	3953	6459	0	410
PF3D7_0315800	4268	35822	906	3362	0	228
PF3D7_1249000	10874	29216	3331	7543	0	471
PF3D7_0532400	11806	28284	5017	6782	7	205
PF3D7_1320900	2007	38083	835	1170	2	41
PF3D7_0407600	20022	20068	12765	7254	3	987
PF3D7_1029200	7744	32346	1493	6251	0	302
PF3D7_0321300	17332	22758	7453	9877	2	1514
PF3D7_0610400	920	39170	116	803	1	2
PF3D7_0815300	19257	20833	12422	6835	0	594
PF3D7_0107900	2040	38050	766	1272	2	118
PF3D7_1117000	12306	27784	3022	9283	1	907
PF3D7_0608200	2899	37191	1642	1255	2	51
PF3D7_0114000	34021	6069	31434	2587	0	296
PF3D7_1007900	9732	30358	2438	7294	0	176
PF3D7_1236400	8654	31436	3433	5221	0	193
PF3D7_1441200	3548	36542	3256	292	0	4
PF3D7_0322000	2006	38084	921	1085	0	21
PF3D7_0608900	14098	25992	5605	8493	0	895
PF3D7_1412300	1260	38830	842	418	0	6
PF3D7_0513200	29392	10698	23910	5482	0	2024
PF3D7_1251200	10531	29559	3367	7164	0	257
PF3D7_1456100	3227	36863	857	2353	17	247
PF3D7_1003500	689	39401	271	418	0	4
PF3D7_0628900	12102	27988	4894	7208	0	668
PF3D7_1237600	7098	32992	2048	5050	0	291
PF3D7_1210100	1762	38328	490	1271	1	45
PF3D7_0805100	8288	31802	6755	1533	0	158
PF3D7_1440500	4011	36079	1473	2538	0	147
PF3D7_0825200	1026	39064	404	621	1	48
PF3D7_1329100	20411	19679	13838	6573	0	1103
PF3D7_0814000	4036	36054	2205	1831	0	42
PF3D7_1102600	12385	27705	3696	8359	330	218
PF3D7_1019900	1821	38269	412	1409	0	9
PF3D7_1471600	20469	19621	14514	5954	1	1855
PF3D7_0517000	1657	38433	1105	552	0	15
PF3D7_1116000	22282	17808	16953	5329	0	669
PF3D7_0315900	4151	35939	1768	2383	0	46
PF3D7_1423400	19801	20289	12210	7582	9	1168
PF3D7_1345800	14432	25658	6143	8289	0	1195
PF3D7_0422500	23564	16526	16098	7462	4	2694
PF3D7_0802600	35227	4863	31891	3336	0	779
PF3D7_0916500	5335	34755	1650	3685	0	162
PF3D7_0512000	4061	36029	3682	379	0	11
PF3D7_1227500	19933	20157	9283	10649	1	4260
PF3D7_0512200	14912	25178	6177	8734	1	519
PF3D7_1242800	4783	35307	3416	1367	0	39
PF3D7_0615200	9133	30957	3168	5964	1	183
PF3D7_1144300	1009	39081	925	84	0	1
PF3D7_0921500	3716	36374	623	3093	0	242
PF3D7_1149100	12631	27459	10381	2249	1	81
PF3D7_0827500	3506	36584	1712	1794	0	96
PF3D7_1331000	10131	29959	2976	7154	1	401
PF3D7_0503600	13014	27076	6237	6776	1	260
PF3D7_0613600	26233	13857	22843	3388	2	389
PF3D7_0904600	20538	19552	11574	8963	1	1592
PF3D7_0209800	8307	31783	6206	2099	2	21
PF3D7_1023300	1101	38989	909	192	0	13
PF3D7_1250200	12467	27623	7281	5186	0	356
PF3D7_0107600	19711	20379	12116	7584	11	1467
PF3D7_0609500	13246	26844	9547	3699	0	281
PF3D7_1356300	2756	37334	2140	616	0	16
PF3D7_0210200	35451	4639	33578	1870	3	1559
PF3D7_1021100	16068	24022	7677	8391	0	1421
PF3D7_1118200	22012	18078	16445	5567	0	467
PF3D7_1132200	6585	33505	4286	2299	0	69
PF3D7_1104900	30062	10028	24519	5539	4	1253
PF3D7_1416500	9549	30541	4697	4852	0	78
PF3D7_1319600	13821	26269	6791	7029	1	1266
PF3D7_1315200	11572	28518	6896	4676	0	545
PF3D7_0523300	1116	38974	599	517	0	23
PF3D7_0930500	17629	22461	8683	8933	13	1048
PF3D7_1416100	11999	28091	6349	5647	3	431
PF3D7_1328800	3072	37018	2227	843	2	39
PF3D7_1022400	11455	28635	9571	1884	0	197
PF3D7_1233900	10127	29963	3848	6278	1	719
PF3D7_0925400	6111	33979	2902	3209	0	119
PF3D7_1012300	2791	37299	2313	478	0	23
PF3D7_0508800	9090	31000	557	8533	0	81
PF3D7_1323800	15582	24508	7739	7828	15	1027
PF3D7_0912600	11953	28137	3951	8001	1	839
PF3D7_1350400	8687	31403	4765	3922	0	294
PF3D7_1014500	13492	26598	7687	5805	0	878
PF3D7_1350700	14119	25971	8142	5975	2	324
PF3D7_0503300	3590	36500	780	2810	0	85
PF3D7_0629900	3140	36950	1793	1347	0	38
PF3D7_0510300	7692	32398	7380	309	3	36
PF3D7_0723700	26996	13094	21232	5746	18	555
PF3D7_0410300	17613	22477	11703	5910	0	464
PF3D7_1312900	14791	25299	6599	8192	0	800
PF3D7_0511000	2302	37788	2166	136	0	18
PF3D7_1237500	19936	20154	11502	8423	11	1444
PF3D7_0603600	17862	22228	7931	9931	0	3414
PF3D7_1421200	8845	31245	2375	6470	0	19
PF3D7_1032900	18442	21648	8417	10024	1	2041
PF3D7_0912700	2310	37780	1666	644	0	59
PF3D7_0708300	10109	29981	4475	5634	0	89
PF3D7_0704700	13512	26578	3196	10316	0	1169
PF3D7_0606300	727	39363	550	177	0	20
PF3D7_1404000	6497	33593	587	5909	1	46
PF3D7_0827000	19683	20407	12692	6814	177	1931
PF3D7_0524800	5107	34983	1585	3521	1	320
PF3D7_1407500	2795	37295	2111	684	0	55
PF3D7_0933500	23583	16507	18145	5438	0	518
PF3D7_1402500	1595	38495	1071	524	0	41
PF3D7_1211400	3511	36579	2465	1046	0	12
PF3D7_0925600	1395	38695	584	811	0	12
PF3D7_1474600	2493	37597	908	1585	0	99
PF3D7_1471700	13639	26451	7935	5704	0	618
PF3D7_0604500	22674	17416	13991	8683	0	2060
PF3D7_1103600	4843	35247	3204	1639	0	83
PF3D7_0105300	2098	37992	1261	837	0	49
PF3D7_1218100	4215	35875	1495	2720	0	142
PF3D7_1024200	1514	38576	901	613	0	54
PF3D7_0813500	9009	31081	1462	7547	0	412
PF3D7_1112900	3377	36713	1270	2107	0	159
PF3D7_0928300	4399	35691	1894	2505	0	148
PF3D7_0403800	9635	30455	2504	7108	23	509
PF3D7_1421100	21321	18769	13275	8046	0	1891
PF3D7_0423700	5153	34937	314	4839	0	55
PF3D7_1016600	2221	37869	665	1555	1	129
PF3D7_1352300	9356	30734	2964	6392	0	460
PF3D7_0402400	12813	27277	2691	9527	595	222
PF3D7_0501800	21897	18193	13003	8845	49	457
PF3D7_1447500	3645	36445	547	3095	3	63
PF3D7_0313100	8474	31616	5236	3236	2	214
PF3D7_1441800	2811	37279	1506	1305	0	90
PF3D7_0918700	16066	24024	7398	8666	2	1078
PF3D7_1319200	11524	28566	6605	4919	0	580
PF3D7_0929300	19626	20464	14710	4916	0	421
PF3D7_1213300	7935	32155	5987	1942	6	77
PF3D7_1364400	30541	9549	23737	6803	1	1953
PF3D7_1131100	14939	25151	7253	7686	0	883
PF3D7_1349600	2355	37735	431	1924	0	121
PF3D7_1301400	4519	35571	2580	1938	1	114
PF3D7_1302500	20468	19622	12496	7932	40	1753
PF3D7_1024700	5737	34353	1328	4409	0	217
PF3D7_1472000	2907	37183	1890	1016	1	69
PF3D7_1136300	11706	28384	3027	8678	1	737
PF3D7_0506000	3306	36784	1185	2118	3	108
PF3D7_0904000	3637	36453	1784	1852	1	135
PF3D7_0210400	1195	38895	837	358	0	19
PF3D7_0625300	21739	18351	14556	7181	2	779
PF3D7_0419700	3340	36750	496	2844	0	149
PF3D7_1204200	11853	28237	6901	4949	3	360
PF3D7_1336400	6988	33102	1436	5552	0	38
PF3D7_0514500	7124	32966	1004	6120	0	81
PF3D7_1131300	9786	30304	2303	7482	1	505
PF3D7_1472700	20091	19999	15274	4815	2	422
PF3D7_1148700	16073	24017	10126	5903	44	306
PF3D7_1429600	4378	35712	2656	1721	1	53
PF3D7_1473900	17057	23033	10387	6670	0	1064
PF3D7_0320400	24302	15788	17787	6515	0	3245
PF3D7_0713800	3465	36625	643	2822	0	47
PF3D7_0105500	3475	36615	2257	1218	0	131
PF3D7_0519600	23798	16292	18386	5405	7	496
PF3D7_1448600	3412	36678	711	2701	0	115
PF3D7_0719500	3814	36276	1922	1892	0	95
PF3D7_0204800	11145	28945	4473	6671	1	253
PF3D7_1230300	2550	37540	1557	993	0	72
PF3D7_0304600	29990	10100	24691	5299	0	365
PF3D7_0422400	3155	36935	2902	253	0	16
PF3D7_1220500	6589	33501	777	5812	0	124
PF3D7_1475000	2575	37515	739	1836	0	31
PF3D7_0917200	6563	33527	2206	4357	0	94
PF3D7_0501200	11376	28714	3702	7673	1	171
PF3D7_1438600	5363	34727	1220	4143	0	63
PF3D7_1231300	10867	29223	7240	3627	0	310
PF3D7_1322400	25655	14435	21399	4256	0	320
PF3D7_0612000	1924	38166	1604	320	0	29
PF3D7_1361900	4949	35141	4604	345	0	12
PF3D7_0515600	18469	21621	12546	5923	0	571
PF3D7_1213900	16758	23332	11156	5602	0	661
PF3D7_1352600	6193	33897	3711	2480	2	185
PF3D7_0807900	6933	33157	1338	5595	0	68
PF3D7_0530200	3371	36719	1102	2269	0	199
PF3D7_0619100	8687	31403	1648	7039	0	158
PF3D7_1437700	14269	25821	11449	2820	0	374
PF3D7_0909300	3154	36936	2129	1025	0	33
PF3D7_1026300	15662	24428	8955	6701	6	719
PF3D7_1226100	3867	36223	1127	2740	0	129
PF3D7_0929900	3361	36729	2517	844	0	69
PF3D7_1028800	2076	38014	1247	829	0	28
PF3D7_1420800	7266	32824	6501	765	0	81
PF3D7_1434600	9555	30535	1275	8280	0	308
PF3D7_0916700	4479	35611	2010	2468	1	66
PF3D7_0722700	1039	39051	791	248	0	22
PF3D7_0109300	1776	38314	962	814	0	76
PF3D7_1469800	4212	35878	577	3634	1	220
PF3D7_1230000	32593	7497	28936	3657	0	1397
PF3D7_0408400	2825	37265	1131	1693	1	138
PF3D7_1428700	5002	35088	750	4252	0	237
PF3D7_1328900	7346	32744	2565	4759	22	74
PF3D7_1445400	16451	23639	8906	7544	1	490
PF3D7_0604100	15976	24114	7407	8569	0	1534
PF3D7_0311800	24772	15318	20769	4003	0	111
PF3D7_1401600	5427	34663	1487	3940	0	361
PF3D7_1358600	12127	27963	3455	8672	0	850
PF3D7_1038300	6724	33366	2039	4685	0	135
PF3D7_0217600	28108	11982	22719	5389	0	1108
PF3D7_0518900	2778	37312	2039	735	4	81
PF3D7_0811900	12668	27422	5510	7158	0	425
PF3D7_0626400	13700	26390	6591	7109	0	531
PF3D7_0826900	12075	28015	4004	8068	3	752
PF3D7_1335300	40074	16	40074	0	0	0
PF3D7_0722200	13684	26406	9461	4222	1	349
PF3D7_1367900	9679	30411	2603	7076	0	590
PF3D7_1006300	4222	35868	3440	782	0	61
PF3D7_0530900	26715	13375	20238	6477	0	1731
PF3D7_1015100	8013	32077	6479	1533	1	203
PF3D7_0305900	4837	35253	2036	2801	0	97
PF3D7_1345600	9612	30478	4377	5235	0	287
PF3D7_0702900	3338	36752	1965	1372	1	43
PF3D7_1365300	12973	27117	4234	8739	0	628
PF3D7_1119700	3103	36987	1395	1708	0	112
PF3D7_1316200	3637	36453	1343	2292	2	61
PF3D7_1212900	9710	30380	2653	7056	1	513
PF3D7_1403500	7617	32473	3392	4225	0	146
PF3D7_1357400	14312	25778	7367	6944	1	878
PF3D7_0929000	4144	35946	1434	2710	0	91
PF3D7_0530600	26875	13215	23953	2922	0	118
PF3D7_0718100	20155	19935	14637	5518	0	919
PF3D7_1123600	8894	31196	5115	3779	0	308
PF3D7_0619600	13181	26909	1395	11786	0	1612
PF3D7_0720500	8625	31465	8178	447	0	23
PF3D7_1217700	16502	23588	10020	6482	0	370
PF3D7_1212200	6278	33812	1624	4654	0	504
PF3D7_0422700	5675	34415	4664	1011	0	24
PF3D7_0221200	22837	17253	5410	8576	8851	108
PF3D7_1009900	13173	26917	6534	6639	0	327
PF3D7_0704400	13388	26702	4139	9248	1	1166
PF3D7_1023900	23272	16818	16304	6920	48	1220
PF3D7_0917400	12476	27614	3649	8811	16	1518
PF3D7_0718400	2954	37136	2496	458	0	15
PF3D7_0109600	2638	37452	1886	747	5	55
PF3D7_0405400	25666	14424	20227	5439	0	1073
PF3D7_1406400	7924	32166	5570	2353	1	209
PF3D7_0320000	2103	37987	1527	546	30	24
PF3D7_1226200	7728	32362	2210	5517	1	239
PF3D7_1301500	3149	36941	1785	1308	56	120
PF3D7_0937200	16746	23344	6051	4164	6531	162
PF3D7_1368000	2945	37145	2436	509	0	33
PF3D7_1119300	3565	36525	1421	2143	1	73
PF3D7_0511900	6626	33464	1973	4653	0	277
PF3D7_1139300	17446	22644	7381	10064	1	2595
PF3D7_1012900	2712	37378	740	1972	0	17
PF3D7_1219000	31772	8318	28929	2843	0	1158
PF3D7_1464500	21254	18836	11998	9254	2	4367
PF3D7_1307900	9987	30103	2360	7612	15	538
PF3D7_1425800	15790	24300	8714	7074	2	715
PF3D7_1141700	3613	36477	1439	2160	14	175
PF3D7_1110700	4312	35778	2691	1621	0	89
PF3D7_1146000	10015	30075	5939	4075	1	457
PF3D7_1003200	8991	31099	865	8126	0	50
PF3D7_1413200	15450	24640	12358	3071	21	129
PF3D7_0809900	14016	26074	3537	10475	4	637
PF3D7_1363300	7495	32595	1972	5522	1	146
PF3D7_0703300	1343	38747	679	664	0	72
PF3D7_1412200	9613	30477	3735	5877	1	621
PF3D7_0727200	11693	28397	2601	9092	0	377
PF3D7_0622300	12312	27778	6224	6087	1	263
PF3D7_0717800	18760	21330	12727	6030	3	943
PF3D7_1106300	15570	24520	10839	4728	3	242
PF3D7_0316300	5576	34514	2379	3165	32	102
PF3D7_0709200	14352	25738	9569	4783	0	133
PF3D7_1221900	16667	23423	8002	8217	448	667
PF3D7_1332400	12663	27427	6554	6109	0	567
PF3D7_0615400	33100	6990	28242	4858	0	3038
PF3D7_1129400	5229	34861	1916	3311	2	297
PF3D7_1451400	17184	22906	8605	8579	0	1214
PF3D7_0927600	8407	31683	1826	6570	11	483
PF3D7_0723800	39345	745	38698	647	0	209
PF3D7_1033800	5627	34463	2931	2696	0	230
PF3D7_1468000	14789	25301	7128	7652	9	1213
PF3D7_1224600	2807	37283	1142	1665	0	59
PF3D7_1404300	6797	33293	306	6490	1	88
PF3D7_0804600	4545	35545	2123	2410	12	221
PF3D7_1475600	8721	31369	1605	7116	0	317
PF3D7_1240100	7365	32725	5484	1881	0	58
PF3D7_1205000	12126	27964	7421	4704	1	519
PF3D7_1110100	10750	29340	4112	6638	0	643
PF3D7_1230800	9831	30259	6668	3160	3	162
PF3D7_0918100	6607	33483	697	5900	10	89
PF3D7_1130400	6522	33568	5761	760	1	32
PF3D7_0419600	3284	36806	1252	2032	0	70
PF3D7_0723400	15737	24353	8785	6938	14	1019
PF3D7_0506200	7397	32693	4687	2709	1	126
PF3D7_1222500	5192	34898	2929	2262	1	92
PF3D7_0617300	2306	37784	1378	927	1	17
PF3D7_1010800	6007	34083	1318	4689	0	67
PF3D7_1474400	30659	9431	26433	4225	1	2159
PF3D7_1470700	5637	34453	932	4705	0	403
PF3D7_1238800	8898	31192	2936	5962	0	258
PF3D7_0505700	24737	15353	20014	4723	0	473
PF3D7_1334000	4627	35463	2039	2588	0	152
PF3D7_1034300	15377	24713	12478	2898	1	262
PF3D7_0607600	13992	26098	5779	8213	0	515
PF3D7_0217700	3531	36559	1291	2240	0	146
PF3D7_0203800	4960	35130	3311	1649	0	107
PF3D7_0310700	1283	38807	992	291	0	24
PF3D7_1215200	4554	35536	2425	2128	1	68
PF3D7_0623000	10296	29794	2757	7537	2	188
PF3D7_0613500	31420	8670	27854	3566	0	540
PF3D7_1344700	13912	26178	5658	8253	1	1678
PF3D7_1470200	3370	36720	961	2409	0	68
PF3D7_0610200	15508	24582	7032	8476	0	656
PF3D7_0715800	7900	32190	2792	5108	0	225
PF3D7_0804400	13850	26240	8022	5824	4	384
PF3D7_0914600	3674	36416	1267	2407	0	21
PF3D7_0623400	3053	37037	911	2142	0	95
PF3D7_1443900	14281	25809	10990	3278	13	189
PF3D7_1251100	3360	36730	495	2865	0	124
PF3D7_0425200	28948	11142	15650	13290	8	303
PF3D7_1035500	20810	19280	15281	5529	0	150
PF3D7_0905500	4653	35437	2402	2251	0	56
PF3D7_0611700	1497	38593	1433	64	0	2
PF3D7_0506900	20750	19340	12985	7765	0	465
PF3D7_1453900	12889	27201	4806	8082	1	1228
PF3D7_1245900	4604	35486	2202	1926	476	103
PF3D7_1435100	5650	34440	3230	2419	1	168
PF3D7_1447700	2012	38078	792	1220	0	86
PF3D7_1028200	5023	35067	1771	3252	0	69
PF3D7_0407700	21030	19060	15855	5175	0	624
PF3D7_0731300	3256	36834	1696	1560	0	58
PF3D7_1138000	17118	22972	7219	9897	2	2913
PF3D7_0628500	1451	38639	442	1009	0	41
PF3D7_1433100	11068	29022	3761	7307	0	601
PF3D7_0619000	27518	12572	15838	11545	135	1067
PF3D7_0107300	5311	34779	3829	1481	1	184
PF3D7_0106200	4441	35649	678	3762	1	111
PF3D7_1236300	4051	36039	1796	2254	1	177
PF3D7_0803500	34256	5834	30758	3498	0	432
PF3D7_1475800	16364	23726	5853	10510	1	2670
PF3D7_0713700	3954	36136	1931	2023	0	53
PF3D7_1020800	5768	34322	3401	2367	0	243
PF3D7_1345900	2663	37427	1852	811	0	72
PF3D7_0307600	12767	27323	4038	8726	3	779
PF3D7_1225900	10773	29317	5712	5060	1	246
PF3D7_1364900	9243	30847	6540	2703	0	102
PF3D7_1011300	14810	25280	13273	1537	0	187
PF3D7_1315900	15502	24588	11708	3794	0	323
PF3D7_1462800	10201	29889	6379	3821	1	28
PF3D7_0520400	6408	33682	682	5725	1	77
PF3D7_1354100	2922	37168	707	2215	0	229
PF3D7_0611100	1050	39040	846	176	28	6
PF3D7_0414100	23084	17006	15025	8059	0	858
PF3D7_0532100	7077	33013	962	6115	0	132
PF3D7_1204700	1836	38254	1057	777	2	67
PF3D7_1033200	10644	29446	2922	7721	1	295
PF3D7_0811600	16674	23416	11895	4779	0	233
PF3D7_1305100	5341	34749	716	4625	0	199
PF3D7_1215300	2390	37700	1297	1093	0	13
PF3D7_1025800	774	39316	680	94	0	10
PF3D7_1365400	7344	32746	2200	5144	0	300
PF3D7_1002800	13441	26649	3908	9533	0	1678
PF3D7_1411600	7737	32353	3266	4471	0	433
PF3D7_0932600	4751	35339	2021	2730	0	72
PF3D7_0109700	2959	37131	832	2127	0	48
PF3D7_1120000	39413	677	38958	455	0	52
PF3D7_0527000	18753	21337	14723	2395	1635	162
PF3D7_1414500	31565	8525	27022	4543	0	1721
PF3D7_0906700	5965	34125	474	5490	1	617
PF3D7_0913800	7120	32970	4244	2876	0	45
PF3D7_1207600	12921	27169	7002	5919	0	309
PF3D7_0414000	14839	25251	4818	10020	1	239
PF3D7_1113900	8584	31506	4491	4093	0	83
PF3D7_1324700	1644	38446	797	847	0	30
PF3D7_1211600	28687	11403	23671	5015	1	2924
PF3D7_1037900	3111	36979	1313	1798	0	48
PF3D7_0110800	3780	36310	2021	1759	0	34
PF3D7_0208200	2252	37838	873	1376	3	77
PF3D7_1363700	9348	30742	5325	4023	0	484
PF3D7_1464300	9754	30336	2132	7622	0	741
PF3D7_0912500	4828	35262	1046	3782	0	155
PF3D7_1006400	8531	31559	4215	4315	1	503
PF3D7_1136400	13187	26903	6303	6883	1	734
PF3D7_0417000	3440	36650	1412	2028	0	34
PF3D7_1244800	6877	33213	5491	1386	0	80
PF3D7_1037100	10621	29469	6259	4362	0	208
PF3D7_0423300	9865	30225	3353	6511	1	439
PF3D7_1441500	6151	33939	1618	4533	0	142
PF3D7_0719400	22685	17405	15758	6927	0	1153
PF3D7_1147800	31934	8156	28696	3238	0	532
PF3D7_1431100	2625	37465	867	1757	1	68
PF3D7_1302100	4609	35481	2981	1628	0	40
PF3D7_1123800	13589	26501	6145	7444	0	607
PF3D7_1477300	9874	30216	3633	6241	0	192
PF3D7_1431900	8989	31101	3328	5658	3	380
PF3D7_1448100	3867	36223	1153	2714	0	103
PF3D7_0916300	5484	34606	2324	3081	79	57
PF3D7_1462400	23062	17028	15431	7629	2	4320
PF3D7_1338200	2380	37710	1579	801	0	25
PF3D7_1239100	2180	37910	346	1834	0	65
PF3D7_0720700	20637	19453	13273	7357	7	2028
PF3D7_1007800	11763	28327	3963	7799	1	1128
PF3D7_1317900	11559	28531	2545	9013	1	986
PF3D7_1342400	9963	30127	7304	2655	4	101
PF3D7_1459500	9601	30489	3282	6319	0	734
PF3D7_0511300	18229	21861	9695	8534	0	1397
PF3D7_0407900	7207	32883	3675	3532	0	178
PF3D7_1117600	2696	37394	2387	308	1	43
PF3D7_1454300	7901	32189	800	7096	5	624
PF3D7_1239200	16249	23841	6657	9592	0	2489
PF3D7_1141100	19486	20604	11255	8229	2	2368
PF3D7_1120400	20399	19691	14975	5423	1	252
PF3D7_0731800	13053	27037	3064	9988	1	273
PF3D7_0416500	1775	38315	806	969	0	65
PF3D7_1110400	16379	23711	9896	6483	0	754
PF3D7_1352900	16707	23383	6697	10007	3	2260
PF3D7_1220100	10795	29295	1979	8816	0	308
PF3D7_0305600	7548	32542	3396	4151	1	317
PF3D7_0936600	7500	32590	3326	4174	0	89
PF3D7_1003900	3105	36985	1028	2077	0	151
PF3D7_0920600	15705	24385	7478	8227	0	954
PF3D7_0721400	2884	37206	1151	1733	0	49
PF3D7_1444800	5352	34738	3150	2202	0	69
PF3D7_0806000	30822	9268	27029	3793	0	526
PF3D7_0500800	35379	4711	32223	3156	0	155
PF3D7_1417900	3269	36821	1375	1894	0	66
PF3D7_0607700	30997	9093	24692	6304	1	2123
PF3D7_1471900	23081	17009	15722	7358	1	1853
PF3D7_0810900	2968	37122	2609	359	0	36
PF3D7_0627400	3007	37083	1642	1365	0	35
PF3D7_0102700	10291	29799	2973	7315	3	142
PF3D7_0829000	26980	13110	18514	8466	0	2065
PF3D7_0108300	28576	11514	24455	4121	0	1595
PF3D7_0323500	4682	35408	3173	1403	106	74
PF3D7_1020600	29550	10540	25835	3715	0	869
PF3D7_1108400	2761	37329	1463	1297	1	16
PF3D7_0802000	17334	22756	9903	7431	0	469
PF3D7_1110300	15356	24734	7549	7800	7	193
PF3D7_1455700	14160	25930	9517	4638	5	530
PF3D7_1348500	1556	38534	332	1224	0	42
PF3D7_0204700	12087	28003	6278	5809	0	43
PF3D7_1356900	7545	32545	6373	1172	0	15
PF3D7_1445700	3806	36284	2410	1396	0	97
PF3D7_1143300	4774	35316	1121	3653	0	132
PF3D7_1241300	8120	31970	1768	6352	0	278
PF3D7_1217100	6009	34081	2091	3917	1	219
PF3D7_0714300	10220	29870	3754	6465	1	638
PF3D7_1325100	11172	28918	8821	2351	0	40
PF3D7_0715200	31661	8429	24782	5420	1459	1373
PF3D7_0112000	3075	37015	2368	706	1	40
PF3D7_1314500	3570	36520	772	2798	0	111
PF3D7_1439300	14734	25356	5933	8801	0	1577
PF3D7_1336600	3555	36535	520	3035	0	21
PF3D7_1203100	3890	36200	1461	2427	2	138
PF3D7_0109500	864	39226	505	359	0	22
PF3D7_1006000	12296	27794	8127	4169	0	242
PF3D7_0318600	10306	29784	6918	3387	1	375
PF3D7_1405500	5938	34152	975	4962	1	387
PF3D7_1345100	2307	37783	958	1349	0	35
PF3D7_0921900	8542	31548	520	8020	2	294
PF3D7_1331600	2270	37820	1553	717	0	57
PF3D7_0923700	5032	35058	3914	1118	0	111
PF3D7_0824300	11554	28536	3906	7648	0	390
PF3D7_1244000	9957	30133	2993	6964	0	554
PF3D7_0810500	2889	37201	966	1923	0	55
PF3D7_0804000	13438	26652	8767	4671	0	390
PF3D7_1401400	2918	37172	386	2532	0	75
PF3D7_1464000	6193	33897	1111	5073	9	520
PF3D7_1404900	2435	37655	913	1522	0	64
PF3D7_1135000	3337	36753	2733	604	0	46
PF3D7_1119500	6096	33994	4342	1740	14	58
PF3D7_1245300	4157	35933	3675	480	2	32
PF3D7_0826600	2588	37502	1019	1569	0	53
PF3D7_1014700	7556	32534	3052	4497	7	34
PF3D7_1242200	6957	33133	1366	5591	0	320
PF3D7_1325400	24934	15156	17142	7791	1	2454
PF3D7_1415400	27089	13001	20145	6944	0	1738
PF3D7_0308500	3852	36238	3197	654	1	41
PF3D7_0901900	9482	30608	3510	5960	12	183
PF3D7_0502700	2676	37414	933	1735	8	122
PF3D7_1211900	19417	20673	12408	7007	2	543
PF3D7_1138600	6444	33646	4219	2225	0	238
PF3D7_1217300	32343	7747	29915	2404	24	224
PF3D7_1217000	866	39224	302	564	0	51
PF3D7_0522400	26983	13107	19876	7107	0	4489
PF3D7_0606700	14411	25679	5987	8424	0	605
PF3D7_1023800	15333	24757	8201	7129	3	578
PF3D7_1223500	22988	17102	14292	8696	0	2115
PF3D7_1420600	9732	30358	1639	8028	65	413
PF3D7_0906000	16120	23970	7585	8535	0	1553
PF3D7_0203200	15383	24707	9250	6133	0	345
PF3D7_1116300	1688	38402	1073	615	0	27
PF3D7_1413500	3707	36383	1227	2480	0	118
PF3D7_0625700	521	39569	300	221	0	23
PF3D7_1359600	21911	18179	15117	6794	0	2569
PF3D7_1303200	2690	37400	1471	1219	0	28
PF3D7_1353700	1221	38869	804	417	0	47
PF3D7_0113700	5419	34671	994	4425	0	114
PF3D7_0813300	4740	35350	3513	1227	0	58
PF3D7_0927100	1303	38787	132	1170	1	56
PF3D7_1107700	11481	28609	4934	6547	0	461
PF3D7_0708700	6029	34061	1970	4058	1	53
PF3D7_0411100	1951	38139	970	981	0	49
PF3D7_1338900	13892	26198	6509	7381	2	726
PF3D7_0505500	16586	23504	12074	4511	1	313
PF3D7_1337000	14401	25689	9002	5399	0	446
PF3D7_0505000	38014	2076	37256	758	0	782
PF3D7_1205800	32244	7846	27874	4370	0	2010
PF3D7_0524100	14960	25130	4762	10197	1	1694
PF3D7_0504900	1443	38647	828	615	0	21
PF3D7_1457400	19706	20384	10055	9651	0	4000
PF3D7_0907700	5127	34963	1934	3193	0	42
PF3D7_0531300	5464	34626	793	4670	1	177
PF3D7_0824100	4371	35719	1170	3200	1	280
PF3D7_1031600	26421	13669	19737	6684	0	741
PF3D7_1469400	9788	30302	3363	6425	0	394
PF3D7_1134100	7272	32818	5774	1498	0	111
PF3D7_0919900	36382	3708	33552	2830	0	1601
PF3D7_1452500	3601	36489	1153	2448	0	136
PF3D7_1127300	2174	37916	1180	993	1	97
PF3D7_1434700	873	39217	249	624	0	9
PF3D7_1229900	12887	27203	7824	5062	1	177
PF3D7_1313900	3663	36427	1588	1988	87	153
PF3D7_1443600	14641	25449	7706	6934	1	891
PF3D7_0934000	8426	31664	3407	5017	2	181
PF3D7_0210700	5027	35063	483	4543	1	79
PF3D7_0807500	2081	38009	1314	767	0	32
PF3D7_0809600	22636	17454	10825	11811	0	5019
PF3D7_1216600	13022	27068	2580	10442	0	1018
PF3D7_1032700	16476	23614	10724	5751	1	267
PF3D7_0409700	3320	36770	2159	1160	1	76
PF3D7_1016000	4398	35692	1688	2710	0	247
PF3D7_0931400	2335	37755	1124	1211	0	81
PF3D7_1212500	7259	32831	1662	5597	0	72
PF3D7_0319300	896	39194	288	608	0	22
PF3D7_1305400	8804	31286	1579	7225	0	597
PF3D7_0926300	16841	23249	12783	4054	4	406
PF3D7_1218200	16309	23781	5509	10800	0	2556
PF3D7_1452900	3669	36421	1190	2479	0	104
PF3D7_0525800	4296	35794	1604	2692	0	49
PF3D7_1214500	3869	36221	2676	1192	1	80
PF3D7_1307300	9278	30812	5166	4112	0	231
PF3D7_1405100	21453	18637	16733	4713	7	498
PF3D7_1111900	3922	36168	1746	2175	1	66
PF3D7_0702200	4364	35726	1358	3005	1	125
PF3D7_1431500	20133	19957	15513	4609	11	300
PF3D7_0718700	5637	34453	3082	2555	0	199
PF3D7_1431800	8852	31238	3697	5125	30	533
PF3D7_1457000	7261	32829	5597	1664	0	74
PF3D7_0107700	4878	35212	2029	2849	0	154
PF3D7_0626100	7552	32538	1966	5586	0	112
PF3D7_1011000	1832	38258	1086	746	0	25
PF3D7_1357900	4844	35246	3046	1798	0	137
PF3D7_0932200	2312	37778	1422	890	0	21
PF3D7_1248600	12284	27806	5103	7181	0	704
PF3D7_1409200	3003	37087	1612	1384	7	131
PF3D7_0824800	11025	29065	3049	7973	3	774
PF3D7_1306000	13139	26951	2823	10315	1	1990
PF3D7_0625900	8466	31624	1556	6908	2	248
PF3D7_0213000	1186	38904	443	743	0	43
PF3D7_0528600	2901	37189	1353	1548	0	66
PF3D7_0627300	8739	31351	2925	5814	0	215
PF3D7_1336900	8125	31965	6249	1876	0	119
PF3D7_1449600	9153	30937	2093	7060	0	372
PF3D7_0213400	7899	32191	3951	3948	0	114
PF3D7_1231000	8867	31223	4240	4625	2	558
PF3D7_1360000	3297	36793	2579	718	0	37
PF3D7_1126200	3730	36360	3556	173	1	15
PF3D7_1322100	21706	18384	12945	8760	1	1972
PF3D7_1321700	21088	19002	14934	6154	0	523
PF3D7_1441400	4562	35528	2396	2164	2	105
PF3D7_1408400	8635	31455	2869	5765	1	328
PF3D7_0217900	9806	30284	2929	6876	1	437
PF3D7_1350200	2014	38076	1677	337	0	14
PF3D7_1219800	238	39852	174	64	0	4
PF3D7_0526000	15874	24216	8372	7501	1	771
PF3D7_0529400	18450	21640	10261	8186	3	1060
PF3D7_0530700	20305	19785	12863	7442	0	1244
PF3D7_0915400	18745	21345	13921	4823	1	263
PF3D7_1127000	10348	29742	4374	5974	0	100
PF3D7_1016200	6189	33901	4672	1517	0	100
PF3D7_1435000	7939	32151	6160	1779	0	196
PF3D7_1250700	1628	38462	1082	546	0	46
PF3D7_0809250	3189	36901	753	2436	0	39
PF3D7_0527900	11820	28270	9282	2538	0	217
PF3D7_0320200	13325	26765	9693	3632	0	303
PF3D7_0602300	5629	34461	3358	2271	0	105
PF3D7_0933400	2757	37333	1375	1382	0	73
PF3D7_1247800	10434	29656	8439	1994	1	160
PF3D7_0514800	22472	17618	2870	9899	9703	880
PF3D7_0605500	11258	28832	8909	2347	2	215
PF3D7_1365200	721	39369	569	152	0	9
PF3D7_0814300	16308	23782	7227	9081	0	1139
PF3D7_0625500	4348	35742	947	3401	0	129
PF3D7_0114750	1283	38807	810	465	8	18
PF3D7_1235800	20097	19993	14298	5798	1	706
PF3D7_1006700	23774	16316	22476	1298	0	92
PF3D7_0814700	11972	28118	5095	6871	6	215
PF3D7_0930100	27065	13025	24569	2496	0	250
PF3D7_0824500	6314	33776	517	5795	2	238
PF3D7_1025300	10557	29533	5360	5197	0	340
PF3D7_1471400	8248	31842	1672	6576	0	216
PF3D7_0212800	19922	20168	13421	6501	0	808
PF3D7_1125900	4094	35996	3976	118	0	9
PF3D7_1473700	37965	2125	37157	806	2	234
PF3D7_1348600	3975	36115	2548	1427	0	103
PF3D7_0931700	11967	28123	5558	6409	0	439
PF3D7_0206000	18318	21772	11275	7030	13	1100
PF3D7_0820200	10779	29311	1591	9188	0	604
PF3D7_0318400	8527	31563	3596	4926	5	348
PF3D7_1001400	13520	26570	5707	7809	4	439
PF3D7_0301400	9373	30717	652	8720	1	165
PF3D7_0517900	7797	32293	5655	2142	0	134
PF3D7_1362600	5000	35090	2467	2533	0	99
PF3D7_0922100	16575	23515	7570	9002	3	1622
PF3D7_0815100	18990	21100	11357	7633	0	999
PF3D7_1310700	1209	38881	178	1030	1	28
PF3D7_0727500	10308	29782	6383	3925	0	299
PF3D7_1365000	6140	33950	3817	2320	3	289
PF3D7_1147900	3186	36904	2901	285	0	31
PF3D7_1346200	2817	37273	2359	458	0	36
PF3D7_0305500	21163	18927	12176	8986	1	2742
PF3D7_1368700	8042	32048	530	7512	0	439
PF3D7_0922900	5492	34598	4263	1223	6	98
PF3D7_1448400	8796	31294	5017	3779	0	266
PF3D7_0806400	5968	34122	5629	338	1	47
PF3D7_0413500	8365	31725	2432	5933	0	26
PF3D7_0702400	3618	36472	414	3204	0	33
PF3D7_1138100	980	39110	193	787	0	60
PF3D7_1335400	40073	17	40073	0	0	1
PF3D7_1452600	18582	21508	6611	11965	6	3676
PF3D7_0312300	2191	37899	1255	936	0	56
PF3D7_0908600	6793	33297	2689	4104	0	354
PF3D7_1107800	16479	23611	5406	11073	0	1931
PF3D7_1026800	3051	37039	2423	628	0	22
PF3D7_1471000	3823	36267	874	2948	1	276
PF3D7_0408600	20250	19840	13381	6869	0	1593
PF3D7_0933900	3929	36161	1803	2125	1	134
PF3D7_0202200	2612	37478	1106	1504	2	105
PF3D7_0409000	25321	14769	16721	8597	3	3213
PF3D7_1353900	2959	37131	1384	1575	0	27
PF3D7_0806900	4833	35257	679	4154	0	77
PF3D7_1370300	10120	29970	4297	5823	0	73
PF3D7_0827900	14311	25779	9104	5206	1	108
PF3D7_1415700	3566	36524	1919	1646	1	68
PF3D7_1464100	11557	28533	4324	7231	2	663
PF3D7_0414400	5446	34644	1073	4372	1	174
PF3D7_1312100	14171	25919	3760	10329	82	1078
PF3D7_1332600	12834	27256	6316	6518	0	331
PF3D7_1207900	5621	34469	2676	2942	3	233
PF3D7_0516800	31706	8384	27229	4477	0	791
PF3D7_1228400	39963	127	39939	24	0	14
PF3D7_0937100	23811	16279	2242	10956	10613	319
PF3D7_1244400	16930	23160	7201	9728	1	2137
PF3D7_1419100	10988	29102	4628	6359	1	728
PF3D7_1339600	7598	32492	616	6982	0	643
PF3D7_1403700	4367	35723	436	3931	0	128
PF3D7_0617900	887	39203	488	399	0	2
PF3D7_1437900	6855	33235	4761	2094	0	49
PF3D7_0408900	8561	31529	3277	5284	0	352
PF3D7_0817200	18370	21720	10284	8084	2	497
PF3D7_1229600	33999	6091	30317	3682	0	707
PF3D7_1122900	27820	12270	22446	5374	0	1476
PF3D7_0910700	12213	27877	4835	7378	0	262
PF3D7_1250300	2306	37784	998	1308	0	26
PF3D7_0418200	5372	34718	996	4376	0	53
PF3D7_1206600	15573	24517	9280	6292	1	416
PF3D7_0929800	4313	35777	4090	223	0	19
PF3D7_0521900	19982	20108	13677	6304	1	1078
PF3D7_0530300	13497	26593	2850	10646	1	1445
PF3D7_0212600	5381	34709	1407	3973	1	72
PF3D7_0403600	12569	27521	5260	7308	1	542
PF3D7_1426700	13599	26491	5986	7611	2	288
PF3D7_1465900	8483	31607	8292	190	1	5
PF3D7_0928000	2459	37631	1907	552	0	39
PF3D7_1141000	19034	21056	9821	9212	1	662
PF3D7_0517400	19650	20440	13147	6492	11	479
PF3D7_1350100	9998	30092	6999	2999	0	129
PF3D7_1210600	10509	29581	2792	7716	1	762
PF3D7_0729700	14067	26023	3386	10680	1	538
PF3D7_1367200	6295	33795	4064	2204	27	267
PF3D7_0106600	2878	37212	780	2098	0	158
PF3D7_0719900	27915	12175	22185	5719	11	3706
PF3D7_1144600	4595	35495	2875	1720	0	125
PF3D7_0915000	4486	35604	2417	2069	0	68
PF3D7_1458700	3938	36152	2489	1436	13	47
PF3D7_0524400	4520	35570	3616	904	0	12
PF3D7_0710700	7245	32845	552	6693	0	149
PF3D7_1466800	17109	22981	10559	6550	0	204
PF3D7_0411400	23876	16214	15482	8393	1	874
PF3D7_1311800	13280	26810	7957	5322	1	265
PF3D7_1366800	12232	27858	2952	9280	0	490
PF3D7_1108000	14338	25752	6887	7451	0	621
PF3D7_1426300	10056	30034	8227	1827	2	122
PF3D7_1302800	6426	33664	653	5772	1	21
PF3D7_1117200	22111	17979	16022	6086	3	1325
PF3D7_1235500	8026	32064	3204	4822	0	209
PF3D7_1237700	1344	38746	574	770	0	38
PF3D7_1019500	12634	27456	9886	2748	0	213
PF3D7_1243800	7251	32839	6019	1232	0	116
PF3D7_0626300	8706	31384	4824	3882	0	124
PF3D7_1231700	4101	35989	371	3730	0	25
PF3D7_0910900	7584	32506	5279	2303	2	86
PF3D7_0416800	1085	39005	571	514	0	9
PF3D7_1347300	3127	36963	1411	1715	1	118
PF3D7_1306100	2395	37695	958	1437	0	81
PF3D7_1454600	6418	33672	5706	712	0	52
PF3D7_1104800	3515	36575	850	2665	0	54
PF3D7_1108900	6222	33868	2689	3527	6	332
PF3D7_0105900	4050	36040	609	3441	0	214
PF3D7_0304200	7049	33041	5547	1502	0	34
PF3D7_1105800	2587	37503	1084	1503	0	26
PF3D7_1470500	9129	30961	5487	3642	0	191
PF3D7_0313800	7767	32323	2112	5655	0	325
PF3D7_1429300	13396	26694	7749	5647	0	106
PF3D7_1344300	16549	23541	5919	10610	20	1427
PF3D7_1105100	790	39300	512	278	0	6
PF3D7_0209600	13466	26624	10381	3084	1	257
PF3D7_1302300	4216	35874	341	3875	0	47
PF3D7_0528400	10579	29511	2923	7656	0	149
PF3D7_0905800	15909	24181	2861	13048	0	1609
PF3D7_0621100	15062	25028	5572	9489	1	955
PF3D7_0314800	9495	30595	3229	6263	3	560
PF3D7_1419600	7768	32322	5401	2366	1	208
PF3D7_1426200	18307	21783	18128	179	0	20
PF3D7_1457200	2497	37593	369	2128	0	26
PF3D7_0514900	5682	34408	431	5251	0	247
PF3D7_0728800	6243	33847	2705	3538	0	329
PF3D7_0504000	27925	12165	21228	6697	0	1750
PF3D7_0709800	4752	35338	3723	1029	0	17
PF3D7_1417700	2643	37447	1304	1339	0	58
PF3D7_0607000	11949	28141	9568	2381	0	164
PF3D7_0913200	4081	36009	1997	2084	0	127
PF3D7_0517600	4340	35750	1632	2706	2	91
PF3D7_1302200	2715	37375	354	2353	8	70
PF3D7_1126400	2548	37542	1872	676	0	60
PF3D7_1035300	32641	7449	28387	4254	0	1030
PF3D7_1326300	14007	26083	7057	6946	4	296
PF3D7_1461600	13290	26800	6629	6661	0	408
PF3D7_1134900	10428	29662	5371	5057	0	356
PF3D7_1245100	12587	27503	4302	8285	0	757
PF3D7_1203500	6264	33826	1874	4388	2	357
PF3D7_1028100	10937	29153	4996	5940	1	263
PF3D7_0928900	1524	38566	825	699	0	26
PF3D7_1310400	18140	21950	11861	6279	0	901
PF3D7_1335100	11762	28328	1486	10276	0	486
PF3D7_0916600	1636	38454	731	905	0	112
PF3D7_0902100	11314	28776	5230	4948	1136	219
PF3D7_1251400	5651	34439	1630	4021	0	220
PF3D7_0414900	10370	29720	6361	4008	1	20
PF3D7_1318100	2197	37893	1283	914	0	49
PF3D7_1366200	1217	38873	625	592	0	52
PF3D7_1214600	3541	36549	2432	1109	0	29
PF3D7_1417100	4391	35699	625	3766	0	178
PF3D7_1229500	14764	25326	8635	6129	0	54
PF3D7_1413600	5434	34656	767	4660	7	450
PF3D7_0104600	26516	13574	21648	4868	0	840
PF3D7_1201700	2894	37196	181	2713	0	81
PF3D7_0928150	520	39570	149	371	0	28
PF3D7_0403400	35600	4490	32092	3491	17	2793
PF3D7_0522900	15766	24324	6974	8791	1	1386
PF3D7_1355600	11725	28365	4634	7063	28	473
PF3D7_0508600	9326	30764	2578	6740	8	277
PF3D7_0317400	4286	35804	1256	3030	0	80
PF3D7_1111300	2565	37525	1138	1426	1	111
PF3D7_1362200	5923	34167	3901	2019	3	71
PF3D7_0928500	3610	36480	1705	1901	4	65
PF3D7_1358500	11287	28803	6995	4268	24	308
PF3D7_1454000	4636	35454	1921	2713	2	328
PF3D7_0410800	20573	19517	12679	7893	1	1782
PF3D7_1352400	15107	24983	5734	9371	2	1017
PF3D7_0606000	13298	26792	2550	10748	0	2613
PF3D7_0102500	21484	18606	14562	6921	1	1416
PF3D7_0906600	7473	32617	2165	5308	0	429
PF3D7_0318900	4360	35730	1059	3301	0	227
PF3D7_1444600	4148	35942	3318	830	0	57
PF3D7_0818000	7173	32917	3443	3730	0	358
PF3D7_1363600	2401	37689	684	1717	0	167
PF3D7_1012000	10994	29096	4785	6209	0	352
PF3D7_1113200	2891	37199	748	2143	0	65
PF3D7_0724200	5246	34844	1429	3817	0	177
PF3D7_1021900	26046	14044	20815	5231	0	956
PF3D7_0316900	9173	30917	1782	7391	0	209
PF3D7_0211200	998	39092	439	559	0	32
PF3D7_0423600	34965	5125	32751	2214	0	585
PF3D7_0526500	25324	14766	22105	3219	0	822
PF3D7_0609100	9551	30539	3079	6471	1	201
PF3D7_0609600	19123	20967	10462	8637	24	1601
PF3D7_1128900	11918	28172	4787	7130	1	260
PF3D7_1406800	1659	38431	481	1177	1	20
PF3D7_0307200	4057	36033	2938	1119	0	53
PF3D7_1336000	6817	33273	5073	1744	0	64
PF3D7_1118800	3450	36640	1457	1993	0	117
PF3D7_0310900	6954	33136	2431	4522	1	368
PF3D7_0519900	8781	31309	1009	7766	6	324
PF3D7_0708500	16280	23810	10508	5765	7	611
PF3D7_0525300	5059	35031	1032	4025	2	215
PF3D7_0522600	5946	34144	851	5095	0	64
PF3D7_0112800	9139	30951	2425	6714	0	54
PF3D7_1326000	3033	37057	2189	843	1	47
PF3D7_0905200	20319	19771	15183	5134	2	1155
PF3D7_1208700	3745	36345	726	3019	0	247
PF3D7_1147300	17402	22688	9648	7754	0	895
PF3D7_0527200	16209	23881	10577	5629	3	429
PF3D7_1349000	8565	31525	5070	3495	0	160
PF3D7_1233000	7789	32301	6108	1681	0	137
PF3D7_1132900	2223	37867	1407	815	1	61
PF3D7_1130800	9545	30545	2941	6604	0	86
PF3D7_1361600	6795	33295	1863	4932	0	68
PF3D7_1125000	3116	36974	1593	1523	0	91
PF3D7_1229800	27977	12113	22279	5697	1	1960
PF3D7_1128500	18711	21379	13925	4786	0	413
PF3D7_0816300	14525	25565	7051	7474	0	585
PF3D7_1465200	5060	35030	3890	1168	2	161
PF3D7_0920400	20412	19678	15823	4588	1	1377
PF3D7_1019600	22624	17466	15328	7227	69	1529
PF3D7_1203300	27644	12446	22099	5545	0	828
PF3D7_1460100	2816	37274	1140	1676	0	125
PF3D7_0510500	9434	30656	6999	2435	0	170
PF3D7_0714200	16420	23670	8376	8032	12	772
PF3D7_0208500	2210	37880	603	1607	0	59
PF3D7_0214100	21479	18611	16294	5185	0	537
PF3D7_1207400	10147	29943	3752	5840	555	223
PF3D7_1035700	30656	9434	22746	5533	2377	600
PF3D7_0414800	1437	38653	580	847	10	99
PF3D7_1451700	3076	37014	2850	226	0	6
PF3D7_0301200	7425	32665	3469	3955	1	150
PF3D7_1103900	3445	36645	2535	910	0	40
PF3D7_1473100	6916	33174	2581	4334	1	337
PF3D7_1001900	2728	37362	781	1947	0	65
PF3D7_1328500	12756	27334	6913	5843	0	478
PF3D7_0102900	8741	31349	2562	6179	0	256
PF3D7_1431400	14133	25957	6136	7997	0	672
PF3D7_1234500	3265	36825	1325	1938	2	129
PF3D7_1211200	17439	22651	8423	9014	2	1639
PF3D7_1034200	1987	38103	953	1033	1	90
PF3D7_1479000	15959	24131	7913	7801	245	1032
PF3D7_0307900	39713	377	39149	564	0	206
PF3D7_1366900	16220	23870	8553	7667	0	514
PF3D7_0612600	7548	32542	4924	2624	0	205
PF3D7_1217900	11993	28097	3076	8916	1	322
PF3D7_1352200	6080	34010	1656	4424	0	235
PF3D7_1361800	27792	12298	23935	3857	0	595
PF3D7_1111800	2687	37403	836	1851	0	128
PF3D7_0910300	5186	34904	2907	2278	1	188
PF3D7_0915800	5324	34766	767	4556	1	101
PF3D7_1013300	5317	34773	1633	3684	0	403
PF3D7_0908200	21675	18415	11952	9723	0	1408
PF3D7_0901700	22261	17829	15986	6275	0	150
PF3D7_1122800	18609	21481	12660	5949	0	557
PF3D7_1229700	1186	38904	955	231	0	20
PF3D7_0934700	10832	29258	2326	8506	0	238
PF3D7_0720000	2032	38058	1414	618	0	66
PF3D7_0927700	3916	36174	2267	1649	0	47
PF3D7_1359000	25004	15086	16456	8548	0	3738
PF3D7_0730100	11055	29035	3435	7620	0	606
PF3D7_0515200	3012	37078	2381	631	0	67
PF3D7_1312800	19686	20404	11545	8125	16	2430
PF3D7_0919200	1236	38854	481	755	0	39
PF3D7_1134000	17086	23004	12263	4823	0	77
PF3D7_0519500	24223	15867	17169	7052	2	1527
PF3D7_0926700	14029	26061	10216	3813	0	387
PF3D7_1001500	5394	34696	1058	4336	0	33
PF3D7_0104000	2485	37605	1849	636	0	52
PF3D7_1429100	5563	34527	3652	1909	2	94
PF3D7_1223100	6788	33302	2205	4583	0	69
PF3D7_1207700	13214	26876	12531	683	0	100
PF3D7_0406700	9728	30362	5136	4591	1	372
PF3D7_1140500	14810	25280	7192	7616	2	985
PF3D7_0826200	11009	29081	1748	9259	2	479
PF3D7_0935600	25983	14107	19456	6521	6	218
PF3D7_0203300	1429	38661	468	961	0	76
PF3D7_1473000	6706	33384	736	5966	4	108
PF3D7_0721900	2592	37498	2265	327	0	14
PF3D7_0315400	2344	37746	331	2013	0	92
PF3D7_0607500	10091	29999	1059	9032	0	394
PF3D7_0927300	11428	28662	9910	1518	0	160
PF3D7_1346100	6816	33274	4907	1906	3	13
PF3D7_0703700	7657	32433	1270	6387	0	222
PF3D7_1131600	23801	16289	16864	6937	0	1954
PF3D7_1335600	3204	36886	2134	1070	0	84
PF3D7_1218000	3671	36419	2383	1287	1	90
PF3D7_1478000	9533	30557	1214	8314	5	292
PF3D7_0219100	5970	34120	2834	3135	1	203
PF3D7_0318100	5310	34780	3463	1847	0	65
PF3D7_1247500	29634	10456	24183	5450	1	971
PF3D7_0706500	15428	24662	4935	10493	0	1488
PF3D7_1142000	6571	33519	634	5937	0	528
PF3D7_0321500	22191	17899	13210	8975	6	1298
PF3D7_1456500	16580	23510	6908	9672	0	1796
PF3D7_0706200	1386	38704	834	551	1	42
PF3D7_1119200	6535	33555	667	5868	0	88
PF3D7_1410900	10400	29690	1178	9208	14	465
PF3D7_1439100	21615	18475	16427	5188	0	963
PF3D7_0715700	2624	37466	2233	391	0	21
PF3D7_0935100	1538	38552	1446	92	0	4
PF3D7_0812000	4081	36009	2203	1878	0	113
PF3D7_1311400	7815	32275	5852	1963	0	36
PF3D7_1415000	5943	34147	4548	1395	0	86
PF3D7_0805200	638	39452	180	458	0	29
PF3D7_1008500	29051	11039	23485	5566	0	917
PF3D7_0217000	15544	24546	5637	9907	0	571
PF3D7_1343100	4484	35606	785	3699	0	123
PF3D7_1021500	6735	33355	2338	4397	0	306
PF3D7_1125200	4397	35693	3329	1064	4	48
PF3D7_1013800	5456	34634	2042	3412	2	294
PF3D7_0622700	13235	26855	10135	3100	0	159
PF3D7_1360100	2971	37119	1496	1475	0	45
PF3D7_0817900	1186	38904	838	348	0	7
PF3D7_1129000	5656	34434	1009	4647	0	84
PF3D7_0506800	16486	23604	11411	5075	0	608
PF3D7_1118500	11914	28176	5846	6064	4	218
PF3D7_0936500	6394	33696	845	5513	36	196
PF3D7_1144000	1387	38703	1168	219	0	5
PF3D7_1004000	2466	37624	1219	1247	0	37
PF3D7_1303800	38857	1233	37499	1358	0	936
PF3D7_1208200	19845	20245	9721	10124	0	5125
PF3D7_1224700	17652	22438	11421	6230	1	851
PF3D7_0922300	4037	36053	2912	1124	1	84
PF3D7_0709100	22659	17431	15947	6712	0	1586
PF3D7_1346900	1780	38310	603	1134	43	101
PF3D7_0304700	16083	24007	4721	9570	1792	515
PF3D7_0816100	2675	37415	1883	792	0	42
PF3D7_1322000	12603	27487	4816	7787	0	467
PF3D7_1025400	32583	7507	28855	3728	0	665
PF3D7_1462700	4219	35871	3333	886	0	50
PF3D7_1422000	2035	38055	1682	353	0	12
PF3D7_1406900	5287	34803	4311	974	2	108
PF3D7_1461100	7162	32928	1916	5235	11	568
PF3D7_1440600	7853	32237	1841	6010	2	148
PF3D7_1452300	4459	35631	2659	1800	0	141
PF3D7_1123300	20913	19177	13149	7763	1	216
PF3D7_1410300	34254	5836	31872	2382	0	1536
PF3D7_0831400	12682	27408	3900	8773	9	463
PF3D7_0321400	3756	36334	2048	1708	0	92
PF3D7_1104000	9740	30350	7105	2630	5	285
PF3D7_0303600	1277	38813	272	1005	0	77
PF3D7_1333300	1952	38138	1505	447	0	37
PF3D7_1326100	3137	36953	1116	2021	0	121
PF3D7_1326400	3742	36348	1983	1759	0	98
PF3D7_1452700	5895	34195	1211	4672	12	169
PF3D7_0617000	3154	36936	2025	1129	0	74
PF3D7_1243500	1677	38413	842	835	0	25
PF3D7_1022300	2584	37506	1893	691	0	38
PF3D7_1104600	11115	28975	3674	7418	23	651
PF3D7_1341600	8719	31371	4036	4683	0	438
PF3D7_1146300	7148	32942	2933	4215	0	139
PF3D7_1329000	23102	16988	17084	6018	0	823
PF3D7_0107200	7705	32385	5621	2082	2	173
PF3D7_1329600	20002	20088	18731	1271	0	102
PF3D7_1423800	34638	5452	32866	1769	3	338
PF3D7_0209500	5291	34799	2488	2802	1	250
PF3D7_1354200	11287	28803	3876	7410	1	533
PF3D7_0829500	19350	20740	8530	10820	0	3958
PF3D7_1223400	15228	24862	7119	8109	0	289
PF3D7_1110500	7922	32168	2345	5577	0	400
PF3D7_1135800	2765	37325	498	2267	0	111
PF3D7_0924300	4318	35772	2346	1932	40	226
PF3D7_0208800	2385	37705	672	1711	2	116
PF3D7_0811000	6218	33872	3187	3031	0	120
PF3D7_0602100	18589	21501	11311	7277	1	549
PF3D7_1106500	26611	13479	22068	4543	0	910
PF3D7_1112100	28401	11689	23275	5126	0	1467
PF3D7_0704000	22574	17516	12223	10332	19	4936
PF3D7_1006800	3003	37087	1888	1114	1	31
PF3D7_0323300	4268	35822	1928	2331	9	160
PF3D7_0305300	9478	30612	3302	6174	2	628
PF3D7_0916200	18066	22024	10779	7286	1	597
PF3D7_0726050	6222	33868	4006	2200	16	109
PF3D7_0103600	19077	21013	7362	11711	4	5255
PF3D7_0909900	11275	28815	5383	5892	0	640
PF3D7_0416900	29475	10615	22984	6491	0	504
PF3D7_1115300	23980	16110	18104	5875	1	182
PF3D7_1337700	8219	31871	4665	3554	0	209
PF3D7_0628800	24816	15274	22811	2004	1	187
PF3D7_0508900	38455	1635	37107	1347	1	822
PF3D7_0204400	2675	37415	1483	1192	0	28
PF3D7_0815000	7871	32219	5838	2033	0	14
PF3D7_0608310	8938	31152	3207	5731	0	124
PF3D7_1027100	24826	15264	20741	4080	5	443
PF3D7_0923100	4019	36071	1313	2705	1	85
PF3D7_0308600	6320	33770	4552	1767	1	159
PF3D7_0310600	2200	37890	545	1655	0	63
PF3D7_0403300	4508	35582	3458	1050	0	71
PF3D7_0308000	11593	28497	8487	3106	0	125
PF3D7_0819400	8007	32083	961	7046	0	322
PF3D7_1423000	4395	35695	2137	2255	3	152
PF3D7_0613100	660	39430	407	253	0	20
PF3D7_0302100	19815	20275	12622	7191	2	627
PF3D7_0422000	10339	29751	1752	8587	0	71
PF3D7_0705200	17276	22814	7274	9994	8	2099
PF3D7_1016100	3747	36343	1642	2100	5	121
PF3D7_1340300	18937	21153	12227	6709	1	550
PF3D7_1238000	2439	37651	2206	232	1	25
PF3D7_0930300	36586	3504	35313	1273	0	2086
PF3D7_1104300	17008	23082	10565	6418	25	1073
PF3D7_0724700	23262	16828	15288	7972	2	2173
PF3D7_0619400	17951	22139	15802	2149	0	30
PF3D7_0531400	12283	27807	3630	8652	1	1159
PF3D7_0417800	11566	28524	2998	8568	0	358
PF3D7_0904500	1330	38760	737	593	0	27
PF3D7_1211300	15270	24820	7428	7841	1	433
PF3D7_0807100	15089	25001	5792	9291	6	1271
PF3D7_0402600	13442	26648	5428	7313	701	629
PF3D7_1457300	9032	31058	2178	6854	0	278
PF3D7_0935200	21182	18908	16762	4419	1	831
PF3D7_1434000	7404	32686	3852	3552	0	131
PF3D7_0718300	24744	15346	20247	4497	0	348
PF3D7_0316500	4181	35909	3024	1157	0	64
PF3D7_0614600	4569	35521	1931	2638	0	176
PF3D7_0216000	21961	18129	16621	5340	0	704
PF3D7_0505600	2999	37091	744	2255	0	149
PF3D7_0313700	6558	33532	4318	2240	0	108
PF3D7_1028500	18015	22075	9398	8616	1	632
PF3D7_0301300	6164	33926	1437	4704	23	117
PF3D7_0416400	11949	28141	7456	4491	2	340
PF3D7_1030100	19916	20174	14871	5045	0	286
PF3D7_0308900	18564	21526	11690	6874	0	902
PF3D7_0313600	31945	8145	28990	2952	3	1291
PF3D7_1342500	11821	28269	3083	8738	0	278
PF3D7_1342900	35237	4853	31161	4076	0	1428
PF3D7_1203900	3651	36439	2186	1465	0	4
PF3D7_0715500	2909	37181	2634	275	0	10
PF3D7_1221800	8203	31887	5668	2535	0	203
PF3D7_1137100	8991	31099	2931	6059	1	241
PF3D7_1135100	10991	29099	3231	7588	172	494
PF3D7_1413000	6694	33396	1639	5053	2	327
PF3D7_1130500	13202	26888	6109	7093	0	526
PF3D7_0707700	16859	23231	12222	4637	0	452
PF3D7_1231600	14802	25288	9101	5625	76	380
PF3D7_1134200	16809	23281	8967	7842	0	1514
PF3D7_0403100	8729	31361	5965	2764	0	318
PF3D7_1226500	31874	8216	25660	6214	0	796
PF3D7_1367400	11607	28483	3864	7742	1	931
PF3D7_0903700	3845	36245	2660	1185	0	8
PF3D7_0407000	5972	34118	797	5172	3	299
PF3D7_0109850	9437	30653	3317	6118	2	306
PF3D7_0608600	7044	33046	1685	5359	0	122
PF3D7_0711300	4300	35790	361	3939	0	45
PF3D7_1003100	1047	39043	461	586	0	28
PF3D7_1129200	6153	33937	4456	1697	0	56
PF3D7_0722900	8576	31514	7863	713	0	83
PF3D7_1450600	7564	32526	1269	6295	0	373
PF3D7_0318500	24874	15216	17579	7295	0	3137
PF3D7_0111500	3444	36646	1282	2162	0	117
PF3D7_1242300	2390	37700	1479	911	0	65
PF3D7_1358000	19767	20323	11365	8401	1	2042
PF3D7_0506100	4799	35291	4071	728	0	43
PF3D7_0825800	12255	27835	3323	8932	0	304
PF3D7_0625800	6135	33955	2343	3779	13	402
PF3D7_1009800	20027	20063	12049	7978	0	1792
PF3D7_0410500	6354	33736	2527	3826	1	52
PF3D7_1363800	12563	27527	6877	5685	1	286
PF3D7_1017900	10212	29878	5663	4549	0	112
PF3D7_1038800	13318	26772	7060	6255	3	501
PF3D7_1126500	23668	16422	14598	9070	0	980
PF3D7_0303500	13865	26225	3318	10547	0	1288
PF3D7_1356400	10364	29726	4914	5449	1	655
PF3D7_0730000	2773	37317	2389	384	0	31
PF3D7_0212900	2713	37377	2143	567	3	36
PF3D7_1478100	11587	28503	3132	8455	0	170
PF3D7_0302200	40045	45	39103	942	0	19
PF3D7_0626900	3762	36328	905	2857	0	182
PF3D7_0317500	28238	11852	22337	5901	0	1643
PF3D7_1326700	3085	37005	840	2245	0	162
PF3D7_1351700	15671	24419	7072	8597	2	1317
PF3D7_0516400	5125	34965	1812	3313	0	124
PF3D7_0301000	15093	24997	7370	7625	98	326
PF3D7_1444500	13933	26157	6105	7828	0	926
PF3D7_0807400	3017	37073	2516	501	0	39
PF3D7_0212700	6070	34020	1348	4722	0	280
PF3D7_0914500	16473	23617	6532	9941	0	2796
PF3D7_1246500	9187	30903	2092	7094	1	277
PF3D7_1229100	34756	5334	31884	2872	0	1269
PF3D7_0724900	20650	19440	13639	7011	0	1228
PF3D7_0305200	35651	4439	33384	2267	0	236
PF3D7_1214000	1546	38544	1055	490	1	37
PF3D7_1119000	5991	34099	919	5070	2	154
PF3D7_1208500	15994	24096	5811	10182	1	2682
PF3D7_1142400	2895	37195	1340	1552	3	62
PF3D7_0829400	4448	35642	1098	3350	0	221
PF3D7_0216400	5170	34920	1800	3369	1	240
PF3D7_1469500	8583	31507	3660	4922	1	705
PF3D7_0217400	1654	38436	820	833	1	53
PF3D7_1361200	19129	20961	10180	8949	0	2065
PF3D7_0523400	3742	36348	2124	1618	0	91
PF3D7_1128000	27198	12892	22697	4501	0	840
PF3D7_0920300	5523	34567	884	4639	0	132
PF3D7_1237200	34386	5704	31337	3049	0	1100
PF3D7_0215400	23716	16374	17902	5814	0	342
PF3D7_0703200	25689	14401	19900	5775	14	3030
PF3D7_1342300	6301	33789	5264	1036	1	101
PF3D7_1114900	19750	20340	11053	8695	2	1740
PF3D7_1115700	23865	16225	13481	10384	0	98
PF3D7_0508700	15177	24913	8308	6866	3	785
PF3D7_0519400	6286	33804	1113	5173	0	23
PF3D7_0518600	11711	28379	5151	6558	2	528
PF3D7_1358100	9672	30418	4600	5072	0	518
PF3D7_1362300	3121	36969	342	2778	1	74
PF3D7_1443400	11954	28136	3827	8126	1	592
PF3D7_1003800	15112	24978	9452	5660	0	630
PF3D7_1035200	40052	38	40039	13	0	2
PF3D7_0615700	2094	37996	1331	763	0	37
PF3D7_0935800	18925	21165	11079	7846	0	843
PF3D7_0109400	7192	32898	1095	6097	0	78
PF3D7_1212600	2988	37102	2348	640	0	52
PF3D7_0808400	9212	30878	1504	7707	1	90
PF3D7_1131800	25158	14932	17935	7223	0	1636
PF3D7_0607400	5467	34623	1492	3975	0	89
PF3D7_0208900	21097	18993	13758	7338	1	1711
PF3D7_1403800	17535	22555	7309	10222	4	1745
PF3D7_0407200	1985	38105	697	1288	0	110
PF3D7_1311700	2405	37685	259	2142	4	48
PF3D7_1317600	6511	33579	2558	3953	0	351
PF3D7_0510400	10265	29825	7949	2316	0	140
PF3D7_1032800	3327	36763	1374	1934	19	68
PF3D7_1428500	15354	24736	6453	8901	0	1219
PF3D7_1204500	2511	37579	1339	1172	0	76
PF3D7_1105500	1299	38791	657	642	0	45
PF3D7_1016800	8550	31540	1354	7091	105	109
PF3D7_1308800	10806	29284	3109	7692	5	275
PF3D7_1316800	7513	32577	5556	1956	1	135
PF3D7_1115400	11388	28702	6364	5023	1	169
PF3D7_0804700	23825	16265	16552	7271	2	1338
PF3D7_0204600	17068	23022	9643	7421	4	854
PF3D7_0306900	2799	37291	2148	651	0	5
PF3D7_1111700	10382	29708	2615	7767	0	522
PF3D7_0906300	3484	36606	741	2738	5	319
PF3D7_1442500	8548	31542	3062	5482	4	543
PF3D7_0705700	960	39130	826	134	0	3
PF3D7_0215500	38267	1823	37841	425	1	73
PF3D7_1005100	11937	28153	3891	8028	18	1086
PF3D7_0104200	10632	29458	1891	8741	0	299
PF3D7_0803800	3956	36134	3039	917	0	36
PF3D7_0806600	12943	27147	7425	5499	19	424
PF3D7_1340900	23633	16457	20569	3064	0	143
PF3D7_0830900	7808	32282	921	6887	0	149
PF3D7_0813000	6560	33530	2747	3813	0	159
PF3D7_1121200	2245	37845	1542	703	0	27
PF3D7_0902400	11279	28811	7823	3433	23	203
PF3D7_1315300	3008	37082	889	2119	0	200
PF3D7_1307800	9302	30788	3486	5816	0	391
PF3D7_1367000	1386	38704	714	672	0	20
PF3D7_0527600	16751	23339	12783	3968	0	288
PF3D7_1149200	31993	8097	25399	5550	1044	895
PF3D7_1019400	1435	38655	1192	243	0	4
PF3D7_1114200	4915	35175	4189	726	0	35
PF3D7_0815800	18937	21153	10323	8610	4	1710
PF3D7_1476800	4421	35669	657	3703	61	164
PF3D7_0802300	20295	19795	13051	7244	0	596
PF3D7_1361500	5901	34189	3380	2521	0	92
PF3D7_1209600	5828	34262	2463	3365	0	274
PF3D7_1035100	17712	22378	7139	10552	21	1010
PF3D7_1114800	9505	30585	7310	2195	0	148
PF3D7_1036300	34719	5371	29138	5580	1	454
PF3D7_1461400	7099	32991	1171	5928	0	61
PF3D7_0524600	2003	38087	418	1585	0	76
PF3D7_0913000	2525	37565	1906	618	1	69
PF3D7_1008700	5915	34175	1744	4170	1	6
PF3D7_1465600	11013	29077	4419	6594	0	333
PF3D7_1444300	2404	37686	611	1793	0	65
PF3D7_1010600	4884	35206	1576	3308	0	13
PF3D7_1469100	2227	37863	535	1692	0	129
PF3D7_1465100	14760	25330	9373	5387	0	550
PF3D7_1340600	8472	31618	2740	5730	2	486
PF3D7_1323400	2711	37379	1740	971	0	33
PF3D7_1368400	4117	35973	2810	1307	0	88
PF3D7_1138200	2467	37623	1164	1300	3	56
PF3D7_1210300	4058	36032	696	3358	4	116
PF3D7_0937000	8597	31493	1388	4144	3065	219
PF3D7_1225800	12298	27792	8579	3718	1	252
PF3D7_0917600	15163	24927	10668	4495	0	262
PF3D7_1455300	11433	28657	1406	10010	17	1102
PF3D7_0606900	1694	38396	576	1118	0	55
PF3D7_1224500	909	39181	286	623	0	33
PF3D7_1112300	16453	23637	10371	6082	0	444
PF3D7_1031400	17772	22318	11057	6715	0	648
PF3D7_0706400	780	39310	333	447	0	10
PF3D7_0720900	11210	28880	7778	3432	0	56
PF3D7_0730900	39377	713	39115	262	0	56
PF3D7_0507300	13229	26861	5495	7722	12	1093
PF3D7_1011600	7476	32614	2957	4519	0	284
PF3D7_0729400	27823	12267	26393	1430	0	196
PF3D7_0311900	25739	14351	18016	7723	0	835
PF3D7_1327800	9352	30738	5433	3918	1	79
PF3D7_0618700	2761	37329	1006	1755	0	149
PF3D7_1207100	8055	32035	2310	5745	0	578
PF3D7_1406200	22855	17235	15418	7437	0	1427
PF3D7_1356600	4328	35762	2719	1609	0	80
PF3D7_0926100	31936	8154	28196	3739	1	1594
PF3D7_1455200	3658	36432	2638	1019	1	41
PF3D7_1418100	25353	14737	16995	8358	0	2911
PF3D7_1353400	10737	29353	3663	6324	750	820
PF3D7_1409400	7930	32160	2618	5312	0	23
PF3D7_0932400	4300	35790	1639	2650	11	125
PF3D7_0830400	2552	37538	1518	1034	0	54
PF3D7_0409300	17104	22986	10835	6269	0	724
PF3D7_0933200	5759	34331	4731	1028	0	46
PF3D7_1233300	19533	20557	12482	7034	17	957
PF3D7_1325600	982	39108	631	351	0	11
PF3D7_1002200	14793	25297	5128	9647	18	472
PF3D7_1415500	11760	28330	5568	6191	1	705
PF3D7_1301700	1614	38476	863	751	0	42
PF3D7_0723500	2538	37552	297	2240	1	57
PF3D7_0315100	1636	38454	1335	301	0	12
PF3D7_1022100	2236	37854	1009	1227	0	54
PF3D7_0108100	7734	32356	2578	5155	1	246
PF3D7_0802200	1736	38354	896	840	0	55
PF3D7_0306600	8029	32061	4130	3899	0	23
PF3D7_1364000	5417	34673	1321	4096	0	291
PF3D7_1230700	12948	27142	6278	6668	2	573
PF3D7_1124300	7360	32730	3446	3914	0	255
PF3D7_1412100	8862	31228	3324	5538	0	470
PF3D7_1230500	6423	33667	4403	2020	0	266
PF3D7_0515300	35996	4094	32400	3596	0	462
PF3D7_0507600	10842	29248	5806	5036	0	321
PF3D7_1231200	2626	37464	571	2054	1	171
PF3D7_1128300	14149	25941	8646	5502	1	428
PF3D7_0203900	14574	25516	9677	4897	0	325
PF3D7_0717400	18494	21596	10990	7504	0	1323
PF3D7_1448200	14020	26070	6805	7213	2	731
PF3D7_0621500	6059	34031	4834	1225	0	116
PF3D7_0713600	15638	24452	4421	11217	0	1031
PF3D7_0309100	3696	36394	1381	2315	0	44
PF3D7_0518800	3286	36804	1710	1576	0	76
PF3D7_0922800	21945	18145	12365	9580	0	4162
PF3D7_0626600	967	39123	375	592	0	50
PF3D7_0626500	9761	30329	3301	6449	11	485
PF3D7_1027000	28054	12036	23206	4848	0	1327
PF3D7_0104800	4638	35452	1440	3191	7	154
PF3D7_0719300	11566	28524	7135	4429	2	380
PF3D7_0512300	2939	37151	2132	806	1	52
PF3D7_1018900	20433	19657	8922	11510	1	411
PF3D7_0524200	2604	37486	857	1747	0	38
PF3D7_0103900	7024	33066	3593	3431	0	239
PF3D7_1106900	1610	38480	846	764	0	59
PF3D7_1201900	5083	35007	668	4415	0	79
PF3D7_0727900	14215	25875	3823	10391	1	2035
PF3D7_0307700	26330	13760	20932	5398	0	1189
PF3D7_1459000	9623	30467	5830	3792	1	425
PF3D7_0524700	884	39206	246	638	0	28
PF3D7_0212300	12925	27165	12419	506	0	10
PF3D7_0826700	2267	37823	1503	763	1	25
PF3D7_0526700	15135	24955	6499	8636	0	793
PF3D7_1036800	9095	30995	3360	5694	41	130
PF3D7_0616600	17627	22463	11317	6310	0	436
PF3D7_1124100	21214	18876	11405	9809	0	2094
PF3D7_1232900	5529	34561	4285	1244	0	114
PF3D7_0419500	5747	34343	1596	4150	1	260
PF3D7_1129900	10109	29981	3404	6704	1	149
PF3D7_0511700	2877	37213	663	2214	0	65
PF3D7_1406100	16405	23685	7193	9212	0	1513
PF3D7_1115800	4565	35525	1076	3485	4	264
PF3D7_1314200	15290	24800	5596	9686	8	1621
PF3D7_1234900	2181	37909	1780	401	0	51
PF3D7_0311300	10555	29535	7311	3244	0	236
PF3D7_0420500	3639	36451	1904	1735	0	76
PF3D7_1227400	11679	28411	6114	5518	47	590
PF3D7_1440700	9028	31062	1486	7541	1	381
PF3D7_0910500	14462	25628	5900	8562	0	1615
PF3D7_0828300	10093	29997	1690	8401	2	585
PF3D7_1467800	1232	38858	620	611	1	28
PF3D7_1451300	1854	38236	537	1317	0	94
PF3D7_0914900	10203	29887	1942	8261	0	556
PF3D7_1209400	18128	21962	13983	4145	0	538
PF3D7_0807300	3999	36091	2458	1541	0	3
PF3D7_0501500	8416	31674	6823	1593	0	69
PF3D7_1344600	4379	35711	2459	1920	0	163
PF3D7_1108500	7627	32463	5371	2256	0	103
PF3D7_1430700	5616	34474	3820	1795	1	134
PF3D7_1357300	1325	38765	866	459	0	44
PF3D7_0611500	6170	33920	3410	2760	0	68
PF3D7_1457800	8685	31405	2249	6436	0	612
PF3D7_1135600	20614	19476	14453	6135	26	1034
PF3D7_1014200	16229	23861	11594	4633	2	213
PF3D7_0218400	5490	34600	2691	2796	3	207
PF3D7_1410500	2166	37924	390	1776	0	63
PF3D7_1451800	16753	23337	11676	5077	0	113
PF3D7_1451100	15981	24109	14585	1396	0	16
PF3D7_0322100	17220	22870	13820	3366	34	281
PF3D7_0818200	3626	36464	2259	1366	1	5
PF3D7_0807800	12214	27876	4398	7816	0	124
PF3D7_1328000	17740	22350	9391	8349	0	1087
PF3D7_0921700	11532	28558	4794	6738	0	253
PF3D7_0106400	2079	38011	1055	970	54	75
PF3D7_0822000	9339	30751	7040	2297	2	201
PF3D7_0923800	10835	29255	5624	5209	2	159
PF3D7_0618000	7129	32961	2578	4550	1	277
PF3D7_0825500	13479	26611	3161	10313	5	360
PF3D7_1407800	11398	28692	4677	6721	0	162
PF3D7_1135700	947	39143	451	475	21	36
PF3D7_0503000	11265	28825	8649	2614	2	105
PF3D7_1202200	5579	34511	826	4753	0	88
PF3D7_1406300	11641	28449	7902	3737	2	225
PF3D7_0827200	15846	24244	8654	7190	2	1130
PF3D7_0925900	2818	37272	2237	581	0	22
PF3D7_1203200	3107	36983	2363	743	1	44
PF3D7_1302700	27353	12737	20551	6801	1	1758
PF3D7_0907400	11744	28346	4751	6993	0	512
PF3D7_0624800	12682	27408	2686	9367	629	567
PF3D7_1216700	15132	24958	9632	5498	2	545
PF3D7_1308600	13752	26338	2843	10908	1	2095
PF3D7_0506300	12839	27251	9025	3649	165	202
PF3D7_0408700	21331	18759	13792	7539	0	1097
PF3D7_0529200	35404	4686	31132	4270	2	253
PF3D7_0306200	4826	35264	3358	1462	6	162
PF3D7_0901800	9005	31085	2959	6046	0	111
PF3D7_1031800	8599	31491	4684	3915	0	191
PF3D7_1473200	12307	27783	5431	6876	0	489
PF3D7_1367300	7772	32318	5796	1976	0	148
PF3D7_0703800	31638	8452	27610	4028	0	523
PF3D7_0318800	2557	37533	1087	1470	0	110
PF3D7_0729100	25738	14352	20094	5643	1	1843
PF3D7_0819700	31754	8336	30501	1253	0	148
PF3D7_0518200	788	39302	255	533	0	26
PF3D7_1305700	5606	34484	1060	4543	3	103
PF3D7_0216300	15979	24111	7015	8964	0	1677
PF3D7_1023000	4216	35874	1171	3044	1	132
PF3D7_0415100	4449	35641	904	3538	7	101
PF3D7_0615100	10645	29445	1629	9016	0	225
PF3D7_0529700	32690	7400	31386	1304	0	239
PF3D7_0508200	10676	29414	10291	385	0	23
PF3D7_1453700	7636	32454	6931	705	0	31
PF3D7_0717700	6860	33230	4729	2131	0	127
PF3D7_0509900	2415	37675	1206	1209	0	74
PF3D7_1426100	1227	38863	737	489	1	15
PF3D7_0502000	15621	24469	8091	7530	0	662
PF3D7_1216000	6607	33483	2243	4364	0	288
PF3D7_0530100	1738	38352	558	1180	0	100
PF3D7_0528200	13706	26384	9243	4461	2	72
PF3D7_1345500	2826	37264	1234	1592	0	137
PF3D7_0818100	5293	34797	2154	3138	1	234
PF3D7_0510200	11933	28157	6721	5212	0	190
PF3D7_1322800	2653	37437	2191	462	0	47
PF3D7_0208600	6460	33630	3636	2823	1	287
PF3D7_0108400	5987	34103	2981	3000	6	105
PF3D7_0320500	6847	33243	474	6371	2	164
PF3D7_1202500	15653	24437	7794	7859	0	935
PF3D7_1313600	15804	24286	6898	8906	0	1640
PF3D7_0826500	15930	24160	9402	6496	32	679
PF3D7_1459800	2198	37892	1292	906	0	55
PF3D7_0720600	7500	32590	5043	2457	0	32
PF3D7_1207800	21083	19007	15356	5716	11	1111
PF3D7_0304300	14187	25903	5435	8752	0	1101
PF3D7_1004900	8971	31119	3163	5808	0	165
PF3D7_0509600	13639	26451	6244	7395	0	351
PF3D7_1430200	5799	34291	3248	2551	0	235
PF3D7_0203400	5514	34576	1071	4442	1	25
PF3D7_1341500	14281	25809	9884	4397	0	343
PF3D7_1323000	3229	36861	2110	1119	0	89
PF3D7_1015700	11486	28604	4774	6712	0	125
PF3D7_0520000	2928	37162	2203	724	1	9
PF3D7_1467300	12094	27996	7394	4699	1	224
PF3D7_0710300	9195	30895	1275	7920	0	52
PF3D7_0630800	13205	26885	2497	10708	0	163
PF3D7_0613300	14110	25980	5055	9054	1	1296
PF3D7_1409000	8725	31365	2708	6017	0	452
PF3D7_0403700	23083	17007	18721	4362	0	354
PF3D7_0818900	17198	22892	14442	2756	0	16
PF3D7_0724500	3713	36377	2473	1240	0	103
PF3D7_1220600	4194	35896	890	3304	0	165
PF3D7_0303200	26961	13129	23018	3942	1	425
PF3D7_0902900	10077	30013	84	9993	0	155
PF3D7_1336100	2195	37895	1716	479	0	26
PF3D7_1310000	2114	37976	1086	1028	0	103
PF3D7_0114200	22452	17638	20449	1799	204	151
PF3D7_1032100	16089	24001	5380	10708	1	2228
PF3D7_1026600	33072	7018	29573	3497	2	794
PF3D7_1135300	6409	33681	1259	5149	1	119
PF3D7_0500900	8469	31621	3817	4650	2	225
PF3D7_1312700	8472	31618	2675	5796	1	293
PF3D7_0707500	14132	25958	4959	9173	0	1614
PF3D7_1416300	4186	35904	2356	1830	0	184
PF3D7_1445100	16633	23457	8277	8347	9	1009
PF3D7_0414300	3055	37035	1433	1622	0	29
PF3D7_1019200	3095	36995	162	2916	17	228
PF3D7_1463300	6879	33211	4574	2305	0	135
PF3D7_0822700	20037	20053	13067	6969	1	1095
PF3D7_0504800	32694	7396	28510	4184	0	2331
PF3D7_1310300	1255	38835	448	807	0	69
PF3D7_0831000	5989	34101	2111	3873	5	300
PF3D7_0930800	22243	17847	13767	8472	4	2382
PF3D7_1104400	7194	32896	6021	1173	0	76
PF3D7_0925200	4100	35990	1110	2990	0	224
PF3D7_0704800	24293	15797	18954	5339	0	1052
PF3D7_1437200	7099	32991	5384	1714	1	63
PF3D7_0617100	9119	30971	4646	4472	1	267
PF3D7_1214800	4594	35496	2171	2423	0	40
PF3D7_0523500	1640	38450	1216	422	2	32
PF3D7_1316100	15180	24910	6333	8847	0	1353
PF3D7_0620700	7397	32693	582	6815	0	190
PF3D7_0911200	1652	38438	341	1310	1	79
PF3D7_1368300	4795	35295	3070	1724	1	102
PF3D7_1335900	19128	20962	11154	7967	7	3935
PF3D7_1446600	2391	37699	1362	1029	0	15
PF3D7_1443500	6539	33551	2967	3572	0	385
PF3D7_0609200	3982	36108	1243	2739	0	190
PF3D7_0801300	8731	31359	454	8277	0	59
PF3D7_0518700	17673	22417	9194	8477	2	716
PF3D7_0604700	7407	32683	4702	2705	0	110
PF3D7_1402300	7915	32175	3739	4176	0	222
PF3D7_1036400	38633	1457	37988	645	0	125
PF3D7_1465000	2789	37301	1368	1421	0	77
PF3D7_0114500	27971	12119	2990	10788	14193	156
PF3D7_1434100	9345	30745	3917	5421	7	238
PF3D7_1476100	7758	32332	669	7089	0	52
PF3D7_0217200	29120	10970	25211	3909	0	835
PF3D7_0831200	20399	19691	12286	8101	12	984
PF3D7_1242000	10868	29222	2741	8127	0	273
PF3D7_1237900	32388	7702	27465	4923	0	520
PF3D7_0819000	24305	15785	18584	5721	0	744
PF3D7_0730400	1437	38653	812	625	0	12
PF3D7_1446400	7139	32951	1188	5940	11	176
PF3D7_1148800	14413	25677	8534	5879	0	184
PF3D7_1017300	10074	30016	4130	5942	2	428
PF3D7_0612200	28073	12017	21397	6675	1	1443
PF3D7_1474800	1994	38096	735	1227	32	73
PF3D7_1477500	16731	23359	8618	8110	3	381
PF3D7_1139900	2588	37502	1511	1077	0	90
PF3D7_0316000	2788	37302	961	1826	1	128
PF3D7_1036500	15737	24353	10983	4266	488	295
PF3D7_0917500	11284	28806	7978	3306	0	235
PF3D7_1002400	6622	33468	1152	5470	0	71
PF3D7_0814100	3512	36578	2880	632	0	17
PF3D7_0911600	10098	29992	3782	6316	0	338
PF3D7_1111400	1879	38211	1007	872	0	73
PF3D7_0521500	3607	36483	1395	2211	1	198
PF3D7_1303400	19486	20604	14338	5147	1	791
PF3D7_1015500	10543	29547	8903	1636	4	206
PF3D7_1444900	1594	38496	518	1076	0	93
PF3D7_1330700	5564	34526	2091	3472	1	198
PF3D7_1244500	25076	15014	16347	8729	0	448
PF3D7_0912900	3766	36324	2353	1412	1	50
PF3D7_0401600	19263	20827	9456	9807	0	1206
PF3D7_0609700	29369	10721	23799	5570	0	2327
PF3D7_0932000	2693	37397	2136	557	0	23
PF3D7_1472400	14615	25475	4655	9959	1	1829
PF3D7_1243000	1904	38186	601	1303	0	118
PF3D7_0411200	16003	24087	6441	9548	14	1039
PF3D7_0705100	30446	9644	23417	7029	0	825
PF3D7_1339500	1629	38461	1041	588	0	28
PF3D7_0305700	2993	37097	597	2396	0	21
PF3D7_0509800	26064	14026	19520	6544	0	658
PF3D7_1469700	1881	38209	125	1738	18	92
PF3D7_1437400	12554	27536	6543	6010	1	549
PF3D7_1120600	36619	3471	35199	1420	0	877
PF3D7_0204100	31316	8774	27466	3850	0	1183
PF3D7_1460800	9220	30870	3462	5756	2	342
PF3D7_0422900	2552	37538	674	1878	0	111
PF3D7_0113300	33734	6356	29393	4341	0	1110
PF3D7_0418600	19360	20730	11652	7655	53	1459
PF3D7_1334300	20187	19903	15097	5089	1	309
PF3D7_1119100	5168	34922	2105	3061	2	126
PF3D7_0423400	8135	31955	2288	5846	1	149
PF3D7_1116200	2785	37305	1456	1328	1	80
PF3D7_1447100	3005	37085	1403	1602	0	87
PF3D7_0415900	1750	38340	1426	324	0	9
PF3D7_0525400	4510	35580	1048	3457	5	235
PF3D7_1127100	1297	38793	232	1065	0	57
PF3D7_1249700	20126	19964	11667	6802	1657	430
PF3D7_0815500	5036	35054	2092	2942	2	186
PF3D7_1442000	2947	37143	1968	977	2	34
PF3D7_0624500	613	39477	122	491	0	12
PF3D7_1128700	11580	28510	2837	8743	0	303
PF3D7_0303300	2526	37564	645	1881	0	26
PF3D7_0906200	7354	32736	2882	4472	0	318
PF3D7_0715300	6001	34089	3533	2468	0	136
PF3D7_1319400	11816	28274	3169	8647	0	443
PF3D7_0620500	7339	32751	2818	4519	2	378
PF3D7_1459600	13305	26785	8130	5175	0	533
PF3D7_1211000	21917	18173	15741	6176	0	617
PF3D7_0505200	5929	34161	2847	3082	0	270
PF3D7_0926000	20104	19986	11236	8864	4	961
PF3D7_0816400	3391	36699	1638	1753	0	37
PF3D7_0903400	21583	18507	13412	8171	0	2772
PF3D7_1227200	15249	24841	6281	8965	3	1212
PF3D7_1422500	8060	32030	2052	6008	0	127
PF3D7_0107500	21283	18807	16053	5230	0	469
PF3D7_1105300	9568	30522	2970	6598	0	401
PF3D7_0929500	6293	33797	5765	528	0	32
PF3D7_0803700	7330	32760	4105	3225	0	11
PF3D7_1120800	905	39185	127	778	0	21
PF3D7_1302050	2192	37898	1650	517	25	42
PF3D7_0630500	6912	33178	3909	3003	0	197
PF3D7_1324200	9424	30666	6309	3115	0	297
PF3D7_0910800	9372	30718	4150	5221	1	203
PF3D7_0517300	1225	38865	618	607	0	24
PF3D7_1307100	14108	25982	7893	6211	4	677
PF3D7_1008000	27410	12680	19524	7885	1	2133
PF3D7_0508400	9641	30449	3328	6313	0	136
PF3D7_0420400	10742	29348	975	9766	1	152
PF3D7_0414600	9503	30587	1361	8142	0	36
PF3D7_1317300	7836	32254	2220	5615	1	108
PF3D7_0907800	7009	33081	1404	5605	0	115
PF3D7_0319200	11050	29040	3843	7207	0	630
PF3D7_0523000	18924	21166	12071	6852	1	447
PF3D7_1114000	3059	37031	1695	1364	0	88
PF3D7_1348900	1437	38653	930	504	3	67
PF3D7_1234600	25906	14184	21480	4426	0	333
PF3D7_0315300	12903	27187	6791	6112	0	804
PF3D7_1420100	16434	23656	7089	9337	8	1658
PF3D7_0614700	5067	35023	1862	3203	2	200
PF3D7_1478600	38706	1384	38139	567	0	149
PF3D7_1304200	3825	36265	2438	1387	0	59
PF3D7_0202800	4574	35516	3862	712	0	55
PF3D7_1015900	9268	30822	6369	2899	0	55
PF3D7_1202400	4691	35399	2391	2300	0	34
PF3D7_1147600	7091	32999	2864	4227	0	205
PF3D7_1243200	2119	37971	770	1349	0	47
PF3D7_1244200	18867	21223	14073	4794	0	627
PF3D7_0105700	25011	15079	17326	7660	25	2508
PF3D7_1433000	718	39372	546	172	0	14
PF3D7_1142800	9297	30793	2211	7086	0	94
PF3D7_0904400	1468	38622	410	1058	0	45
PF3D7_1429700	4728	35362	3137	1584	7	74
PF3D7_1038200	1266	38824	1013	253	0	15
PF3D7_0314200	14937	25153	5971	8943	23	1032
PF3D7_0707800	12870	27220	8032	4838	0	505
PF3D7_1118700	8878	31212	4505	4372	1	267
PF3D7_1148000	19194	20896	13114	6080	0	660
PF3D7_1125800	13389	26701	7130	6259	0	225
PF3D7_0319600	7598	32492	2041	5557	0	72
PF3D7_1363500	18048	22042	2451	10047	5550	1084
PF3D7_1140000	8288	31802	2510	5742	36	460
PF3D7_1317500	573	39517	232	341	0	19
PF3D7_1451600	12207	27883	8679	3526	2	363
PF3D7_1223600	15464	24626	10261	5203	0	636
PF3D7_1207500	2523	37567	2133	389	1	37
PF3D7_0705300	10876	29214	5270	5605	1	295
PF3D7_0202400	23412	16678	15977	7049	386	704
PF3D7_1113700	8086	32004	6291	1794	1	110
PF3D7_1131400	16565	23525	7694	8870	1	1592
PF3D7_1206000	4018	36072	1765	2252	1	66
PF3D7_1032500	1923	38167	1066	857	0	36
PF3D7_1416700	2319	37771	1258	1060	1	61
PF3D7_1319000	28243	11847	21240	7001	2	1250
PF3D7_0313500	16980	23110	10854	6125	1	647
PF3D7_1467100	5628	34462	2323	3302	3	340
PF3D7_0402300	23037	17053	14584	8450	3	7776
PF3D7_1130600	21072	19018	10499	10573	0	642
PF3D7_0919000	5896	34194	5080	815	1	25
PF3D7_1344500	5348	34742	4301	1047	0	108
PF3D7_0406900	21962	18128	14176	7785	1	1493
PF3D7_0313400	21309	18781	15483	5825	1	743
PF3D7_0615600	33135	6955	30933	2201	1	1635
PF3D7_0807000	2121	37969	1536	585	0	39
PF3D7_1013000	8210	31880	4532	3678	0	288
PF3D7_0729200	4046	36044	2065	1981	0	55
PF3D7_1252500	12285	27805	5232	6213	840	246
PF3D7_1031000	1842	38248	622	1220	0	33
PF3D7_0614800	12736	27354	4190	6863	1683	247
PF3D7_1472800	4279	35811	2409	1865	5	170
PF3D7_1134600	16474	23616	6700	9769	5	2199
PF3D7_1418900	11152	28938	6744	4407	1	354
PF3D7_1215100	9263	30827	2964	6299	0	483
PF3D7_1201800	1434	38656	130	1304	0	101
PF3D7_0717900	9314	30776	2554	6760	0	104
PF3D7_1215800	5554	34536	1617	3937	0	249
PF3D7_0103800	4538	35552	3479	1058	1	30
PF3D7_0521000	6383	33707	2704	3679	0	351
PF3D7_0931000	8682	31408	3809	4872	1	455
PF3D7_0812300	8955	31135	4459	4495	1	132
PF3D7_0722500	5678	34412	4593	1084	1	117
PF3D7_0607300	6598	33492	760	5837	1	144
PF3D7_1228700	14368	25722	5666	8700	2	496
PF3D7_1234100	33629	6461	30350	3279	0	2296
PF3D7_0807700	15990	24100	5724	10266	0	577
PF3D7_1144800	22984	17106	20347	2599	38	549
PF3D7_0716000	20707	19383	11353	9353	1	850
PF3D7_1124700	8984	31106	4800	4105	79	128
PF3D7_1353100	10116	29974	2063	8051	2	197
PF3D7_0810600	9439	30651	1709	7719	11	174
PF3D7_0820900	16438	23652	6707	9731	0	3449
PF3D7_1419400	26693	13397	16247	10446	0	1270
PF3D7_1248300	1372	38718	736	636	0	25
PF3D7_1437100	2523	37567	494	2029	0	106
PF3D7_1125100	9897	30193	500	9396	1	488
PF3D7_0719800	6322	33768	5066	1256	0	77
PF3D7_1301600	19080	21010	12220	6860	0	471
PF3D7_0903500	17602	22488	7808	9794	0	1480
PF3D7_0630100	12173	27917	4178	7992	3	519
PF3D7_0507700	3992	36098	2363	1629	0	124
PF3D7_0207400	21413	18677	15905	5508	0	693
PF3D7_1359100	8382	31708	4904	3478	0	464
PF3D7_1236600	2145	37945	764	1380	1	48
PF3D7_1331700	22066	18024	19771	2295	0	255
PF3D7_1459400	2646	37444	1295	1351	0	94
PF3D7_1434200	2179	37911	1492	686	1	7
PF3D7_1304400	6269	33821	1530	4732	7	427
PF3D7_1004700	6316	33774	1690	4625	1	90
PF3D7_0704500	16264	23826	8019	8245	0	1617
PF3D7_0702300	31276	8814	30010	1266	0	120
PF3D7_1007500	2540	37550	1891	648	1	76
PF3D7_0409400	11184	28906	5705	5478	1	241
PF3D7_0205700	4196	35894	3445	751	0	69
PF3D7_1333200	18232	21858	10366	7866	0	1611
PF3D7_1469900	9420	30670	451	8967	2	579
PF3D7_0604900	759	39331	528	228	3	29
PF3D7_0215100	4759	35331	2262	2497	0	48
PF3D7_0728500	3092	36998	1992	1100	0	90
PF3D7_1317000	5892	34198	1349	4543	0	239
PF3D7_0321000	11499	28591	3912	7587	0	307
PF3D7_0424500	10413	29677	4345	6068	0	198
PF3D7_0730800	11237	28853	5369	5868	0	173
PF3D7_1348800	29277	10813	25767	3510	0	960
PF3D7_0506700	27129	12961	22348	4781	0	743
PF3D7_0304000	13990	26100	9759	4225	6	437
PF3D7_0814600	8867	31223	3934	4932	1	52
PF3D7_0317000	3940	36150	719	3221	0	31
PF3D7_1139100	25724	14366	19220	6503	1	1600
PF3D7_1249400	1309	38781	689	620	0	62
PF3D7_1457900	25684	14406	17690	7993	1	3820
PF3D7_0411900	20081	20009	10665	9415	1	991
PF3D7_1012700	19455	20635	11100	8355	0	1139
PF3D7_1246700	7432	32658	2165	5267	0	263
PF3D7_0603900	4708	35382	1434	3274	0	140
PF3D7_1205500	14495	25595	5189	9285	21	1068
PF3D7_1238100	4146	35944	2429	1716	1	61
PF3D7_1306200	8245	31845	1111	7134	0	205
PF3D7_0505100	31031	9059	26833	4198	0	1074
PF3D7_1454500	4337	35753	3728	609	0	41
PF3D7_1369000	11323	28767	7342	3981	0	451
PF3D7_0414500	3575	36515	1734	1840	1	30
PF3D7_1136200	14140	25950	4962	9178	0	875
PF3D7_0303100	20020	20070	13294	6724	2	1169
PF3D7_0202700	8645	31445	4330	4315	0	91
PF3D7_0723000	4101	35989	3205	896	0	63
PF3D7_1412800	8286	31804	6678	1608	0	61
PF3D7_1364200	18616	21474	8491	10124	1	2409
PF3D7_0828700	11935	28155	3962	7970	3	1152
PF3D7_1149000	39818	272	39579	239	0	142
PF3D7_0213100	1850	38240	1151	699	0	28
PF3D7_1405700	10188	29902	5336	4852	0	559
PF3D7_1147100	1526	38564	820	704	2	49
PF3D7_1137300	12494	27596	2406	10087	1	357
PF3D7_0503400	540	39550	189	351	0	1
PF3D7_1242700	2076	38014	1725	351	0	13
PF3D7_0925100	10286	29804	1552	8733	1	254
PF3D7_0214700	4820	35270	2873	1942	5	119
PF3D7_1029300	19869	20221	15016	4853	0	561
PF3D7_0808100	21454	18636	12837	8614	3	2094
PF3D7_0621400	9623	30467	3576	6047	0	338
PF3D7_0822800	5042	35048	1064	3978	0	161
PF3D7_0827700	16395	23695	6205	10190	0	1773
PF3D7_0713500	16703	23387	6612	10091	0	1259
PF3D7_0809700	10987	29103	2682	8305	0	90
PF3D7_0727700	12792	27298	2953	9839	0	1248
PF3D7_0319900	1123	38967	172	951	0	99
PF3D7_1136800	3801	36289	1710	2090	1	94
PF3D7_0102600	11039	29051	3901	7129	9	356
PF3D7_1407700	8569	31521	3016	5552	1	173
PF3D7_1340400	9603	30487	761	8785	57	449
PF3D7_1346500	10203	29887	4738	5465	0	519
PF3D7_0206700	9873	30217	3653	6220	0	76
PF3D7_1347400	931	39159	319	607	5	50
PF3D7_1436300	17212	22878	8348	8864	0	894
PF3D7_0410600	5196	34894	4280	915	1	45
PF3D7_0516900	3687	36403	2161	1526	0	18
PF3D7_1238400	9346	30744	8331	1009	6	78
PF3D7_1424100	5238	34852	3826	1412	0	42
PF3D7_1328400	7214	32876	1698	5516	0	338
PF3D7_0422300	9195	30895	7737	1458	0	9
PF3D7_1142500	2671	37419	1046	1624	1	59
PF3D7_0807600	29375	10715	24891	4484	0	647
PF3D7_1036600	4179	35911	3680	499	0	49
PF3D7_0406200	4550	35540	913	3637	0	35
PF3D7_0913500	4657	35433	2883	1774	0	119
PF3D7_1338700	9008	31082	3698	5308	2	265
PF3D7_0924500	35845	4245	33189	2656	0	283
PF3D7_1246900	12618	27472	4948	7669	1	560
PF3D7_1320500	1659	38431	390	1269	0	94
PF3D7_0511600	7411	32679	6264	1147	0	60
PF3D7_1458200	1751	38339	584	1164	3	92
PF3D7_1020000	7654	32436	2915	4738	1	154
PF3D7_1304300	3579	36511	1278	2301	0	113
PF3D7_0620400	14658	25432	5602	9056	0	1343
PF3D7_1324300	38589	1501	37600	989	0	736
PF3D7_1411100	7504	32586	1800	5704	0	49
PF3D7_0312200	13948	26142	9117	4831	0	780
PF3D7_1355300	4882	35208	4013	869	0	44
PF3D7_1472300	7928	32162	1868	6060	0	169
PF3D7_0109000	1363	38727	784	579	0	31
PF3D7_0309000	14682	25408	6908	7773	1	232
PF3D7_0910000	14579	25511	4360	10219	0	1446
PF3D7_1450800	9263	30827	5346	3917	0	254
PF3D7_1407100	17109	22981	12671	4438	0	72
PF3D7_1025900	17442	22648	9638	7804	0	1060
PF3D7_1023400	3708	36382	1237	2471	0	67
PF3D7_0302600	16153	23937	5445	10708	0	1275
PF3D7_0318700	3266	36824	207	3059	0	90
PF3D7_1425400	12545	27545	3394	9149	2	1121
PF3D7_0906910	3643	36447	236	3406	1	99
PF3D7_0514000	4930	35160	4116	766	48	53
PF3D7_0420600	25239	14851	17156	8083	0	414
PF3D7_0219300	2733	37357	1260	1473	0	61
PF3D7_1366100	1164	38926	590	556	18	22
PF3D7_0721700	7270	32820	5495	1775	0	138
PF3D7_0821300	14219	25871	7573	6646	0	529
PF3D7_0934600	2010	38080	593	1417	0	76
PF3D7_0614900	9701	30389	1105	8595	1	409
PF3D7_0106100	2663	37427	1205	1458	0	38
PF3D7_1129500	8951	31139	3134	5812	5	348
PF3D7_1229300	14282	25808	6585	7697	0	923
PF3D7_0320100	2386	37704	1770	615	1	30
PF3D7_0406000	5108	34982	2005	3103	0	238
PF3D7_1141400	4899	35191	865	4033	1	213
PF3D7_1434900	6966	33124	4657	2299	10	214
PF3D7_1334400	10902	29188	3689	7204	9	253
PF3D7_1111000	10811	29279	4615	6196	0	475
PF3D7_0815200	9192	30898	8027	1164	1	42
PF3D7_1464900	12890	27200	8198	4692	0	134
PF3D7_0914000	23336	16754	16174	7001	161	1755
PF3D7_1018300	18231	21859	12077	6154	0	495
PF3D7_1316000	3984	36106	2860	1124	0	62
PF3D7_1031300	23037	17053	16052	6985	0	689
PF3D7_1128200	966	39124	611	355	0	14
PF3D7_1475900	23401	16689	16401	7000	0	2732
PF3D7_1007000	4922	35168	3447	1473	2	101
PF3D7_1355800	2141	37949	1833	308	0	25
PF3D7_1421800	17393	22697	11610	5781	2	240
PF3D7_1402900	35386	4704	33318	2068	0	371
PF3D7_1242100	511	39579	325	183	3	24
PF3D7_1338800	9447	30643	2978	6468	1	293
PF3D7_0830300	16588	23502	7748	8839	1	1225
PF3D7_1122400	6490	33600	3544	2946	0	256
PF3D7_1361100	15356	24734	10579	4777	0	237
PF3D7_1111100	6650	33440	6213	437	0	42
PF3D7_0711100	4417	35673	196	4221	0	68
PF3D7_0613700	6152	33938	3881	2271	0	191
PF3D7_0728700	6169	33921	1097	5071	1	402
PF3D7_0308700	8899	31191	6074	2825	0	302
PF3D7_0527500	18500	21590	13553	4946	1	229
PF3D7_1132500	16634	23456	7280	9354	0	1541
PF3D7_1454800	3124	36966	1336	1787	1	66
PF3D7_1423200	14246	25844	8711	5533	2	243
PF3D7_1242400	5421	34669	2592	2829	0	229
PF3D7_0821900	1145	38945	627	517	1	27
PF3D7_0822400	13940	26150	9137	4803	0	264
PF3D7_1142600	1458	38632	563	895	0	46
PF3D7_1345400	16217	23873	8916	7294	7	1424
PF3D7_0526100	4732	35358	2105	2627	0	202
PF3D7_1107500	2333	37757	1394	939	0	63
PF3D7_0519200	7918	32172	2904	5014	0	20
PF3D7_0908000	7607	32483	1272	6335	0	257
PF3D7_1466000	9385	30705	7365	2020	0	109
PF3D7_1136500	2962	37128	2229	732	1	4
PF3D7_1212800	3123	36967	1370	1702	51	141
PF3D7_1132400	22036	18054	14257	7779	0	1306
PF3D7_1107200	10976	29114	3291	7684	1	605
PF3D7_1475300	2623	37467	876	1747	0	83
PF3D7_1137800	3489	36601	237	3249	3	94
PF3D7_1434400	2133	37957	870	1263	0	93
PF3D7_1420400	12243	27847	6043	6199	1	382
PF3D7_1327200	4088	36002	655	3427	6	171
PF3D7_0622900	15977	24113	7558	8419	0	1705
PF3D7_1422800	10186	29904	2111	8075	0	277
PF3D7_1341900	2618	37472	1743	875	0	29
PF3D7_1213400	10230	29860	7277	2952	1	127
PF3D7_0607200	3372	36718	830	2541	1	98
PF3D7_1305500	7680	32410	3977	3703	0	487
PF3D7_0617800	560	39530	267	293	0	4
PF3D7_1113500	14479	25611	8738	5741	0	386
PF3D7_1334500	19177	20913	11422	7753	2	933
PF3D7_0924100	14073	26017	9722	4350	1	476
PF3D7_1365900	2750	37340	2123	627	0	6
PF3D7_0310800	634	39456	185	449	0	26
PF3D7_1116400	8353	31737	2320	6033	0	290
PF3D7_1457500	3228	36862	1375	1853	0	121
PF3D7_1016500	29521	10569	25004	4516	1	375
PF3D7_0209000	29436	10654	20596	8840	0	5108
PF3D7_1233400	8280	31810	3911	4368	1	334
PF3D7_0821800	1332	38758	494	838	0	14
PF3D7_0616800	7315	32775	3089	4226	0	76
PF3D7_1314100	10873	29217	7116	3757	0	365
PF3D7_0731600	13690	26400	7641	6048	1	137
PF3D7_0703500	20551	19539	13496	7055	0	1069
PF3D7_1015300	8348	31742	5992	2356	0	179
PF3D7_0313200	1769	38321	931	838	0	77
PF3D7_0416700	665	39425	519	145	1	10
PF3D7_1126700	15717	24373	8299	7417	1	308
PF3D7_0820300	12913	27177	2504	10408	1	1294
PF3D7_1423500	35085	5005	32040	3044	1	678
PF3D7_1202700	6949	33141	2783	4165	1	231
PF3D7_0820100	5762	34328	2394	3368	0	135
PF3D7_0811500	12750	27340	7216	5534	0	363
PF3D7_1474300	12071	28019	3553	8498	20	872
PF3D7_1429000	3147	36943	827	2320	0	98
PF3D7_1024000	9185	30905	4297	4888	0	210
PF3D7_1222400	27761	12329	22066	5683	12	1315
PF3D7_1017800	21139	18951	13264	7870	5	543
PF3D7_0317800	11813	28277	10095	1718	0	108
PF3D7_1320400	14270	25820	10947	3319	4	163
PF3D7_0801600	1074	39016	274	800	0	27
PF3D7_0522000	4397	35693	1009	3388	0	11
PF3D7_1241900	16026	24064	12702	3324	0	308
PF3D7_0510800	10995	29095	8816	2179	0	121
PF3D7_1011200	2883	37207	1396	1487	0	37
PF3D7_0911400	10711	29379	4915	5794	2	739
PF3D7_0323000	615	39475	424	191	0	4
PF3D7_0525900	3966	36124	1752	2209	5	188
PF3D7_1227300	7779	32311	1052	6725	2	736
PF3D7_1324500	14823	25267	9609	5213	1	418
PF3D7_0213500	4993	35097	2247	2746	0	216
PF3D7_0817700	20432	19658	13348	7084	0	506
PF3D7_0611000	3045	37045	1899	1145	1	39
PF3D7_1321200	1548	38542	1315	233	0	10
PF3D7_0614000	6640	33450	4979	1661	0	201
PF3D7_1319800	2285	37805	1748	537	0	19
PF3D7_0106300	16071	24019	7942	8129	0	559
PF3D7_1134300	17932	22158	9317	8615	0	2240
PF3D7_0623600	7902	32188	4478	3423	1	227
PF3D7_1118100	586	39504	220	366	0	11
PF3D7_1349500	29496	10594	24197	5297	2	2922
PF3D7_0311000	6894	33196	1996	4898	0	65
PF3D7_0526400	8085	32005	3499	4586	0	102
PF3D7_1409500	15386	24704	5392	9988	6	1975
PF3D7_1032400	5302	34788	4333	969	0	55
PF3D7_0614400	6664	33426	231	6433	0	123
PF3D7_1339000	2862	37228	1176	1665	21	157
PF3D7_0911100	10100	29990	4073	6026	1	627
PF3D7_1404600	13535	26555	10489	3046	0	296
PF3D7_0608400	3365	36725	2923	441	1	38
PF3D7_1006900	3435	36655	2849	586	0	38
PF3D7_0532200	10056	30034	1069	8985	2	268
PF3D7_0516000	20368	19722	15596	4771	1	575
PF3D7_0405300	34627	5463	30316	4308	3	3076
PF3D7_1247600	6811	33279	3087	3723	1	222
PF3D7_1236100	2426	37664	417	2009	0	108
PF3D7_1229000	18078	22012	12413	5664	1	747
PF3D7_1313100	16954	23136	6415	10537	2	3041
PF3D7_0301600	15645	24445	8435	7209	1	561
PF3D7_0929200	3654	36436	3020	634	0	37
PF3D7_0731700	4278	35812	1037	2836	405	88
PF3D7_1212700	17085	23005	12935	4150	0	372
PF3D7_0208300	38772	1318	38429	343	0	148
PF3D7_1128400	9591	30499	3584	6007	0	74
PF3D7_1438400	23891	16199	14721	9170	0	3199
PF3D7_0204500	12310	27780	5394	6911	5	148
PF3D7_0809200	15151	24939	3222	11927	2	1842
PF3D7_0602900	6778	33312	721	6057	0	200
PF3D7_1469300	6694	33396	2156	4538	0	92
PF3D7_0323100	12545	27545	2673	9871	1	1207
PF3D7_1235900	19628	20462	10284	9344	0	623
PF3D7_1334800	4695	35395	3722	973	0	104
PF3D7_1442400	14702	25388	4417	10280	5	2198
PF3D7_1106100	2991	37099	1483	1508	0	98
PF3D7_0507100	9108	30982	6326	2781	1	54
PF3D7_1237000	10564	29526	4913	5651	0	340
PF3D7_0616400	27396	12694	21592	5802	2	2272
PF3D7_1141300	12267	27823	2709	9557	1	673
PF3D7_1010700	9270	30820	7870	1400	0	30
PF3D7_0608700	7018	33072	5573	1445	0	48
PF3D7_1252300	1670	38420	107	1563	0	8
PF3D7_1428600	3688	36402	1129	2559	0	116
PF3D7_1405900	26830	13260	23793	3036	1	679
PF3D7_0911500	4631	35459	926	3700	5	121
PF3D7_1407300	12157	27933	6580	5577	0	341
PF3D7_1405000	9215	30875	4842	4372	1	427
PF3D7_0403200	26903	13187	24056	2846	1	226
PF3D7_0724300	3085	37005	1660	1424	1	101
PF3D7_1125700	14716	25374	7194	7521	1	397
PF3D7_0516300	25003	15087	18366	6637	0	325
PF3D7_1014600	20898	19192	14110	6788	0	1342
PF3D7_0604400	7270	32820	1655	5612	3	85
PF3D7_0205900	18124	21966	16184	1940	0	153
PF3D7_1118900	2540	37550	1466	1074	0	90
PF3D7_0216900	26107	13983	19252	6855	0	535
PF3D7_0107800	15784	24306	6293	9485	6	1131
PF3D7_0205400	6492	33598	3117	3375	0	82
PF3D7_1359400	5148	34942	1868	3280	0	108
PF3D7_0912000	15287	24803	4777	10509	1	2572
PF3D7_1013200	17227	22863	8081	9146	0	951
PF3D7_0629200	1741	38349	1058	683	0	36
PF3D7_1220700	6916	33174	2750	4166	0	402
PF3D7_0523700	13959	26131	6441	7518	0	1202
PF3D7_1309300	11234	28856	4157	7076	1	698
PF3D7_1227000	5498	34592	2822	2676	0	62
PF3D7_0513600	22487	17603	16576	5910	1	1002
PF3D7_0417200	7371	32719	3250	4121	0	45
PF3D7_0932300	9408	30682	5788	3620	0	143
PF3D7_1472500	7150	32940	1922	5227	1	75
PF3D7_0923600	3044	37046	1306	1659	79	84
PF3D7_1246200	2884	37206	2087	797	0	2
PF3D7_1020300	9665	30425	5392	4272	1	264
PF3D7_1337200	17457	22633	9969	7483	5	1050
PF3D7_0922200	5371	34719	3620	1751	0	34
PF3D7_0411700	3134	36956	373	2760	1	98
PF3D7_1238200	3967	36123	1271	2696	0	172
PF3D7_0210300	5435	34655	3573	1861	1	49
PF3D7_1454400	12110	27980	5587	6523	0	373
PF3D7_1017000	14657	25433	11890	2767	0	106
PF3D7_1458300	16758	23332	9489	7268	1	1202
PF3D7_0518000	7035	33055	2042	4993	0	112
PF3D7_0814400	7421	32669	3252	4169	0	247
PF3D7_1354700	8680	31410	475	8157	48	286
PF3D7_0625100	5347	34743	1894	3453	0	84
PF3D7_1002100	17763	22327	14268	3495	0	121
PF3D7_0908700	6538	33552	3154	3377	7	236
PF3D7_1020700	17872	22218	13504	4368	0	447
PF3D7_1115500	2952	37138	1918	1034	0	105
PF3D7_0903900	1080	39010	557	522	1	18
PF3D7_1354600	5024	35066	2233	2791	0	134
PF3D7_0423900	8699	31391	3875	4765	59	202
PF3D7_1305000	13768	26322	5737	8028	3	1040
PF3D7_1419900	3013	37077	513	2500	0	132
PF3D7_0526300	3123	36967	1984	1139	0	118
PF3D7_1211800	22868	17222	22813	55	0	2
PF3D7_1435400	1173	38917	281	892	0	76
PF3D7_0824000	11095	28995	6623	4472	0	534
PF3D7_1232200	7226	32864	5660	1566	0	40
PF3D7_0409600	10552	29538	5988	4564	0	518
PF3D7_1354000	6439	33651	2340	4088	11	495
PF3D7_0912800	13293	26797	5066	8174	53	716
PF3D7_1442300	5682	34408	3719	1963	0	195
PF3D7_0609000	26179	13911	18034	8141	4	4617
PF3D7_1312200	5443	34647	927	4516	0	137
PF3D7_0321200	11134	28956	1587	9547	0	122
PF3D7_0518100	16173	23917	7433	8739	1	1075
PF3D7_1117500	7320	32770	5442	1878	0	201
PF3D7_1241700	3834	36256	2785	1048	1	28
PF3D7_1216300	1302	38788	699	603	0	37
PF3D7_1343900	10805	29285	5497	5308	0	387
PF3D7_0801800	9433	30657	2561	6870	2	494
PF3D7_0926800	21384	18706	16149	5235	0	590
PF3D7_1309800	8624	31466	2861	5763	0	140
PF3D7_0930200	11133	28957	7396	3736	1	371
PF3D7_1132000	13626	26464	6739	6884	3	555
PF3D7_0107000	1566	38524	1001	565	0	13
PF3D7_1147500	16063	24027	8830	7231	2	762
PF3D7_1219700	2211	37879	520	1691	0	41
PF3D7_1338000	10639	29451	8920	1719	0	106
PF3D7_1329700	7689	32401	2834	4855	0	206
PF3D7_0923200	11927	28163	10149	1778	0	267
PF3D7_1443100	9049	31041	844	8200	5	381
PF3D7_0726900	3719	36371	854	2865	0	275
PF3D7_1118600	9389	30701	2525	6864	0	144
PF3D7_1124600	4306	35784	2056	2248	2	95
PF3D7_1417500	4560	35530	3412	1146	2	106
PF3D7_1248200	8153	31937	6456	1697	0	149
PF3D7_1234800	17695	22395	15605	2090	0	201
PF3D7_0401900	26080	14010	18780	7299	1	2476
PF3D7_0921100	3853	36237	2283	1570	0	97
PF3D7_0301700	3837	36253	965	2871	1	87
PF3D7_1245800	26466	13624	23210	3256	0	203
PF3D7_0418400	7111	32979	2349	4761	1	35
PF3D7_1107600	15741	24349	6459	9282	0	947
PF3D7_1222900	6291	33799	3285	3004	2	224
PF3D7_0618100	7447	32643	4437	3010	0	389
PF3D7_0322800	3857	36233	2099	1758	0	84
PF3D7_0808450	1890	38200	769	1121	0	23
PF3D7_1436700	8646	31444	4251	4395	0	649
PF3D7_1369400	17291	22799	6892	10393	6	4289
PF3D7_0933000	5634	34456	1292	4342	0	388
PF3D7_1131200	4831	35259	3014	1817	0	123
PF3D7_1120200	684	39406	406	278	0	17
PF3D7_1402200	2156	37934	888	1268	0	65
PF3D7_1421900	1620	38470	526	1093	1	70
PF3D7_1321000	10593	29497	7135	3458	0	251
PF3D7_0805700	12019	28071	6677	5342	0	574
PF3D7_0208700	2765	37325	1963	802	0	43
PF3D7_0705400	13758	26332	12249	1507	2	84
PF3D7_0513700	12499	27591	7651	4848	0	296
PF3D7_1145800	13133	26957	1449	11684	0	1944
PF3D7_1232500	19020	21070	11867	7153	0	534
PF3D7_0504100	2573	37517	1961	611	1	49
PF3D7_1133600	10826	29264	7243	3583	0	269
PF3D7_1033500	15412	24678	11902	3510	0	333
PF3D7_1111200	9966	30124	5866	4100	0	401
PF3D7_0507200	26987	13103	20646	6341	0	309
PF3D7_1346600	2747	37343	1611	1136	0	113
PF3D7_0922600	12367	27723	4715	7652	0	80
PF3D7_1344000	13745	26345	7246	6499	0	647
PF3D7_1433400	33035	7055	29025	4010	0	2503
PF3D7_0405200	18478	21612	15511	2965	2	98
PF3D7_1339700	31128	8962	27267	3861	0	1819
PF3D7_1121600	8523	31567	521	8002	0	98
PF3D7_1368500	7047	33043	2759	4287	1	465
PF3D7_1347200	7740	32350	3900	3839	1	96
PF3D7_1336700	7488	32602	809	6678	1	94
PF3D7_0913100	11174	28916	4358	6816	0	794
PF3D7_1331400	9356	30734	4147	5205	4	194
PF3D7_1412400	33786	6304	29311	4475	0	1508
PF3D7_0605600	25521	14569	20183	5338	0	2204
PF3D7_0713200	15065	25025	4964	9273	828	217
PF3D7_1325700	1097	38993	406	691	0	38
PF3D7_0106700	33453	6637	30952	2500	1	931
PF3D7_0110900	1048	39042	283	764	1	66
PF3D7_0905400	11701	28389	6012	5687	2	165
PF3D7_0216500	14684	25406	5967	8714	3	1647
PF3D7_0717200	30643	9447	29222	1421	0	90
PF3D7_1205400	12962	27128	3108	9768	86	1435
PF3D7_0920500	3027	37063	2189	838	0	42
PF3D7_1333700	1495	38595	685	810	0	47
PF3D7_0602000	10724	29366	3803	6919	2	571
PF3D7_1009000	1869	38221	922	944	3	105
PF3D7_1452200	12493	27597	9453	3036	4	261
PF3D7_1139200	5211	34879	3093	2118	0	178
PF3D7_1369600	13987	26103	9060	4927	0	444
PF3D7_1368600	609	39481	155	454	0	15
PF3D7_0726200	26700	13390	22025	4653	22	534
PF3D7_1233800	4729	35361	3449	1280	0	68
PF3D7_0110700	6139	33951	1735	4403	1	88
PF3D7_1447300	1475	38615	949	526	0	20
PF3D7_1034900	18166	21924	9436	8729	1	496
PF3D7_1121900	5274	34816	1208	4066	0	220
PF3D7_0419300	26077	14013	22223	3854	0	123
PF3D7_0302700	800	39290	215	585	0	42
PF3D7_1368800	18994	21096	9323	9658	13	2664
PF3D7_1107300	26181	13909	18329	7850	2	2619
PF3D7_0215800	11818	28272	5941	5874	3	376
PF3D7_0916100	2560	37530	1240	1319	1	84
PF3D7_0627100	16280	23810	10915	5365	0	499
PF3D7_0105800	7922	32168	3071	4851	0	302
PF3D7_0710600	865	39225	289	576	0	47
PF3D7_1433200	13615	26475	4104	9511	0	1180
PF3D7_1428100	7573	32517	1713	5857	3	475
PF3D7_1216400	16425	23665	10944	5477	4	628
PF3D7_1414300	3130	36960	2559	571	0	9
PF3D7_0108700	33895	6195	28486	5393	16	754
PF3D7_1237400	11292	28798	2527	8765	0	360
PF3D7_1309700	18417	21673	9056	9357	4	2468
PF3D7_1411500	17094	22996	8657	8437	0	1030
PF3D7_0415700	13229	26861	5438	7791	0	137
PF3D7_1008200	4192	35898	1122	3070	0	84
PF3D7_0823800	12009	28081	4323	7686	0	423
PF3D7_1336300	2621	37469	1233	1388	0	76
PF3D7_0313000	11356	28734	7032	4319	5	231
PF3D7_0604800	13561	26529	8699	4862	0	702
PF3D7_0113200	16303	23787	5734	10469	100	2490
PF3D7_1327000	40052	38	40047	5	0	3
PF3D7_0404200	2208	37882	1162	1046	0	72
PF3D7_1424400	5905	34185	3619	2286	0	41
PF3D7_1455900	5638	34452	2897	2741	0	162
PF3D7_0213900	27912	12178	24578	3334	0	594
PF3D7_0716700	20572	19518	13597	6975	0	2651
PF3D7_1029400	5824	34266	2590	3234	0	99
PF3D7_1350500	12593	27497	4976	7609	8	1137
PF3D7_1459900	1079	39011	266	813	0	57
PF3D7_1110000	6453	33637	889	5564	0	45
PF3D7_1228800	36565	3525	33834	2729	2	1250
PF3D7_1224300	10754	29336	5270	5483	1	151
PF3D7_1027300	7877	32213	2924	4953	0	301
PF3D7_1108100	39954	136	39886	68	0	39
PF3D7_0515800	3757	36333	50	3705	2	22
PF3D7_0906800	9979	30111	1631	8348	0	888
PF3D7_0933100	13610	26480	4606	9004	0	472
PF3D7_0516100	38757	1333	37315	1442	0	854
PF3D7_0209200	3343	36747	2449	891	3	107
PF3D7_1214200	2849	37241	1573	1275	1	100
PF3D7_0825000	13507	26583	5128	8378	1	1795
PF3D7_0912400	2507	37583	882	1625	0	94
PF3D7_0629500	8497	31593	4633	3864	0	117
PF3D7_0424200	17590	22500	10505	6881	204	1216
PF3D7_0716800	8634	31456	3044	5589	1	16
PF3D7_1216900	9877	30213	4238	5639	0	515
PF3D7_0728200	5566	34524	1751	3815	0	287
PF3D7_1023600	4803	35287	1591	3212	0	155
PF3D7_0916900	5026	35064	770	4240	16	267
PF3D7_0214500	2264	37826	1152	1110	2	116
PF3D7_0405700	20811	19279	10083	10598	130	2721
PF3D7_0725100	33021	7069	29736	3285	0	2602
PF3D7_0612900	13609	26481	3867	9741	1	314
PF3D7_1137200	9438	30652	2015	7423	0	243
PF3D7_1433800	28261	11829	22752	5508	1	1652
PF3D7_1425500	1757	38333	937	820	0	70
PF3D7_1204900	6001	34089	2752	3249	0	86
PF3D7_0525200	23608	16482	16947	6661	0	1112
PF3D7_1244700	2226	37864	885	1341	0	73
PF3D7_1227800	12957	27133	8749	4208	0	344
PF3D7_1035800	20134	19956	16548	3582	4	147
PF3D7_0810100	600	39490	245	355	0	25
PF3D7_0934800	5825	34265	5415	410	0	16
PF3D7_1201600	6813	33277	442	6370	1	100
PF3D7_1350300	8531	31559	5554	2973	4	253
PF3D7_1214700	1104	38986	457	647	0	43
PF3D7_1230400	2316	37774	1666	650	0	20
PF3D7_0907200	14382	25708	5712	8670	0	1302
PF3D7_0423000	3099	36991	362	2734	3	198
PF3D7_0625200	7003	33087	1465	5537	1	228
PF3D7_0910400	12681	27409	5220	7459	2	900
PF3D7_1456400	12369	27721	2817	9551	1	1480
PF3D7_1024300	946	39144	597	349	0	15
PF3D7_0212200	8657	31433	8190	467	0	60
PF3D7_1105200	6627	33463	1984	4561	82	281
PF3D7_0529300	8606	31484	670	7936	0	155
PF3D7_0519300	25963	14127	17627	8336	0	381
PF3D7_1324100	3790	36300	2616	1174	0	80
PF3D7_0723600	3437	36653	2304	1133	0	64
PF3D7_0305800	22679	17411	18732	3945	2	972
PF3D7_1452800	4899	35191	2050	2848	1	207
PF3D7_1416400	11193	28897	7091	4102	0	299
PF3D7_1012400	6725	33365	6238	441	46	4
PF3D7_1200700	18709	21381	9640	9069	0	435
PF3D7_1472600	7838	32252	3975	3863	0	394
PF3D7_1306900	3516	36574	863	2653	0	237
PF3D7_0418300	25364	14726	18855	6509	0	907
PF3D7_0603400	17456	22634	10370	7086	0	1153
PF3D7_0508500	30501	9589	24844	5657	0	1082
PF3D7_1037800	10535	29555	4811	5723	1	356
PF3D7_0913300	10158	29932	3004	7153	1	385
PF3D7_1233700	5222	34868	1119	4097	6	409
PF3D7_0814900	2972	37118	1605	1367	0	24
PF3D7_1245400	3771	36319	2989	782	0	53
PF3D7_0617200	5009	35081	1566	3443	0	77
PF3D7_1429500	14943	25147	8102	6839	2	438
PF3D7_1216200	7142	32948	2397	4745	0	96
PF3D7_1021000	7349	32741	5705	1644	0	51
PF3D7_1326200	2899	37191	723	2175	1	113
PF3D7_0934100	17527	22563	12139	5387	1	426
PF3D7_1461200	1141	38949	592	549	0	37
PF3D7_1237800	1317	38773	1040	277	0	8
PF3D7_0915300	9036	31054	4517	4511	8	557
PF3D7_1343600	10254	29836	7320	2933	1	396
PF3D7_0513000	4445	35645	3678	767	0	40
PF3D7_0809500	5683	34407	1873	3810	0	17
PF3D7_1217200	15125	24965	7775	7349	1	894
PF3D7_1224000	4656	35434	1556	3100	0	142
PF3D7_1417800	15277	24813	12432	2845	0	65
PF3D7_1419000	15905	24185	8052	7824	29	724
PF3D7_0404300	29097	10993	25391	3705	1	365
PF3D7_1039000	14848	25242	5514	9334	0	783
PF3D7_1338300	6356	33734	2533	3823	0	217
PF3D7_1364500	10086	30004	7810	2276	0	272
PF3D7_0219600	11712	28378	7911	3801	0	263
PF3D7_0530000	809	39281	106	703	0	74
PF3D7_1406000	1613	38477	1192	415	6	30
PF3D7_0416600	5901	34189	1495	4406	0	47
PF3D7_1332300	6706	33384	5680	1026	0	33
PF3D7_0906400	8221	31869	2941	5279	1	696
PF3D7_1432800	10127	29963	4156	5971	0	445
PF3D7_1401900	8397	31693	3574	4821	2	218
PF3D7_0323700	12303	27787	4477	7826	0	315
PF3D7_0213800	9074	31016	3279	5795	0	196
PF3D7_1104100	7164	32926	5038	2126	0	123
PF3D7_1449500	18108	21982	10755	7349	4	507
PF3D7_0618900	6230	33860	1077	5152	1	329
PF3D7_0517800	10087	30003	7731	2356	0	93
PF3D7_0913600	18372	21718	10878	7494	0	1301
PF3D7_1317100	12975	27115	6882	6092	1	167
PF3D7_1355500	10567	29523	7523	3044	0	291
PF3D7_0913150	938	39152	787	150	1	21
PF3D7_1438700	4592	35498	2543	2049	0	65
PF3D7_0822300	719	39371	486	233	0	12
PF3D7_1461700	1874	38216	1220	649	5	74
PF3D7_1358200	19989	20101	13329	6660	0	2233
PF3D7_0114100	24257	15833	15581	8613	63	6
PF3D7_0405500	5977	34113	4001	1975	1	166
PF3D7_0211900	4166	35924	2346	1819	1	174
PF3D7_0919800	20074	20016	11915	8159	0	1783
PF3D7_1355900	4964	35126	1790	3167	7	308
PF3D7_0917900	14168	25922	11213	2955	0	26
PF3D7_0104100	17605	22485	7575	10030	0	6691
PF3D7_1343300	10147	29943	3369	6777	1	529
PF3D7_1403300	12004	28086	3985	7823	196	1034
PF3D7_0505300	6684	33406	4250	2426	8	220
PF3D7_1225200	17254	22836	9866	7388	0	542
PF3D7_1010500	1938	38152	1117	820	1	56
PF3D7_1233200	21590	18500	12328	9262	0	2731
PF3D7_1347700	9947	30143	1960	7977	10	196
PF3D7_1358800	1795	38295	1467	328	0	6
PF3D7_0310400	12712	27378	7969	4743	0	483
PF3D7_0912200	8627	31463	2626	6001	0	295
PF3D7_1326500	19017	21073	9851	9166	0	1392
PF3D7_0513500	1338	38752	1154	184	0	10
PF3D7_0510700	8512	31578	6988	1524	0	132
PF3D7_1102300	25469	14621	18189	7280	0	179
PF3D7_1119800	1081	39009	494	586	1	26
PF3D7_1145400	11873	28217	6791	5081	1	153
PF3D7_0615800	12246	27844	7828	4418	0	690
PF3D7_1428200	11363	28727	1944	9418	1	435
PF3D7_0204200	1307	38783	693	614	0	31
PF3D7_1103400	16745	23345	12365	4378	2	419
PF3D7_1121400	12496	27594	8207	4287	2	141
PF3D7_1234700	17178	22912	10839	6337	2	726
PF3D7_0725000	18934	21156	12544	6390	0	770
PF3D7_1144900	1211	38879	501	710	0	17
PF3D7_1013100	10930	29160	3686	7240	4	741
PF3D7_1439700	3475	36615	1197	2278	0	115
PF3D7_1427200	2151	37939	1380	771	0	47
PF3D7_0824400	11100	28990	2747	8352	1	172
PF3D7_0417600	22699	17391	18132	4565	2	335
PF3D7_1331300	3018	37072	1580	1438	0	23
PF3D7_1147000	28310	11780	20311	7998	1	3032
PF3D7_1146700	8978	31112	3027	5950	1	571
PF3D7_0521800	12221	27869	10359	1862	0	173
PF3D7_0103200	6848	33242	997	5851	0	146
PF3D7_1459100	11434	28656	6797	4637	0	494
PF3D7_1474100	699	39391	292	407	0	32
PF3D7_1121800	15896	24194	10811	5085	0	675
PF3D7_0517100	7046	33044	2036	5009	1	209
PF3D7_1142700	9775	30315	2382	7384	9	720
PF3D7_0606500	6432	33658	2154	4277	1	268
PF3D7_0419200	931	39159	596	335	0	32
PF3D7_0609800	2387	37703	1541	845	1	16
PF3D7_0502200	3120	36970	468	2652	0	189
PF3D7_0111600	1790	38300	348	1441	1	105
PF3D7_0801700	24502	15588	17863	6639	0	1610
PF3D7_1324800	8224	31866	6529	1695	0	160
PF3D7_1323200	2036	38054	1730	306	0	22
PF3D7_0921800	5017	35073	3924	1093	0	92
PF3D7_1024400	3980	36110	929	3051	0	323
PF3D7_0421900	3715	36375	253	3462	0	42
PF3D7_1315700	6995	33095	1028	5967	0	182
PF3D7_1410600	5050	35040	3732	1318	0	29
PF3D7_0628600	6817	33273	2093	4724	0	77
PF3D7_0518500	22627	17463	17834	4792	1	492
PF3D7_1107400	8001	32089	2443	5558	0	19
PF3D7_1214400	1992	38098	959	1033	0	31
PF3D7_1322500	10624	29466	6662	3962	0	305
PF3D7_0720400	13531	26559	5005	8526	0	150
PF3D7_0806200	17378	22712	10312	7066	0	198
PF3D7_1466400	9400	30690	1502	7897	1	322
PF3D7_0530400	20119	19971	10895	9223	1	2318
PF3D7_1128100	2227	37863	871	1354	2	71
PF3D7_0808000	20202	19888	12025	8174	3	837
PF3D7_1315800	4109	35981	2086	2023	0	171
PF3D7_1304900	2394	37696	1916	476	2	26
PF3D7_0220200	2410	37680	1106	1304	0	26
PF3D7_1456800	8391	31699	3905	4486	0	145
PF3D7_0207700	27497	12593	23318	4179	0	1423
PF3D7_0826100	28398	11692	20632	7766	0	4713
PF3D7_0911300	19959	20131	11460	8498	1	3934
PF3D7_0823400	6963	33127	5290	1673	0	106
PF3D7_1442100	1720	38370	1292	428	0	25
PF3D7_1332500	7537	32553	2098	5437	2	42
PF3D7_0113100	26339	13751	17985	8216	138	6224
PF3D7_0214900	25349	14741	20308	5040	1	559
PF3D7_1225700	11091	28999	4924	6167	0	686
PF3D7_0202900	4524	35566	2291	2233	0	118
PF3D7_1470400	2333	37757	1329	1002	2	55
PF3D7_0913900	16272	23818	6823	9449	0	1331
PF3D7_1017700	20261	19829	10615	9645	1	626
PF3D7_0718500	2888	37202	2267	621	0	32
PF3D7_1448900	1258	38832	925	333	0	21
PF3D7_0207800	22622	17468	19359	3263	0	408
PF3D7_0708000	11560	28530	5567	5992	1	298
PF3D7_0721000	38908	1182	38196	712	0	652
PF3D7_0727800	17529	22561	8527	9001	1	2071
PF3D7_1249600	18896	21194	11801	7093	2	566
PF3D7_0618400	6453	33637	2942	3509	2	301
PF3D7_1249900	12590	27500	7386	5204	0	319
PF3D7_0404100	38167	1923	35970	1768	429	292
PF3D7_1144400	16524	23566	8883	7641	0	1892
PF3D7_1434300	5453	34637	4142	1311	0	98
PF3D7_1222300	10269	29821	8730	1539	0	94
PF3D7_1316300	3549	36541	1779	1769	1	46
PF3D7_0424800	9302	30788	2590	6616	96	127
PF3D7_0805400	1559	38531	620	939	0	57
PF3D7_1206300	38114	1976	36303	1811	0	454
PF3D7_0410700	10396	29694	7519	2877	0	258
PF3D7_1414400	1939	38151	602	1337	0	4
PF3D7_1465300	11585	28505	6527	5058	0	682
PF3D7_0936100	3005	37085	567	2436	2	113
PF3D7_0905700	10927	29163	3046	7881	0	121
PF3D7_0802500	14309	25781	6515	7794	0	663
PF3D7_0819900	3906	36184	3631	275	0	22
PF3D7_1116100	17764	22326	10075	7688	1	1181
PF3D7_1361300	6195	33895	3036	3158	1	152
PF3D7_1027800	5878	34212	5268	610	0	21
PF3D7_1476600	17332	22758	8474	8338	520	1670
PF3D7_1368200	11797	28293	9299	2498	0	61
PF3D7_1426800	19455	20635	10189	9266	0	785
PF3D7_0828800	16856	23234	8022	8834	0	490
PF3D7_1017500	867	39223	307	560	0	12
PF3D7_0721200	14292	25798	5952	8338	2	841
PF3D7_0619800	32510	7580	28621	3889	0	1439
PF3D7_0904700	1034	39056	159	875	0	59
PF3D7_0710900	10204	29886	2603	7601	0	216
PF3D7_1352500	2030	38060	416	1614	0	39
PF3D7_0628300	4092	35998	2920	1172	0	25
PF3D7_1034500	18029	22061	10335	7693	1	1953
PF3D7_1035900	37256	2834	37084	172	0	18
PF3D7_0626700	6269	33821	3115	3153	1	97
PF3D7_1428800	2875	37215	1413	1460	2	93
PF3D7_1246000	7527	32563	3316	4210	1	174
PF3D7_0515700	3329	36761	1391	1938	0	52
PF3D7_1351400	3529	36561	2850	679	0	32
PF3D7_1112700	27699	12391	22592	5107	0	792
PF3D7_1332200	18264	21826	11772	6492	0	1038
PF3D7_0622800	15726	24364	7842	7882	2	717
PF3D7_0520600	1276	38814	671	605	0	60
PF3D7_1027600	13091	26999	10604	2486	1	157
PF3D7_0209100	8295	31795	5393	2902	0	185
PF3D7_1315100	9352	30738	4639	4712	1	75
PF3D7_1032200	2390	37700	1094	1294	2	83
PF3D7_1410400	15484	24606	5766	9718	0	917
PF3D7_1351300	4668	35422	1067	3491	110	345
PF3D7_1025700	3874	36216	752	3119	3	76
PF3D7_0812200	6452	33638	3206	3246	0	138
PF3D7_1405200	1560	38530	395	1164	1	82
PF3D7_1408900	2654	37436	1436	1218	0	70
PF3D7_1415600	11739	28351	2649	9090	0	1557
PF3D7_0731500	30122	9968	25055	5067	0	1151
PF3D7_0630300	23495	16595	15624	7871	0	791
PF3D7_0525600	4949	35141	1598	3350	1	241
PF3D7_1427800	3038	37052	2159	879	0	46
PF3D7_0716500	6857	33233	3876	2979	2	200
PF3D7_1303000	6853	33237	807	6046	0	52
PF3D7_1313700	4280	35810	2671	1609	0	184
PF3D7_1142300	18773	21317	10912	7861	0	1572
PF3D7_0611600	8709	31381	3468	5241	0	243
PF3D7_0830600	9920	30170	2307	7612	1	348
PF3D7_1215900	11584	28506	1984	9599	1	357
PF3D7_1147200	23337	16753	14997	8338	2	2533
PF3D7_1026400	11392	28698	5047	6344	1	285
PF3D7_0819300	11475	28615	2262	9213	0	1014
PF3D7_1006100	2227	37863	1725	502	0	38
PF3D7_1342000	5100	34990	2451	2646	3	101
PF3D7_1021300	9217	30873	1134	8082	1	191
PF3D7_1220400	11415	28675	1576	9836	3	402
PF3D7_0703000	20582	19508	12648	7931	3	1928
PF3D7_1332000	5942	34148	5237	705	0	64
PF3D7_1210700	19669	20421	11810	7859	0	372
PF3D7_0807200	3097	36993	1045	2052	0	103
PF3D7_0316700	3738	36352	472	3266	0	35
PF3D7_0613200	952	39138	365	587	0	20
PF3D7_0719200	4902	35188	4497	405	0	12
PF3D7_0616500	29974	10116	24652	5322	0	1025
PF3D7_1221600	7262	32828	2920	4342	0	265
PF3D7_1213200	6825	33265	4020	2805	0	123
PF3D7_0310200	39249	841	38350	898	1	347
PF3D7_0207100	25142	14948	18898	6244	0	891
PF3D7_1463500	4277	35813	899	3378	0	52
PF3D7_1127500	5048	35042	1870	3178	0	138
PF3D7_0730300	12410	27680	2996	9411	3	947
PF3D7_1105400	2455	37635	1452	1003	0	22
PF3D7_1369200	18650	21440	10083	8565	2	2778
PF3D7_1133200	30835	9255	27483	3352	0	1055
PF3D7_1203000	10036	30054	4876	5153	7	488
PF3D7_0219800	6208	33882	1115	5093	0	158
PF3D7_1351200	18009	22081	9120	8877	12	1157
PF3D7_0322700	28575	11515	23034	5539	2	2474
PF3D7_1303300	6382	33708	378	6002	2	253
PF3D7_1460400	5301	34789	1907	3394	0	139
PF3D7_1352800	11446	28644	5687	5758	1	317
PF3D7_0322500	24620	15470	21874	2746	0	194
PF3D7_1432100	4002	36088	993	3008	1	76
PF3D7_1308200	20764	19326	13531	7233	0	1381
PF3D7_1448300	22325	17765	16634	5691	0	1696
PF3D7_0911800	1845	38245	629	1216	0	153
PF3D7_0409800	10508	29582	3886	6622	0	294
PF3D7_1120900	530	39560	90	440	0	34
PF3D7_1114600	3235	36855	324	2907	4	231
PF3D7_0203700	26048	14042	23863	2185	0	207
PF3D7_1308300	806	39284	495	311	0	6
PF3D7_0621700	20216	19874	13422	6786	8	725
PF3D7_1324900	7603	32487	5608	1995	0	21
PF3D7_0317100	13100	26990	4189	8911	0	610
PF3D7_1136600	17025	23065	9572	7453	0	1246
PF3D7_1232400	11634	28456	4843	6778	13	278
PF3D7_0318000	7058	33032	6061	997	0	123
PF3D7_0726300	39192	898	38951	241	0	57
PF3D7_1149300	8064	32026	3214	4850	0	249
PF3D7_0812700	3709	36381	706	3003	0	87
PF3D7_1415300	2880	37210	610	2269	1	73
PF3D7_1228000	1536	38554	212	1323	1	49
PF3D7_0605200	5554	34536	4073	1481	0	49
PF3D7_0507900	4606	35484	4346	260	0	26
PF3D7_1107000	2208	37882	1443	765	0	48
PF3D7_1217500	11518	28572	7432	4076	10	71
PF3D7_1140100	1805	38285	1046	759	0	4
PF3D7_1308000	7201	32889	2049	5152	0	434
PF3D7_1438100	3958	36132	2626	1332	0	49
PF3D7_1344200	11479	28611	6230	5249	0	447
PF3D7_1214900	2666	37424	844	1822	0	34
PF3D7_0813900	4378	35712	3459	919	0	7
PF3D7_1416000	4905	35185	2424	2479	2	85
PF3D7_1354300	14844	25246	10081	4762	1	589
PF3D7_1239900	16417	23673	8426	7990	1	254
PF3D7_1451000	13261	26829	6646	6615	0	828
PF3D7_1222800	2984	37106	1821	1163	0	60
PF3D7_1030800	2400	37690	1042	1358	0	93
PF3D7_0406500	39899	191	39642	257	0	121
PF3D7_0503900	14880	25210	6762	8114	4	308
PF3D7_0802400	13825	26265	8010	5812	3	456
PF3D7_0522800	1524	38566	770	754	0	37
PF3D7_1469600	21008	19082	11141	9867	0	5371
PF3D7_1403600	4158	35932	1721	2437	0	73
PF3D7_0614300	7631	32459	3955	3676	0	254
PF3D7_1449200	3677	36413	3062	615	0	36
PF3D7_1319500	267	39823	45	222	0	27
PF3D7_0915100	1781	38309	1238	543	0	7
PF3D7_1122200	4568	35522	2529	2039	0	156
PF3D7_0511200	18114	21976	13573	4541	0	114
PF3D7_0728400	2448	37642	529	1919	0	63
PF3D7_1462000	2471	37619	1909	562	0	47
PF3D7_0817300	24627	15463	18122	6504	1	1109
PF3D7_0805600	4536	35554	2329	2207	0	52
PF3D7_1210000	4188	35902	1647	2541	0	120
PF3D7_0706600	7540	32550	2720	4811	9	611
PF3D7_0421700	20346	19744	9697	10649	0	5405
PF3D7_0307500	12791	27299	8071	4719	1	107
PF3D7_0705500	22362	17728	14928	7434	0	2257
PF3D7_1149600	17333	22757	6818	10513	2	1165
PF3D7_1414800	1365	38725	206	1158	1	93
PF3D7_1445500	1237	38853	238	966	33	87
PF3D7_0915900	1874	38216	205	1669	0	101
PF3D7_1038700	9283	30807	3607	5675	1	111
PF3D7_1210400	14776	25314	7662	7114	0	674
PF3D7_1141900	9933	30157	806	9126	1	431
PF3D7_0107400	730	39360	252	478	0	31
PF3D7_1137500	969	39121	384	585	0	48
PF3D7_1124200	5812	34278	3619	2193	0	166
PF3D7_0206100	3145	36945	1664	1481	0	68
PF3D7_0914700	6880	33210	1534	5346	0	172
PF3D7_0202500	2413	37677	2024	389	0	34
PF3D7_0707900	2859	37231	1561	1298	0	61
PF3D7_0109800	4060	36030	2031	2029	0	184
PF3D7_0821700	1884	38206	1239	645	0	21
PF3D7_0513100	4514	35576	3548	966	0	35
PF3D7_0808200	15714	24376	8646	7067	1	127
PF3D7_1219100	20206	19884	12496	7709	1	453
PF3D7_0408300	6335	33755	3955	2378	2	148
PF3D7_0103400	25724	14366	19120	6601	3	1416
PF3D7_1433500	17779	22311	10053	7726	0	284
PF3D7_1251300	5129	34961	4320	809	0	31
PF3D7_0412200	10759	29331	947	9812	0	114
PF3D7_0108500	27155	12935	19239	7909	7	309
PF3D7_0105400	1015	39075	246	769	0	61
PF3D7_1018000	11828	28262	2964	8864	0	391
PF3D7_1352000	27402	12688	23501	3901	0	1735
PF3D7_0416000	7804	32286	4766	3038	0	178
PF3D7_1342200	19168	20922	9421	9682	65	1185
PF3D7_0810300	8750	31340	1823	6927	0	97
PF3D7_0904800	5022	35068	1826	3196	0	55
PF3D7_0726100	38434	1656	19538	4546	14350	440
PF3D7_0716900	8340	31750	945	7395	0	18
PF3D7_0422100	10091	29999	2010	8081	0	222
PF3D7_1321400	5208	34882	3916	1288	4	88
PF3D7_1002000	7082	33008	4425	2657	0	125
PF3D7_0210000	1760	38330	589	1171	0	4
PF3D7_1223300	12866	27224	8899	3967	0	322
PF3D7_0113400	17608	22482	13346	3885	377	315
PF3D7_0625600	9207	30883	4010	5197	0	99
PF3D7_1206700	4548	35542	370	4177	1	249
PF3D7_0316800	900	39190	476	424	0	5
PF3D7_0819800	15519	24571	6719	8799	1	1159
PF3D7_0723200	4233	35857	2356	1876	1	67
PF3D7_1455000	2382	37708	1307	1075	0	32
PF3D7_1222700	880	39210	523	357	0	25
PF3D7_0417500	8818	31272	7914	901	3	61
PF3D7_0904100	16849	23241	8248	8600	1	1270
PF3D7_0606400	6246	33844	3508	2738	0	23
PF3D7_0624200	3813	36277	1853	1960	0	209
PF3D7_1462500	12787	27303	8768	4018	1	343
PF3D7_1437300	1756	38334	777	979	0	85
PF3D7_0314900	6361	33729	3143	3217	1	227
PF3D7_0104500	11946	28144	8059	3886	1	52
PF3D7_0218100	5603	34487	3371	2232	0	108
PF3D7_0413800	10023	30067	7814	2209	0	53
PF3D7_1435800	6990	33100	2400	4590	0	231
PF3D7_0914100	22696	17394	13663	9033	0	1705
PF3D7_1117100	8265	31825	2065	6200	0	162
PF3D7_1145600	8928	31162	1632	7295	1	456
