gene_id	c_exc_s	c_inc_s	c_missing	c_het_calls	c_stop_codon	c_unq_h
PF3D7_0203100	18361	6064	14396	3965	0	916
PF3D7_1351800	2698	21727	261	2429	8	170
PF3D7_0819100	6377	18048	467	5910	0	99
PF3D7_1342400	6238	18187	4449	1789	0	78
PF3D7_0826200	6682	17743	844	5837	1	367
PF3D7_1335900	11159	13266	5859	5296	4	2764
PF3D7_0205700	2444	21981	1968	476	0	59
PF3D7_1242900	791	23634	301	489	1	30
PF3D7_1362600	3687	20738	1951	1735	1	88
PF3D7_1360300	4493	19932	530	3963	0	264
PF3D7_0411900	13442	10983	7413	6028	1	703
PF3D7_1348700	8597	15828	6795	1802	0	195
PF3D7_1448800	1906	22519	450	1456	0	96
PF3D7_1020700	10319	14106	7331	2988	0	362
PF3D7_0936400	1852	22573	469	1381	2	89
PF3D7_1221600	4785	19640	1236	3549	0	252
PF3D7_0702500	4434	19991	636	3786	12	108
PF3D7_0918000	1504	22921	448	1056	0	67
PF3D7_1342800	4686	19739	3772	914	0	66
PF3D7_0321600	5939	18486	1786	4153	0	353
PF3D7_0914500	10888	13537	4045	6843	0	1890
PF3D7_1121800	9486	14939	5837	3649	0	543
PF3D7_1232100	6688	17737	4615	2073	0	76
PF3D7_0929200	2629	21796	2155	474	0	35
PF3D7_1308200	12305	12120	7168	5137	0	1084
PF3D7_0302000	8327	16098	3366	4961	0	206
PF3D7_0920200	8198	16227	4091	4106	1	379
PF3D7_0831400	7737	16688	2259	5471	7	394
PF3D7_0203000	16430	7995	13059	3369	2	776
PF3D7_0208400	14932	9493	8769	6160	3	1176
PF3D7_0808000	15745	8680	10922	4816	7	525
PF3D7_0709900	15316	9109	10678	4637	1	1112
PF3D7_0405900	8981	15444	1752	7227	2	400
PF3D7_1236100	2752	21673	1391	1361	0	92
PF3D7_1401800	1869	22556	287	1580	2	69
PF3D7_0810700	3887	20538	1410	2476	1	16
PF3D7_1332200	10637	13788	6308	4329	0	791
PF3D7_0309800	1841	22584	770	1071	0	66
PF3D7_1325400	19611	4814	15289	4322	0	1341
PF3D7_1328900	4474	19951	1351	3106	17	70
PF3D7_1247900	3543	20882	862	2681	0	57
PF3D7_0211400	2474	21951	1854	620	0	58
PF3D7_1214800	4341	20084	2779	1562	0	29
PF3D7_1024200	878	23547	437	441	0	46
PF3D7_1472700	13288	11137	10158	3129	1	327
PF3D7_0606000	8360	16065	1444	6916	0	1739
PF3D7_0521400	4951	19474	2814	2132	5	156
PF3D7_0512400	1895	22530	316	1579	0	122
PF3D7_0917000	9589	14836	3721	5867	1	910
PF3D7_0704700	9770	14655	2145	7625	0	944
PF3D7_0621100	9101	15324	3001	6099	1	707
PF3D7_0204400	1461	22964	710	751	0	26
PF3D7_1132000	9894	14531	5575	4319	0	392
PF3D7_1015000	5441	18984	2984	2455	2	88
PF3D7_1009200	7618	16807	1371	6247	0	560
PF3D7_1301900	3761	20664	536	3225	0	38
PF3D7_0423500	1590	22835	665	922	3	32
PF3D7_1408500	1775	22650	701	1074	0	122
PF3D7_0319300	575	23850	175	400	0	13
PF3D7_0211500	10756	13669	6513	4243	0	370
PF3D7_0304300	8496	15929	2694	5802	0	925
PF3D7_0519300	16423	8002	11574	4849	0	304
PF3D7_1011300	8069	16356	6978	1091	0	164
PF3D7_1304700	2487	21938	1183	1304	0	138
PF3D7_0526000	15125	9300	10456	4669	0	527
PF3D7_0321300	10597	13828	4151	6446	0	1341
PF3D7_0827500	1929	22496	797	1132	0	90
PF3D7_0612100	11128	13297	8357	2770	1	146
PF3D7_0625300	19032	5393	13065	5967	0	462
PF3D7_0825600	344	24081	110	234	0	27
PF3D7_1229700	748	23677	552	196	0	28
PF3D7_1143300	3265	21160	712	2553	0	103
PF3D7_1220000	4446	19979	1355	3091	0	95
PF3D7_1212000	907	23518	301	606	0	52
PF3D7_1458800	6375	18050	1691	4683	1	557
PF3D7_0113900	7122	17303	1825	5292	5	87
PF3D7_1442400	10428	13997	2647	7778	3	1617
PF3D7_0609300	12961	11464	8483	4477	1	470
PF3D7_0501900	3910	20515	871	3039	0	99
PF3D7_0310900	4261	20164	1294	2966	1	285
PF3D7_1301500	2031	22394	982	1013	36	104
PF3D7_1033600	9675	14750	5778	3897	0	401
PF3D7_1355900	3003	21422	928	2072	3	267
PF3D7_1405800	7156	17269	779	6377	0	707
PF3D7_0925600	911	23514	321	590	0	10
PF3D7_1214900	1865	22560	449	1416	0	33
PF3D7_1332800	2457	21968	1650	807	0	21
PF3D7_0931700	9085	15340	5013	4072	0	322
PF3D7_0106500	13324	11101	6181	7143	0	1182
PF3D7_0828500	2526	21899	923	1603	0	90
PF3D7_0918700	10780	13645	5264	5512	4	812
PF3D7_1348600	2358	22067	1356	1002	0	86
PF3D7_0711000	9631	14794	2733	6898	0	345
PF3D7_0611800	17717	6708	14318	3399	0	1165
PF3D7_0509800	16602	7823	12108	4494	0	526
PF3D7_0620100	304	24121	65	239	0	19
PF3D7_1426700	8296	16129	3188	5107	1	250
PF3D7_0501500	4417	20008	3314	1103	0	60
PF3D7_1477300	5875	18550	1849	4026	0	174
PF3D7_1361600	4072	20353	995	3077	0	56
PF3D7_1302500	12994	11431	7660	5310	24	1251
PF3D7_1445900	3070	21355	870	2199	1	39
PF3D7_1016700	8804	15621	2802	6001	1	991
PF3D7_1350200	1558	22867	1314	244	0	11
PF3D7_1144200	4034	20391	909	3125	0	236
PF3D7_0916200	10559	13866	5513	5046	0	496
PF3D7_0614900	6166	18259	665	5501	0	356
PF3D7_1320700	15651	8774	5872	5433	4346	1158
PF3D7_0106300	9562	14863	4198	5364	0	440
PF3D7_1303400	12826	11599	9202	3623	1	678
PF3D7_0108700	21452	2973	18094	3356	2	487
PF3D7_0811100	1433	22992	697	736	0	48
PF3D7_0220600	2058	22367	1112	946	0	55
PF3D7_1238900	5472	18953	1137	4335	0	155
PF3D7_1217700	15855	8570	8652	7203	0	279
PF3D7_1357200	5776	18649	3467	2306	3	267
PF3D7_1364600	11970	12455	7792	4178	0	370
PF3D7_1023100	21980	2445	20284	1696	0	411
PF3D7_0315000	1721	22704	1146	575	0	31
PF3D7_1205900	9511	14914	5446	4065	0	381
PF3D7_1402200	1336	23089	442	894	0	65
PF3D7_0415900	1889	22536	812	1077	0	12
PF3D7_0318700	2197	22228	76	2121	0	68
PF3D7_1421900	1071	23354	262	808	1	61
PF3D7_1356500	1320	23105	499	821	0	68
PF3D7_0319200	7087	17338	2230	4857	0	515
PF3D7_1242100	274	24151	158	116	0	24
PF3D7_0915900	1254	23171	106	1148	0	84
PF3D7_1464700	5059	19366	2976	2083	0	45
PF3D7_0724500	2090	22335	1152	938	0	103
PF3D7_1413100	5922	18503	439	5476	7	451
PF3D7_1213500	3442	20983	1063	2379	0	200
PF3D7_1302400	1295	23130	504	791	0	48
PF3D7_0314800	5213	19212	1126	4086	1	438
PF3D7_1329600	12228	12197	11527	701	0	89
PF3D7_1433800	17930	6495	12286	5643	1	1142
PF3D7_1025600	344	24081	149	195	0	13
PF3D7_0823900	2206	22219	1293	913	0	61
PF3D7_0520500	1122	23303	584	538	0	47
PF3D7_0204500	7276	17149	2705	4571	0	139
PF3D7_0911700	12883	11542	10260	2623	0	288
PF3D7_1224900	1409	23016	1160	249	0	14
PF3D7_0812300	5208	19217	2366	2841	1	108
PF3D7_1459100	6890	17535	3761	3129	0	424
PF3D7_1223300	7614	16811	5013	2601	0	264
PF3D7_1422000	1356	23069	1129	227	0	9
PF3D7_0211700	21173	3252	18309	2864	0	1289
PF3D7_0510000	15928	8497	13822	2106	0	164
PF3D7_0525800	2720	21705	805	1915	0	46
PF3D7_1412000	2206	22219	326	1879	1	83
PF3D7_1363800	8091	16334	4417	3673	1	258
PF3D7_1368800	12912	11513	6614	6293	5	1972
PF3D7_0209800	4744	19681	3344	1399	1	13
PF3D7_0312900	4197	20228	2704	1481	12	146
PF3D7_1107500	1625	22800	982	643	0	62
PF3D7_0817800	583	23842	365	218	0	14
PF3D7_0532500	8660	15765	966	7640	54	67
PF3D7_1411400	10463	13962	4714	5749	0	800
PF3D7_1422400	16327	8098	11162	5163	2	1938
PF3D7_1218600	6669	17756	4384	2285	0	119
PF3D7_1471200	6211	18214	3889	2322	0	51
PF3D7_0417900	9557	14868	3314	6243	0	564
PF3D7_0512500	5327	19098	2352	2975	0	221
PF3D7_1209100	4892	19533	529	4363	0	672
PF3D7_1319400	7717	16708	2157	5560	0	345
PF3D7_1251200	6767	17658	2065	4702	0	208
PF3D7_1136100	4231	20194	1742	2489	0	361
PF3D7_1325800	13794	10631	8890	4901	3	700
PF3D7_0917700	2578	21847	1211	1366	1	123
PF3D7_0215000	12689	11736	7110	5579	0	680
PF3D7_0323300	2485	21940	996	1487	2	146
PF3D7_0609900	15953	8472	12831	3122	0	476
PF3D7_1450200	1167	23258	540	627	0	53
PF3D7_0515600	11066	13359	6925	4141	0	436
PF3D7_0303700	4439	19986	1457	2982	0	198
PF3D7_1444800	3132	21293	1606	1526	0	57
PF3D7_0424600	6552	17873	1632	4919	1	125
PF3D7_0930700	2397	22028	1047	1350	0	120
PF3D7_1405400	8341	16084	3383	4957	1	721
PF3D7_1026900	1998	22427	951	1047	0	64
PF3D7_0724100	11335	13090	6842	4493	0	558
PF3D7_0722500	4183	20242	2544	1639	0	93
PF3D7_1463300	4077	20348	2519	1558	0	122
PF3D7_1129600	14756	9669	11242	3514	0	811
PF3D7_1231900	7021	17404	2168	4850	3	510
PF3D7_0814100	2419	22006	1957	462	0	16
PF3D7_0911300	13047	11378	7424	5622	1	2702
PF3D7_1226300	1256	23169	340	916	0	20
PF3D7_1454400	7640	16785	3157	4483	0	320
PF3D7_0808400	5907	18518	975	4932	0	69
PF3D7_1340700	7306	17119	6897	409	0	15
PF3D7_0403700	15721	8704	11903	3809	9	448
PF3D7_1411100	4698	19727	1099	3599	0	39
PF3D7_0726400	15819	8606	8715	7103	1	3220
PF3D7_0825300	639	23786	106	532	1	41
PF3D7_1137400	3167	21258	1230	1937	0	93
PF3D7_0513800	1202	23223	307	895	0	10
PF3D7_1318600	6154	18271	4194	1960	0	171
PF3D7_0935400	7526	16899	1237	6288	1	447
PF3D7_1326000	2063	22362	1471	591	1	39
PF3D7_1422800	6381	18044	1271	5110	0	190
PF3D7_0724000	11144	13281	2430	8713	1	747
PF3D7_0407600	12529	11896	7853	4676	0	735
PF3D7_1361800	15984	8441	13068	2916	0	523
PF3D7_1419700	5445	18980	1863	3582	0	180
PF3D7_1346600	1552	22873	738	814	0	97
PF3D7_1339600	4824	19601	298	4526	0	490
PF3D7_1324500	9184	15241	5809	3375	0	357
PF3D7_1352300	7877	16548	1682	6195	0	384
PF3D7_1461300	1305	23120	245	1060	0	1
PF3D7_1475900	14049	10376	9470	4579	0	2016
PF3D7_1337700	5253	19172	2505	2746	2	190
PF3D7_0217500	7436	16989	6305	1131	0	21
PF3D7_1135400	2991	21434	268	2723	0	47
PF3D7_0418500	5062	19363	1146	3916	0	25
PF3D7_1132700	2765	21660	2026	739	0	76
PF3D7_0903100	2097	22328	152	1945	0	65
PF3D7_1429000	2106	22319	528	1578	0	94
PF3D7_1321300	15772	8653	11268	4495	9	1789
PF3D7_1357400	8701	15724	3718	4983	0	739
PF3D7_1145000	6761	17664	2666	4095	0	430
PF3D7_1114500	2421	22004	521	1895	5	222
PF3D7_1473200	7576	16849	3051	4525	0	376
PF3D7_1336400	4358	20067	864	3494	0	38
PF3D7_1337500	24351	74	24309	42	0	35
PF3D7_0419400	17240	7185	12957	4280	3	1780
PF3D7_1351200	11468	12957	5479	5980	9	923
PF3D7_0629700	21349	3076	18762	2587	0	895
PF3D7_0915600	1635	22790	275	1360	0	158
PF3D7_0931900	1464	22961	757	707	0	65
PF3D7_1349300	15152	9273	10162	4924	66	702
PF3D7_1123800	8583	15842	3424	5159	0	450
PF3D7_1425300	3741	20684	2121	1620	0	105
PF3D7_1437400	8031	16394	3590	4441	0	488
PF3D7_1326800	1369	23056	269	1100	0	177
PF3D7_1236200	19560	4865	17391	2166	3	423
PF3D7_0827300	16827	7598	13553	3273	1	496
PF3D7_1425400	7975	16450	1895	6079	1	887
PF3D7_1410400	9461	14964	3121	6339	1	744
PF3D7_1308300	608	23817	393	215	0	6
PF3D7_0622500	3170	21255	750	2420	0	217
PF3D7_1431400	8545	15880	3506	5037	2	510
PF3D7_0619600	8098	16327	653	7445	0	1261
PF3D7_0716700	15212	9213	11346	3866	0	1764
PF3D7_0614100	12756	11669	7475	5281	0	882
PF3D7_1406400	4990	19435	3328	1662	0	178
PF3D7_1119100	4524	19901	1734	2789	1	98
PF3D7_0916300	3509	20916	1473	1997	39	51
PF3D7_1228500	2027	22398	1129	891	7	105
PF3D7_0929500	3464	20961	3038	426	0	34
PF3D7_1466100	7820	16605	4574	3245	1	173
PF3D7_1348300	9561	14864	4596	4965	0	599
PF3D7_1459700	2574	21851	992	1580	2	130
PF3D7_0922500	5193	19232	3777	1416	0	52
PF3D7_1131600	14822	9603	10294	4527	1	1409
PF3D7_1318800	5367	19058	2776	2591	0	44
PF3D7_0916400	15215	9210	9748	5464	3	3122
PF3D7_0827000	12404	12021	7858	4427	119	1452
PF3D7_0922600	7686	16739	2480	5206	0	71
PF3D7_1349400	6831	17594	3506	3317	8	144
PF3D7_0311200	11194	13231	6739	4455	0	771
PF3D7_1353800	1208	23217	354	854	0	34
PF3D7_1419800	3465	20960	1289	2176	0	120
PF3D7_1328800	1728	22697	1151	575	2	36
PF3D7_0613200	602	23823	189	413	0	13
PF3D7_0612500	2884	21541	2637	247	0	31
PF3D7_1439700	2559	21866	861	1698	0	103
PF3D7_0830700	1645	22780	638	1007	0	64
PF3D7_1362400	14144	10281	9008	5135	1	1201
PF3D7_0527100	1401	23024	928	473	0	8
PF3D7_0314100	2314	22111	1556	758	0	42
PF3D7_0500800	22907	1518	21235	1672	0	93
PF3D7_0104200	6656	17769	1165	5491	0	245
PF3D7_0624500	384	24041	41	343	0	6
PF3D7_0907500	2029	22396	1464	565	0	41
PF3D7_1035500	12188	12237	8489	3699	0	140
PF3D7_1352000	19386	5039	17333	2053	0	1031
PF3D7_1433900	11939	12486	3374	8558	7	1524
PF3D7_1251100	2082	22343	380	1702	0	109
PF3D7_0816500	1369	23056	799	570	0	17
PF3D7_0807100	11694	12731	4163	7531	0	774
PF3D7_1465600	6678	17747	2397	4281	0	263
PF3D7_1432800	6047	18378	2116	3930	1	356
PF3D7_1127900	4176	20249	1131	3044	1	136
PF3D7_0908900	22394	2031	19582	2812	0	491
PF3D7_0211300	2361	22064	1818	543	0	59
PF3D7_1206400	2037	22388	1297	739	1	120
PF3D7_0933300	10564	13861	4413	6151	0	512
PF3D7_1002100	14298	10127	12173	2125	0	84
PF3D7_1365600	5863	18562	3183	2677	3	356
PF3D7_1358400	2110	22315	1476	634	0	26
PF3D7_1212800	1946	22479	688	1231	27	103
PF3D7_1006400	5221	19204	2276	2945	0	408
PF3D7_1211600	18075	6350	13717	4358	0	1842
PF3D7_1221800	5891	18534	2955	2936	0	156
PF3D7_1427100	17185	7240	13862	3322	1	382
PF3D7_1205800	19825	4600	16553	3272	0	1378
PF3D7_0513900	1005	23420	335	670	0	96
PF3D7_1359600	16169	8256	12533	3636	0	1435
PF3D7_0904200	5629	18796	1688	3940	1	228
PF3D7_1136900	11106	13319	5723	5383	0	978
PF3D7_1368900	3896	20529	2370	1514	12	212
PF3D7_1115400	6523	17902	3229	3293	1	158
PF3D7_0622600	619	23806	365	254	0	15
PF3D7_0212000	5283	19142	1629	3654	0	68
PF3D7_1003700	12279	12146	7600	4679	0	619
PF3D7_0915800	3242	21183	268	2974	0	84
PF3D7_1466000	4905	19520	3458	1447	0	99
PF3D7_0507300	8297	16128	2944	5349	4	851
PF3D7_0919300	1237	23188	507	730	0	43
PF3D7_1325200	2236	22189	877	1359	0	7
PF3D7_0318000	3796	20629	3096	700	0	108
PF3D7_1004900	5476	18949	1651	3825	0	126
PF3D7_1226800	2612	21813	1938	674	0	64
PF3D7_0804900	8316	16109	1815	6501	0	222
PF3D7_1443500	4019	20406	1511	2508	0	334
PF3D7_0625700	335	24090	155	180	0	21
PF3D7_1206100	4602	19823	3534	1068	0	37
PF3D7_1230600	3649	20776	3296	353	0	24
PF3D7_1468700	4893	19532	4030	862	1	7
PF3D7_0615900	22262	2163	18512	3750	0	730
PF3D7_0102800	4016	20409	787	3229	0	253
PF3D7_0529200	22020	2405	18992	3028	0	220
PF3D7_0210600	3205	21220	2077	1128	0	81
PF3D7_0923100	2411	22014	535	1876	0	76
PF3D7_1211200	11154	13271	5005	6148	1	1206
PF3D7_1401400	1884	22541	200	1684	0	61
PF3D7_1115000	886	23539	328	558	0	45
PF3D7_0806700	24239	186	23951	288	0	126
PF3D7_0626300	5285	19140	2608	2677	0	117
PF3D7_1470700	3747	20678	403	3344	0	331
PF3D7_1331300	1996	22429	898	1098	0	23
PF3D7_1311300	4321	20104	2458	1863	0	62
PF3D7_0719800	4565	19860	2775	1790	0	62
PF3D7_0710100	8495	15930	2112	6383	0	241
PF3D7_0910100	8059	16366	5053	3006	0	137
PF3D7_1023000	3263	21162	740	2522	1	132
PF3D7_1006800	1930	22495	1217	712	1	28
PF3D7_1149400	6833	17592	505	6328	0	107
PF3D7_0810500	2246	22179	1016	1227	3	33
PF3D7_1402300	5051	19374	1955	3096	0	187
PF3D7_0518300	2136	22289	1583	553	0	33
PF3D7_1355300	3036	21389	2243	792	1	46
PF3D7_1402500	1093	23332	656	437	0	46
PF3D7_0213600	18486	5939	14874	3611	1	992
PF3D7_1456800	5242	19183	2145	3097	0	128
PF3D7_0807900	4558	19867	874	3684	0	62
PF3D7_1122800	12475	11950	8406	4069	0	530
PF3D7_1232400	6487	17938	1712	4765	10	230
PF3D7_0810800	6173	18252	1813	4360	0	88
PF3D7_0934000	5485	18940	2189	3295	1	173
PF3D7_1468500	4494	19931	3256	1238	0	15
PF3D7_1362700	24334	91	24166	168	0	53
PF3D7_1434300	3186	21239	2222	964	0	76
PF3D7_1321800	2059	22366	1390	669	0	68
PF3D7_1449100	6593	17832	1037	5556	0	801
PF3D7_1458200	1192	23233	418	771	3	73
PF3D7_0910000	9173	15252	2446	6727	0	1065
PF3D7_0608100	22052	2373	20092	1960	0	189
PF3D7_0512700	2652	21773	1368	1284	0	66
PF3D7_1130400	3593	20832	3006	586	1	31
PF3D7_0801000	24087	338	23451	634	2	60
PF3D7_1475500	9755	14670	7261	2494	0	307
PF3D7_0212300	7579	16846	7209	370	0	7
PF3D7_0208200	1411	23014	447	961	3	61
PF3D7_0930500	10788	13637	5211	5573	4	814
PF3D7_1140300	2252	22173	741	1511	0	107
PF3D7_0605600	15231	9194	11570	3661	0	1654
PF3D7_0221400	9366	15059	4349	4198	819	135
PF3D7_1327700	1206	23219	685	519	2	57
PF3D7_0729700	8844	15581	2054	6790	0	428
PF3D7_0705200	13334	11091	5611	7718	5	1461
PF3D7_0728700	4340	20085	690	3649	1	323
PF3D7_0931300	5165	19260	2486	2679	0	157
PF3D7_1208000	909	23516	524	384	1	32
PF3D7_1334700	2829	21596	2391	438	0	73
PF3D7_0524000	8829	15596	5831	2998	0	49
PF3D7_1007800	8062	16363	2540	5522	0	876
PF3D7_0815200	5246	19179	4335	911	0	40
PF3D7_1332100	4966	19459	1882	3075	9	284
PF3D7_1113300	2657	21768	1361	1296	0	59
PF3D7_0531100	11515	12910	4728	6775	12	2757
PF3D7_1454500	2406	22019	1977	429	0	40
PF3D7_0928500	2521	21904	1027	1491	3	65
PF3D7_0818200	2387	22038	1454	932	1	4
PF3D7_0629900	2325	22100	1258	1067	0	47
PF3D7_1421800	11269	13156	7530	3737	2	178
PF3D7_0516500	5188	19237	4522	666	0	65
PF3D7_0303800	5235	19190	2878	2356	1	209
PF3D7_0418900	4681	19744	1860	2819	2	143
PF3D7_1014400	3447	20978	1140	2307	0	48
PF3D7_0520400	3923	20502	324	3599	0	70
PF3D7_1135600	11955	12470	7515	4419	21	873
PF3D7_0708200	9095	15330	2738	6357	0	624
PF3D7_0623700	9369	15056	4319	5050	0	620
PF3D7_1443000	8733	15692	3768	4962	3	851
PF3D7_1357900	2769	21656	1636	1133	0	112
PF3D7_0831500	2015	22410	443	1565	7	134
PF3D7_0929100	2761	21664	1514	1247	0	110
PF3D7_1215400	6980	17445	3898	3082	0	258
PF3D7_0410400	2586	21839	1771	812	3	61
PF3D7_0306400	5193	19232	4102	1091	0	93
PF3D7_1328400	4300	20125	798	3502	0	297
PF3D7_0220300	3925	20500	1520	2399	6	33
PF3D7_0424400	20720	3705	18839	1598	283	1174
PF3D7_1341500	6651	17774	3691	2960	0	291
PF3D7_1246900	7765	16660	2692	5072	1	466
PF3D7_0929900	1908	22517	1353	555	0	62
PF3D7_1438000	4949	19476	1858	3091	0	184
PF3D7_0803300	2134	22291	517	1617	0	103
PF3D7_1463500	2628	21797	568	2059	1	36
PF3D7_1112900	2337	22088	914	1423	0	125
PF3D7_1346700	5976	18449	1747	4229	0	91
PF3D7_0824100	2671	21754	566	2105	0	239
PF3D7_0110200	2124	22301	1637	487	0	27
PF3D7_1453100	4073	20352	334	3739	0	393
PF3D7_1127300	1320	23105	619	701	0	81
PF3D7_1415700	2246	22179	1031	1214	1	67
PF3D7_1344400	4484	19941	1192	3288	4	408
PF3D7_1224400	5183	19242	1934	3249	0	193
PF3D7_1441900	858	23567	479	379	0	12
PF3D7_0418700	11057	13368	8234	2823	0	440
PF3D7_0813200	3491	20934	2202	1289	0	82
PF3D7_1013800	3911	20514	1177	2732	2	249
PF3D7_0724400	466	23959	284	182	0	8
PF3D7_0318800	2275	22150	842	1433	0	105
PF3D7_1431800	5426	18999	1973	3431	22	439
PF3D7_1108600	6643	17782	3956	2687	0	51
PF3D7_0622300	8373	16052	4158	4212	3	215
PF3D7_1112500	6194	18231	1848	4345	1	149
PF3D7_1035800	23307	1118	22967	340	0	43
PF3D7_0617300	1735	22690	1074	661	0	12
PF3D7_1309700	11315	13110	5211	6101	3	1830
PF3D7_1204100	19712	4713	16855	2857	0	778
PF3D7_1016800	5485	18940	725	4703	57	104
PF3D7_0513000	2430	21995	1856	574	0	40
PF3D7_1238000	1280	23145	1115	165	0	17
PF3D7_0910300	3037	21388	1457	1578	2	150
PF3D7_1129900	6385	18040	1851	4533	1	132
PF3D7_0501600	5523	18902	1458	4065	0	57
PF3D7_1420500	11524	12901	7587	3937	0	418
PF3D7_0622800	10461	13964	5431	5030	0	509
PF3D7_0320700	2525	21900	749	1776	0	46
PF3D7_1423800	22023	2402	21009	1014	0	215
PF3D7_1425900	2464	21961	1248	1215	1	72
PF3D7_0936200	4905	19520	795	4110	0	81
PF3D7_1038600	7620	16805	1780	5839	1	234
PF3D7_0822200	9817	14608	4028	5789	0	1329
PF3D7_0937100	13834	10591	1093	7040	5701	265
PF3D7_1360700	8201	16224	3348	4851	2	516
PF3D7_0524100	12577	11848	2723	9853	1	1100
PF3D7_1461400	4567	19858	742	3825	0	44
PF3D7_0517900	4373	20052	2880	1493	0	114
PF3D7_0923000	2294	22131	1175	1119	0	68
PF3D7_1013600	9274	15151	3455	5819	0	1240
PF3D7_1248900	3328	21097	2215	1112	1	41
PF3D7_1225700	6843	17582	2704	4139	0	527
PF3D7_0714400	1577	22848	496	1081	0	62
PF3D7_1357100	16417	8008	15674	743	0	4
PF3D7_1011200	2127	22298	1150	977	0	36
PF3D7_1402900	18522	5903	14791	3731	0	491
PF3D7_1244800	4880	19545	3873	1007	0	57
PF3D7_1368600	411	24014	80	331	0	13
PF3D7_0629600	1108	23317	514	594	0	72
PF3D7_0830800	16403	8022	11102	5268	33	2987
PF3D7_1303100	6723	17702	555	6167	1	194
PF3D7_1136800	2512	21913	1115	1397	0	75
PF3D7_1211700	6751	17674	5980	771	0	24
PF3D7_1432700	2242	22183	1709	532	1	10
PF3D7_0608700	3982	20443	2951	1031	0	35
PF3D7_0630000	4440	19985	1722	2718	0	78
PF3D7_0312000	3135	21290	2853	282	0	29
PF3D7_1471500	3022	21403	1619	1403	0	89
PF3D7_1024900	18194	6231	15865	2329	0	699
PF3D7_1244200	12513	11912	9598	2915	0	494
PF3D7_1329000	14908	9517	11171	3737	0	622
PF3D7_1215900	7320	17105	1044	6276	0	303
PF3D7_0406700	6207	18218	3169	3035	3	323
PF3D7_0810600	6398	18027	1422	4968	8	144
PF3D7_0811700	7708	16717	2184	5524	0	291
PF3D7_1115200	13289	11136	9982	3307	0	246
PF3D7_1214000	869	23556	488	381	0	35
PF3D7_1461200	688	23737	301	387	0	37
PF3D7_1323700	1204	23221	619	585	0	17
PF3D7_1149100	8203	16222	6738	1464	1	71
PF3D7_1356000	7606	16819	890	6697	19	1197
PF3D7_1028800	1542	22883	963	579	0	29
PF3D7_0828200	9084	15341	4340	4744	0	889
PF3D7_1223100	4245	20180	1204	3041	0	69
PF3D7_1425800	13272	11153	6234	7038	0	491
PF3D7_1017200	4431	19994	3304	1126	1	179
PF3D7_1475300	1783	22642	439	1344	0	76
PF3D7_0510200	7437	16988	3841	3596	0	185
PF3D7_1427900	3474	20951	821	2653	0	29
PF3D7_0530200	2246	22179	646	1600	0	151
PF3D7_1337100	3085	21340	2299	785	1	94
PF3D7_0517600	2824	21601	1067	1756	1	77
PF3D7_0726600	3506	20919	688	2818	0	348
PF3D7_1345600	5574	18851	2184	3390	0	262
PF3D7_0619500	9050	15375	2592	6458	0	722
PF3D7_0108800	4195	20230	3159	1036	0	63
PF3D7_0506800	10399	14026	6550	3849	0	453
PF3D7_1350600	5487	18938	588	4899	0	136
PF3D7_1039000	9194	15231	2752	6442	0	645
PF3D7_0303100	12505	11920	8097	4408	0	947
PF3D7_1442700	13587	10838	7983	5601	3	2142
PF3D7_1429400	23537	888	23022	515	0	336
PF3D7_0521000	4215	20210	1386	2829	0	281
PF3D7_1333900	21044	3381	18694	2350	0	281
PF3D7_0914700	4382	20043	839	3543	0	170
PF3D7_1436200	13049	11376	7429	5620	0	1560
PF3D7_1004600	9916	14509	3255	6661	0	780
PF3D7_1418000	1841	22584	1227	614	0	37
PF3D7_1134300	10142	14283	4449	5693	0	1691
PF3D7_0613800	23360	1065	22604	756	0	657
PF3D7_0603700	4742	19683	1912	2830	0	103
PF3D7_0703700	4656	19769	581	4075	0	178
PF3D7_0109700	4059	20366	754	3305	0	37
PF3D7_0820100	4053	20372	1802	2251	0	118
PF3D7_1030100	11716	12709	8176	3540	0	221
PF3D7_1304100	7260	17165	4050	3209	1	254
PF3D7_1335500	4379	20046	2413	1966	0	44
PF3D7_0511600	5795	18630	5040	755	0	46
PF3D7_1464900	7356	17069	4268	3088	0	111
PF3D7_0612000	1328	23097	1107	221	0	23
PF3D7_1137600	5977	18448	585	5392	0	540
PF3D7_1439400	2673	21752	1276	1397	0	52
PF3D7_0907900	1661	22764	927	734	0	73
PF3D7_1246700	4574	19851	1313	3261	0	214
PF3D7_0621400	6342	18083	2254	4088	0	282
PF3D7_0204000	6518	17907	2043	4469	6	388
PF3D7_1344200	6718	17707	3273	3445	0	382
PF3D7_1129100	8158	16267	2627	5530	1	448
PF3D7_0414900	6521	17904	3934	2587	0	15
PF3D7_1329300	4013	20412	2241	1772	0	86
PF3D7_1251500	7490	16935	3324	4164	2	367
PF3D7_1005000	7528	16897	2280	5247	1	544
PF3D7_0707300	20425	4000	17718	2707	0	642
PF3D7_0730400	1016	23409	488	528	0	11
PF3D7_0519400	4181	20244	954	3227	0	19
PF3D7_1038500	6977	17448	3183	3794	0	104
PF3D7_0609100	6040	18385	2022	4018	0	171
PF3D7_0209100	5055	19370	3001	2054	0	142
PF3D7_0506100	2886	21539	2388	498	0	46
PF3D7_1229900	8394	16031	4443	3949	2	161
PF3D7_0933700	2349	22076	1869	480	0	41
PF3D7_1142100	13906	10519	7778	6127	1	2013
PF3D7_1239200	10528	13897	3822	6706	0	1798
PF3D7_0903400	12613	11812	7175	5438	0	2078
PF3D7_0913100	7049	17376	2593	4456	0	616
PF3D7_1409000	9756	14669	6395	3361	0	331
PF3D7_1236000	3334	21091	179	3155	0	178
PF3D7_1305700	3463	20962	478	2984	1	87
PF3D7_0726300	22138	2287	20643	1495	0	160
PF3D7_0605500	6849	17576	5225	1623	1	185
PF3D7_1028400	10709	13716	8256	2452	1	170
PF3D7_0912500	3875	20550	1527	2348	0	139
PF3D7_0725100	20706	3719	18693	2013	0	1550
PF3D7_1317700	2055	22370	149	1906	0	65
PF3D7_1215100	5717	18708	1587	4130	0	392
PF3D7_0212100	20301	4124	17818	2480	3	655
PF3D7_1033200	6617	17808	1476	5140	1	249
PF3D7_1110800	2356	22069	1833	523	0	91
PF3D7_0717600	5035	19390	1790	3244	1	290
PF3D7_0414100	13942	10483	8580	5361	1	684
PF3D7_1359900	15658	8767	10923	4735	0	1249
PF3D7_1222500	3927	20498	2400	1526	1	75
PF3D7_1113100	625	23800	104	521	0	24
PF3D7_0806800	6959	17466	3520	3438	1	170
PF3D7_1246300	8411	16014	3535	4876	0	352
PF3D7_1124900	1288	23137	937	351	0	25
PF3D7_1102500	9406	15019	3906	5500	0	425
PF3D7_0520200	6095	18330	2959	3135	1	326
PF3D7_1013400	8611	15814	3866	4745	0	522
PF3D7_0923800	6561	17864	3057	3503	1	131
PF3D7_1309300	6712	17713	2164	4547	1	526
PF3D7_1301700	2635	21790	1957	678	0	39
PF3D7_1133400	11743	12682	5724	6019	0	1860
PF3D7_1328600	2890	21535	1774	1116	0	115
PF3D7_0827800	20468	3957	15176	5292	0	1418
PF3D7_0713100	14383	10042	5292	8629	462	236
PF3D7_0629800	11391	13034	4895	6496	0	324
PF3D7_1203100	2396	22029	761	1633	2	127
PF3D7_1440300	2811	21614	814	1996	1	168
PF3D7_0802900	731	23694	387	343	1	29
PF3D7_1446600	1419	23006	665	754	0	11
PF3D7_1438400	18793	5632	13629	5164	0	1662
PF3D7_1302900	8962	15463	1348	7614	0	814
PF3D7_1235000	3452	20973	1761	1691	0	126
PF3D7_1356700	1341	23084	413	928	0	102
PF3D7_0706200	996	23429	578	417	1	43
PF3D7_1200700	11474	12951	5477	5997	0	363
PF3D7_1035400	18775	5650	14141	3183	1451	49
PF3D7_1026800	1835	22590	1432	403	0	13
PF3D7_1433200	8956	15469	2718	6237	1	904
PF3D7_1111700	6482	17943	1262	5220	0	456
PF3D7_0727100	18301	6124	14686	3614	1	789
PF3D7_0312500	5661	18764	1195	4462	4	291
PF3D7_0612800	8732	15693	2739	5993	0	215
PF3D7_0914900	6709	17716	1078	5630	1	442
PF3D7_1120900	370	24055	46	324	0	25
PF3D7_0703500	13121	11304	8139	4982	0	919
PF3D7_1029100	17189	7236	12354	4835	0	847
PF3D7_1329100	12387	12038	7977	4410	0	809
PF3D7_1232300	1092	23333	416	675	1	37
PF3D7_0825900	6797	17628	2690	4107	0	353
PF3D7_1409500	11146	13279	4434	6708	4	1457
PF3D7_1329900	9494	14931	6004	3490	0	312
PF3D7_1470600	4988	19437	1144	3844	0	371
PF3D7_0407200	1391	23034	529	862	0	95
PF3D7_1439000	1446	22979	438	1008	0	86
PF3D7_0503300	2186	22239	397	1789	0	62
PF3D7_0710400	7445	16980	368	7077	0	274
PF3D7_1147800	22851	1574	21963	888	0	196
PF3D7_1352900	9991	14434	3492	6499	0	1675
PF3D7_0220500	7259	17166	6551	708	0	23
PF3D7_0906600	4923	19502	1362	3559	2	354
PF3D7_1244000	6349	18076	1711	4637	1	452
PF3D7_1469000	1869	22556	382	1487	0	84
PF3D7_1241800	11244	13181	7782	3462	0	473
PF3D7_0218300	4372	20053	2049	2322	1	159
PF3D7_1233400	5597	18828	2746	2850	1	280
PF3D7_1343300	6119	18306	1829	4290	0	412
PF3D7_1449600	5826	18599	1302	4524	0	323
PF3D7_1241300	4783	19642	795	3988	0	229
PF3D7_0813400	4332	20093	1626	2705	1	171
PF3D7_1430000	5217	19208	558	4659	0	109
PF3D7_1019100	20796	3629	16578	4217	1	1102
PF3D7_0731200	1350	23075	587	763	0	96
PF3D7_0322800	2448	21977	1278	1170	0	86
PF3D7_0321100	16659	7766	11155	5499	5	1007
PF3D7_1459800	1437	22988	834	603	0	44
PF3D7_1411000	14999	9426	5050	9949	0	946
PF3D7_1339900	7792	16633	3981	3809	2	395
PF3D7_1329200	3044	21381	672	2371	1	109
PF3D7_1022500	6903	17522	5437	1466	0	61
PF3D7_1224600	1844	22581	766	1078	0	46
PF3D7_0528100	11301	13124	7725	3576	0	117
PF3D7_0519800	7794	16631	5415	2379	0	211
PF3D7_1109200	6187	18238	3554	2633	0	122
PF3D7_1333100	17408	7017	14706	2701	1	362
PF3D7_0113700	3484	20941	629	2855	0	97
PF3D7_0308300	5465	18960	468	4997	0	207
PF3D7_0914400	1629	22796	837	792	0	20
PF3D7_0606300	470	23955	326	144	0	15
PF3D7_1112100	18018	6407	14799	3200	19	967
PF3D7_1305600	4644	19781	971	3673	0	57
PF3D7_1352500	1373	23052	263	1110	0	32
PF3D7_1467900	9451	14974	2814	6637	0	661
PF3D7_1106000	4430	19995	673	3757	0	60
PF3D7_0929700	3291	21134	1580	1710	1	139
PF3D7_1134800	3686	20739	2192	1493	1	81
PF3D7_0507100	5890	18535	4035	1854	1	47
PF3D7_1031300	14902	9523	10624	4278	0	550
PF3D7_1111300	1899	22526	847	1052	0	89
PF3D7_1028500	13804	10621	7780	6018	6	593
PF3D7_0212200	4824	19601	4468	355	1	62
PF3D7_0205300	6193	18232	1498	4695	0	429
PF3D7_0409500	3277	21148	1393	1884	0	34
PF3D7_0925500	2945	21480	998	1947	0	35
PF3D7_1361900	2306	22119	2068	238	0	12
PF3D7_1417900	2012	22413	705	1307	0	56
PF3D7_1138600	4072	20353	2509	1563	0	218
PF3D7_0623300	7588	16837	2835	4753	0	54
PF3D7_0106100	2001	22424	658	1343	0	37
PF3D7_0415300	19358	5067	17323	2035	0	288
PF3D7_1251800	6554	17871	2890	3664	0	456
PF3D7_0513600	13838	10587	9682	4155	1	863
PF3D7_1334600	4773	19652	3308	1462	3	149
PF3D7_0114700	12090	12335	1726	7288	3076	548
PF3D7_0919400	2550	21875	1205	1345	0	159
PF3D7_1330100	788	23637	117	671	0	50
PF3D7_0928300	3047	21378	1414	1633	0	141
PF3D7_1359400	3470	20955	1003	2467	0	99
PF3D7_0630900	9827	14598	2047	7776	4	159
PF3D7_0716100	14667	9758	10213	4454	0	300
PF3D7_0320500	4382	20043	239	4142	1	142
PF3D7_1019400	1147	23278	963	184	0	6
PF3D7_1246500	5974	18451	1142	4831	1	231
PF3D7_0936700	6359	18066	3930	2324	105	214
PF3D7_1370300	6744	17681	2928	3816	0	51
PF3D7_1128500	12825	11600	8794	4031	0	411
PF3D7_1327500	7405	17020	1804	5601	0	373
PF3D7_1005700	8179	16246	3639	4539	1	552
PF3D7_0929300	12183	12242	8273	3910	0	342
PF3D7_0808300	6119	18306	768	5351	0	40
PF3D7_0906300	2056	22369	221	1831	4	272
PF3D7_1416800	5341	19084	1527	3814	0	296
PF3D7_1334800	2718	21707	1983	735	0	95
PF3D7_0205600	2570	21855	1243	1327	0	97
PF3D7_0914200	3781	20644	2057	1724	0	58
PF3D7_0310200	24323	102	24212	111	0	46
PF3D7_1432300	11708	12717	6290	5418	0	1247
PF3D7_0507800	23081	1344	22341	740	0	533
PF3D7_1425700	3003	21422	1494	1509	0	103
PF3D7_1001700	6099	18326	646	4857	596	115
PF3D7_0827900	9066	15359	5684	3381	1	72
PF3D7_1143400	1595	22830	1265	330	0	4
PF3D7_0528600	4868	19557	1618	3250	0	51
PF3D7_0827200	15201	9224	11569	3630	2	757
PF3D7_0911600	7003	17422	2622	4381	0	293
PF3D7_1217900	7562	16863	1763	5798	1	265
PF3D7_1212100	3884	20541	1129	2755	0	216
PF3D7_1323100	3747	20678	3523	224	0	15
PF3D7_0702600	1026	23399	56	965	5	36
PF3D7_1122600	7683	16742	3399	4284	0	583
PF3D7_1425600	24403	22	13688	4203	6512	5
PF3D7_1453000	5798	18627	977	4821	0	643
PF3D7_0604700	4322	20103	2516	1806	0	90
PF3D7_0810000	2343	22082	810	1533	0	7
PF3D7_1345900	1750	22675	1174	576	0	62
PF3D7_1107600	10035	14390	3808	6227	0	714
PF3D7_1440400	6892	17533	1743	5146	3	783
PF3D7_0932700	16747	7678	13503	3240	4	467
PF3D7_0629500	5570	18855	2688	2881	1	113
PF3D7_1031100	1177	23248	434	742	1	125
PF3D7_1455800	9716	14709	6156	3560	0	408
PF3D7_1452400	12735	11690	9172	3563	0	459
PF3D7_1116400	5447	18978	1299	4148	0	264
PF3D7_0823500	4760	19665	3011	1749	0	174
PF3D7_1133800	5552	18873	2350	3201	1	252
PF3D7_0620000	19130	5295	16895	2235	0	103
PF3D7_0310000	3112	21313	276	2836	0	91
PF3D7_0618400	4178	20247	1803	2375	0	276
PF3D7_1310900	5176	19249	2096	3079	1	80
PF3D7_1008700	3942	20483	987	2954	1	5
PF3D7_1458400	5226	19199	1985	3240	1	238
PF3D7_1420600	6733	17692	1617	5061	55	332
PF3D7_1030000	3966	20459	3664	301	1	38
PF3D7_0618600	2834	21591	1076	1758	0	65
PF3D7_1020200	6927	17498	1202	5725	0	435
PF3D7_1117100	5159	19266	1161	3998	0	132
PF3D7_1332300	3698	20727	3054	644	0	29
PF3D7_0409000	16265	8160	11043	5219	3	2075
PF3D7_0503900	9442	14983	4248	5194	0	240
PF3D7_0905300	18499	5926	13961	4538	0	1673
PF3D7_1010100	4467	19958	2859	1608	0	133
PF3D7_0323800	4220	20205	1353	2860	7	233
PF3D7_0622900	12925	11500	8032	4893	0	890
PF3D7_0607700	19573	4852	15945	3628	0	1405
PF3D7_1035200	24399	26	24388	11	0	3
PF3D7_1226000	6089	18336	2610	3479	0	304
PF3D7_1474600	1670	22755	594	1076	0	79
PF3D7_0318200	15045	9380	10843	4202	0	1299
PF3D7_0207600	18481	5944	16925	1533	23	426
PF3D7_1455300	7501	16924	1055	6432	14	799
PF3D7_0901800	4915	19510	948	3967	0	101
PF3D7_1108400	1601	22824	738	863	0	12
PF3D7_1314600	4583	19842	1796	2787	0	95
PF3D7_0205500	3992	20433	3035	957	0	12
PF3D7_0319000	10952	13473	6074	4878	0	366
PF3D7_0416200	3405	21020	1613	1792	0	50
PF3D7_0502200	1989	22436	211	1778	0	184
PF3D7_1021400	4228	20197	2940	1288	0	68
PF3D7_1407100	10600	13825	7598	3002	0	64
PF3D7_1341200	1852	22573	1580	272	0	24
PF3D7_1443400	7502	16923	2050	5451	1	488
PF3D7_1335400	24409	16	24409	0	0	0
PF3D7_0913400	1313	23112	934	379	0	38
PF3D7_1131900	6946	17479	1611	5334	1	420
PF3D7_0602400	6905	17520	4988	1917	0	176
PF3D7_1427400	5323	19102	4882	441	0	44
PF3D7_1478100	7424	17001	2061	5363	0	158
PF3D7_1460100	1697	22728	531	1166	0	104
PF3D7_1405200	924	23501	180	743	1	74
PF3D7_0613100	417	24008	214	203	0	19
PF3D7_1416000	3073	21352	1478	1594	1	87
PF3D7_1338200	1463	22962	871	592	0	23
PF3D7_1468900	5746	18679	1894	3851	1	456
PF3D7_1364900	5166	19259	3332	1834	0	91
PF3D7_0408700	13051	11374	8027	5024	0	833
PF3D7_1018900	13689	10736	4883	8797	9	296
PF3D7_0108300	18627	5798	16040	2587	0	972
PF3D7_0526200	6241	18184	1630	4611	0	349
PF3D7_0914800	3973	20452	131	3842	0	19
PF3D7_1135500	2007	22418	1048	943	16	122
PF3D7_1140200	9127	15298	3982	5143	2	387
PF3D7_1103600	3251	21174	2140	1111	0	78
PF3D7_0302600	10357	14068	3412	6945	0	984
PF3D7_0729200	2217	22208	898	1319	0	47
PF3D7_1038200	899	23526	734	165	0	15
PF3D7_0906700	3742	20683	232	3509	1	483
PF3D7_1430600	20934	3491	19572	1362	0	142
PF3D7_0703300	766	23659	292	474	0	64
PF3D7_1147600	4471	19954	1584	2887	0	181
PF3D7_1453900	10113	14312	4915	5194	4	919
PF3D7_1122400	4223	20202	2147	2076	0	221
PF3D7_1330000	1298	23127	619	679	0	64
PF3D7_1243700	18098	6327	15306	2791	1	129
PF3D7_1037400	7286	17139	1441	5844	1	862
PF3D7_1038800	8080	16345	3704	4374	2	430
PF3D7_1467700	1379	23046	548	774	57	46
PF3D7_0314300	2584	21841	1616	968	0	95
PF3D7_0423400	6267	18158	2466	3800	1	130
PF3D7_1416200	20876	3549	18251	2625	0	664
PF3D7_1343100	2824	21601	360	2463	1	120
PF3D7_0713600	9801	14624	2414	7386	1	822
PF3D7_1236650	187	24238	76	111	0	9
PF3D7_0924000	14380	10045	9293	5087	0	624
PF3D7_0622100	8483	15942	3059	5419	5	732
PF3D7_0802200	1043	23382	379	663	1	54
PF3D7_1349700	9700	14725	242	9458	0	56
PF3D7_0924400	14217	10208	10691	3526	0	707
PF3D7_1316300	2058	22367	924	1133	1	42
PF3D7_0608900	9473	14952	3962	5511	0	703
PF3D7_1311600	4199	20226	507	3691	1	368
PF3D7_1015500	6043	18382	4789	1252	2	196
PF3D7_1016600	1462	22963	372	1090	0	122
PF3D7_0419100	1718	22707	543	1174	1	84
PF3D7_1441200	1888	22537	1630	258	0	10
PF3D7_0719600	1073	23352	728	345	0	8
PF3D7_0602900	4418	20007	394	4024	0	181
PF3D7_1335700	8047	16378	2638	5409	0	495
PF3D7_1427200	1195	23230	657	538	0	56
PF3D7_1445700	1844	22581	837	1007	0	76
PF3D7_1020100	288	24137	57	231	0	15
PF3D7_0925700	2565	21860	1512	1053	0	18
PF3D7_1137300	7929	16496	1257	6671	1	266
PF3D7_0515400	10688	13737	7578	3110	0	290
PF3D7_0408100	9825	14600	4605	5219	1	574
PF3D7_0608000	4365	20060	2784	1581	0	127
PF3D7_0316600	5903	18522	1375	4528	0	45
PF3D7_1248400	2738	21687	1014	1724	0	166
PF3D7_0602000	8040	16385	3057	4983	0	453
PF3D7_0703600	6413	18012	4844	1569	0	46
PF3D7_1435100	3050	21375	1451	1599	0	147
PF3D7_1319900	12739	11686	5690	7048	1	1317
PF3D7_0913150	524	23901	432	91	1	19
PF3D7_1018600	14240	10185	8869	5371	0	1118
PF3D7_1031600	17268	7157	12699	4569	0	557
PF3D7_1245400	2580	21845	1740	840	0	53
PF3D7_0618200	1252	23173	779	473	0	45
PF3D7_1429700	2648	21777	1607	1034	7	61
PF3D7_0306600	4707	19718	2174	2533	0	20
PF3D7_0514900	3609	20816	194	3415	0	216
PF3D7_1004000	1718	22707	902	816	0	31
PF3D7_1244600	2617	21808	113	2504	0	56
PF3D7_1427500	9582	14843	8214	1368	0	70
PF3D7_1350100	6133	18292	4108	2025	0	117
PF3D7_1437500	3046	21379	218	2828	0	108
PF3D7_1302000	6340	18085	4127	2211	2	68
PF3D7_0931200	830	23595	207	623	0	33
PF3D7_1443600	8957	15468	4109	4846	2	730
PF3D7_0805800	3569	20856	105	3446	18	181
PF3D7_1313000	593	23832	412	181	0	1
PF3D7_1132200	4094	20331	2506	1588	0	58
PF3D7_1128700	6932	17493	1403	5528	1	247
PF3D7_0922100	10522	13903	4471	6049	2	1192
PF3D7_1012000	7127	17298	2870	4253	4	300
PF3D7_0810300	5712	18713	1069	4643	0	77
PF3D7_0708300	7527	16898	3926	3601	0	68
PF3D7_0204300	6930	17495	1409	5512	9	528
PF3D7_0411100	1190	23235	453	737	0	43
PF3D7_0919200	729	23696	225	504	0	35
PF3D7_1342100	7640	16785	4576	3063	1	224
PF3D7_1005300	6110	18315	2247	3861	2	182
PF3D7_1001600	8173	16252	2978	5195	0	272
PF3D7_1414200	8204	16221	636	7567	1	422
PF3D7_1031200	2949	21476	147	2802	0	62
PF3D7_1249500	5750	18675	4784	966	0	77
PF3D7_1206600	9341	15084	5011	4329	1	331
PF3D7_0509700	5679	18746	2317	3359	3	155
PF3D7_1115900	4467	19958	2669	1798	0	63
PF3D7_1005500	10889	13536	5424	5462	3	731
PF3D7_1444400	7612	16813	5022	2590	0	279
PF3D7_0807300	2781	21644	1578	1203	0	3
PF3D7_0926800	14055	10370	10588	3467	0	376
PF3D7_1105600	7973	16452	1971	6002	0	536
PF3D7_1301600	11180	13245	6454	4726	0	368
PF3D7_0806000	22717	1708	21988	729	0	197
PF3D7_0608800	4948	19477	3554	1394	0	30
PF3D7_0204800	11073	13352	2692	8381	0	184
PF3D7_1367300	5139	19286	3254	1885	0	128
PF3D7_1003800	8862	15563	4952	3910	0	520
PF3D7_1315800	2290	22135	851	1439	0	137
PF3D7_0902900	6514	17911	48	6466	0	174
PF3D7_1208200	12214	12211	5179	7034	1	3584
PF3D7_0214100	13212	11213	9791	3421	0	421
PF3D7_0520300	2116	22309	1591	524	1	17
PF3D7_0523900	1129	23296	605	524	0	55
PF3D7_1446700	5600	18825	1423	4177	0	74
PF3D7_0305600	4738	19687	1992	2746	0	257
PF3D7_0927500	1257	23168	983	274	0	22
PF3D7_1027100	15459	8966	12622	2832	5	346
PF3D7_0819200	4990	19435	1449	3538	3	186
PF3D7_0718600	9290	15135	4677	4607	6	396
PF3D7_1470100	9793	14632	3586	6207	0	1918
PF3D7_1014900	11056	13369	5420	5636	0	1766
PF3D7_0913900	9809	14616	3688	6121	0	1013
PF3D7_0910500	9387	15038	3300	6087	0	1359
PF3D7_1204200	6757	17668	3452	3303	2	312
PF3D7_0912200	5335	19090	1363	3972	0	232
PF3D7_0211800	3248	21177	1770	1477	1	114
PF3D7_0808450	1176	23249	433	743	0	21
PF3D7_0404900	7404	17021	2279	5111	14	220
PF3D7_1421500	831	23594	435	334	62	36
PF3D7_0526900	4992	19433	2341	2649	2	77
PF3D7_1471400	5924	18501	1137	4787	0	199
PF3D7_0904400	846	23579	143	703	0	38
PF3D7_0922000	5469	18956	2218	3251	0	347
PF3D7_1423700	9852	14573	2350	7499	3	862
PF3D7_1108700	3468	20957	1692	1776	0	120
PF3D7_1203400	18274	6151	15259	3014	1	570
PF3D7_1218700	3079	21346	860	2217	2	298
PF3D7_1429100	3480	20945	1977	1502	1	76
PF3D7_0316500	2464	21961	1650	814	0	56
PF3D7_0414600	6389	18036	990	5399	0	31
PF3D7_1347500	2155	22270	1292	863	0	40
PF3D7_1239800	20666	3759	16789	3877	0	2159
PF3D7_1312400	7611	16814	2713	4898	0	458
PF3D7_0310800	485	23940	93	392	0	21
PF3D7_1410500	1511	22914	169	1342	0	58
PF3D7_0110700	3567	20858	835	2731	1	78
PF3D7_1448500	23348	1077	22336	1012	0	467
PF3D7_0629000	2785	21640	2474	311	0	38
PF3D7_0501000	4345	20080	1318	3027	0	77
PF3D7_1006000	8107	16318	5296	2811	0	191
PF3D7_1319100	10408	14017	6950	3458	0	213
PF3D7_1433000	625	23800	478	147	0	12
PF3D7_1202300	14329	10096	8043	6281	5	2990
PF3D7_1250300	1465	22960	552	913	0	20
PF3D7_1477600	24403	22	24328	75	0	4
PF3D7_0213900	16962	7463	14553	2409	0	461
PF3D7_1369000	6725	17700	4023	2702	0	364
PF3D7_1324300	23635	790	22894	740	1	359
PF3D7_0626600	649	23776	195	454	0	48
PF3D7_1302600	5831	18594	554	5276	1	245
PF3D7_0102700	7199	17226	2544	4654	1	123
PF3D7_0828600	2997	21428	866	2124	7	157
PF3D7_1364200	11664	12761	5012	6651	1	1689
PF3D7_0304100	6183	18242	1801	4381	1	219
PF3D7_0619200	9632	14793	4597	5035	0	659
PF3D7_0310100	4224	20201	1961	2263	0	75
PF3D7_0414500	2578	21847	1247	1330	1	29
PF3D7_1326700	2072	22353	538	1534	0	135
PF3D7_0720600	5196	19229	3624	1572	0	34
PF3D7_1415600	7165	17260	1392	5773	0	1153
PF3D7_1451700	1779	22646	1602	177	0	6
PF3D7_1122500	10584	13841	5890	4693	1	681
PF3D7_1360900	3000	21425	2163	837	0	29
PF3D7_1455900	3554	20871	1658	1896	0	114
PF3D7_0614800	8016	16409	2430	4646	940	220
PF3D7_1344700	9258	15167	3143	6114	1	1187
PF3D7_1472300	5170	19255	1339	3831	0	131
PF3D7_0306200	3102	21323	2058	1044	0	134
PF3D7_0106900	6239	18186	1781	4458	0	370
PF3D7_0501700	7415	17010	2543	4872	0	213
PF3D7_1127600	2831	21594	2160	671	0	16
PF3D7_0420000	21583	2842	19598	1985	0	1240
PF3D7_1454900	4770	19655	236	4534	0	29
PF3D7_1113700	4506	19919	3299	1206	1	90
PF3D7_0628400	3609	20816	2740	867	2	90
PF3D7_0102600	6733	17692	2155	4575	3	296
PF3D7_1413700	12019	12406	9001	2983	35	921
PF3D7_1419500	1242	23183	365	877	0	86
PF3D7_0406400	5353	19072	2814	2539	0	51
PF3D7_0510100	15297	9128	10207	5089	1	1528
PF3D7_1034100	1130	23295	681	449	0	26
PF3D7_1450100	3296	21129	1938	1357	1	69
PF3D7_0419800	969	23456	94	875	0	60
PF3D7_0706600	4801	19624	1594	3203	4	490
PF3D7_1114600	1961	22464	137	1824	0	188
PF3D7_0820300	8134	16291	1508	6626	0	1103
PF3D7_1142400	1662	22763	685	976	1	57
PF3D7_1322000	8310	16115	3318	4992	0	376
PF3D7_0810200	4570	19855	1153	3412	5	201
PF3D7_1027600	6684	17741	4865	1819	0	133
PF3D7_0215600	13330	11095	11363	1967	0	166
PF3D7_1426200	5666	18759	5483	183	0	21
PF3D7_1456500	9827	14598	3377	6450	0	1318
PF3D7_0420300	17203	7222	11837	5363	3	2603
PF3D7_1441800	1789	22636	929	860	0	72
PF3D7_1332600	7672	16753	3283	4389	0	267
PF3D7_1321000	6876	17549	4242	2634	0	204
PF3D7_0420600	15182	9243	10516	4666	0	294
PF3D7_1319000	18101	6324	13854	4246	1	858
PF3D7_1325100	6362	18063	4740	1622	0	39
PF3D7_1120600	22747	1678	22111	636	0	497
PF3D7_1361000	7027	17398	2575	4451	1	416
PF3D7_1013700	1144	23281	397	747	0	103
PF3D7_1106100	2050	22375	1096	954	0	77
PF3D7_1445500	1007	23418	122	853	32	84
PF3D7_0921500	2297	22128	294	2003	0	196
PF3D7_1408100	4287	20138	2046	2241	0	157
PF3D7_0405300	22487	1938	19945	2542	0	1341
PF3D7_0829100	2433	21992	1818	615	0	53
PF3D7_1207000	16459	7966	12364	4095	0	1085
PF3D7_0709300	23482	943	22394	1088	0	615
PF3D7_1427000	8814	15611	4690	4124	0	471
PF3D7_1037900	2171	22254	903	1268	0	53
PF3D7_1004100	13247	11178	1545	11699	3	603
PF3D7_0721900	1804	22621	1592	212	0	13
PF3D7_0719700	2023	22402	1787	236	0	7
PF3D7_0407000	3765	20660	402	3362	1	222
PF3D7_1305100	3326	21099	329	2997	0	165
PF3D7_0512200	8295	16130	2577	5717	1	426
PF3D7_1103900	1819	22606	1264	555	0	37
PF3D7_0806600	7911	16514	3997	3893	21	355
PF3D7_1113000	13910	10515	8759	5144	7	3857
PF3D7_1331600	1555	22870	1022	532	1	44
PF3D7_0410600	2875	21550	2235	639	1	44
PF3D7_1419100	6611	17814	2712	3898	1	579
PF3D7_1457700	10125	14300	3739	6381	5	874
PF3D7_0830600	6104	18321	1126	4978	0	291
PF3D7_1308600	8536	15889	1645	6889	2	1530
PF3D7_1428700	5461	18964	3007	2454	0	174
PF3D7_0307700	19103	5322	16619	2484	0	613
PF3D7_1343400	9282	15143	4820	4462	0	587
PF3D7_0731500	17874	6551	14363	3511	0	931
PF3D7_0823100	5467	18958	763	4704	0	130
PF3D7_1409600	8886	15539	2881	6005	0	690
PF3D7_0615200	5742	18683	1963	3779	0	165
PF3D7_1363100	8448	15977	4102	4345	1	555
PF3D7_1022100	1340	23085	485	855	0	56
PF3D7_0321900	9208	15217	2801	6407	0	748
PF3D7_0532100	4385	20040	460	3925	0	111
PF3D7_1201800	846	23579	52	793	1	79
PF3D7_0410500	4002	20423	1251	2751	0	42
PF3D7_0913800	4409	20016	2642	1767	0	37
PF3D7_1471800	3478	20947	1485	1993	0	159
PF3D7_0603800	12892	11533	7973	4919	0	613
PF3D7_0826500	10093	14332	5718	4356	19	551
PF3D7_0107900	1432	22993	398	1034	0	96
PF3D7_1421400	3464	20961	681	2783	0	57
PF3D7_1340800	1270	23155	787	480	3	35
PF3D7_1036400	24228	197	24147	81	0	37
PF3D7_1347700	6457	17968	1279	5173	5	171
PF3D7_1246000	4912	19513	2033	2879	0	149
PF3D7_0621200	1522	22903	994	525	3	30
PF3D7_0209500	3102	21323	1220	1882	0	210
PF3D7_0402100	8033	16392	3624	4396	13	288
PF3D7_0902600	11078	13347	6265	4810	3	338
PF3D7_1362300	1923	22502	155	1767	1	61
PF3D7_1306300	6214	18211	3187	3024	3	487
PF3D7_1114100	994	23431	351	643	0	56
PF3D7_1018800	5017	19408	1475	3542	0	334
PF3D7_0831000	3753	20672	1171	2580	2	283
PF3D7_0410700	4933	19492	2926	2006	1	226
PF3D7_0812500	7427	16998	3904	3523	0	377
PF3D7_0726100	23631	794	12146	4118	7367	289
PF3D7_1012900	1949	22476	528	1421	0	23
PF3D7_1306100	1432	22993	545	887	0	72
PF3D7_0804400	8264	16161	4219	4044	1	289
PF3D7_0912600	7452	16973	2190	5261	1	665
PF3D7_1120500	5869	18556	4220	1615	34	239
PF3D7_0717700	4207	20218	2537	1670	0	124
PF3D7_0628000	1741	22684	1474	267	0	22
PF3D7_0919000	3846	20579	3295	551	0	21
PF3D7_1418100	13486	10939	7791	5695	0	2240
PF3D7_0202900	2503	21922	1120	1383	0	105
PF3D7_1121000	5870	18555	2135	3735	0	32
PF3D7_1036900	8454	15971	2812	5642	0	607
PF3D7_1243900	22431	1994	21621	810	0	198
PF3D7_0920700	6866	17559	574	6292	0	448
PF3D7_1113500	8933	15492	4747	4186	0	368
PF3D7_0820000	21333	3092	18940	2392	1	635
PF3D7_1146500	4054	20371	779	3275	0	129
PF3D7_0301300	3906	20519	740	3147	19	108
PF3D7_0106200	2843	21582	332	2511	0	107
PF3D7_1132900	1315	23110	681	632	2	62
PF3D7_0812600	561	23864	307	254	0	12
PF3D7_0205100	11372	13053	6901	4468	3	429
PF3D7_1465500	5394	19031	2520	2874	0	421
PF3D7_0908600	4116	20309	1450	2666	0	293
PF3D7_0203900	8615	15810	5333	3282	0	294
PF3D7_0603500	2256	22169	1502	754	0	45
PF3D7_0717000	8618	15807	5196	3422	0	46
PF3D7_1405500	3893	20532	536	3357	0	320
PF3D7_1446900	2610	21815	1111	1499	0	87
PF3D7_1350700	15941	8484	12605	3334	2	391
PF3D7_1147900	1569	22856	1373	196	0	29
PF3D7_1357800	3843	20582	3053	790	0	55
PF3D7_1354600	3215	21210	1427	1788	0	123
PF3D7_1224800	2257	22168	517	1740	0	84
PF3D7_1405100	12992	11433	9355	3621	16	419
PF3D7_0718100	12204	12221	7852	4352	0	725
PF3D7_0102500	13102	11323	8110	4988	4	1100
PF3D7_1142600	1060	23365	392	668	0	38
PF3D7_0418000	20573	3852	16767	3806	0	1722
PF3D7_1222800	1917	22508	1123	794	0	53
PF3D7_0721000	23743	682	23222	521	0	338
PF3D7_1428200	7256	17169	1121	6135	0	341
PF3D7_0826900	7996	16429	2688	5304	4	617
PF3D7_0724900	12062	12363	7246	4816	0	925
PF3D7_1108100	22137	2288	19761	2376	0	392
PF3D7_1001200	3484	20941	1725	1759	0	17
PF3D7_1139300	10532	13893	3847	6685	0	1915
PF3D7_0208700	1579	22846	1046	533	0	39
PF3D7_1449000	7265	17160	589	6676	0	422
PF3D7_0910600	2832	21593	2081	751	0	45
PF3D7_1144100	1968	22457	1552	416	0	14
PF3D7_1235800	11831	12594	7725	4105	1	586
PF3D7_1133200	18568	5857	16214	2354	0	761
PF3D7_1027300	4790	19635	1254	3536	0	243
PF3D7_0221000	12045	12380	5043	5398	1604	193
PF3D7_1026200	12156	12269	8654	3491	11	244
PF3D7_0909300	2082	22343	1393	689	0	27
PF3D7_0315900	2304	22121	841	1463	0	34
PF3D7_1456300	1976	22449	301	1674	1	216
PF3D7_1252500	7768	16657	2874	4121	773	209
PF3D7_0420500	2440	21985	1290	1149	1	77
PF3D7_1202800	2349	22076	1598	751	0	77
PF3D7_0516400	3098	21327	911	2186	1	94
PF3D7_0105100	469	23956	42	427	0	48
PF3D7_0308200	10292	14133	4729	5563	0	49
PF3D7_1304400	3907	20518	754	3146	7	354
PF3D7_1118500	9222	15203	5394	3825	3	209
PF3D7_1473900	10364	14061	5949	4415	0	856
PF3D7_1109100	12129	12296	5641	6488	0	1687
PF3D7_1329700	5103	19322	1982	3121	0	196
PF3D7_1306200	5160	19265	533	4627	0	171
PF3D7_1360200	3562	20863	1035	2527	0	57
PF3D7_1237700	819	23606	304	515	0	33
PF3D7_1023800	9429	14996	4743	4683	3	496
PF3D7_1250200	7921	16504	3855	4066	0	284
PF3D7_1407800	6806	17619	2307	4499	0	142
PF3D7_0812100	12701	11724	8634	4067	0	645
PF3D7_1423500	22402	2023	20894	1507	1	361
PF3D7_1446300	7080	17345	2421	4658	1	617
PF3D7_0610600	2823	21602	1645	1178	0	42
PF3D7_1348200	1753	22672	473	1279	1	68
PF3D7_0716200	13073	11352	9670	3403	0	476
PF3D7_1141100	12207	12218	6711	5494	2	1691
PF3D7_1003200	5674	18751	517	5157	0	38
PF3D7_1104500	5275	19150	1715	3559	1	318
PF3D7_0921200	11815	12610	6727	5087	1	1327
PF3D7_0829400	2761	21664	575	2186	0	184
PF3D7_0821800	952	23473	337	615	0	12
PF3D7_0628800	11770	12655	9981	1788	1	160
PF3D7_1367900	6005	18420	1336	4669	0	499
PF3D7_0931100	14355	10070	10679	3676	0	254
PF3D7_1014800	8703	15722	3943	4760	0	301
PF3D7_1350800	1598	22827	440	1158	0	117
PF3D7_1033400	4163	20262	661	3500	2	59
PF3D7_0902000	7223	17202	1002	6220	1	339
PF3D7_1339400	1145	23280	340	805	0	33
PF3D7_0611400	6065	18360	4901	1164	0	182
PF3D7_1335000	4520	19905	2947	1565	8	183
PF3D7_1149300	4943	19482	1980	2963	0	233
PF3D7_1216600	8134	16291	1307	6827	0	798
PF3D7_1026300	9661	14764	4933	4723	5	541
PF3D7_0105900	2502	21923	295	2207	0	181
PF3D7_0907600	6829	17596	3144	3685	0	577
PF3D7_1140000	5552	18873	1322	4212	18	410
PF3D7_0918300	1591	22834	688	902	1	59
PF3D7_1473700	14072	10353	10211	3856	5	653
PF3D7_1219700	1282	23143	174	1108	0	32
PF3D7_1250700	812	23613	454	358	0	45
PF3D7_1203600	2205	22220	1385	820	0	54
PF3D7_1432100	2768	21657	734	2033	1	62
PF3D7_0625400	4614	19811	121	4493	0	165
PF3D7_1335300	24409	16	24409	0	0	0
PF3D7_0934800	3394	21031	3084	309	1	15
PF3D7_1133900	10944	13481	6435	4509	0	676
PF3D7_0803800	2182	22243	1492	690	0	32
PF3D7_1233700	3269	21156	520	2745	4	327
PF3D7_0612200	17413	7012	13241	4170	2	1004
PF3D7_1331700	8170	16255	6373	1794	3	224
PF3D7_0209300	2054	22371	952	1102	0	66
PF3D7_1320100	3494	20931	2512	982	0	50
PF3D7_1369700	1641	22784	1142	499	0	40
PF3D7_1423300	5249	19176	3546	1703	0	128
PF3D7_1472000	2047	22378	1365	681	1	61
PF3D7_1302800	4150	20275	398	3752	0	19
PF3D7_0729400	18413	6012	17515	898	0	233
PF3D7_0719100	2026	22399	1636	390	0	40
PF3D7_0706000	8963	15462	5939	3024	0	128
PF3D7_1024000	5803	18622	2462	3341	0	179
PF3D7_0307400	2129	22296	301	1828	0	121
PF3D7_1008000	18928	5497	14620	4308	0	1123
PF3D7_0927100	809	23616	42	766	1	52
PF3D7_0603300	6392	18033	5194	1198	0	139
PF3D7_1208300	1278	23147	803	475	0	60
PF3D7_0728100	19079	5346	14527	4548	4	2443
PF3D7_0910700	8856	15569	4067	4789	0	201
PF3D7_1008800	2344	22081	1153	1191	0	104
PF3D7_1236700	3308	21117	791	2516	1	226
PF3D7_1345800	9037	15388	3382	5655	0	1072
PF3D7_1126400	1725	22700	1228	497	0	60
PF3D7_1367500	3132	21293	684	2448	0	100
PF3D7_0828900	1912	22513	1246	663	3	51
PF3D7_0316700	2350	22075	242	2108	0	33
PF3D7_1346400	14406	10019	10099	4307	0	3015
PF3D7_0717800	16685	7740	9178	7507	0	554
PF3D7_1464600	11242	13183	6840	4399	3	637
PF3D7_0423800	3823	20602	1146	2677	0	157
PF3D7_0903900	610	23815	290	319	1	13
PF3D7_1368300	3369	21056	2197	1171	1	105
PF3D7_1113800	6307	18118	4952	1355	0	146
PF3D7_0208600	4047	20378	1983	2064	0	241
PF3D7_1303900	1502	22923	872	630	0	41
PF3D7_0708900	1955	22470	735	1219	1	109
PF3D7_0932100	16596	7829	12547	4049	0	473
PF3D7_0805700	7726	16699	4156	3570	0	453
PF3D7_1215300	1443	22982	758	685	0	7
PF3D7_1003300	591	23834	65	526	0	24
PF3D7_1242800	2812	21613	1806	1006	0	37
PF3D7_0819800	15254	9171	9534	5719	1	872
PF3D7_1417100	2883	21542	298	2584	1	178
PF3D7_0308800	2451	21974	1667	784	0	46
PF3D7_0728300	879	23546	186	691	2	68
PF3D7_0416000	4769	19656	2643	2123	3	147
PF3D7_0508300	1700	22725	939	761	0	49
PF3D7_0524700	582	23843	113	469	0	28
PF3D7_0615600	20165	4260	18827	1338	0	1162
PF3D7_0920100	2674	21751	1053	1621	0	120
PF3D7_1021700	23201	1224	21247	1952	2	769
PF3D7_1417700	1687	22738	818	869	0	65
PF3D7_1456000	13895	10530	9273	4622	0	597
PF3D7_0519500	17840	6585	13698	4141	1	740
PF3D7_1365100	2419	22006	1658	761	0	22
PF3D7_0717200	18726	5699	17762	964	0	71
PF3D7_1217600	2520	21905	175	2345	0	115
PF3D7_0933200	3752	20673	3072	680	0	39
PF3D7_0529900	2703	21722	2095	607	1	25
PF3D7_0103100	15277	9148	10145	5129	3	1156
PF3D7_1242700	1846	22579	1576	270	0	9
PF3D7_0713700	3336	21089	2119	1217	0	42
PF3D7_0807500	1068	23357	523	545	0	32
PF3D7_1362900	23333	1092	21900	1433	0	253
PF3D7_1127100	835	23590	109	726	0	43
PF3D7_0729800	1120	23305	908	212	0	18
PF3D7_0111200	885	23540	710	175	0	16
PF3D7_0403500	1713	22712	341	1372	0	97
PF3D7_0709700	6364	18061	1607	4757	0	66
PF3D7_1239000	4705	19720	2078	2627	0	201
PF3D7_0310700	835	23590	621	214	0	15
PF3D7_0916700	2785	21640	974	1810	1	71
PF3D7_1245600	16287	8138	12508	3779	0	2045
PF3D7_1437700	8036	16389	6074	1962	0	335
PF3D7_1003500	472	23953	173	299	0	3
PF3D7_0206700	6551	17874	2147	4404	0	102
PF3D7_1144800	17472	6953	16142	1312	18	344
PF3D7_1478000	6510	17915	699	5808	3	242
PF3D7_0501800	14494	9931	8543	5921	30	429
PF3D7_0415800	13837	10588	5284	8299	254	879
PF3D7_0905500	2584	21841	1128	1456	0	45
PF3D7_1304300	2255	22170	712	1543	0	99
PF3D7_1336000	4089	20336	2850	1239	0	52
PF3D7_1225000	12285	12140	6481	5803	1	848
PF3D7_0109850	6489	17936	2575	3913	1	263
PF3D7_1126000	10358	14067	5807	4550	1	527
PF3D7_1417600	17895	6530	13522	4370	3	1994
PF3D7_0721100	1255	23170	804	451	0	40
PF3D7_0816800	4455	19970	3550	905	0	39
PF3D7_0507200	13252	11173	9488	3764	0	232
PF3D7_1022000	9942	14483	4071	5871	0	511
PF3D7_0802400	8648	15777	4710	3936	2	381
PF3D7_0619000	17624	6801	9851	7643	130	677
PF3D7_1351900	10236	14189	5318	4917	1	192
PF3D7_1319700	8129	16296	2648	5481	0	233
PF3D7_1012200	5385	19040	499	4886	0	106
PF3D7_1249800	19874	4551	15731	4143	0	1560
PF3D7_0219300	1701	22724	774	927	0	63
PF3D7_1426900	442	23983	123	319	0	12
PF3D7_1422900	5786	18639	311	5475	0	115
PF3D7_0702900	2637	21788	1731	905	1	44
PF3D7_0704300	22385	2040	21081	1304	0	362
PF3D7_0921800	3041	21384	2264	777	0	60
PF3D7_1462800	5795	18630	3256	2538	1	24
PF3D7_1105900	2649	21776	648	2001	0	57
PF3D7_1352100	6468	17957	1563	4905	0	521
PF3D7_1221300	5840	18585	1348	4462	30	317
PF3D7_1143700	6996	17429	1277	5719	0	572
PF3D7_0817000	3650	20775	1697	1952	1	80
PF3D7_0307600	7757	16668	2290	5467	0	573
PF3D7_1244500	15296	9129	9946	5350	0	342
PF3D7_1110200	11797	12628	5519	5538	740	619
PF3D7_1030400	8419	16006	4344	4075	0	145
PF3D7_1142700	5999	18426	1193	4798	8	535
PF3D7_1033700	6164	18261	4059	2104	1	92
PF3D7_1250100	19805	4620	16520	3285	0	1271
PF3D7_0416800	711	23714	344	367	0	8
PF3D7_1305800	2240	22185	995	1245	0	154
PF3D7_1113600	8349	16076	3518	4831	0	263
PF3D7_1419900	2155	22270	256	1899	0	127
PF3D7_1459500	6124	18301	1804	4320	0	658
PF3D7_1366700	5482	18943	364	5118	0	392
PF3D7_0516100	22908	1517	21752	1156	0	703
PF3D7_1103700	801	23624	173	628	0	32
PF3D7_1233000	4558	19867	3285	1273	0	124
PF3D7_0825400	1472	22953	1025	447	0	33
PF3D7_0317800	7443	16982	6306	1137	0	90
PF3D7_0113000	16877	7548	11891	4931	55	954
PF3D7_1470200	2265	22160	660	1605	0	54
PF3D7_1114800	5470	18955	4013	1457	0	129
PF3D7_0825200	730	23695	295	434	1	41
PF3D7_0530300	8977	15448	2233	6744	0	1082
PF3D7_0107200	4937	19488	3525	1410	2	148
PF3D7_1145200	11522	12903	6071	5451	0	2162
PF3D7_0703800	19908	4517	17685	2223	0	334
PF3D7_1018100	5263	19162	2552	2711	0	177
PF3D7_1331100	12412	12013	9044	3367	1	295
PF3D7_1365300	7090	17335	1617	5473	0	505
PF3D7_0824600	1261	23164	517	744	0	62
PF3D7_1364300	9310	15115	4498	4811	1	601
PF3D7_0610800	4547	19878	3587	959	1	75
PF3D7_1354400	897	23528	223	674	0	12
PF3D7_0730900	22220	2205	21018	1202	0	144
PF3D7_1238700	6629	17796	3861	2768	0	214
PF3D7_1304500	1603	22822	268	1335	0	69
PF3D7_1235400	15792	8633	13452	2338	2	403
PF3D7_1322900	4455	19970	3545	910	0	52
PF3D7_1328300	2507	21918	1518	989	0	79
PF3D7_1367000	952	23473	459	493	0	18
PF3D7_0912700	1207	23218	799	408	0	47
PF3D7_1412600	5567	18858	970	4597	0	168
PF3D7_1308700	11864	12561	8959	2904	1	294
PF3D7_1137800	2284	22141	134	2150	0	70
PF3D7_1223900	787	23638	378	408	1	35
PF3D7_1130500	8816	15609	4362	4454	0	441
PF3D7_0920400	16217	8208	13434	2782	1	833
PF3D7_1476700	1817	22608	691	1124	2	132
PF3D7_1332700	5054	19371	2469	2585	0	203
PF3D7_0720500	5415	19010	5083	332	0	18
PF3D7_0820400	3621	20804	875	2742	4	271
PF3D7_0532200	6302	18123	524	5778	0	220
PF3D7_0923700	3401	21024	2381	1020	0	110
PF3D7_0502800	1362	23063	111	1251	0	47
PF3D7_0613000	1800	22625	1624	176	0	11
PF3D7_1219100	12054	12371	6593	5461	0	416
PF3D7_1471900	14986	9439	10164	4821	1	1357
PF3D7_1200800	5144	19281	1655	3489	0	198
PF3D7_1428900	14160	10265	9165	4995	0	427
PF3D7_1439200	8331	16094	4191	4140	0	631
PF3D7_0607600	9318	15107	4190	5128	0	382
PF3D7_0215500	23334	1091	23035	299	0	48
PF3D7_1323600	3299	21126	2725	574	0	74
PF3D7_1367600	3658	20767	796	2862	0	75
PF3D7_0609700	19026	5399	14423	4603	0	1446
PF3D7_1035000	9614	14811	2098	7515	1	1538
PF3D7_0928150	345	24080	65	280	0	25
PF3D7_1439900	2238	22187	525	1713	0	72
PF3D7_0308500	2096	22329	1632	463	1	41
PF3D7_0715000	8616	15809	6037	2579	0	89
PF3D7_1430500	5058	19367	3378	1680	0	112
PF3D7_1359700	16925	7500	12442	4483	0	2339
PF3D7_1149000	24295	130	24106	189	0	89
PF3D7_0413900	9442	14983	5066	4376	0	147
PF3D7_1003000	11209	13216	2783	8414	12	619
PF3D7_0815600	2795	21630	2114	681	0	20
PF3D7_1432500	4184	20241	2204	1980	0	131
PF3D7_1239700	7080	17345	4351	2729	0	217
PF3D7_0315500	632	23793	93	539	0	34
PF3D7_0105600	7062	17363	3133	3928	1	532
PF3D7_0706500	9762	14663	3235	6527	0	1071
PF3D7_1310100	8299	16126	2745	5553	1	694
PF3D7_1359500	1996	22429	375	1620	1	160
PF3D7_1216900	7515	16910	3418	4095	2	424
PF3D7_0823000	10238	14187	4792	5442	4	1145
PF3D7_0210200	21253	3172	20168	1085	0	920
PF3D7_1347800	3130	21295	2189	937	4	94
PF3D7_1240000	5724	18701	3805	1919	0	126
PF3D7_1030600	7005	17420	4964	2040	1	198
PF3D7_1420100	9811	14614	3703	6105	3	1211
PF3D7_0517200	10096	14329	5121	4973	2	389
PF3D7_1005200	1184	23241	981	202	1	42
PF3D7_0618100	5030	19395	2645	2385	0	336
PF3D7_1035900	24070	355	23966	104	0	10
PF3D7_1339000	1617	22808	557	1056	4	136
PF3D7_0206100	2062	22363	1114	948	0	72
PF3D7_0801300	5395	19030	251	5144	0	55
PF3D7_0309900	15572	8853	11162	4409	1	814
PF3D7_1208800	11040	13385	5900	5137	3	741
PF3D7_0308700	5317	19108	3218	2098	1	258
PF3D7_0518200	485	23940	102	383	0	28
PF3D7_1125900	2403	22022	2284	118	1	11
PF3D7_1356600	2615	21810	1433	1182	0	51
PF3D7_0728400	1495	22930	222	1273	0	63
PF3D7_1139100	16127	8298	11926	4201	0	1151
PF3D7_0314600	5114	19311	1082	4024	8	114
PF3D7_0417800	14125	10300	8152	5973	0	240
PF3D7_0910400	7812	16613	2712	5099	1	703
PF3D7_0607500	6412	18013	721	5688	3	347
PF3D7_0323200	3636	20789	1079	2557	0	183
PF3D7_0723000	2458	21967	1861	596	1	55
PF3D7_1013300	3581	20844	1044	2537	0	353
PF3D7_1405600	1908	22517	435	1473	0	22
PF3D7_0216400	3040	21385	938	2101	1	196
PF3D7_1460000	3708	20717	805	2898	5	281
PF3D7_1306400	2599	21826	1139	1460	0	27
PF3D7_0718300	13987	10438	10796	3191	0	302
PF3D7_0812700	2270	22155	351	1919	0	77
PF3D7_1037000	14348	10077	10602	3743	3	958
PF3D7_1454000	2942	21483	951	1991	0	277
PF3D7_0618000	4398	20027	1314	3084	0	264
PF3D7_0518600	8387	16038	4090	4295	2	412
PF3D7_0502900	476	23949	153	322	1	14
PF3D7_0404300	20673	3752	18223	2450	0	285
PF3D7_1243200	1397	23028	514	883	0	42
PF3D7_0214700	3185	21240	1894	1286	5	98
PF3D7_1402700	6647	17778	3008	3639	0	267
PF3D7_1465400	528	23897	280	248	0	18
PF3D7_1250500	3040	21385	2762	278	0	16
PF3D7_1402400	2906	21519	333	2573	0	297
PF3D7_1114700	5438	18987	3099	2338	1	198
PF3D7_0405600	1603	22822	475	1128	0	72
PF3D7_1106600	8027	16398	4032	3995	0	609
PF3D7_0529800	20335	4090	17525	2810	0	1010
PF3D7_0607300	4053	20372	363	3690	0	116
PF3D7_1146800	15211	9214	8840	6371	0	1952
PF3D7_0309300	23057	1368	22474	583	0	41
PF3D7_1015300	4647	19778	3002	1645	0	170
PF3D7_1318400	7251	17174	3115	4136	0	161
PF3D7_1108500	4200	20225	2686	1514	0	81
PF3D7_1473100	4184	20241	1261	2922	1	305
PF3D7_1414500	20120	4305	16640	3480	0	980
PF3D7_0715700	1413	23012	1090	323	0	14
PF3D7_0112900	4903	19522	218	4685	0	40
PF3D7_0202700	5210	19215	2241	2969	0	80
PF3D7_1214600	2447	21978	1629	818	0	23
PF3D7_0623500	3371	21054	2479	892	0	92
PF3D7_0630200	1049	23376	576	465	8	28
PF3D7_0908800	3536	20889	1006	2530	0	243
PF3D7_1207900	3418	21007	1386	2030	2	216
PF3D7_1240100	4048	20377	2698	1350	0	52
PF3D7_1016300	14091	10334	12022	2069	0	64
PF3D7_1316900	6660	17765	1836	4823	1	482
PF3D7_1426100	656	23769	363	293	0	11
PF3D7_1465200	2852	21573	1948	902	2	154
PF3D7_1434600	6314	18111	1059	5254	1	252
PF3D7_0504800	21438	2987	19083	2355	0	1025
PF3D7_1455500	9158	15267	3420	5738	0	415
PF3D7_1021800	19428	4997	17026	2402	0	412
PF3D7_1424400	4129	20296	2403	1726	0	40
PF3D7_0901700	12355	12070	7843	4512	0	127
PF3D7_1247800	6421	18004	4947	1473	1	148
PF3D7_1349600	1537	22888	233	1303	1	95
PF3D7_1232500	14922	9503	10268	4654	0	411
PF3D7_1006300	2776	21649	2276	500	0	59
PF3D7_0905600	8674	15751	2214	6460	0	1197
PF3D7_1407700	5099	19326	1647	3451	1	144
PF3D7_0703900	22152	2273	20184	1967	1	1559
PF3D7_1232000	5401	19024	2982	2419	0	161
PF3D7_0815800	13697	10728	8212	5483	2	1118
PF3D7_1412900	3342	21083	1901	1441	0	70
PF3D7_0906200	4720	19705	1641	3079	0	265
PF3D7_1212900	6284	18141	1368	4915	1	430
PF3D7_0315200	16363	8062	13455	2908	0	667
PF3D7_1209300	19905	4520	18542	1363	0	552
PF3D7_0303000	5339	19086	2647	2624	68	247
PF3D7_1420800	4188	20237	3667	521	0	78
PF3D7_0410800	16102	8323	11268	4833	1	1374
PF3D7_0301200	4619	19806	2045	2573	1	130
PF3D7_1356100	7290	17135	2521	4768	1	589
PF3D7_0807800	8075	16350	3106	4969	0	102
PF3D7_0303300	1600	22825	360	1240	0	20
PF3D7_0710200	24313	112	24264	49	0	57
PF3D7_1030900	2722	21703	444	2277	1	91
PF3D7_1242000	6704	17721	1494	5210	0	211
PF3D7_0924900	3706	20719	708	2993	5	73
PF3D7_0518700	11366	13059	5408	5957	1	562
PF3D7_1476500	3562	20863	291	3270	1	273
PF3D7_0605700	4809	19616	1780	3028	1	145
PF3D7_0316300	3067	21358	1174	1893	0	80
PF3D7_0816100	1640	22785	1048	592	0	42
PF3D7_0723900	7760	16665	2463	5297	0	682
PF3D7_1449300	8856	15569	3396	5457	3	532
PF3D7_0713900	18674	5751	14944	3723	7	2433
PF3D7_0411800	23954	471	23722	232	0	186
PF3D7_1364800	2801	21624	2487	314	0	15
PF3D7_1105300	9381	15044	2761	6620	0	332
PF3D7_1028600	1015	23410	522	493	0	60
PF3D7_0302900	7956	16469	3579	4377	0	141
PF3D7_0113300	20666	3759	18175	2491	0	736
PF3D7_0311100	10564	13861	6187	4376	1	380
PF3D7_1027000	19963	4462	17735	2228	0	733
PF3D7_1344800	3201	21224	1586	1613	2	151
PF3D7_0404600	22274	2151	20032	2238	4	1378
PF3D7_0935000	1635	22790	1017	617	1	48
PF3D7_1345500	1702	22723	649	1053	0	125
PF3D7_0501200	6294	18131	1855	4438	1	151
PF3D7_1019800	19882	4543	17934	1947	1	137
PF3D7_1406200	12817	11608	7538	5279	0	1180
PF3D7_0506500	22698	1727	21312	1386	0	685
PF3D7_0920300	3430	20995	511	2919	0	103
PF3D7_0720300	3114	21311	144	2970	0	32
PF3D7_1444900	1098	23327	271	827	0	91
PF3D7_1215800	3634	20791	1192	2442	0	211
PF3D7_0316800	541	23884	248	293	0	4
PF3D7_1448700	5030	19395	1057	3972	1	262
PF3D7_0723200	2310	22115	1107	1203	0	58
PF3D7_0421800	554	23871	74	479	1	28
PF3D7_1474900	1107	23318	193	914	0	42
PF3D7_1439800	777	23648	279	498	0	35
PF3D7_1416300	2622	21803	1254	1368	0	190
PF3D7_1127500	3329	21096	1297	2031	1	114
PF3D7_0824000	6991	17434	3408	3583	0	442
PF3D7_1137100	5419	19006	1552	3867	0	200
PF3D7_1237000	6417	18008	2429	3988	0	324
PF3D7_1340900	11472	12953	9243	2229	0	125
PF3D7_1406100	10429	13996	4318	6111	0	1163
PF3D7_1028000	9551	14874	6022	3529	0	153
PF3D7_1467600	24354	71	24192	162	0	36
PF3D7_1243400	4031	20394	308	3723	0	308
PF3D7_0323100	7936	16489	1447	6488	1	947
PF3D7_0613700	3650	20775	2045	1605	0	157
PF3D7_1309400	21087	3338	18755	2330	2	855
PF3D7_1216200	4568	19857	1454	3114	0	84
PF3D7_1419200	3933	20492	1685	2248	0	247
PF3D7_1458900	1428	22997	261	1167	0	139
PF3D7_0831300	15582	8843	11274	4307	1	861
PF3D7_1209600	3554	20871	1231	2323	0	267
PF3D7_1467300	7109	17316	4007	3101	1	201
PF3D7_1148700	9100	15325	5227	3831	42	263
PF3D7_0406100	5769	18656	2496	3273	0	23
PF3D7_1143500	9584	14841	3969	5615	0	766
PF3D7_1138500	7210	17215	2644	4566	0	427
PF3D7_1116200	1970	22455	1079	891	0	62
PF3D7_1369200	11758	12667	6134	5624	0	1996
PF3D7_0722800	5213	19212	4358	855	0	145
PF3D7_1333600	14147	10278	10179	3968	0	915
PF3D7_0709800	3906	20519	3056	850	0	13
PF3D7_1015800	4062	20363	1677	2384	1	34
PF3D7_1119200	4075	20350	378	3697	0	73
PF3D7_1305200	1721	22704	482	1239	0	129
PF3D7_1013000	4897	19528	2496	2399	2	266
PF3D7_1412200	5945	18480	2148	3797	0	503
PF3D7_1102600	7661	16764	2316	5143	202	173
PF3D7_1111100	4276	20149	3889	387	0	33
PF3D7_1218300	5190	19235	355	4835	0	149
PF3D7_1443700	2335	22090	260	2075	0	20
PF3D7_0916500	3727	20698	1251	2476	0	122
PF3D7_0809700	6880	17545	1543	5337	0	76
PF3D7_0313700	4398	20027	2958	1440	0	97
PF3D7_1401500	1639	22786	441	1198	0	20
PF3D7_1037700	896	23529	649	247	0	8
PF3D7_1012300	1378	23047	1038	340	0	17
PF3D7_1459200	7712	16713	1327	6385	0	951
PF3D7_1421600	4888	19537	2119	2767	2	303
PF3D7_1311500	4601	19824	3596	1003	2	15
PF3D7_0416600	3674	20751	767	2907	0	48
PF3D7_1469700	1252	23173	52	1190	10	77
PF3D7_1123000	15592	8833	8670	6921	1	1274
PF3D7_1110700	2724	21701	1607	1117	0	72
PF3D7_1225300	3867	20558	2522	1333	12	148
PF3D7_1004500	875	23550	101	774	0	33
PF3D7_0810100	444	23981	191	253	0	22
PF3D7_1440600	5196	19229	1294	3900	2	131
PF3D7_0821900	748	23677	393	355	0	26
PF3D7_1416400	6734	17691	3931	2803	0	254
PF3D7_0727900	9680	14745	3914	5765	1	1479
PF3D7_1450500	15176	9249	10894	4282	0	1509
PF3D7_0403400	19837	4588	16929	2891	17	2187
PF3D7_0912800	8099	16326	2705	5379	15	576
PF3D7_1360800	8660	15765	5588	3071	1	373
PF3D7_1339700	20766	3659	19119	1647	0	912
PF3D7_1031700	3942	20483	537	3403	2	46
PF3D7_1135700	643	23782	330	292	21	23
PF3D7_1141300	7539	16886	1405	6133	1	536
PF3D7_1002900	1332	23093	1079	253	0	29
PF3D7_0109500	698	23727	429	269	0	19
PF3D7_0523400	2578	21847	1369	1209	0	82
PF3D7_0405400	15510	8915	11320	4190	0	813
PF3D7_0709400	9740	14685	4595	5144	1	686
PF3D7_0616500	18934	5491	16009	2925	0	691
PF3D7_1208600	380	24045	217	163	0	12
PF3D7_1220100	6779	17646	1049	5730	0	242
PF3D7_1215200	2569	21856	1191	1377	1	47
PF3D7_0608200	2155	22270	1278	876	1	48
PF3D7_0818400	1195	23230	409	786	0	25
PF3D7_1463700	3639	20786	2834	801	4	102
PF3D7_0609000	15849	8576	10584	5263	2	2984
PF3D7_0404000	590	23835	92	498	0	23
PF3D7_1366600	3557	20868	702	2855	0	193
PF3D7_1215000	744	23681	67	677	0	60
PF3D7_0721200	9493	14932	3844	5648	1	640
PF3D7_1341800	4827	19598	903	3924	0	264
PF3D7_0626100	4840	19585	1261	3579	0	93
PF3D7_1230700	8103	16322	3645	4456	2	481
PF3D7_0504500	8135	16290	7576	558	1	55
PF3D7_0904300	11831	12594	5819	6011	1	1979
PF3D7_1358900	2949	21476	2231	718	0	75
PF3D7_0729600	4750	19675	1614	3136	0	36
PF3D7_0322500	15924	8501	13915	2009	0	129
PF3D7_0411400	15029	9396	9305	5723	1	702
PF3D7_1477400	3044	21381	896	2148	0	120
PF3D7_1138300	1153	23272	406	725	22	102
PF3D7_1209800	624	23801	184	440	0	60
PF3D7_0401900	16483	7942	11825	4657	1	1770
PF3D7_0934400	1602	22823	1148	453	1	30
PF3D7_0905000	2578	21847	1150	1427	1	142
PF3D7_1443200	4407	20018	980	3427	0	250
PF3D7_0917300	3333	21092	1228	2105	0	47
PF3D7_0420400	6836	17589	459	6377	0	136
PF3D7_0717500	3236	21189	2310	926	0	24
PF3D7_0902100	6802	17623	2656	3413	733	193
PF3D7_1117700	831	23594	535	296	0	3
PF3D7_0916000	8806	15619	2352	6454	0	1205
PF3D7_1202900	558	23867	214	344	0	5
PF3D7_1035700	18632	5793	13298	3832	1502	474
PF3D7_1442500	5363	19062	1578	3781	4	452
PF3D7_1326900	12288	12137	7848	4440	0	442
PF3D7_0521100	11027	13398	8016	3010	1	461
PF3D7_1351400	2126	22299	1621	503	2	32
PF3D7_0521500	2257	22168	696	1561	0	184
PF3D7_1229400	1772	22653	1194	578	0	20
PF3D7_0828000	1734	22691	441	1293	0	81
PF3D7_0934700	8701	15724	1475	7225	1	191
PF3D7_1226900	3853	20572	2532	1321	0	126
PF3D7_0422100	6588	17837	1127	5461	0	218
PF3D7_0217200	18367	6058	15799	2568	0	640
PF3D7_0628700	5017	19408	930	4087	0	226
PF3D7_1036800	5887	18538	2169	3681	37	108
PF3D7_0617900	504	23921	243	261	0	2
PF3D7_1119000	4149	20276	884	3265	0	117
PF3D7_1434400	1729	22696	652	1077	0	77
PF3D7_0810900	1626	22799	1367	259	0	20
PF3D7_0305400	1275	23150	844	430	1	26
PF3D7_1354300	10103	14322	5495	4608	0	453
PF3D7_1432600	9820	14605	6288	3531	1	454
PF3D7_0403900	11399	13026	5389	6010	0	756
PF3D7_1228300	18788	5637	16395	2392	1	122
PF3D7_1217400	9154	15271	5125	4029	0	457
PF3D7_0925000	3114	21311	1456	1658	0	80
PF3D7_0106800	1372	23053	920	452	0	26
PF3D7_1349900	2098	22327	1425	673	0	80
PF3D7_0104600	16134	8291	12554	3580	0	620
PF3D7_0513700	7353	17072	4096	3257	0	247
PF3D7_0113200	9635	14790	2877	6757	1	1864
PF3D7_0404400	3279	21146	1524	1755	0	95
PF3D7_1433700	9472	14953	3939	5531	2	1233
PF3D7_0930100	16403	8022	14512	1891	0	235
PF3D7_0504200	6560	17865	2841	3719	0	177
PF3D7_0829600	6554	17871	252	6302	0	174
PF3D7_1014200	9297	15128	6043	3253	1	180
PF3D7_1365000	3630	20795	2102	1528	0	259
PF3D7_1412500	3645	20780	631	3013	1	9
PF3D7_1006100	1645	22780	1260	385	0	35
PF3D7_1210300	2602	21823	391	2211	0	127
PF3D7_0322700	20716	3709	17997	2719	0	1376
PF3D7_0102200	23739	686	22018	1721	0	116
PF3D7_1354900	5902	18523	1364	4538	0	416
PF3D7_1123300	13310	11115	7659	5651	0	170
PF3D7_1024500	936	23489	257	679	0	109
PF3D7_0910800	6138	18287	2334	3803	1	184
PF3D7_0921400	2250	22175	896	1354	0	87
PF3D7_0609800	2049	22376	1446	603	0	15
PF3D7_0818000	5711	18714	2699	3012	0	312
PF3D7_0209600	8160	16265	5930	2230	0	228
PF3D7_1231800	15524	8901	10640	4883	1	1095
PF3D7_1204600	5891	18534	4412	1479	0	152
PF3D7_0630500	4300	20125	2184	2116	0	164
PF3D7_1456600	1783	22642	572	1211	0	80
PF3D7_1325700	690	23735	274	416	0	40
PF3D7_1035300	19424	5001	16747	2677	0	905
PF3D7_1029500	1693	22732	850	843	0	87
PF3D7_1123600	5647	18778	2907	2739	1	279
PF3D7_0524400	2672	21753	1939	733	0	14
PF3D7_1203000	6752	17673	2794	3952	6	404
PF3D7_1330800	7583	16842	4259	3323	1	262
PF3D7_1011600	4674	19751	1602	3072	0	257
PF3D7_1360000	1733	22692	1240	493	0	30
PF3D7_1213600	247	24178	122	125	0	1
PF3D7_0202300	4447	19978	1301	1104	2042	100
PF3D7_0926300	11822	12603	9213	2608	1	302
PF3D7_0909400	6688	17737	2904	3784	0	463
PF3D7_1311900	4803	19622	3866	937	0	44
PF3D7_1029900	13923	10502	8279	5643	1	638
PF3D7_0321500	14197	10228	8469	5725	3	901
PF3D7_0606800	2359	22066	916	1442	1	48
PF3D7_0825100	967	23458	361	602	4	48
PF3D7_1246800	2468	21957	736	1732	0	38
PF3D7_0515100	5004	19421	1518	3486	0	229
PF3D7_0908500	12602	11823	7162	5437	3	1527
PF3D7_1454600	3697	20728	3088	609	0	54
PF3D7_0802100	14611	9814	9122	5489	0	1952
PF3D7_0205800	650	23775	438	212	0	10
PF3D7_0523300	720	23705	349	371	0	27
PF3D7_1016100	2386	22039	984	1401	1	121
PF3D7_0822300	547	23878	387	160	0	9
PF3D7_0204200	910	23515	474	436	0	25
PF3D7_1329500	16631	7794	10476	6155	0	916
PF3D7_1243100	2104	22321	1065	1039	0	133
PF3D7_0621300	9800	14625	4476	5324	0	493
PF3D7_0803500	22396	2029	20622	1774	0	243
PF3D7_0932600	3203	21222	1558	1645	0	63
PF3D7_0609200	2525	21900	705	1820	0	165
PF3D7_1231000	6094	18331	2888	3204	2	426
PF3D7_1119700	1988	22437	691	1297	0	106
PF3D7_0624300	1734	22691	621	1113	0	63
PF3D7_0212700	3500	20925	588	2912	0	227
PF3D7_1209200	1477	22948	1086	385	6	37
PF3D7_0921600	8324	16101	1783	6343	198	1107
PF3D7_0614000	3846	20579	2617	1228	1	185
PF3D7_1363500	12166	12259	1598	6239	4329	861
PF3D7_1417800	8593	15832	6577	2016	0	54
PF3D7_0934900	4580	19845	3321	1259	0	173
PF3D7_1014000	2331	22094	1763	568	0	46
PF3D7_1319800	1236	23189	836	400	0	16
PF3D7_0513300	3550	20875	957	2593	0	44
PF3D7_1353300	9925	14500	3967	5958	0	1643
PF3D7_1317600	4286	20139	1545	2741	0	312
PF3D7_0209000	17049	7376	11020	6029	0	3593
PF3D7_0114100	21143	3282	11327	9816	0	37
PF3D7_0527200	10279	14146	6808	3470	1	335
PF3D7_1227300	5013	19412	610	4402	1	584
PF3D7_0216900	16477	7948	12688	3789	0	456
PF3D7_1425500	1057	23368	540	516	1	55
PF3D7_0702300	18863	5562	17894	969	0	104
PF3D7_1336900	4809	19616	3318	1491	0	115
PF3D7_1145800	8758	15667	1095	7663	0	1390
PF3D7_0924500	19298	5127	17655	1643	0	283
PF3D7_1472800	2831	21594	1477	1349	5	174
PF3D7_1469400	5945	18480	1724	4216	5	322
PF3D7_1455200	1871	22554	1179	691	1	29
PF3D7_0422300	5263	19162	4212	1051	0	6
PF3D7_0219400	3130	21295	1167	1963	0	5
PF3D7_1326600	23380	1045	22305	1075	0	503
PF3D7_0509500	16712	7713	14219	2493	0	89
PF3D7_0311700	7484	16941	3935	3549	0	77
PF3D7_0933100	8680	15745	2611	6069	0	405
PF3D7_1114000	1783	22642	907	876	0	81
PF3D7_0323000	333	24092	208	125	0	4
PF3D7_1405300	8181	16244	3452	4729	0	640
PF3D7_0924100	8355	16070	5461	2893	1	370
PF3D7_1351300	2961	21464	601	2279	81	294
PF3D7_1127800	17584	6841	9226	8358	0	458
PF3D7_1368400	3020	21405	1652	1368	0	77
PF3D7_0220800	13134	11291	7058	6005	71	1351
PF3D7_1417000	3434	20991	780	2654	0	232
PF3D7_1252100	13180	11245	8492	4688	0	1422
PF3D7_0113800	24123	302	23954	157	12	118
PF3D7_0320800	2087	22338	977	1110	0	8
PF3D7_1229000	11733	12692	7066	4667	0	595
PF3D7_1111400	1307	23118	658	649	0	69
PF3D7_0402300	14769	9656	8681	6087	1	4626
PF3D7_0305500	15926	8499	9970	5955	1	1669
PF3D7_1478600	24153	272	23990	163	0	78
PF3D7_0923300	8768	15657	6104	2664	0	211
PF3D7_1005100	8585	15840	2152	6420	13	818
PF3D7_1106700	9010	15415	4744	4266	0	393
PF3D7_0710700	5833	18592	405	5428	0	141
PF3D7_0220100	12823	11602	7387	5436	0	580
PF3D7_1337000	8675	15750	5082	3590	3	384
PF3D7_0722900	4986	19439	4341	645	0	68
PF3D7_1444600	2823	21602	2217	606	0	58
PF3D7_1331200	5383	19042	1251	4132	0	194
PF3D7_1433500	10866	13559	5736	5130	0	247
PF3D7_1419000	11091	13334	4815	6270	6	584
PF3D7_1344500	3468	20957	2824	643	1	89
PF3D7_1318700	7739	16686	5113	2626	0	307
PF3D7_1019700	24010	415	23651	359	0	100
PF3D7_0903000	1201	23224	93	1108	0	65
PF3D7_0413600	5067	19358	4035	1032	0	10
PF3D7_1322500	6034	18391	3409	2625	0	242
PF3D7_1230000	22214	2211	18131	4082	1	490
PF3D7_0424800	4344	20081	982	3287	75	129
PF3D7_0406500	24187	238	23941	245	1	114
PF3D7_0726700	967	23458	126	841	0	59
PF3D7_0204700	7214	17211	3415	3799	0	41
PF3D7_0727400	4571	19854	3790	781	0	31
PF3D7_0303400	4321	20104	2554	1767	0	112
PF3D7_1213400	5832	18593	3868	1963	1	104
PF3D7_1432400	7861	16564	3692	4169	0	525
PF3D7_1415500	9698	14727	5927	3771	0	540
PF3D7_1419400	13599	10826	6697	6902	0	1130
PF3D7_1459400	1718	22707	673	1045	0	101
PF3D7_1204400	3103	21322	1269	1834	0	167
PF3D7_1348000	9625	14800	4813	4812	0	981
PF3D7_0603200	4941	19484	2673	2267	1	134
PF3D7_1339800	531	23894	390	141	0	5
PF3D7_1006200	2550	21875	2195	355	0	5
PF3D7_1110000	4419	20006	979	3440	0	47
PF3D7_0313000	8537	15888	5333	3203	1	198
PF3D7_0723800	24355	70	24305	50	0	27
PF3D7_1209700	2247	22178	1767	480	0	70
PF3D7_0708500	12665	11760	5289	7376	0	466
PF3D7_1139600	6688	17737	1041	5644	3	531
PF3D7_1226100	2392	22033	595	1797	0	105
PF3D7_0215700	8751	15674	6191	2560	0	110
PF3D7_1114900	13785	10640	5980	7804	1	1121
PF3D7_1320900	1073	23352	380	693	0	32
PF3D7_0319500	4965	19460	3410	1551	4	133
PF3D7_1430100	1732	22693	1262	470	0	47
PF3D7_0726200	16897	7528	13861	3016	20	440
PF3D7_0821100	9199	15226	5884	3315	0	328
PF3D7_1340400	5856	18569	397	5429	30	355
PF3D7_1230300	1481	22944	793	688	0	60
PF3D7_0917500	6349	18076	4114	2235	0	216
PF3D7_1133300	1205	23220	716	489	0	46
PF3D7_0828300	6919	17506	781	6138	0	444
PF3D7_0804800	857	23568	343	514	0	40
PF3D7_1319300	10464	13961	6735	3729	0	311
PF3D7_1346800	7492	16933	2554	4938	0	244
PF3D7_0932000	1896	22529	1570	326	0	20
PF3D7_1220700	4747	19678	1767	2980	0	327
PF3D7_0809900	9246	15179	2658	6588	0	487
PF3D7_1440000	11840	12585	6325	5515	0	1663
PF3D7_1448300	13832	10593	10297	3535	0	1195
PF3D7_0706100	12604	11821	7879	4724	1	556
PF3D7_0615700	1318	23107	759	559	0	33
PF3D7_1237100	24258	167	24061	197	0	138
PF3D7_1209500	6829	17596	2078	4751	0	476
PF3D7_0709500	3176	21249	2069	1107	0	29
PF3D7_1131000	11768	12657	6760	5008	0	130
PF3D7_1204500	1570	22855	700	870	0	65
PF3D7_1468100	15086	9339	10390	4691	5	1140
PF3D7_0820900	10487	13938	3538	6948	1	2503
PF3D7_1227200	10513	13912	4321	6190	2	913
PF3D7_1468200	2206	22219	484	1722	0	169
PF3D7_1141500	2667	21758	1271	1393	3	122
PF3D7_1350400	5867	18558	3003	2864	0	260
PF3D7_0928400	1377	23048	194	1183	0	46
PF3D7_0803600	13942	10483	6953	6988	1	859
PF3D7_0932800	11155	13270	6730	4425	0	332
PF3D7_1431900	5680	18745	2046	3632	2	325
PF3D7_1365200	398	24027	290	108	0	9
PF3D7_1105700	5898	18527	2226	3672	0	137
PF3D7_0708000	7133	17292	3069	4062	2	251
PF3D7_1213800	7036	17389	4652	2383	1	174
PF3D7_0701900	19369	5056	16305	2689	375	1228
PF3D7_0105200	2593	21832	1108	1485	0	153
PF3D7_1107700	7198	17227	2867	4331	0	371
PF3D7_0811500	7367	17058	3711	3656	0	278
PF3D7_1457900	16924	7501	10868	6055	1	2326
PF3D7_0206900	3812	20613	426	3386	0	76
PF3D7_1238100	2435	21990	1212	1223	0	51
PF3D7_1134900	6379	18046	3099	3280	0	321
PF3D7_1105000	308	24117	118	190	0	1
PF3D7_1132300	1190	23235	684	506	0	23
PF3D7_1025100	16736	7689	13794	2933	9	144
PF3D7_1121200	1661	22764	1119	542	0	29
PF3D7_1309100	912	23513	442	470	0	24
PF3D7_0412000	17120	7305	13348	3772	0	644
PF3D7_1444700	1111	23314	635	476	0	70
PF3D7_0319400	19130	5295	17055	2075	0	322
PF3D7_0829000	20082	4343	15254	4828	0	1063
PF3D7_1361400	614	23811	166	447	1	20
PF3D7_1321600	6598	17827	4542	2056	0	175
PF3D7_0424900	5907	18518	843	5063	1	166
PF3D7_1002300	2644	21781	189	2455	0	105
PF3D7_1345200	3211	21214	415	2795	1	288
PF3D7_1455000	1643	22782	849	794	0	26
PF3D7_0903200	2111	22314	868	1243	0	10
PF3D7_0931500	2033	22392	1005	1027	1	54
PF3D7_1250800	11704	12721	6671	5032	1	963
PF3D7_0317500	17778	6647	14070	3707	1	1263
PF3D7_1313400	5042	19383	646	4396	0	443
PF3D7_0722600	15717	8708	3250	12463	4	114
PF3D7_0925100	6514	17911	893	5621	0	206
PF3D7_0807400	1739	22686	1362	377	0	32
PF3D7_0515800	2343	22082	28	2315	0	18
PF3D7_0203200	7156	17269	2909	4247	0	299
PF3D7_1321500	9907	14518	4103	5804	0	299
PF3D7_0215100	3389	21036	1631	1758	0	41
PF3D7_0220700	4659	19766	356	3766	537	109
PF3D7_0207800	12742	11683	10430	2311	1	379
PF3D7_0510500	5319	19106	3627	1692	0	145
PF3D7_0814900	1815	22610	839	976	0	23
PF3D7_1428800	2163	22262	1075	1086	2	100
PF3D7_0826300	4197	20228	1069	3128	0	270
PF3D7_1304000	6152	18273	2263	3889	0	483
PF3D7_1476600	10472	13953	4711	5473	288	1291
PF3D7_0624000	4435	19990	3588	847	0	16
PF3D7_1031800	5260	19165	2845	2415	0	168
PF3D7_0514500	4337	20088	480	3857	0	61
PF3D7_0506400	2882	21543	2600	282	0	36
PF3D7_1140800	6445	17980	2290	4155	0	406
PF3D7_0217900	6085	18340	1521	4563	1	371
PF3D7_0612300	749	23676	375	374	0	30
PF3D7_0934600	1259	23166	311	948	0	72
PF3D7_1010200	11556	12869	7316	4240	0	1262
PF3D7_0933500	15620	8805	12534	3086	0	378
PF3D7_1211500	3234	21191	1994	1238	2	149
PF3D7_1017800	8142	16283	2833	5309	0	477
PF3D7_1312500	271	24154	83	188	0	16
PF3D7_1233800	3426	20999	2601	825	0	53
PF3D7_0210100	2455	21970	2329	125	1	12
PF3D7_1411900	2921	21504	246	2675	0	105
PF3D7_1331400	5769	18656	2271	3493	5	156
PF3D7_1009500	6804	17621	5231	1573	0	183
PF3D7_0819700	11801	12624	9278	2523	0	280
PF3D7_0108500	18188	6237	13462	4724	2	271
PF3D7_0719200	3058	21367	2706	351	1	10
PF3D7_1472400	9061	15364	2493	6568	0	1391
PF3D7_1475400	18033	6392	13118	4913	2	2698
PF3D7_0828700	7720	16705	2196	5522	2	894
PF3D7_1225200	10586	13839	5789	4797	0	395
PF3D7_1447700	1235	23190	385	850	0	72
PF3D7_0611600	4847	19578	1813	3034	0	217
PF3D7_1456200	7606	16819	4337	3269	0	354
PF3D7_1102800	2148	22277	477	1671	0	28
PF3D7_1235300	10740	13685	5177	5563	0	740
PF3D7_1010300	5329	19096	947	4382	0	27
PF3D7_1477800	644	23781	102	535	7	52
PF3D7_0926700	8107	16318	5481	2626	0	320
PF3D7_0606100	6134	18291	2692	3441	1	323
PF3D7_0514200	10803	13622	5416	5385	2	360
PF3D7_1305400	5395	19030	842	4553	0	473
PF3D7_0928800	10846	13579	6381	4465	0	415
PF3D7_1408900	1562	22863	696	865	1	56
PF3D7_0814000	2482	21943	1152	1330	0	32
PF3D7_0721500	10622	13803	5699	4919	4	386
PF3D7_0614700	4583	19842	1249	3334	0	190
PF3D7_0312100	10573	13852	5273	5300	0	343
PF3D7_0208300	23870	555	23705	165	0	72
PF3D7_1345300	622	23803	327	295	0	44
PF3D7_0523500	1163	23262	840	323	0	26
PF3D7_0515700	2204	22221	712	1492	0	43
PF3D7_0917100	8788	15637	3446	5338	4	692
PF3D7_1450600	4739	19686	647	4092	0	338
PF3D7_1148000	11831	12594	7059	4772	0	530
PF3D7_0910200	23360	1065	20775	1895	690	777
PF3D7_1458000	6706	17719	1275	5431	0	502
PF3D7_1342000	2824	21601	1137	1685	2	104
PF3D7_0203300	878	23547	190	688	0	66
PF3D7_1359100	5744	18681	3313	2431	0	393
PF3D7_0517800	5584	18841	4053	1531	0	99
PF3D7_1307600	5938	18487	1972	3966	0	164
PF3D7_1348900	815	23610	461	353	1	60
PF3D7_1426000	1224	23201	847	377	0	9
PF3D7_1142000	4316	20109	325	3991	0	436
PF3D7_1122100	3205	21220	2502	703	0	118
PF3D7_1472500	4548	19877	1188	3360	0	61
PF3D7_1453500	9985	14440	6373	3612	0	270
PF3D7_0610400	666	23759	58	607	1	1
PF3D7_1406600	8137	16288	2524	5612	1	704
PF3D7_0204600	11105	13320	6252	4851	2	678
PF3D7_1227100	8033	16392	3544	4489	0	435
PF3D7_0604300	9775	14650	4083	5692	0	623
PF3D7_1351700	9525	14900	3853	5672	0	1012
PF3D7_1465100	8831	15594	5149	3682	0	478
PF3D7_0830500	10035	14390	4293	5742	0	584
PF3D7_0306700	8365	16060	8142	222	1	29
PF3D7_1456700	2803	21622	856	1947	0	100
PF3D7_1104400	6036	18389	3982	2054	0	67
PF3D7_1456400	7534	16891	1381	6153	0	1100
PF3D7_0114200	14904	9521	13241	1570	93	190
PF3D7_0933800	5458	18967	1213	4245	0	261
PF3D7_1359200	2862	21563	2237	625	0	70
PF3D7_0610200	12729	11696	4365	8364	0	418
PF3D7_1021300	5704	18721	610	5094	0	154
PF3D7_0709200	8545	15880	5313	3232	0	105
PF3D7_1018300	9323	15102	4183	5140	0	437
PF3D7_1115300	14662	9763	10268	4394	0	164
PF3D7_0620300	4314	20111	688	3614	12	407
PF3D7_1429900	9540	14885	3290	6250	0	859
PF3D7_0412300	8177	16248	1216	6959	2	353
PF3D7_1230500	3736	20689	2417	1319	0	225
PF3D7_0912100	5286	19139	2910	2300	76	256
PF3D7_0212800	11843	12582	7310	4533	0	678
PF3D7_0621000	5167	19258	1876	3291	0	291
PF3D7_0827700	9838	14587	3336	6502	0	1215
PF3D7_1033500	8895	15530	6406	2489	0	296
PF3D7_1015600	4534	19891	3981	553	0	30
PF3D7_0914300	10837	13588	7714	3123	0	437
PF3D7_0921000	1825	22600	1540	285	0	9
PF3D7_1327300	13408	11017	9056	4351	1	1022
PF3D7_0622400	1585	22840	1277	308	0	40
PF3D7_0818900	9752	14673	7887	1865	0	11
PF3D7_0216500	9921	14504	3507	6414	0	1123
PF3D7_1445200	11036	13389	7104	3931	1	510
PF3D7_0302100	11644	12781	6550	5094	0	528
PF3D7_1435500	2275	22150	904	1371	0	102
PF3D7_0819400	4983	19442	463	4520	0	258
PF3D7_0216800	22799	1626	21909	890	0	433
PF3D7_0919900	22592	1833	21201	1391	0	714
PF3D7_1219000	20186	4239	18656	1476	54	605
PF3D7_1346900	1067	23358	286	775	6	79
PF3D7_0416700	398	24027	278	120	0	11
PF3D7_1017400	3574	20851	1093	2481	0	39
PF3D7_1367200	3880	20545	2266	1591	23	227
PF3D7_0707500	8669	15756	2647	6022	0	1198
PF3D7_0531300	3335	21090	390	2945	0	158
PF3D7_1332400	7687	16738	3403	4284	0	466
PF3D7_0715300	4387	20038	2731	1656	0	116
PF3D7_0935900	10394	14031	6579	3815	0	122
PF3D7_0218100	3747	20678	2389	1358	0	106
PF3D7_1306800	2375	22050	98	2276	1	205
PF3D7_1111600	6577	17848	1506	5071	0	371
PF3D7_1417300	8278	16147	1710	6565	3	734
PF3D7_1410800	635	23790	356	279	0	24
PF3D7_1243300	648	23777	461	185	2	26
PF3D7_1452300	2688	21737	1479	1208	1	133
PF3D7_0220200	1671	22754	742	929	0	22
PF3D7_1333500	8060	16365	3364	4696	0	292
PF3D7_1418900	6629	17796	3589	3040	0	308
PF3D7_1326100	2378	22047	990	1388	0	109
PF3D7_0414800	894	23531	288	598	8	95
PF3D7_0728200	4254	20171	1634	2620	0	235
PF3D7_0715900	6443	17982	439	6004	0	169
PF3D7_0304800	7814	16611	1496	6318	0	749
PF3D7_0408800	1291	23134	285	1005	1	97
PF3D7_1216100	1776	22649	557	1218	1	85
PF3D7_1249200	1571	22854	261	1309	1	118
PF3D7_1333800	5314	19111	683	4630	1	157
PF3D7_1367700	13493	10932	9998	3495	0	698
PF3D7_0107600	14769	9656	10693	4071	5	947
PF3D7_1122300	1857	22568	355	1502	0	62
PF3D7_1030500	5700	18725	1548	4150	2	101
PF3D7_1144500	1320	23105	372	944	4	103
PF3D7_1336300	1704	22721	708	996	0	60
PF3D7_0518800	2077	22348	1044	1033	0	72
PF3D7_1118100	343	24082	92	251	0	10
PF3D7_0704500	14657	9768	9469	5185	3	1164
PF3D7_0509100	14164	10261	9514	4650	0	576
PF3D7_1436500	6830	17595	3148	3682	0	186
PF3D7_1032400	3287	21138	2551	736	0	42
PF3D7_0930400	9951	14474	4852	5098	1	320
PF3D7_1015900	5274	19151	3232	2042	0	41
PF3D7_0519900	5690	18735	555	5132	3	278
PF3D7_0304500	1600	22825	1258	342	0	23
PF3D7_1120300	5886	18539	1997	3888	1	154
PF3D7_1026100	1463	22962	706	757	0	55
PF3D7_0206000	11241	13184	6090	5146	5	865
PF3D7_0920600	9752	14673	4201	5551	0	718
PF3D7_1315200	6872	17553	3679	3193	0	459
PF3D7_0305200	21950	2475	20446	1504	0	153
PF3D7_0715400	2069	22356	513	1556	0	51
PF3D7_1345000	3710	20715	1901	1808	1	194
PF3D7_1034600	8906	15519	4572	4334	0	131
PF3D7_1117000	12094	12331	7492	4601	1	572
PF3D7_0625600	5539	18886	2150	3389	0	86
PF3D7_0812220	3292	21133	2211	1081	0	38
PF3D7_1460500	22643	1782	19663	1637	1343	417
PF3D7_1440100	5171	19254	1504	3666	1	526
PF3D7_0315600	6063	18362	2551	3512	0	220
PF3D7_1038300	4038	20387	1168	2870	0	114
PF3D7_0804700	15708	8717	10845	4863	0	1032
PF3D7_1025800	381	24044	327	54	0	6
PF3D7_1465800	15153	9272	10309	4841	3	2523
PF3D7_1340600	5309	19116	1433	3876	0	423
PF3D7_0416500	1070	23355	412	658	0	56
PF3D7_1249600	11659	12766	7138	4520	1	435
PF3D7_0105500	2096	22329	1176	919	1	111
PF3D7_1401600	3360	21065	766	2594	0	292
PF3D7_1451200	12129	12296	7937	4189	3	1134
PF3D7_0811200	12837	11588	8085	4751	1	414
PF3D7_1224200	4922	19503	2842	2078	2	144
PF3D7_1338800	5934	18491	1753	4180	1	246
PF3D7_1343800	15024	9401	9755	5267	2	3098
PF3D7_1344900	10687	13738	4408	6279	0	1118
PF3D7_0214800	14800	9625	9598	5201	1	777
PF3D7_0935700	2374	22051	1091	1252	31	99
PF3D7_1236400	5592	18833	2107	3485	0	182
PF3D7_1212400	4163	20262	425	3738	0	167
PF3D7_1455700	8600	15825	4911	3685	4	435
PF3D7_1456900	1378	23047	585	793	0	59
PF3D7_0824800	13550	10875	7522	5375	653	487
PF3D7_0207000	7472	16953	979	6493	0	397
PF3D7_0502100	1508	22917	115	1393	0	103
PF3D7_1007700	12481	11944	7476	5003	2	645
PF3D7_1235200	6342	18083	3469	2873	0	314
PF3D7_1247000	2306	22119	1429	875	2	107
PF3D7_0815000	4580	19845	3178	1402	0	13
PF3D7_1124400	1524	22901	303	1221	0	37
PF3D7_0305100	23149	1276	14690	8459	0	844
PF3D7_1428600	2358	22067	648	1710	0	91
PF3D7_1229100	17136	7289	14393	2743	0	1244
PF3D7_0920900	3845	20580	373	3471	1	272
PF3D7_0104000	2215	22210	1715	500	0	50
PF3D7_0409400	6945	17480	2780	4164	1	186
PF3D7_0318500	17314	7111	10698	6616	0	1766
PF3D7_1014100	10108	14317	4651	5457	0	695
PF3D7_1401100	7553	16872	1556	5995	2	396
PF3D7_1355100	8001	16424	6662	1339	0	70
PF3D7_1469800	2904	21521	455	2448	1	162
PF3D7_0407100	4748	19677	311	4437	0	130
PF3D7_0807000	1411	23014	1018	393	0	32
PF3D7_1470400	1500	22925	862	636	2	42
PF3D7_1207300	778	23647	383	395	0	51
PF3D7_0821700	1218	23207	795	423	0	18
PF3D7_0520100	7507	16918	2099	5408	0	264
PF3D7_1031500	10700	13725	8030	2670	0	410
PF3D7_1366300	17495	6930	12257	5238	0	2213
PF3D7_0829500	17134	7291	6287	10847	0	2048
PF3D7_1107900	8482	15943	3393	5088	1	782
PF3D7_0929400	11091	13334	6676	4415	0	467
PF3D7_1024400	2514	21911	439	2075	0	263
PF3D7_1323900	4096	20329	1992	1924	180	135
PF3D7_0323600	7243	17182	2538	4705	0	148
PF3D7_1428000	4526	19899	3677	849	0	75
PF3D7_1309200	6962	17463	3118	3843	1	370
PF3D7_1448200	8932	15493	4238	4692	2	638
PF3D7_1353400	6801	17624	2061	4300	440	670
PF3D7_1219900	1880	22545	1001	878	1	65
PF3D7_0531200	964	23461	113	851	0	36
PF3D7_1022800	5873	18552	2916	2957	0	179
PF3D7_0812400	6124	18301	5663	461	0	9
PF3D7_1303300	4316	20109	234	4081	1	208
PF3D7_1033800	3353	21072	1593	1759	1	207
PF3D7_0913500	2781	21644	1498	1283	0	98
PF3D7_1241700	2411	22014	1659	752	0	25
PF3D7_1354200	6965	17460	1996	4969	0	451
PF3D7_1323400	2160	22265	1452	708	0	36
PF3D7_0826700	1417	23008	872	545	0	23
PF3D7_0424000	6409	18016	2405	3987	17	301
PF3D7_1318100	1369	23056	673	696	0	49
PF3D7_1409900	6177	18248	2039	4138	0	240
PF3D7_1463900	8502	15923	3994	4507	1	438
PF3D7_1334400	6631	17794	1911	4715	5	215
PF3D7_1477100	4521	19904	350	4134	37	272
PF3D7_1464800	6451	17974	6103	348	0	45
PF3D7_1021100	10412	14013	4859	5553	0	1094
PF3D7_1462000	1425	23000	1049	376	0	41
PF3D7_0912900	2208	22217	1273	935	0	48
PF3D7_0413800	5673	18752	4146	1527	0	43
PF3D7_1124000	8940	15485	4313	4626	1	72
PF3D7_0927800	5975	18450	3132	2843	0	27
PF3D7_1428100	5156	19269	805	4349	2	389
PF3D7_0607800	5011	19414	2475	2536	0	234
PF3D7_0521300	19385	5040	5991	13394	0	282
PF3D7_1104800	2230	22195	565	1665	0	45
PF3D7_1314100	8382	16043	5910	2472	0	308
PF3D7_0607100	4702	19723	2638	2064	0	205
PF3D7_1034800	8615	15810	2233	6378	4	191
PF3D7_1212300	8397	16028	3418	4979	0	449
PF3D7_0522400	16175	8250	10901	5274	0	2984
PF3D7_1015400	6311	18114	4205	2105	1	424
PF3D7_0602200	3105	21320	2159	946	0	58
PF3D7_0317100	7758	16667	2071	5687	0	458
PF3D7_0711100	3838	20587	112	3726	0	68
PF3D7_1452200	6867	17558	4762	2105	0	225
PF3D7_1474400	18414	6011	15566	2847	1	1408
PF3D7_1368100	6477	17948	3850	2626	1	12
PF3D7_0724300	2070	22355	1149	920	1	80
PF3D7_1440200	8708	15717	4555	4153	0	741
PF3D7_0725400	4239	20186	2235	2004	0	19
PF3D7_1450700	7483	16942	3087	4387	9	625
PF3D7_0809250	1948	22477	323	1625	0	35
PF3D7_0727500	5981	18444	3285	2696	0	252
PF3D7_0316100	1686	22739	393	1292	1	90
PF3D7_0215300	9558	14867	4239	5318	1	448
PF3D7_1228400	24270	155	24204	66	0	26
PF3D7_1340000	12753	11672	9439	3314	0	476
PF3D7_0107000	1152	23273	762	390	0	12
PF3D7_1449500	11584	12841	6715	4868	1	410
PF3D7_1453800	8857	15568	5049	3808	0	301
PF3D7_0408500	10074	14351	8226	1846	2	167
PF3D7_1461900	8014	16411	4553	3461	0	469
PF3D7_1243500	1100	23325	561	539	0	24
PF3D7_0903500	10754	13671	4354	6400	0	1082
PF3D7_1361700	2161	22264	1351	790	20	85
PF3D7_0415600	1381	23044	773	608	0	45
PF3D7_0528800	5565	18860	619	4945	1	292
PF3D7_1249700	13381	11044	7536	4305	1540	367
PF3D7_1475100	8606	15819	2711	5895	0	1251
PF3D7_1125800	8044	16381	3769	4275	0	185
PF3D7_1143600	4487	19938	1750	2737	0	150
PF3D7_1358200	13790	10635	8364	5426	0	1690
PF3D7_1408300	4947	19478	681	4262	4	131
PF3D7_1242500	3257	21168	1955	1301	1	161
PF3D7_1033900	1379	23046	822	557	0	12
PF3D7_0907700	3135	21290	958	2177	0	41
PF3D7_1120700	11313	13112	6387	4925	1	552
PF3D7_0906000	10721	13704	5177	5544	0	1161
PF3D7_1138400	12448	11977	6682	5766	0	2111
PF3D7_0615800	7902	16523	4082	3820	0	588
PF3D7_0315300	7997	16428	3566	4431	0	638
PF3D7_0306500	4656	19769	3919	737	0	79
PF3D7_1439100	12535	11890	8860	3675	0	782
PF3D7_0801800	5763	18662	1393	4369	1	374
PF3D7_0409800	6494	17931	2077	4417	0	254
PF3D7_1328500	10032	14393	5904	4127	1	437
PF3D7_1109400	5589	18836	2717	2871	1	182
PF3D7_1252300	951	23474	76	875	0	7
PF3D7_1323800	11267	13158	5114	6140	13	734
PF3D7_0316000	1809	22616	477	1331	1	97
PF3D7_0627500	3148	21277	1145	2003	0	21
PF3D7_0111400	2882	21543	1027	1854	1	197
PF3D7_0319600	4682	19743	977	3705	0	64
PF3D7_1359300	5911	18514	2154	3757	0	504
PF3D7_1123400	3274	21151	1586	1688	0	94
PF3D7_0514800	15336	9089	1749	6292	7295	634
PF3D7_0402000	10653	13772	5111	5542	0	538
PF3D7_1009700	3848	20577	1779	2067	2	158
PF3D7_1247500	18558	5867	14997	3560	1	794
PF3D7_0502500	3650	20775	654	2996	0	283
PF3D7_0522500	1753	22672	850	903	0	36
PF3D7_0402600	8599	15826	3703	4489	407	525
PF3D7_1454200	8042	16383	3462	4580	0	601
PF3D7_0109600	1171	23254	695	475	1	47
PF3D7_1125400	5448	18977	1446	4001	1	112
PF3D7_0301700	2392	22033	577	1815	0	74
PF3D7_0817100	7362	17063	3706	3656	0	369
PF3D7_1234900	1450	22975	1120	330	0	53
PF3D7_1017300	6115	18310	2152	3961	2	323
PF3D7_0726500	16974	7451	10994	5979	1	1347
PF3D7_1449900	2725	21700	241	2484	0	240
PF3D7_1308900	8789	15636	2645	6144	0	1177
PF3D7_1124700	5899	18526	2991	2862	46	129
PF3D7_1139900	1896	22529	1095	801	0	93
PF3D7_0205200	1229	23196	531	698	0	95
PF3D7_1319500	187	24238	24	163	0	26
PF3D7_1458700	2458	21967	1338	1107	13	39
PF3D7_1342600	8916	15509	5776	3140	0	94
PF3D7_1034200	1149	23276	426	717	6	81
PF3D7_0532600	6574	17851	615	5267	692	88
PF3D7_0422000	6630	17795	1201	5429	0	69
PF3D7_0918100	4178	20247	270	3899	9	81
PF3D7_0703100	1634	22791	686	947	1	42
PF3D7_1134500	9938	14487	3849	6089	0	1089
PF3D7_0715100	4590	19835	4359	231	0	40
PF3D7_1227800	7940	16485	4678	3261	1	307
PF3D7_1456100	2107	22318	442	1649	16	224
PF3D7_1213700	902	23523	582	320	0	19
PF3D7_1121500	5285	19140	3142	2143	0	156
PF3D7_1214500	2797	21628	2010	786	1	78
PF3D7_0208000	8568	15857	3120	5446	2	454
PF3D7_1126900	5352	19073	710	4642	0	12
PF3D7_1203500	3950	20475	966	2982	2	288
PF3D7_0814400	4614	19811	1710	2903	1	209
PF3D7_0313900	13504	10921	6930	6574	0	1084
PF3D7_1423100	3810	20615	2141	1668	1	166
PF3D7_0524600	1368	23057	231	1137	0	85
PF3D7_1355800	1520	22905	1304	216	0	27
PF3D7_0112100	1808	22617	1690	118	0	15
PF3D7_0519200	5320	19105	2299	3021	0	17
PF3D7_1247200	1850	22575	695	1155	0	77
PF3D7_0516200	827	23598	602	224	1	9
PF3D7_0314900	3574	20851	1565	2009	0	184
PF3D7_0932900	1021	23404	142	879	0	74
PF3D7_1143900	6814	17611	3329	3484	1	152
PF3D7_0310400	8163	16262	4671	3492	0	388
PF3D7_1467000	7129	17296	1087	6041	1	581
PF3D7_1316600	7168	17257	4094	3073	1	184
PF3D7_1333200	10775	13650	5530	5245	0	1219
PF3D7_0410000	21402	3023	19073	2329	0	250
PF3D7_1012800	11496	12929	9178	2318	0	249
PF3D7_0520800	9711	14714	4254	5457	0	755
PF3D7_0908400	2691	21734	322	2368	1	132
PF3D7_1476200	5566	18859	1190	4374	2	285
PF3D7_1316500	6510	17915	3527	2983	0	377
PF3D7_0608310	5804	18621	2014	3790	0	102
PF3D7_1409400	4818	19607	1540	3278	0	16
PF3D7_0307100	1593	22832	758	835	0	17
PF3D7_0526400	4613	19812	1612	3001	0	93
PF3D7_0219100	3542	20883	1458	2083	1	184
PF3D7_1206900	5559	18866	2687	2868	4	400
PF3D7_1310700	742	23683	79	663	0	24
PF3D7_0804300	22441	1984	20744	1696	1	250
PF3D7_1012600	5252	19173	2632	2620	0	195
PF3D7_0817300	17269	7156	13760	3508	1	785
PF3D7_0814500	13720	10705	9259	4452	9	495
PF3D7_1218100	3029	21396	1064	1965	0	121
PF3D7_1032800	2254	22171	948	1298	8	58
PF3D7_0930600	5233	19192	1853	3378	2	227
PF3D7_0522100	7067	17358	1271	5796	0	353
PF3D7_0704100	18124	6301	13526	4596	2	1688
PF3D7_0212400	20405	4020	17246	3159	0	1944
PF3D7_0409700	2227	22198	1530	697	0	65
PF3D7_0514300	14763	9662	9678	5085	0	764
PF3D7_0204900	3004	21421	2165	839	0	112
PF3D7_0908200	13326	11099	7443	5883	0	942
PF3D7_0505800	1763	22662	1410	353	0	7
PF3D7_0304900	1360	23065	139	1221	0	40
PF3D7_0322100	10831	13594	8645	2174	12	218
PF3D7_1210400	9358	15067	4113	5245	0	513
PF3D7_1120100	1340	23085	977	362	1	16
PF3D7_1110900	4528	19897	585	3939	4	368
PF3D7_0626400	9816	14609	4612	5204	0	404
PF3D7_0409600	6289	18136	3206	3083	0	411
PF3D7_0605200	3275	21150	2337	937	1	45
PF3D7_0504700	24409	16	24406	3	0	0
PF3D7_0727700	7728	16697	1519	6209	0	880
PF3D7_0621500	3919	20506	2866	1053	0	95
PF3D7_1340300	11639	12786	6219	5420	0	412
PF3D7_1479000	9352	15073	4199	5019	134	787
PF3D7_1415000	4233	20192	2526	1707	0	69
PF3D7_0102900	5494	18931	1390	4104	0	217
PF3D7_0202800	2725	21700	2259	466	0	51
PF3D7_1112600	7220	17205	1844	5376	0	361
PF3D7_1202600	19793	4632	17752	2040	1	764
PF3D7_0803400	10093	14332	5964	4128	1	463
PF3D7_1120400	13237	11188	9744	3493	0	200
PF3D7_1327800	5579	18846	2926	2653	0	76
PF3D7_0322900	3139	21286	2331	807	1	12
PF3D7_1020900	1451	22974	1166	285	0	2
PF3D7_0610100	3070	21355	1147	1923	0	110
PF3D7_0723600	2506	21919	1745	761	0	57
PF3D7_0525900	2622	21803	1236	1384	2	155
PF3D7_1118600	5927	18498	1321	4606	0	116
PF3D7_1217200	13171	11254	7505	5665	1	668
PF3D7_1245100	8152	16273	2691	5461	0	587
PF3D7_1430900	1212	23213	503	709	0	29
PF3D7_1010400	12765	11660	7510	4222	1033	150
PF3D7_0723300	8501	15924	6657	1844	0	221
PF3D7_1024600	6166	18259	4619	1547	0	102
PF3D7_0630800	8131	16294	1398	6733	0	141
PF3D7_0414200	6057	18368	1126	4931	0	31
PF3D7_1251300	3219	21206	2695	524	0	28
PF3D7_0616700	4432	19993	1083	3348	1	214
PF3D7_1366400	17599	6826	14024	3575	0	1078
PF3D7_1205400	7995	16430	1675	6243	77	1089
PF3D7_0809400	9658	14767	3304	6354	0	705
PF3D7_1446500	18137	6288	14430	3707	0	1816
PF3D7_1018500	2642	21783	2361	281	0	7
PF3D7_1413800	2797	21628	452	2345	0	114
PF3D7_1023400	2298	22127	793	1505	0	55
PF3D7_1336200	5727	18698	3747	1976	4	153
PF3D7_0723400	9535	14890	4911	4621	3	800
PF3D7_1366000	625	23800	159	466	0	57
PF3D7_1320600	1930	22495	1433	497	0	12
PF3D7_1146200	1139	23286	170	969	0	88
PF3D7_0112200	8332	16093	5300	3022	10	210
PF3D7_0617800	301	24124	104	197	0	2
PF3D7_1226400	6747	17678	677	6001	69	353
PF3D7_0403600	9044	15381	3366	5678	0	478
PF3D7_0906800	6338	18087	936	5402	0	671
PF3D7_1103400	9893	14532	6649	3242	2	345
PF3D7_1317000	3719	20706	714	3005	0	223
PF3D7_1429600	2815	21610	1578	1236	1	47
PF3D7_0506000	2030	22395	624	1403	3	96
PF3D7_1119900	11814	12611	6625	5173	16	1287
PF3D7_0305800	14814	9611	12415	2398	1	749
PF3D7_1408600	1827	22598	422	1405	0	29
PF3D7_1207100	5229	19196	1242	3987	0	439
PF3D7_1029700	8831	15594	5410	3421	0	277
PF3D7_1453600	8659	15766	3067	5592	0	1395
PF3D7_1234300	7364	17061	5450	1914	0	53
PF3D7_1227900	11568	12857	7774	3794	0	322
PF3D7_0809500	3456	20969	911	2545	0	16
PF3D7_0416900	17980	6445	14060	3920	0	322
PF3D7_1406500	15905	8520	12164	3741	0	494
PF3D7_1436600	8094	16331	5653	2441	0	72
PF3D7_1106900	944	23481	410	534	0	59
PF3D7_0603000	10502	13923	4654	5848	0	266
PF3D7_0811000	3835	20590	1738	2097	0	90
PF3D7_0909000	13457	10968	7043	6413	1	344
PF3D7_1433600	2228	22197	271	1957	0	33
PF3D7_0718000	22855	1570	20240	1295	1320	531
PF3D7_0716000	12963	11462	6881	6082	0	679
PF3D7_0914000	14943	9482	10417	4524	2	1359
PF3D7_1432900	2202	22223	1420	782	0	46
PF3D7_0724700	19023	5402	10378	8644	1	1037
PF3D7_1368200	6704	17721	4962	1742	0	55
PF3D7_1218200	10030	14395	3312	6718	0	1866
PF3D7_1202400	3078	21347	1573	1505	0	28
PF3D7_1460800	5587	18838	1665	3922	0	280
PF3D7_1134100	3805	20620	2716	1089	0	92
PF3D7_1023200	2823	21602	1616	1207	0	80
PF3D7_0318400	5586	18839	2313	3272	1	305
PF3D7_1307400	3618	20807	255	3363	0	208
PF3D7_0625500	2771	21654	1064	1707	0	109
PF3D7_0806300	13029	11396	8304	4725	0	262
PF3D7_1144900	767	23658	275	492	0	13
PF3D7_0805900	2186	22239	1172	1014	0	78
PF3D7_0826400	6196	18229	3024	3172	0	160
PF3D7_0408300	4600	19825	2896	1703	1	140
PF3D7_0602600	8385	16040	1810	6575	0	617
PF3D7_0803700	4210	20215	2092	2118	0	9
PF3D7_1128400	6448	17977	2708	3739	1	61
PF3D7_0913300	6351	18074	1589	4762	0	313
PF3D7_0203800	3041	21384	1867	1174	0	83
PF3D7_0520000	1921	22504	1482	439	0	9
PF3D7_0604800	8182	16243	4864	3318	0	563
PF3D7_0918900	22554	1871	21642	912	0	134
PF3D7_1142200	4126	20299	1614	2499	13	129
PF3D7_0716300	8580	15845	2804	5776	0	225
PF3D7_0518500	13713	10712	10834	2878	1	392
PF3D7_1469200	4309	20116	2753	1556	0	106
PF3D7_0303600	741	23684	125	616	0	75
PF3D7_1207800	12225	12200	8271	3950	4	878
PF3D7_0704000	13036	11389	6337	6689	10	3381
PF3D7_0620700	4780	19645	357	4423	0	170
PF3D7_0828100	7960	16465	2339	5621	0	930
PF3D7_0529700	19917	4508	19017	900	0	158
PF3D7_0721300	12946	11479	8374	4565	7	451
PF3D7_1321100	17996	6429	14521	3474	1	1301
PF3D7_0934300	776	23649	252	447	77	35
PF3D7_1321400	3613	20812	2683	926	4	80
PF3D7_1145700	7909	16516	1955	5954	0	353
PF3D7_1201000	13152	11273	11180	1971	1	185
PF3D7_1121900	3423	21002	621	2802	0	213
PF3D7_0725300	16704	7721	14458	2243	3	248
PF3D7_1365500	3574	20851	2567	1007	0	105
PF3D7_1235900	17247	7178	6437	10810	0	404
PF3D7_1006500	3720	20705	1099	2618	3	191
PF3D7_0323500	3738	20687	2682	957	99	60
PF3D7_0207700	15729	8696	12665	3064	0	1128
PF3D7_1020000	5314	19111	2322	2992	0	127
PF3D7_1441500	3836	20589	959	2877	0	144
PF3D7_1356900	3793	20632	2977	816	0	16
PF3D7_0310300	17775	6650	13443	4332	0	285
PF3D7_0825500	8569	15856	1836	6731	2	324
PF3D7_0915700	4163	20262	513	3649	1	59
PF3D7_1123200	6435	17990	1892	4543	0	277
PF3D7_0529400	11320	13105	5924	5393	3	843
PF3D7_0923400	12340	12085	7572	4768	0	658
PF3D7_1469300	4131	20294	1221	2910	0	78
PF3D7_0932200	1555	22870	720	835	0	23
PF3D7_0107400	536	23889	158	378	0	33
PF3D7_0419500	3632	20793	940	2692	0	195
PF3D7_1106500	21691	2734	19632	2059	0	415
PF3D7_1230900	14928	9497	11710	3218	0	344
PF3D7_1016500	18237	6188	15459	2777	1	269
PF3D7_1422100	1766	22659	488	1278	0	94
PF3D7_1138000	10749	13676	3920	6828	1	2197
PF3D7_0627700	7630	16795	2867	4762	1	224
PF3D7_1350300	6474	17951	4786	1686	2	189
PF3D7_1304600	9869	14556	4471	5398	0	1042
PF3D7_1105100	395	24030	175	220	0	4
PF3D7_1246600	12367	12058	7997	4368	2	279
PF3D7_1434000	4425	20000	2037	2388	0	106
PF3D7_1130100	716	23709	582	134	0	13
PF3D7_0714100	4474	19951	1840	2634	0	207
PF3D7_1120000	24293	132	24131	162	0	16
PF3D7_0515500	9493	14932	3700	5793	0	1117
PF3D7_1404700	6253	18172	436	5817	0	227
PF3D7_1231200	1601	22824	253	1348	0	148
PF3D7_1201600	4089	20336	165	3924	0	74
PF3D7_0722200	9886	14539	6295	3591	0	302
PF3D7_1228000	1148	23277	108	1040	0	38
PF3D7_1007500	1668	22757	1166	502	0	65
PF3D7_0505100	18813	5612	15894	2919	0	821
PF3D7_1306700	3576	20849	928	2642	6	236
PF3D7_0508400	5757	18668	1621	4136	0	133
PF3D7_0510800	6131	18294	4631	1500	0	137
PF3D7_1420700	8076	16349	4382	3694	0	434
PF3D7_0311600	9149	15276	3327	5822	0	334
PF3D7_1123500	12151	12274	7858	4293	0	331
PF3D7_1427700	2360	22065	1024	1336	0	9
PF3D7_0302200	24405	20	23251	1154	0	4
PF3D7_0905700	7252	17173	2214	5038	0	101
PF3D7_0407400	523	23902	34	489	0	60
PF3D7_1220600	2640	21785	511	2129	0	135
PF3D7_0710300	5938	18487	925	5013	0	38
PF3D7_1303500	16573	7852	8754	7819	0	1173
PF3D7_1237600	4408	20017	1035	3373	0	243
PF3D7_1338100	2765	21660	867	1898	0	107
PF3D7_0907400	7313	17112	2645	4668	0	407
PF3D7_1475200	8301	16124	2954	5346	1	935
PF3D7_0512300	1626	22799	1019	607	0	43
PF3D7_1248000	2898	21527	1372	1526	0	116
PF3D7_0902300	4418	20007	2442	1975	1	162
PF3D7_0422900	1803	22622	509	1294	0	87
PF3D7_1023900	13981	10444	9247	4701	33	1020
PF3D7_1111000	7107	17318	2896	4211	0	396
PF3D7_1350000	4483	19942	2691	1792	0	139
PF3D7_1438100	2551	21874	1594	957	0	41
PF3D7_0218700	2861	21564	1310	1550	1	174
PF3D7_1440700	5877	18548	1089	4788	0	321
PF3D7_0501100	5985	18440	2359	3626	0	60
PF3D7_0111000	14109	10316	9596	4501	12	749
PF3D7_1228700	8396	16029	3147	5247	2	401
PF3D7_1106800	17993	6432	13962	4031	0	1176
PF3D7_0614500	879	23546	350	529	0	14
PF3D7_0406600	599	23826	192	407	0	39
PF3D7_1354100	1828	22597	359	1469	0	221
PF3D7_1009900	7910	16515	3479	4431	0	280
PF3D7_1343600	5195	19230	3169	2026	0	345
PF3D7_1124100	12908	11517	6733	6175	0	1509
PF3D7_0934100	11185	13240	7087	4097	1	416
PF3D7_0407300	3669	20756	58	3610	1	183
PF3D7_0507700	2815	21610	1233	1582	0	114
PF3D7_0405800	535	23890	198	337	0	28
PF3D7_1233200	14124	10301	7239	6885	0	1939
PF3D7_0309200	21791	2634	19171	2620	0	927
PF3D7_1130700	13023	11402	9455	3567	1	1193
PF3D7_0403300	2873	21552	2219	654	0	68
PF3D7_0911900	4613	19812	1484	3129	0	247
PF3D7_0527900	7362	17063	5603	1759	0	185
PF3D7_0208900	12183	12242	7266	4917	0	1274
PF3D7_0525300	6501	17924	1675	4825	1	184
PF3D7_1352200	3919	20506	1047	2872	0	202
PF3D7_1128300	9348	15077	4848	4499	1	364
PF3D7_1234600	16600	7825	13419	3181	0	273
PF3D7_0711300	2845	21580	192	2653	0	42
PF3D7_1116900	4454	19971	1650	2804	0	29
PF3D7_1443800	3588	20837	1132	2454	2	183
PF3D7_1131400	15036	9389	6300	8735	1	986
PF3D7_1419600	4674	19751	2951	1722	1	189
PF3D7_1104900	19541	4884	16335	3204	2	860
PF3D7_1209000	1069	23356	365	704	0	76
PF3D7_0935500	6289	18136	1640	4532	117	94
PF3D7_0112000	2126	22299	1590	535	1	39
PF3D7_1237200	23699	726	23222	477	0	194
PF3D7_1229600	21679	2746	19955	1724	0	455
PF3D7_0108100	4516	19909	1252	3263	1	213
PF3D7_1242200	4336	20089	667	3669	0	278
PF3D7_0203700	18434	5991	16702	1732	0	192
PF3D7_1034700	1008	23417	690	318	0	9
PF3D7_0813100	4461	19964	1483	2978	0	285
PF3D7_0409200	4749	19676	3247	1501	1	104
PF3D7_1305000	8759	15666	3074	5684	1	789
PF3D7_0616600	10751	13674	6610	4141	0	366
PF3D7_1436800	956	23469	280	673	3	53
PF3D7_0206500	17336	7089	14583	2753	0	507
PF3D7_0212500	17453	6972	14503	2949	1	2262
PF3D7_0730200	4248	20177	736	3510	2	258
PF3D7_1435000	4565	19860	3172	1393	0	169
PF3D7_1242400	3522	20903	1588	1934	0	202
PF3D7_1402000	6596	17829	2275	4321	0	368
PF3D7_0802600	21611	2814	19437	2174	0	654
PF3D7_0316900	6465	17960	1042	5423	0	214
PF3D7_1311000	2445	21980	2269	176	0	22
PF3D7_1423600	5269	19156	4741	528	0	15
PF3D7_1451400	11597	12828	6149	5448	0	921
PF3D7_0819000	14020	10405	10208	3812	0	590
PF3D7_0704800	14426	9999	10816	3610	0	763
PF3D7_1003600	1033	23392	350	683	0	38
PF3D7_0702400	2378	22047	315	2063	0	30
PF3D7_1313200	5681	18744	2400	3281	0	319
PF3D7_0418400	4559	19866	1462	3097	0	30
PF3D7_1214700	674	23751	224	450	0	34
PF3D7_0516600	14155	10270	10060	4095	0	814
PF3D7_1027700	2378	22047	2220	158	0	13
PF3D7_1131800	15961	8464	11615	4346	0	1374
PF3D7_0602500	2774	21651	1356	1417	1	120
PF3D7_0504900	985	23440	599	386	0	16
PF3D7_1007100	981	23444	659	322	0	35
PF3D7_1112200	3978	20447	3497	481	0	53
PF3D7_0408200	3193	21232	851	2342	0	305
PF3D7_0627200	4529	19896	2426	2103	0	63
PF3D7_0714600	13260	11165	8019	5241	0	284
PF3D7_0203600	6320	18105	533	5787	0	308
PF3D7_1147300	10442	13983	5084	5358	0	711
PF3D7_1325000	1483	22942	1120	363	0	9
PF3D7_1455100	1919	22506	1446	473	0	21
PF3D7_0927300	7513	16912	6451	1062	0	139
PF3D7_0627100	9479	14946	5768	3711	0	427
PF3D7_0903700	2570	21855	1695	875	0	9
PF3D7_0928000	1866	22559	1490	376	0	31
PF3D7_0403100	5058	19367	3012	2046	0	298
PF3D7_1438900	1589	22836	669	920	0	21
PF3D7_0304000	8648	15777	5683	2964	1	331
PF3D7_1341900	1660	22765	1061	599	0	26
PF3D7_0802500	14025	10400	9336	4689	0	436
PF3D7_0216600	5038	19387	1543	3495	0	345
PF3D7_0413700	4643	19782	4369	274	0	27
PF3D7_1130600	13164	11261	6728	6436	0	489
PF3D7_0824500	4128	20297	278	3850	0	199
PF3D7_0528200	8006	16419	5067	2937	2	71
PF3D7_1421000	3872	20553	1131	2741	0	71
PF3D7_1214300	2058	22367	737	1320	1	142
PF3D7_0823600	2457	21968	669	1788	0	213
PF3D7_1413000	4337	20088	1189	3147	1	263
PF3D7_0211100	6668	17757	2936	3732	0	457
PF3D7_0629200	1314	23111	600	714	0	33
PF3D7_1202000	5258	19167	2839	2419	0	331
PF3D7_0407700	21469	2956	19013	2456	0	267
PF3D7_1449700	7302	17123	1713	5588	1	1001
PF3D7_0404800	14322	10103	8312	6010	0	403
PF3D7_0718700	3295	21130	1675	1620	0	176
PF3D7_0630600	8776	15649	2283	6492	1	186
PF3D7_0113100	16676	7749	11044	5555	77	3663
PF3D7_1420900	2472	21953	1437	1035	0	56
PF3D7_0930200	6662	17763	4145	2516	1	311
PF3D7_0516900	2296	22129	1250	1046	0	22
PF3D7_1368000	1598	22827	1255	342	1	33
PF3D7_0720800	7199	17226	3661	3538	0	54
PF3D7_0520700	6366	18059	489	5871	6	474
PF3D7_0207400	12281	12144	8510	3771	0	579
PF3D7_1228900	12868	11557	5955	6913	0	270
PF3D7_0524300	7585	16840	2444	5140	1	318
PF3D7_1025700	2339	22086	379	1960	0	70
PF3D7_1032900	11249	13176	4848	6400	1	1655
PF3D7_1135000	2042	22383	1614	428	0	40
PF3D7_1013900	5518	18907	1510	4007	1	384
PF3D7_0822900	15625	8800	12582	3043	0	811
PF3D7_0214400	4723	19702	992	3731	0	337
PF3D7_1475800	9792	14633	2990	6801	1	1977
PF3D7_1128900	7302	17123	2567	4734	1	219
PF3D7_1037300	1724	22701	677	1047	0	13
PF3D7_1417200	15834	8591	10475	5343	16	1931
PF3D7_0705100	18379	6046	13969	4410	0	727
PF3D7_1004800	7519	16906	825	6694	0	231
PF3D7_1036300	20548	3877	16518	4029	1	402
PF3D7_1241500	2220	22205	393	1824	3	229
PF3D7_0607200	2770	21655	542	2228	0	85
PF3D7_0811600	9635	14790	6562	3073	0	184
PF3D7_0919500	7598	16827	2783	4632	183	256
PF3D7_0937200	11477	12948	3222	3187	5068	153
PF3D7_0513100	2474	21951	1783	691	0	26
PF3D7_1207200	17409	7016	10040	7367	2	2041
PF3D7_1004700	4408	20017	1440	2967	1	74
PF3D7_0714300	7328	17097	2390	4937	1	508
PF3D7_1332000	4697	19728	3436	1261	0	48
PF3D7_0518000	4402	20023	1223	3179	0	98
PF3D7_0210500	8221	16204	4132	4089	0	528
PF3D7_1401700	14239	10186	8303	5936	0	271
PF3D7_0305900	2905	21520	1193	1711	1	88
PF3D7_1354500	2988	21437	1886	1096	6	78
PF3D7_0619300	17964	6461	9122	8822	20	1497
PF3D7_1236800	3470	20955	2055	1411	4	154
PF3D7_1324200	6201	18224	3435	2766	0	220
PF3D7_0108600	3090	21335	1455	1635	0	165
PF3D7_0705300	6416	18009	2768	3647	1	243
PF3D7_1450400	9512	14913	2178	7334	0	1514
PF3D7_0207100	15717	8708	10887	4830	0	673
PF3D7_0831600	15502	8923	10086	5319	97	1554
PF3D7_0710000	15920	8505	11014	4906	0	3625
PF3D7_0410900	15464	8961	13001	2463	0	359
PF3D7_0308100	18158	6267	13384	4774	0	2622
PF3D7_1325500	4812	19613	3159	1653	0	195
PF3D7_0706700	5892	18533	2800	3092	0	299
PF3D7_1342200	11905	12520	5485	6378	42	921
PF3D7_1112300	9506	14919	5571	3934	1	380
PF3D7_1471000	2411	22014	444	1967	0	229
PF3D7_0102300	1806	22619	857	948	1	44
PF3D7_1214400	1262	23163	557	705	0	29
PF3D7_0526500	16327	8098	13133	2719	475	560
PF3D7_1422600	9738	14687	4706	5032	0	363
PF3D7_0106000	13170	11255	9069	4100	1	317
PF3D7_1017500	534	23891	194	340	0	9
PF3D7_1462700	2320	22105	1657	662	1	53
PF3D7_0403200	16543	7882	14483	2060	0	228
PF3D7_0508000	8815	15610	2702	6113	0	547
PF3D7_1327400	4025	20400	106	3919	0	115
PF3D7_0936600	4324	20101	1562	2762	0	80
PF3D7_0405500	3196	21229	1815	1379	2	155
PF3D7_1223700	666	23759	173	493	0	12
PF3D7_0523100	4892	19533	3802	1090	0	95
PF3D7_0407900	4804	19621	1908	2896	0	139
PF3D7_1225500	5685	18740	2546	3139	0	134
PF3D7_0709000	6167	18258	3535	2632	0	128
PF3D7_0517000	1111	23314	732	379	0	11
PF3D7_1426600	8977	15448	2540	6437	0	1055
PF3D7_1450800	5452	18973	2855	2597	0	195
PF3D7_0419200	613	23812	363	250	0	33
PF3D7_0213700	695	23730	376	319	0	9
PF3D7_1308500	1951	22474	109	1841	1	169
PF3D7_1005400	3715	20710	1216	2499	0	191
PF3D7_0322200	6462	17963	2645	3817	0	437
PF3D7_0216100	12475	11950	4260	8215	0	432
PF3D7_1215700	8792	15633	3628	5164	0	1141
PF3D7_1004400	8649	15776	3691	4948	10	739
PF3D7_1403500	5036	19389	2403	2633	0	120
PF3D7_1358100	7054	17371	2447	4607	0	400
PF3D7_0811300	11559	12866	7586	3972	1	334
PF3D7_1329800	20153	4272	15789	4364	0	489
PF3D7_1251400	3556	20869	963	2591	2	201
PF3D7_0316200	14923	9502	9190	5733	0	2474
PF3D7_0720900	7512	16913	5601	1911	0	71
PF3D7_1461500	2520	21905	2020	500	0	56
PF3D7_0207200	1640	22785	1419	221	0	31
PF3D7_1016200	3487	20938	2471	1016	0	102
PF3D7_0322400	10454	13971	5959	4489	6	479
PF3D7_0110800	2548	21877	1350	1198	0	28
PF3D7_0934500	1542	22883	1092	450	0	49
PF3D7_1129500	5677	18748	1792	3879	6	302
PF3D7_1476000	2180	22245	1034	1144	2	31
PF3D7_1430800	1138	23287	550	588	0	22
PF3D7_1455600	12895	11530	6363	6532	0	623
PF3D7_0730300	8420	16005	2278	6140	2	718
PF3D7_0604400	4438	19987	917	3520	1	68
PF3D7_1116700	7498	16927	3273	4224	1	237
PF3D7_1218500	8072	16353	4004	4068	0	95
PF3D7_1117300	560	23865	153	407	0	21
PF3D7_1327100	3923	20502	3028	895	0	74
PF3D7_1104700	3010	21415	2629	381	0	37
PF3D7_1038000	756	23669	394	362	0	9
PF3D7_1439600	502	23923	158	344	0	32
PF3D7_0619700	5442	18983	1002	4440	0	195
PF3D7_0603400	10343	14082	5586	4757	0	900
PF3D7_1333000	2479	21946	1421	1058	0	52
PF3D7_1112800	5288	19137	2208	3077	3	141
PF3D7_1326200	1819	22606	447	1372	0	90
PF3D7_0507000	2871	21554	2465	404	2	25
PF3D7_1247700	4736	19689	228	4508	0	262
PF3D7_1418200	1580	22845	916	664	0	94
PF3D7_1433400	19682	4743	15140	4542	0	1882
PF3D7_1127000	6867	17558	3119	3748	0	87
PF3D7_0916600	985	23440	329	656	0	94
PF3D7_0715200	18009	6416	13194	3918	897	1005
PF3D7_0405200	9528	14897	7591	1934	3	93
PF3D7_0628200	20378	4047	18053	2325	0	528
PF3D7_1330400	1329	23096	749	580	0	19
PF3D7_0308000	6496	17929	4457	2039	0	97
PF3D7_1326400	2745	21680	1460	1285	0	91
PF3D7_1126700	10054	14371	5261	4793	0	257
PF3D7_1217100	4187	20238	1592	2595	0	172
PF3D7_0719900	16978	7447	13313	3659	6	2489
PF3D7_0815700	2810	21615	1403	1407	0	128
PF3D7_1029200	4909	19516	801	4106	2	264
PF3D7_0625800	3744	20681	1150	2589	5	355
PF3D7_0615100	6772	17653	880	5891	1	180
PF3D7_1403700	2908	21517	189	2719	0	107
PF3D7_0822000	7506	16919	5178	2327	1	174
PF3D7_0626200	3627	20798	817	2810	0	222
PF3D7_1410100	3613	20812	1676	1937	0	103
PF3D7_1231500	402	24023	175	226	1	2
PF3D7_0628500	1090	23335	220	870	0	34
PF3D7_0802700	3472	20953	2213	1259	0	149
PF3D7_0606700	8730	15695	3228	5502	0	471
PF3D7_0802000	10394	14031	5281	5113	0	356
PF3D7_0605900	2516	21909	1877	639	0	17
PF3D7_1361100	8785	15640	5493	3292	0	204
PF3D7_0219900	4791	19634	859	3932	0	89
PF3D7_0927200	12099	12326	6106	5991	2	1077
PF3D7_1407400	3210	21215	588	2617	5	126
PF3D7_0707800	8245	16180	4865	3380	0	426
PF3D7_0210300	3124	21301	1825	1299	0	44
PF3D7_1019600	14130	10295	9429	4661	40	1041
PF3D7_1037100	6235	18190	3284	2951	0	185
PF3D7_0904500	898	23527	462	436	0	25
PF3D7_1251600	7021	17404	987	6034	0	780
PF3D7_0306000	663	23762	293	370	0	33
PF3D7_1451800	9612	14813	6140	3471	1	92
PF3D7_1013200	11179	13246	5276	5903	0	720
PF3D7_1357000	20125	4300	17131	2994	0	3
PF3D7_1415200	1614	22811	1422	190	2	24
PF3D7_1213900	10840	13585	6709	4131	0	521
PF3D7_1452800	3029	21396	1232	1797	0	185
PF3D7_1316000	3107	21318	1849	1258	0	62
PF3D7_1247300	3547	20878	1322	2225	0	241
PF3D7_1324900	4323	20102	2947	1376	0	19
PF3D7_0711400	8281	16144	984	7297	0	508
PF3D7_0730800	8285	16140	4557	3728	0	135
PF3D7_1247400	1485	22940	719	766	0	59
PF3D7_0928200	7663	16762	1569	6094	0	953
PF3D7_1003100	597	23828	267	330	0	23
PF3D7_1425200	1659	22766	537	1121	1	102
PF3D7_0915200	2345	22080	708	1637	0	183
PF3D7_0604100	9659	14766	4009	5650	0	1185
PF3D7_1037600	8205	16220	5264	2941	0	103
PF3D7_1358000	12746	11679	7607	5138	1	1385
PF3D7_0619800	20223	4202	17867	2356	0	987
PF3D7_1310400	10826	13599	6680	4145	1	686
PF3D7_1431500	15004	9421	11727	3271	6	247
PF3D7_1326300	8661	15764	4053	4606	2	243
PF3D7_0905900	5782	18643	3034	2745	3	278
PF3D7_0903300	13214	11211	6281	6817	116	3741
PF3D7_0103200	4097	20328	494	3603	0	117
PF3D7_0602700	7685	16740	541	7143	1	266
PF3D7_1125500	285	24140	93	192	0	17
PF3D7_1358500	6669	17756	3843	2810	16	255
PF3D7_0525400	2800	21625	606	2192	2	195
PF3D7_1431700	2094	22331	1723	371	0	30
PF3D7_1017700	13229	11196	7385	5843	1	511
PF3D7_1224700	9073	15352	4600	4473	0	650
PF3D7_0703400	9794	14631	4838	4955	1	628
PF3D7_1016400	6362	18063	974	5388	0	127
PF3D7_0625100	3577	20848	1055	2522	0	76
PF3D7_0610000	2159	22266	1491	667	1	45
PF3D7_0816000	3043	21382	698	2344	1	186
PF3D7_1444100	22268	2157	20175	2093	0	1103
PF3D7_1036600	2259	22166	1860	399	0	39
PF3D7_1471700	8096	16329	4353	3742	1	451
PF3D7_1012400	3667	20758	3311	325	31	4
PF3D7_1229800	16781	7644	13308	3471	2	1348
PF3D7_1410000	4605	19820	386	4219	0	108
PF3D7_1204000	3301	21124	2359	942	0	82
PF3D7_1104200	11844	12581	6778	5066	0	481
PF3D7_1124800	2093	22332	1415	678	0	63
PF3D7_1025200	9676	14749	8910	766	0	82
PF3D7_0613900	16581	7844	13418	3162	1	795
PF3D7_1020400	4725	19700	2683	2041	1	263
PF3D7_1205600	3548	20877	1425	2121	2	89
PF3D7_1008600	5740	18685	1241	4499	0	196
PF3D7_1347000	2422	22003	848	1574	0	93
PF3D7_0518900	1581	22844	1088	491	2	75
PF3D7_1415300	1852	22573	292	1560	0	46
PF3D7_0528700	4310	20115	249	4061	0	37
PF3D7_1111200	6004	18421	3178	2826	0	350
PF3D7_0512100	1837	22588	805	1032	0	39
PF3D7_1403000	15093	9332	11668	3425	0	305
PF3D7_0511700	1962	22463	521	1441	0	61
PF3D7_1002800	8508	15917	2220	6288	0	1290
PF3D7_0311800	15340	9085	12908	2432	0	81
PF3D7_0907100	18077	6348	5412	12646	19	837
PF3D7_1318300	24385	40	24359	26	0	19
PF3D7_0802800	4685	19740	1979	2662	44	105
PF3D7_1336800	1904	22521	826	1078	0	71
PF3D7_1428500	9459	14966	3534	5925	0	919
PF3D7_0526700	9900	14525	4570	5330	0	610
PF3D7_0505300	6821	17604	3841	2977	3	190
PF3D7_1467100	3412	21013	1239	2171	2	282
PF3D7_1220300	10145	14280	3146	6999	0	1490
PF3D7_1111900	2368	22057	977	1391	0	68
PF3D7_1037500	5251	19174	3378	1872	1	43
PF3D7_1210200	9116	15309	2813	6303	0	1137
PF3D7_1472600	5282	19143	2545	2737	0	361
PF3D7_1452100	5731	18694	5334	396	1	79
PF3D7_0806500	10482	13943	6587	3895	0	159
PF3D7_0824700	5435	18990	1627	3807	1	289
PF3D7_1002400	4246	20179	708	3538	0	54
PF3D7_1147500	9610	14815	4904	4705	1	616
PF3D7_1105500	763	23662	309	454	0	41
PF3D7_1403900	1138	23287	315	823	0	49
PF3D7_0506900	12854	11571	7860	4993	1	348
PF3D7_1014700	4541	19884	1527	3010	4	34
PF3D7_1457800	5521	18904	1266	4250	5	522
PF3D7_0924700	3297	21128	286	3011	0	178
PF3D7_1226700	3049	21376	751	2298	0	210
PF3D7_1435400	823	23602	170	653	0	63
PF3D7_0105300	1267	23158	692	575	0	51
PF3D7_0313400	16747	7678	10944	5803	0	535
PF3D7_0528300	5198	19227	2216	2982	0	338
PF3D7_0923900	2099	22326	1369	730	0	19
PF3D7_0925200	4236	20189	777	3459	0	188
PF3D7_1118800	2119	22306	805	1313	1	109
PF3D7_1025400	19719	4706	17272	2447	0	507
PF3D7_1340500	6671	17754	961	5710	0	938
PF3D7_1022900	412	24013	166	246	0	11
PF3D7_1138350	1834	22591	925	900	9	61
PF3D7_0103600	12663	11762	4433	8228	2	3744
PF3D7_1210100	1134	23291	209	924	1	48
PF3D7_0905200	11447	12978	7844	3601	2	955
PF3D7_0618500	1368	23057	664	704	0	28
PF3D7_1363200	4247	20178	2064	2178	5	171
PF3D7_0704200	16012	8413	12125	3887	0	534
PF3D7_0929600	3330	21095	2494	836	0	34
PF3D7_1437300	1211	23214	461	750	0	88
PF3D7_1223200	3510	20915	2058	1452	0	65
PF3D7_1411300	6505	17920	1699	4806	0	391
PF3D7_1441600	4376	20049	1643	2717	16	238
PF3D7_0103500	20992	3433	17733	3259	0	469
PF3D7_1338500	6565	17860	2574	3991	0	356
PF3D7_0511000	1233	23192	1101	132	0	18
PF3D7_1111800	1829	22596	554	1275	0	119
PF3D7_1033100	14634	9791	9225	5408	1	3112
PF3D7_0524900	23327	1098	20492	2835	0	94
PF3D7_0516000	11887	12538	8950	2937	0	423
PF3D7_1001800	2295	22130	198	2097	0	79
PF3D7_1026600	19603	4822	17152	2449	2	660
PF3D7_0711500	9221	15204	2323	6897	1	273
PF3D7_1124500	4648	19777	488	4160	0	249
PF3D7_0522300	3314	21111	1791	1523	0	66
PF3D7_1461100	4681	19744	1117	3553	11	485
PF3D7_1117900	13590	10835	9878	3712	0	1233
PF3D7_1106200	4204	20221	1552	2652	0	333
PF3D7_0417200	4608	19817	1825	2783	0	31
PF3D7_1135900	3860	20565	3014	846	0	28
PF3D7_1223600	11870	12555	8623	3247	0	488
PF3D7_0303900	2465	21960	1747	718	0	74
PF3D7_0215800	7063	17362	3098	3963	2	296
PF3D7_1432200	10359	14066	4226	6133	0	928
PF3D7_0109300	1234	23191	649	585	0	55
PF3D7_1470800	6407	18018	2298	4109	0	370
PF3D7_0404500	7187	17238	1011	6173	3	260
PF3D7_0610900	8828	15597	4473	4354	1	289
PF3D7_1116300	1264	23161	833	431	0	24
PF3D7_1411700	6877	17548	1037	5840	0	519
PF3D7_0109400	4680	19745	875	3805	0	72
PF3D7_0620200	4725	19700	3091	1634	0	80
PF3D7_0928100	9268	15157	4156	5112	0	256
PF3D7_1446800	2422	22003	1262	1160	0	51
PF3D7_0106700	20705	3720	19219	1485	1	630
PF3D7_0719400	18548	5877	13007	5541	0	817
PF3D7_1112700	16037	8388	12540	3497	0	633
PF3D7_1331800	1219	23206	837	381	1	3
PF3D7_1360400	1728	22697	402	1326	0	208
PF3D7_1119300	2257	22168	734	1522	1	64
PF3D7_1239300	1153	23272	296	857	0	70
PF3D7_0813800	5179	19246	3328	1851	0	38
PF3D7_1141200	1171	23254	905	266	0	20
PF3D7_0706300	638	23787	179	449	10	65
PF3D7_0617200	3164	21261	861	2303	0	68
PF3D7_1212700	9858	14567	6935	2923	0	316
PF3D7_1323200	1443	22982	1235	208	0	19
PF3D7_1205100	6148	18277	3408	2737	3	235
PF3D7_0627900	2115	22310	1004	1111	0	67
PF3D7_1465900	4831	19594	4644	187	0	6
PF3D7_1311800	7773	16652	4264	3509	0	244
PF3D7_1302200	1782	22643	205	1572	5	59
PF3D7_0827100	10255	14170	3692	6559	4	1200
PF3D7_0927600	5606	18819	1379	4220	7	378
PF3D7_1204300	412	24013	107	305	0	7
PF3D7_1308000	6094	18331	1054	5040	0	372
PF3D7_1330200	1928	22497	344	1583	1	104
PF3D7_1415800	2690	21735	1340	1340	10	86
PF3D7_0702200	2870	21555	685	2184	1	104
PF3D7_0308600	3761	20664	2440	1321	0	129
PF3D7_0208500	1457	22968	442	1015	0	55
PF3D7_1477200	6473	17952	553	5301	619	398
PF3D7_1449400	13584	10841	9257	4326	1	1718
PF3D7_1327000	24370	55	24362	8	0	8
PF3D7_0726900	2326	22099	424	1902	0	241
PF3D7_1462100	7887	16538	1995	5889	3	677
PF3D7_1316400	1409	23016	949	459	1	41
PF3D7_0515200	2186	22239	1803	383	0	61
PF3D7_0807600	22099	2326	20627	1472	0	399
PF3D7_1208900	8946	15479	3954	4992	0	431
PF3D7_1115500	1745	22680	983	760	2	87
PF3D7_1454300	5136	19289	416	4718	2	496
PF3D7_1317500	419	24006	178	241	0	14
PF3D7_1345400	9797	14628	4809	4987	1	1137
PF3D7_1228800	22709	1716	21435	1274	0	572
PF3D7_1468300	1645	22780	513	1132	0	95
PF3D7_1436400	8932	15493	5561	3371	0	566
PF3D7_1448900	591	23834	390	201	0	23
PF3D7_1430300	19348	5077	16209	3139	0	568
PF3D7_0212600	3587	20838	921	2665	1	62
PF3D7_1124600	2576	21849	1055	1520	1	76
PF3D7_0908100	4807	19618	1580	3227	0	275
PF3D7_1468400	7798	16627	3131	4667	0	722
PF3D7_1320500	1116	23309	245	871	0	82
PF3D7_1019500	7566	16859	5643	1923	0	186
PF3D7_0111300	9762	14663	3786	5976	0	541
PF3D7_1121100	13787	10638	9491	4295	1	483
PF3D7_1365900	1646	22779	1250	396	0	3
PF3D7_1021900	17368	7057	13516	3852	0	668
PF3D7_1103800	15843	8582	10841	5002	0	1649
PF3D7_0907200	8930	15495	2687	6243	0	933
PF3D7_0511900	4387	20038	1218	3169	0	248
PF3D7_1322700	3888	20537	2358	1529	1	121
PF3D7_1445100	9984	14441	4403	5579	2	786
PF3D7_1448000	10876	13549	5941	4929	6	616
PF3D7_0421700	16684	7741	5708	10974	2	2778
PF3D7_1467200	9109	15316	5903	3206	0	328
PF3D7_1330300	3953	20472	525	3428	0	149
PF3D7_0936000	17480	6945	674	5588	11218	56
PF3D7_1038400	24409	16	24409	0	0	0
PF3D7_0415400	1381	23044	988	393	0	31
PF3D7_1016000	2957	21468	1017	1940	0	203
PF3D7_0609400	2554	21871	1266	1288	0	142
PF3D7_0319100	1037	23388	931	106	0	13
PF3D7_0508600	6469	17956	2197	4268	4	235
PF3D7_1416500	5895	18530	2520	3375	0	59
PF3D7_1234800	10114	14311	8363	1751	0	173
PF3D7_0424500	7047	17378	3069	3978	0	190
PF3D7_1433100	7342	17083	2539	4803	0	460
PF3D7_0720100	2783	21642	626	2157	0	123
PF3D7_0505700	14970	9455	11599	3369	2	390
PF3D7_1035600	7672	16753	5128	2462	82	134
PF3D7_0320100	1591	22834	1248	343	0	21
PF3D7_0515000	11945	12480	6868	5070	7	380
PF3D7_0713400	6936	17489	1285	5651	0	33
PF3D7_1307200	2111	22314	923	1188	0	179
PF3D7_1227600	10582	13843	5327	5255	0	575
PF3D7_1233600	22590	1835	20229	2361	0	1111
PF3D7_0933600	3662	20763	2868	794	0	60
PF3D7_0422500	14129	10296	9080	5045	4	2029
PF3D7_0723500	1588	22837	131	1456	1	53
PF3D7_1026500	483	23942	260	223	0	19
PF3D7_1407200	4239	20186	2251	1988	0	88
PF3D7_1312200	3476	20949	655	2821	0	114
PF3D7_1461600	8927	15498	4236	4691	0	332
PF3D7_0418600	12455	11970	6541	5881	33	1066
PF3D7_1241100	9859	14566	6637	3222	0	62
PF3D7_1423400	12783	11642	7867	4908	8	814
PF3D7_0936800	3429	20996	1617	1807	5	129
PF3D7_0411700	1991	22434	201	1789	1	86
PF3D7_0922700	4345	20080	3535	810	0	89
PF3D7_0525100	8285	16140	2746	5538	1	434
PF3D7_1250600	4910	19515	2287	2623	0	282
PF3D7_1309900	1540	22885	414	1126	0	145
PF3D7_1443100	5858	18567	467	5388	3	298
PF3D7_0819500	3723	20702	1435	2286	2	44
PF3D7_0622000	1362	23063	605	757	0	81
PF3D7_0804000	10208	14217	5726	4482	0	366
PF3D7_1321900	5300	19125	170	5130	0	127
PF3D7_0706400	450	23975	153	297	0	9
PF3D7_0906500	5829	18596	447	5382	0	202
PF3D7_1133500	2834	21591	2011	823	0	83
PF3D7_0720000	1116	23309	683	433	0	52
PF3D7_0520600	780	23645	364	416	0	45
PF3D7_1441400	2768	21657	1246	1522	0	81
PF3D7_1420000	9579	14846	5282	4294	3	231
PF3D7_0219800	4227	20198	700	3527	0	139
PF3D7_0607000	9690	14735	5719	3971	0	131
PF3D7_0620500	4356	20069	1520	2834	2	304
PF3D7_0421900	2363	22062	152	2211	0	36
PF3D7_1023700	7034	17391	1360	5670	4	312
PF3D7_1467800	897	23528	413	483	1	26
PF3D7_1024700	3731	20694	717	3014	0	186
PF3D7_1317100	8311	16114	4247	4063	1	132
PF3D7_1431000	1164	23261	372	792	0	46
PF3D7_0720200	1477	22948	636	841	0	32
PF3D7_0624400	4377	20048	504	3873	0	308
PF3D7_0312800	1559	22866	1291	267	1	12
PF3D7_1140600	10526	13899	4779	5746	1	1226
PF3D7_0409100	4674	19751	3088	1586	0	142
PF3D7_0906890	1750	22675	1109	637	4	71
PF3D7_0401600	12611	11814	6772	5839	0	1198
PF3D7_0715800	6507	17918	3182	3325	0	196
PF3D7_1434200	1314	23111	871	443	0	6
PF3D7_0924200	7791	16634	2298	5493	0	592
PF3D7_0609500	7589	16836	4984	2605	0	224
PF3D7_0824400	6891	17534	1522	5369	0	133
PF3D7_1413300	3362	21063	3213	149	0	29
PF3D7_0615000	2037	22388	966	1071	0	74
PF3D7_1443300	790	23635	479	311	0	24
PF3D7_1341700	1117	23308	498	619	0	37
PF3D7_0529500	4131	20294	3685	446	0	39
PF3D7_1418300	1079	23346	259	820	0	44
PF3D7_1447800	17553	6872	13314	4238	1	1146
PF3D7_1416600	11488	12937	5656	5832	0	2691
PF3D7_1201200	5160	19265	1052	3729	379	77
PF3D7_0306300	1777	22648	1365	411	1	35
PF3D7_0409900	8098	16327	3633	4465	0	98
PF3D7_1221900	9947	14478	4768	5176	3	538
PF3D7_1132600	4063	20362	2389	1672	2	175
PF3D7_1315400	1844	22581	735	1109	0	56
PF3D7_0728000	1399	23026	820	579	0	24
PF3D7_1337900	2860	21565	121	2739	0	146
PF3D7_1321700	13212	11213	9034	4178	0	425
PF3D7_1351600	5660	18765	3741	1919	0	91
PF3D7_0313800	5015	19410	1262	3753	0	241
PF3D7_0318900	2618	21807	616	2002	0	188
PF3D7_0731300	2142	22283	1098	1044	0	64
PF3D7_1249100	9924	14501	4635	5289	0	257
PF3D7_0529100	2290	22135	1150	1140	0	58
PF3D7_1413400	4994	19431	1300	3694	0	320
PF3D7_0104400	6033	18392	4797	1236	0	132
PF3D7_1409100	10628	13797	5698	4930	0	660
PF3D7_1232700	8376	16049	3919	4456	1	178
PF3D7_0808100	13306	11119	7894	5410	2	1524
PF3D7_0414300	2114	22311	1068	1046	0	24
PF3D7_0608600	4731	19694	1163	3568	0	114
PF3D7_1451300	1156	23269	281	875	0	70
PF3D7_1311400	4394	20031	3157	1237	0	32
PF3D7_0917900	8258	16167	6267	1991	0	36
PF3D7_0516700	11711	12714	7552	4159	0	264
PF3D7_1018400	3891	20534	1630	2261	0	57
PF3D7_1146100	2271	22154	1130	1141	0	86
PF3D7_1309800	5209	19216	1475	3734	0	116
PF3D7_0304700	9947	14478	2280	6245	1422	419
PF3D7_1136700	5040	19385	1338	3701	1	135
PF3D7_1323500	6640	17785	1622	5016	2	248
PF3D7_1346100	4162	20263	2801	1359	2	15
PF3D7_0525600	3110	21315	812	2298	0	201
PF3D7_1422300	5065	19360	2418	2647	0	124
PF3D7_1401200	5717	18708	1500	4217	0	139
PF3D7_1434100	5687	18738	2069	3614	4	213
PF3D7_1303000	4384	20041	561	3823	0	41
PF3D7_0528400	6943	17482	1989	4953	1	125
PF3D7_1477500	9941	14484	4557	5383	1	322
PF3D7_0318300	14734	9691	9791	4943	0	419
PF3D7_1346300	3648	20777	2996	652	0	45
PF3D7_0623200	2101	22324	576	1525	0	116
PF3D7_0106600	4999	19426	408	4591	0	137
PF3D7_1314500	2219	22206	409	1810	0	91
PF3D7_0936500	4529	19896	551	3958	20	160
PF3D7_1356400	6595	17830	2650	3944	1	548
PF3D7_1367100	4736	19689	3160	1576	0	176
PF3D7_0423100	1650	22775	174	1476	0	20
PF3D7_0209400	6469	17956	3990	2477	2	168
PF3D7_1007200	11138	13287	9464	1674	0	100
PF3D7_1436000	8643	15782	2438	6197	8	136
PF3D7_1217800	453	23972	209	244	0	16
PF3D7_0416300	8961	15464	6145	2816	0	300
PF3D7_1402100	13020	11405	8263	4757	0	1361
PF3D7_1200900	4145	20280	848	3206	91	109
PF3D7_0817400	15159	9266	12522	2634	3	269
PF3D7_1231700	2597	21828	290	2307	0	22
PF3D7_1331500	19119	5306	15912	3207	0	316
PF3D7_0801700	17166	7259	12623	4543	0	1260
PF3D7_0611700	1105	23320	1057	48	0	3
PF3D7_1031900	8358	16067	3677	4681	0	260
PF3D7_1341300	1956	22469	1626	330	0	25
PF3D7_1446400	4379	20046	518	3857	4	147
PF3D7_1245000	2509	21916	390	2119	0	208
PF3D7_0506300	7617	16808	5204	2390	23	177
PF3D7_0818600	8338	16087	1832	6494	12	533
PF3D7_1232200	4080	20345	3054	1026	0	37
PF3D7_1023300	585	23840	453	132	0	17
PF3D7_1445600	7178	17247	2533	4645	0	409
PF3D7_0310500	14339	10086	9697	4642	0	1162
PF3D7_0526800	3305	21120	904	2401	0	169
PF3D7_1449200	2528	21897	2198	330	0	26
PF3D7_0819300	7080	17345	1255	5825	0	812
PF3D7_1215500	1638	22787	1531	107	0	10
PF3D7_1206300	22818	1607	21077	1741	0	443
PF3D7_1305900	3080	21345	1264	1805	11	251
PF3D7_1006600	3068	21357	2805	263	0	22
PF3D7_0216700	15855	8570	10912	4942	1	448
PF3D7_0508500	20031	4394	15675	4356	0	686
PF3D7_0219600	6047	18378	3475	2572	0	213
PF3D7_1426300	5437	18988	4178	1258	1	95
PF3D7_1218900	9302	15123	3779	5523	0	749
PF3D7_1222300	5489	18936	4399	1090	0	87
PF3D7_0918800	4504	19921	921	3583	0	211
PF3D7_1147100	910	23515	459	450	1	52
PF3D7_0528500	6527	17898	2982	3545	0	113
PF3D7_0622200	6266	18159	2466	3799	1	343
PF3D7_0824300	7152	17273	2196	4956	0	309
PF3D7_1248500	2269	22156	1621	648	0	41
PF3D7_1302300	2653	21772	249	2404	0	43
PF3D7_0931800	2225	22200	257	1968	0	62
PF3D7_0812200	4001	20424	1849	2152	0	113
PF3D7_1207600	7725	16700	3718	4004	3	266
PF3D7_1147000	17649	6776	12479	5164	6	2032
PF3D7_1333300	1203	23222	798	405	0	41
PF3D7_0614300	5131	19294	2341	2789	1	211
PF3D7_1454100	1319	23106	978	341	0	47
PF3D7_0913200	2464	21961	1034	1430	0	108
PF3D7_0215400	17966	6459	11531	6435	0	200
PF3D7_1359800	1615	22810	450	1165	0	59
PF3D7_0604900	419	24006	237	180	2	23
PF3D7_0722300	13096	11329	9958	3137	1	362
PF3D7_0814300	10158	14267	4346	5812	0	866
PF3D7_1469600	13116	11309	6744	6372	0	3428
PF3D7_1119600	9974	14451	6434	3535	5	338
PF3D7_1011000	1368	23057	892	476	0	16
PF3D7_1108800	1211	23214	559	652	0	94
PF3D7_0311000	4161	20264	1043	3118	0	56
PF3D7_1245500	5935	18490	4251	1684	0	141
PF3D7_1037200	5106	19319	1616	3488	2	246
PF3D7_0510300	4165	20260	3956	208	1	31
PF3D7_1301400	2768	21657	1452	1314	2	110
PF3D7_1362100	2458	21967	1123	1335	0	68
PF3D7_0314500	890	23535	475	415	0	55
PF3D7_1236500	1887	22538	109	1778	0	120
PF3D7_1347900	11230	13195	5636	5594	0	1135
PF3D7_1350500	7957	16468	2834	5119	4	892
PF3D7_1116500	1907	22518	1010	897	0	34
PF3D7_1314300	3154	21271	1449	1704	1	135
PF3D7_0504300	2526	21899	1847	679	0	109
PF3D7_0202100	5983	18442	981	5002	0	164
PF3D7_0504600	7895	16530	7448	445	2	44
PF3D7_0218600	18278	6147	12774	5504	0	1563
PF3D7_1252900	1282	23143	634	648	0	70
PF3D7_1407900	7242	17183	4253	2987	2	203
PF3D7_1466700	3238	21187	1853	1385	0	45
PF3D7_1023600	3380	21045	1220	2160	0	140
PF3D7_1231400	8883	15542	4952	3931	0	650
PF3D7_1115700	16170	8255	8148	8022	0	102
PF3D7_0523200	8641	15784	3173	5467	1	731
PF3D7_0613500	20349	4076	18474	1875	0	418
PF3D7_1107300	16229	8196	11245	4984	0	1921
PF3D7_0613400	2080	22345	1645	435	0	39
PF3D7_0213400	4551	19874	1952	2598	1	99
PF3D7_0215900	3396	21029	1720	1675	1	103
PF3D7_0312200	8577	15848	5269	3308	0	622
PF3D7_1438800	4632	19793	2835	1797	0	166
PF3D7_1106300	9380	15045	6177	3200	3	244
PF3D7_0918200	2399	22026	1186	1213	0	60
PF3D7_1222900	4374	20051	2294	2080	0	181
PF3D7_1239400	863	23562	234	629	0	74
PF3D7_1454700	4975	19450	4035	940	0	77
PF3D7_1009000	1212	23213	470	741	1	99
PF3D7_0604000	9998	14427	3628	6369	1	1267
PF3D7_1459900	712	23713	120	592	0	49
PF3D7_1366100	822	23603	450	369	3	20
PF3D7_0726050	3666	20759	2083	1573	10	115
PF3D7_0216000	15779	8646	12873	2906	0	440
PF3D7_1473300	6930	17495	3173	3756	1	647
PF3D7_0320600	2246	22179	1982	264	0	19
PF3D7_0728500	2271	22154	1497	774	0	81
PF3D7_0217100	6030	18395	4748	1282	0	52
PF3D7_1026400	6772	17653	2665	4107	0	237
PF3D7_0804600	3929	20496	1466	2455	8	188
PF3D7_1028300	2794	21631	658	2132	4	155
PF3D7_1136300	7945	16480	2248	5697	0	518
PF3D7_1342300	5567	18858	4824	743	0	85
PF3D7_1020800	3534	20891	1922	1612	0	203
PF3D7_0911800	1220	23205	316	904	0	136
PF3D7_1214200	1690	22735	832	855	3	107
PF3D7_1104600	6661	17764	1895	4766	0	527
PF3D7_1015700	7377	17048	3063	4314	0	112
PF3D7_1146000	6185	18240	3324	2859	2	374
PF3D7_1327200	2620	21805	303	2312	5	132
PF3D7_1315500	2780	21645	1163	1617	0	58
PF3D7_1241200	19578	4847	15468	4110	0	517
PF3D7_1250400	7930	16495	1838	6092	0	736
PF3D7_1037800	6770	17655	3025	3745	0	311
PF3D7_1401900	5693	18732	2516	3176	1	179
PF3D7_0628300	2863	21562	2007	856	0	21
PF3D7_1436900	1203	23222	595	608	0	37
PF3D7_0319900	718	23707	98	620	0	79
PF3D7_1230800	6157	18268	3860	2297	0	142
PF3D7_1309600	1760	22665	236	1524	0	101
PF3D7_0301900	8724	15701	4731	3992	1	107
PF3D7_0611100	572	23853	426	127	19	6
PF3D7_0406000	3925	20500	1102	2823	0	223
PF3D7_0318100	2876	21549	1671	1203	2	51
PF3D7_1315000	1862	22563	1444	418	0	56
PF3D7_1463400	4508	19917	902	3606	0	191
PF3D7_0617100	5812	18613	2661	3151	0	220
PF3D7_0207300	10886	13539	5518	5368	0	865
PF3D7_0406900	13934	10491	8914	5020	0	1139
PF3D7_1032500	1100	23325	574	526	0	35
PF3D7_0921700	7252	17173	2686	4565	1	202
PF3D7_1238400	5849	18576	5007	838	4	76
PF3D7_1322200	12960	11465	6910	6050	0	2963
PF3D7_0731700	2853	21572	570	2025	258	81
PF3D7_1204900	4025	20400	1980	2045	0	72
PF3D7_1024100	16537	7888	12873	3664	0	394
PF3D7_1439300	10575	13850	4125	6450	0	1097
PF3D7_1126100	18137	6288	14630	3507	0	1788
PF3D7_1441300	10003	14422	3252	6748	3	2030
PF3D7_0524800	3441	20984	872	2568	1	292
PF3D7_0729900	15441	8984	11805	3636	0	702
PF3D7_0818800	6865	17560	2088	4777	0	104
PF3D7_0926000	12613	11812	6661	5942	10	695
PF3D7_1227400	12383	12042	8875	3507	1	465
PF3D7_0818300	5808	18617	1359	4449	0	383
PF3D7_1343700	6971	17454	3434	3537	0	155
PF3D7_1012100	2371	22054	1622	749	0	110
PF3D7_0218400	3625	20800	1425	2198	2	176
PF3D7_0928600	3490	20935	204	3284	2	35
PF3D7_0502300	1579	22846	225	1349	5	115
PF3D7_0905400	6928	17497	3160	3766	2	139
PF3D7_1358600	8006	16419	2031	5975	0	703
PF3D7_0417100	2548	21877	1146	1402	0	23
PF3D7_0509000	2206	22219	1782	424	0	43
PF3D7_0306900	1872	22553	1449	423	0	6
PF3D7_1009100	6226	18199	816	5405	5	465
PF3D7_1125600	1335	23090	344	991	0	30
PF3D7_1320800	4832	19593	3141	1690	1	133
PF3D7_1318200	2191	22234	810	1381	0	121
PF3D7_1303600	749	23676	431	318	0	38
PF3D7_1027500	1884	22541	1760	124	0	18
PF3D7_1035100	10287	14138	3440	6834	13	825
PF3D7_1315300	1927	22498	456	1471	0	154
PF3D7_0527400	3767	20658	761	2339	667	104
PF3D7_1412700	11545	12880	6062	5482	1	1438
PF3D7_0307300	3584	20841	700	2884	0	240
PF3D7_0423200	1508	22917	98	1410	0	29
PF3D7_1211100	2888	21537	1784	1101	3	92
PF3D7_0519100	826	23599	516	310	0	15
PF3D7_0203400	3610	20815	798	2812	0	24
PF3D7_1231100	2828	21597	1852	976	0	4
PF3D7_1477700	5596	18829	643	4002	951	136
PF3D7_1401300	5069	19356	2233	2836	0	140
PF3D7_0303200	17171	7254	14065	3106	0	347
PF3D7_1442000	1568	22857	923	645	0	25
PF3D7_0904800	3470	20955	1144	2325	1	47
PF3D7_0113400	13391	11034	8822	4395	174	219
PF3D7_0910900	4388	20037	2759	1627	2	89
PF3D7_1114200	3170	21255	2668	502	0	30
PF3D7_1457000	4376	20049	3191	1185	0	66
PF3D7_1134400	3469	20956	2866	603	0	36
PF3D7_0719300	7384	17041	4018	3366	0	307
PF3D7_1203300	17827	6598	14300	3527	0	597
PF3D7_1462400	14312	10113	8983	5327	2	2764
PF3D7_0403800	5991	18434	1404	4576	11	424
PF3D7_1460300	1153	23272	603	550	0	16
PF3D7_1238200	3597	20828	780	2817	0	140
PF3D7_1128200	1493	22932	1182	311	0	17
PF3D7_1029300	14504	9921	8971	5533	0	417
PF3D7_0320000	1395	23030	985	396	14	20
PF3D7_1429800	14424	10001	8956	5468	0	230
PF3D7_1312100	9610	14815	2254	7277	79	837
PF3D7_0922300	2773	21652	2039	734	0	82
PF3D7_1224100	1281	23144	494	787	0	14
PF3D7_0104500	6828	17597	4326	2502	0	48
PF3D7_1364100	9188	15237	2913	6275	0	824
PF3D7_0214900	17688	6737	12978	4710	0	423
PF3D7_1229300	9644	14781	4262	5381	1	829
PF3D7_0627300	5191	19234	1476	3715	0	187
PF3D7_1447500	2225	22200	275	1950	0	54
PF3D7_1468800	7743	16682	5106	2637	0	418
PF3D7_0416400	7109	17316	4073	3036	0	277
PF3D7_1316200	2402	22023	996	1405	1	54
PF3D7_1215600	1864	22561	1155	709	0	78
PF3D7_1357700	8856	15569	4227	4629	0	802
PF3D7_0615400	21506	2919	15231	6275	0	1439
PF3D7_1008100	14935	9490	10052	4883	0	1884
PF3D7_1208500	10126	14299	3135	6991	0	1939
PF3D7_0921300	6024	18401	1733	4290	1	123
PF3D7_1426500	6636	17789	4482	2152	2	40
PF3D7_1413500	2268	22157	622	1646	0	98
PF3D7_1018000	8006	16419	1542	6464	0	317
PF3D7_0904000	2264	22161	889	1374	1	136
PF3D7_1327900	4335	20090	3618	710	7	50
PF3D7_0406800	3487	20938	2421	1065	1	74
PF3D7_1314700	6124	18301	3099	3023	2	305
PF3D7_0109000	760	23665	316	444	0	25
PF3D7_0212900	1569	22856	1115	452	2	36
PF3D7_1131700	1533	22892	1139	394	0	73
PF3D7_1106400	2804	21621	2189	615	0	31
PF3D7_1337300	11098	13327	8398	2700	0	305
PF3D7_1420200	7613	16812	2214	5398	1	586
PF3D7_1029600	4688	19737	3135	1553	0	74
PF3D7_0829200	1125	23300	476	649	0	9
PF3D7_1125700	9994	14431	4933	5060	1	304
PF3D7_1405000	5555	18870	2678	2877	0	366
PF3D7_0514700	20793	3632	18905	1888	0	418
PF3D7_1011100	7253	17172	2998	4254	1	515
PF3D7_0305000	4616	19809	3286	1329	1	121
PF3D7_0715500	1532	22893	1346	186	0	11
PF3D7_0302700	572	23853	99	473	0	33
PF3D7_1355200	11217	13208	7596	3621	0	518
PF3D7_0301500	2780	21645	1594	1184	2	127
PF3D7_1132400	15194	9231	10790	4403	1	830
PF3D7_0526100	2923	21502	1152	1771	0	176
PF3D7_1328000	11702	12723	4929	6773	0	825
PF3D7_0402400	8106	16319	1846	5928	332	182
PF3D7_1466800	9954	14471	5650	4304	0	161
PF3D7_1336100	1404	23021	1118	286	0	28
PF3D7_1335100	7403	17022	809	6594	0	389
PF3D7_0614600	3150	21275	1064	2086	0	157
PF3D7_1447900	13180	11245	8310	4868	2	383
PF3D7_0905800	9975	14450	1592	8382	1	1156
PF3D7_1311700	1412	23013	103	1305	4	39
PF3D7_0626900	2406	22019	470	1936	0	159
PF3D7_1237400	7147	17278	1647	5500	0	296
PF3D7_1032100	11956	12469	5131	6821	4	1697
PF3D7_1435700	4462	19963	1531	2930	1	294
PF3D7_0304400	896	23529	712	184	0	4
PF3D7_0714500	6328	18097	2671	3657	0	123
PF3D7_0107300	2957	21468	1925	1032	0	144
PF3D7_0818700	9519	14906	4341	5177	1	580
PF3D7_1310500	2447	21978	622	1823	2	80
PF3D7_1437100	1602	22823	308	1294	0	93
PF3D7_1414400	1291	23134	498	793	0	2
PF3D7_1445400	10147	14278	5282	4865	0	383
PF3D7_0216300	10080	14345	4475	5593	12	1280
PF3D7_1021200	7986	16439	5010	2976	0	263
PF3D7_0935100	768	23657	693	75	0	7
PF3D7_0627600	2420	22005	456	1963	1	185
PF3D7_0216200	4274	20151	820	3453	1	134
PF3D7_0307200	2326	22099	1554	772	0	45
PF3D7_0314700	12570	11855	8609	3960	1	501
PF3D7_1347300	2331	22094	1237	1093	1	88
PF3D7_1338600	11671	12754	7652	3991	28	562
PF3D7_0312400	7942	16483	5166	2776	0	42
PF3D7_0708800	6689	17736	3727	2962	0	106
PF3D7_1327600	392	24033	87	305	0	14
PF3D7_0825700	6166	18259	1382	4784	0	263
PF3D7_0419700	2136	22289	233	1903	0	124
PF3D7_1464300	6192	18233	1255	4937	0	630
PF3D7_0805400	889	23536	299	590	0	50
PF3D7_1348500	1051	23374	183	868	0	41
PF3D7_1328200	11682	12743	6429	5253	0	1394
PF3D7_0827600	19408	5017	16565	2843	0	940
PF3D7_0512600	2158	22267	1872	286	0	8
PF3D7_0624600	14880	9545	10416	4457	7	689
PF3D7_1227500	13161	11264	5478	7683	0	2834
PF3D7_1221000	22321	2104	20717	1604	0	569
PF3D7_0605400	4237	20188	3946	291	0	49
PF3D7_1421100	13812	10613	8952	4860	0	1325
PF3D7_0521600	1112	23313	740	371	1	32
PF3D7_0315800	2621	21804	434	2187	0	175
PF3D7_1311200	4116	20309	2756	1360	0	147
PF3D7_0214500	1945	22480	1117	826	2	108
PF3D7_1015100	4516	19909	3446	1070	0	179
PF3D7_0210700	3219	21206	247	2972	0	74
PF3D7_1007900	6068	18357	1301	4767	0	149
PF3D7_1416700	1291	23134	590	701	0	56
PF3D7_0502000	9229	15196	4305	4924	0	511
PF3D7_0616200	4429	19996	2297	2131	1	132
PF3D7_1011900	2888	21537	1953	935	0	89
PF3D7_1010000	1976	22449	1508	467	1	24
PF3D7_1447600	2197	22228	227	1970	0	48
PF3D7_0710600	546	23879	145	400	1	31
PF3D7_1142500	1810	22615	737	1073	0	46
PF3D7_1315700	4359	20066	541	3818	0	145
PF3D7_1460900	2054	22371	1299	755	0	65
PF3D7_0916900	3196	21229	402	2782	12	239
PF3D7_1025000	11084	13341	6710	4374	0	388
PF3D7_1214100	14726	9699	11614	3112	0	388
PF3D7_0209200	1991	22434	1340	650	1	91
PF3D7_0425100	8561	15864	2446	6113	2	191
PF3D7_0408600	11696	12729	7029	4667	0	1230
PF3D7_0704900	1924	22501	535	1389	0	89
PF3D7_1448600	2764	21661	892	1872	0	108
PF3D7_1450300	6076	18349	1549	4527	0	486
PF3D7_0721700	4159	20266	2929	1230	0	109
PF3D7_0219700	5328	19097	693	4631	4	137
PF3D7_1314000	7016	17409	3160	3854	2	602
PF3D7_1475600	6188	18237	764	5424	0	269
PF3D7_0628900	8233	16192	2714	5519	0	499
PF3D7_0905100	13320	11105	9744	3576	0	794
PF3D7_1328100	1909	22516	1220	689	0	19
PF3D7_1136600	10684	13741	5417	5267	0	1104
PF3D7_0219200	1870	22555	1572	298	0	4
PF3D7_0409300	10097	14328	5885	4212	0	573
PF3D7_0515900	915	23510	288	627	0	31
PF3D7_0929000	2667	21758	985	1682	0	80
PF3D7_1032300	6754	17671	1015	5738	1	517
PF3D7_1426800	15160	9265	11765	3395	0	530
PF3D7_1452000	18318	6107	14803	3515	0	870
PF3D7_1013500	6535	17890	1541	4983	11	578
PF3D7_1430700	3306	21119	1989	1316	1	121
PF3D7_0801500	3692	20733	1752	1940	0	173
PF3D7_0820800	10817	13608	5939	4878	0	284
PF3D7_0608500	1653	22772	1170	483	0	20
PF3D7_1314400	544	23881	201	343	0	44
PF3D7_1245900	3115	21310	1301	1386	428	112
PF3D7_0417300	11194	13231	9829	1364	1	61
PF3D7_0936100	1910	22515	277	1632	1	107
PF3D7_0103900	3645	20780	1345	2300	0	188
PF3D7_0719000	1166	23259	844	322	0	46
PF3D7_0811400	4104	20321	3344	760	0	44
PF3D7_1237300	2972	21453	1762	1210	0	110
PF3D7_1014600	12048	12377	7356	4692	0	1095
PF3D7_0405100	10526	13899	5881	4644	1	647
PF3D7_0817500	1979	22446	1487	491	1	31
PF3D7_1141700	2470	21955	1050	1410	10	151
PF3D7_1203700	4644	19781	2970	1674	0	19
PF3D7_1220500	4015	20410	378	3637	0	110
PF3D7_1404400	1013	23412	508	505	0	67
PF3D7_1126800	9191	15234	2322	6858	11	1420
PF3D7_0415700	7877	16548	2712	5165	0	109
PF3D7_1424100	3189	21236	2171	1017	1	36
PF3D7_1344300	10075	14350	3143	6916	16	1096
PF3D7_0105700	16626	7799	11864	4743	19	1630
PF3D7_0418100	16282	8143	10501	5781	0	630
PF3D7_1221200	832	23593	512	320	0	32
PF3D7_0628100	18337	6088	15282	3055	0	1365
PF3D7_1441700	2637	21788	423	2214	0	167
PF3D7_1233900	6319	18106	2042	4277	0	611
PF3D7_0823200	2296	22129	514	1782	0	26
PF3D7_1110300	9935	14490	5184	4744	7	172
PF3D7_1347600	3811	20614	1751	2058	2	106
PF3D7_0505500	9868	14557	6695	3172	1	252
PF3D7_0517300	790	23635	317	473	0	17
PF3D7_0309500	5319	19106	3526	1792	1	88
PF3D7_0823400	4230	20195	2915	1315	0	101
PF3D7_1360500	18559	5866	8530	10029	0	1330
PF3D7_1126600	9605	14820	3716	5889	0	441
PF3D7_0313600	20291	4134	18692	1598	1	1031
PF3D7_0513200	20608	3817	17660	2948	0	1123
PF3D7_1361300	3933	20492	1816	2117	0	130
PF3D7_1302700	17817	6608	13519	4298	0	1092
PF3D7_0616000	21011	3414	20258	753	0	62
PF3D7_1019900	3440	20985	139	3301	0	7
PF3D7_1473500	4581	19844	678	3901	2	500
PF3D7_0526600	24409	16	24403	6	0	0
PF3D7_1466900	18234	6191	15834	2400	0	686
PF3D7_0721600	2769	21656	282	2487	0	15
PF3D7_1238800	6027	18398	1707	4320	0	231
PF3D7_0717400	11812	12613	6941	4871	0	971
PF3D7_0713800	2344	22081	485	1859	0	40
PF3D7_1105400	1531	22894	894	637	0	19
PF3D7_0530800	3355	21070	2375	980	0	81
PF3D7_1307900	11521	12904	7749	3768	4	360
PF3D7_1113200	1868	22557	389	1479	0	60
PF3D7_1334000	3018	21407	1092	1926	0	136
PF3D7_0103400	15527	8898	11214	4310	3	1081
PF3D7_1364500	5911	18514	4238	1673	0	244
PF3D7_0610500	885	23540	393	492	0	24
PF3D7_1217300	18665	5760	16694	1966	5	201
PF3D7_0210800	6347	18078	284	6063	0	282
PF3D7_0909200	7810	16615	3822	3987	1	170
PF3D7_0320900	1958	22467	1753	205	0	3
PF3D7_1406900	2879	21546	2076	802	1	99
PF3D7_1143200	3789	20636	861	2928	0	158
PF3D7_0729300	6807	17618	3162	3644	1	383
PF3D7_1008400	3167	21258	1738	1429	0	15
PF3D7_0317700	23644	781	22088	1556	0	160
PF3D7_0934200	3283	21142	606	2677	0	30
PF3D7_0909500	9549	14876	7963	1586	0	95
PF3D7_1207400	6254	18171	2255	3687	312	177
PF3D7_0630100	7524	16901	2277	5244	3	426
PF3D7_1348100	2715	21710	2127	588	0	61
PF3D7_1022600	7132	17293	4231	2901	0	226
PF3D7_1107100	5200	19225	2503	2696	1	308
PF3D7_1322400	15672	8753	12565	3107	0	209
PF3D7_1148800	8561	15864	4640	3921	0	152
PF3D7_0806900	3247	21178	450	2797	0	70
PF3D7_1466200	17096	7329	14114	2982	0	1318
PF3D7_1427300	8888	15537	7580	1308	0	154
PF3D7_0404200	1509	22916	792	717	0	64
PF3D7_0711200	10480	13945	3704	6776	0	1190
PF3D7_1406000	1164	23261	874	286	4	29
PF3D7_0812900	12406	12019	8861	3542	3	347
PF3D7_1457500	2617	21808	1324	1293	0	97
PF3D7_0316400	7756	16669	4475	3281	0	361
PF3D7_0401800	21232	3193	18888	2344	0	336
PF3D7_1140100	1374	23051	724	650	0	4
PF3D7_0630300	14312	10113	9170	5142	0	649
PF3D7_0319700	12034	12391	6643	5391	0	1558
PF3D7_0414400	4167	20258	614	3551	2	155
PF3D7_0807200	1871	22554	503	1368	0	87
PF3D7_1317400	3435	20990	299	3135	1	123
PF3D7_1135300	3911	20514	644	3267	0	111
PF3D7_0810400	4435	19990	1763	2672	0	129
PF3D7_0511800	3972	20453	2617	1355	0	83
PF3D7_1221400	8157	16268	2985	5171	1	228
PF3D7_1342500	7236	17189	1707	5529	0	247
PF3D7_0521700	6157	18268	4559	1597	1	263
PF3D7_0807700	9769	14656	2926	6841	2	439
PF3D7_0321400	2708	21717	1386	1322	0	86
PF3D7_0805000	2087	22338	1200	887	0	33
PF3D7_1322600	6295	18130	1915	4379	1	366
PF3D7_0624200	2348	22077	999	1349	0	180
PF3D7_0901900	5329	19096	1420	3897	12	165
PF3D7_1452600	12377	12048	4531	7837	9	2520
PF3D7_0623600	4897	19528	2431	2466	0	193
PF3D7_1314800	3829	20596	224	3604	1	76
PF3D7_1033000	8042	16383	2356	5686	0	260
PF3D7_1102400	7806	16619	1345	6460	1	410
PF3D7_0108400	3758	20667	1710	2045	3	74
PF3D7_1002600	4417	20008	452	3965	0	330
PF3D7_1235700	6530	17895	5984	546	0	46
PF3D7_0705000	10103	14322	5270	4833	0	373
PF3D7_0603900	3104	21321	703	2401	0	122
PF3D7_0830900	5064	19361	558	4506	0	132
PF3D7_0928900	940	23485	402	538	0	19
PF3D7_1123100	17947	6478	15005	2942	0	405
PF3D7_1353700	673	23752	386	287	0	43
PF3D7_0217600	18437	5988	15184	3253	0	728
PF3D7_1307000	1131	23294	390	741	0	94
PF3D7_1403800	12147	12278	4381	7763	3	1186
PF3D7_1474500	15748	8677	2241	6298	7209	489
PF3D7_0715600	7026	17399	4474	2552	0	96
PF3D7_1130800	5739	18686	1514	4225	0	74
PF3D7_1123900	1822	22603	1504	317	1	7
PF3D7_1476300	10536	13889	3737	5725	1074	362
PF3D7_0916800	258	24167	146	112	0	14
PF3D7_0503000	7388	17037	5753	1635	0	80
PF3D7_0811800	7190	17235	2401	4789	0	193
PF3D7_0913000	1786	22639	1369	416	1	56
PF3D7_1029400	3472	20953	1230	2242	0	95
PF3D7_0931400	2087	22338	1274	813	0	62
PF3D7_1125300	12428	11997	8396	4032	0	368
PF3D7_0111600	1244	23181	189	1055	0	89
PF3D7_1138100	625	23800	93	532	0	58
PF3D7_0107700	6867	17558	2667	4200	0	122
PF3D7_1225400	1615	22810	404	1211	0	106
PF3D7_0418300	16727	7698	12698	4029	0	575
PF3D7_1222400	17755	6670	14539	3210	6	865
PF3D7_0630700	7406	17019	1218	6188	0	560
PF3D7_0820700	8303	16122	4429	3872	2	177
PF3D7_1239100	1347	23078	178	1169	0	42
PF3D7_1365700	2034	22391	262	1771	1	74
PF3D7_0902500	8848	15577	2992	5856	0	374
PF3D7_0920500	2700	21725	2025	675	0	34
PF3D7_1107200	7270	17155	2484	4785	1	465
PF3D7_0825800	7417	17008	1761	5656	0	241
PF3D7_1353600	1034	23391	673	361	0	8
PF3D7_1131300	8168	16257	1008	7160	0	382
PF3D7_1122200	2816	21609	1466	1350	0	138
PF3D7_1227000	3180	21245	1501	1679	0	55
PF3D7_0206200	3176	21249	1443	1733	0	63
PF3D7_1219600	11085	13340	6714	4371	0	196
PF3D7_1249900	9107	15318	5639	3468	0	256
PF3D7_0828800	10529	13896	4698	5831	0	398
PF3D7_1202200	3421	21004	378	3043	0	80
PF3D7_0614400	4198	20227	103	4095	0	111
PF3D7_1137200	6125	18300	1153	4972	0	231
PF3D7_0503400	346	24079	130	216	0	3
PF3D7_1138800	14637	9788	9296	5341	0	1187
PF3D7_0213000	871	23554	287	584	0	46
PF3D7_0205400	4083	20342	1831	2252	0	73
PF3D7_1218000	2206	22219	1294	912	0	77
PF3D7_1442600	24169	256	23861	308	0	137
PF3D7_0815300	14413	10012	10199	4214	0	419
PF3D7_1244900	7677	16748	1598	6066	13	466
PF3D7_1337200	10382	14043	5397	4985	0	844
PF3D7_1015200	5375	19050	3035	2333	7	161
PF3D7_0529300	5532	18893	478	5054	0	114
PF3D7_1409300	2406	22019	1006	1400	0	91
PF3D7_1475000	1633	22792	309	1324	0	25
PF3D7_1002500	820	23605	400	420	0	39
PF3D7_1146600	14686	9739	11466	3219	1	771
PF3D7_1313800	15535	8890	11138	4397	0	1695
PF3D7_1211300	9353	15072	4181	5171	1	360
PF3D7_0530400	12491	11934	6484	6006	1	1664
PF3D7_1205000	10181	14244	4340	5841	0	395
PF3D7_1313100	10662	13763	3344	7315	3	2169
PF3D7_0514600	6083	18342	5090	993	0	26
PF3D7_0922400	6956	17469	4582	2374	0	218
PF3D7_1212600	1663	22762	1221	441	1	54
PF3D7_1334500	11694	12731	6582	5112	0	725
PF3D7_0930300	22487	1938	21678	809	0	1281
PF3D7_1426400	3124	21301	2810	314	0	46
PF3D7_0417400	23294	1131	22093	1201	0	720
PF3D7_1136500	1888	22537	1352	535	1	4
PF3D7_0806200	11271	13154	6683	4576	12	189
PF3D7_1206200	8883	15542	7020	1863	0	211
PF3D7_1223800	2384	22041	400	1983	1	60
PF3D7_0618800	7356	17069	1721	5635	0	431
PF3D7_0500900	5387	19038	2121	3265	1	195
PF3D7_1365800	1594	22831	773	821	0	56
PF3D7_1363400	7741	16684	1626	6115	0	570
PF3D7_0628600	4336	20089	1369	2967	0	61
PF3D7_1348800	16607	7818	13838	2769	0	790
PF3D7_0618900	4053	20372	725	3328	0	274
PF3D7_1133000	4350	20075	428	3922	0	18
PF3D7_1117400	4402	20023	1368	3034	0	206
PF3D7_1237900	20103	4322	16871	3232	0	374
PF3D7_1139800	9726	14699	3998	5728	0	1336
PF3D7_1011500	4277	20148	1159	3117	1	25
PF3D7_1140700	17866	6559	14839	3026	1	1048
PF3D7_0725000	14433	9992	6385	8048	0	506
PF3D7_1474000	15162	9263	9718	5444	0	1868
PF3D7_1446100	5959	18466	1994	3965	0	518
PF3D7_1131200	3457	20968	2206	1250	1	100
PF3D7_1326500	12387	12038	6661	5726	0	1001
PF3D7_1245800	15473	8952	13371	2102	0	171
PF3D7_0507900	2638	21787	2435	203	0	31
PF3D7_0821200	2360	22065	1687	673	0	86
PF3D7_0916100	2012	22413	1088	923	1	77
PF3D7_1210700	12729	11696	7744	4985	0	296
PF3D7_1007000	3031	21394	1982	1046	3	99
PF3D7_1007400	2120	22305	994	1125	1	99
PF3D7_1343200	3276	21149	989	2284	3	218
PF3D7_0419300	19283	5142	16663	2620	0	76
PF3D7_0616900	8264	16161	3507	4757	0	848
PF3D7_1007300	6087	18338	2543	3542	2	352
PF3D7_0412100	3868	20557	936	2932	0	125
PF3D7_1005800	804	23621	306	498	0	54
PF3D7_0708700	3746	20679	926	2819	1	52
PF3D7_0503600	7688	16737	3176	4512	0	205
PF3D7_1412400	21960	2465	19733	2227	0	682
PF3D7_1457600	5363	19062	318	5045	0	408
PF3D7_0415200	18099	6326	14717	3382	0	1522
PF3D7_1020500	3183	21242	966	2217	0	179
PF3D7_1453400	7881	16544	3567	4313	1	909
PF3D7_1232800	3518	20907	1697	1820	1	45
PF3D7_1410300	21397	3028	19771	1626	0	766
PF3D7_1134000	9673	14752	6314	3359	0	59
PF3D7_0523000	11078	13347	6278	4800	0	377
PF3D7_1209900	4758	19667	1541	3216	1	331
PF3D7_0304200	2712	21713	1649	1063	0	25
PF3D7_0505200	3424	21001	1362	2062	0	233
PF3D7_0321000	5287	19138	445	4842	0	262
PF3D7_0519700	1532	22893	852	680	0	49
PF3D7_1364400	18547	5878	14568	3978	1	1312
PF3D7_1332900	10479	13946	7227	3252	0	257
PF3D7_1356300	2221	22204	1748	473	0	14
PF3D7_1028700	6188	18237	1282	4906	0	419
PF3D7_1211900	11193	13232	6456	4736	1	462
PF3D7_1470950	736	23689	202	477	57	48
PF3D7_1248200	4549	19876	3270	1279	0	141
PF3D7_1408000	5911	18514	2409	3501	1	170
PF3D7_1144400	11867	12558	7135	4730	2	1312
PF3D7_0821300	8116	16309	3443	4673	0	449
PF3D7_0915000	2835	21590	1252	1583	0	60
PF3D7_0906400	5268	19157	1763	3505	0	554
PF3D7_0629400	2899	21526	1257	1636	6	148
PF3D7_1324000	24037	388	23946	91	0	81
PF3D7_1131100	11847	12578	7343	4504	0	580
PF3D7_1204700	1116	23309	577	538	1	55
PF3D7_1414300	2107	22318	1651	456	0	11
PF3D7_1316800	4657	19768	3280	1377	0	120
PF3D7_0621800	1489	22936	1122	367	0	21
PF3D7_1310600	1529	22896	913	615	1	59
PF3D7_1358700	775	23650	118	657	0	18
PF3D7_0724200	3390	21035	818	2572	0	169
PF3D7_0308900	12539	11886	8184	4355	0	606
PF3D7_1012700	11980	12445	6573	5407	0	851
PF3D7_1208700	2487	21938	445	2042	0	191
PF3D7_0907000	1881	22544	1118	762	1	34
PF3D7_1213200	4102	20323	2301	1801	0	121
PF3D7_0605100	3432	20993	1770	1662	0	161
PF3D7_1356800	13763	10662	8557	5200	6	2836
PF3D7_1241900	10031	14394	7622	2409	0	261
PF3D7_0408400	1879	22546	604	1272	3	135
PF3D7_0613300	8794	15631	2741	6052	1	958
PF3D7_0828400	6913	17512	1118	5793	2	512
PF3D7_0206800	22518	1907	21986	532	0	386
PF3D7_0812800	588	23837	312	276	0	9
PF3D7_0506700	16245	8180	13202	3043	0	523
PF3D7_1002700	9470	14955	4161	5299	10	486
PF3D7_0511200	10224	14201	7121	3103	0	88
PF3D7_1210000	2466	21959	773	1693	0	95
PF3D7_1447000	2986	21439	1738	1248	0	11
PF3D7_1006700	11648	12777	10472	1176	0	90
PF3D7_0812000	2466	21959	1187	1279	0	110
PF3D7_0625900	5852	18573	784	5066	2	221
PF3D7_0511400	7336	17089	390	6946	0	485
PF3D7_0504400	9493	14932	5423	4069	1	273
PF3D7_0803100	23570	855	23090	480	0	254
PF3D7_1008500	20087	4338	16978	3109	0	613
PF3D7_1451000	7918	16507	3536	4382	0	705
PF3D7_1138200	1638	22787	788	849	1	55
PF3D7_1201100	9853	14572	4372	5479	2	308
PF3D7_0505400	6793	17632	5400	1392	1	187
PF3D7_0317400	2853	21572	808	2045	0	71
PF3D7_0724600	10738	13687	4543	6193	2	1050
PF3D7_1231300	6223	18202	3699	2524	0	288
PF3D7_1232600	3469	20956	568	2901	0	166
PF3D7_0415000	4827	19598	658	4169	0	35
PF3D7_1339300	1487	22938	298	1189	0	50
PF3D7_1438600	3330	21095	585	2745	0	58
PF3D7_0823300	11939	12486	7713	4226	0	547
PF3D7_1356200	1176	23249	68	1108	0	23
PF3D7_0809200	9817	14608	2184	7632	1	1439
PF3D7_1427800	2060	22365	1397	663	0	45
PF3D7_1024800	20068	4357	18021	2047	0	471
PF3D7_1129300	10903	13522	5083	5820	0	1213
PF3D7_1442900	17983	6442	12030	4443	1510	1459
PF3D7_1314900	2507	21918	1704	802	1	83
PF3D7_1317300	5118	19307	1557	3560	1	101
PF3D7_0730100	6710	17715	1750	4960	0	483
PF3D7_1334200	5547	18878	1241	4306	0	141
PF3D7_1110100	6968	17457	2572	4396	0	537
PF3D7_0821000	2697	21728	1458	1239	0	61
PF3D7_0716600	13379	11046	9337	4042	0	140
PF3D7_0509900	1485	22940	610	875	0	71
PF3D7_0311300	5836	18589	3468	2368	0	199
PF3D7_1436300	10480	13945	4482	5997	1	731
PF3D7_1338900	9686	14739	3855	5830	1	581
PF3D7_0908700	4253	20172	2152	2097	4	185
PF3D7_1347200	4537	19888	2030	2506	1	89
PF3D7_0806400	3135	21290	2909	226	0	42
PF3D7_0508700	9532	14893	4722	4810	0	637
PF3D7_1125000	2012	22413	1044	968	0	77
PF3D7_1464200	6821	17604	607	6214	0	152
PF3D7_1233050	1613	22812	1543	70	0	11
PF3D7_0806100	11134	13291	6746	4388	0	1268
PF3D7_0610700	1806	22619	1673	133	0	19
PF3D7_1216500	3307	21118	684	2623	0	73
PF3D7_0612700	3480	20945	1060	2417	3	149
PF3D7_1034400	6558	17867	4949	1609	0	86
PF3D7_1130900	12842	11583	8357	4485	0	790
PF3D7_0502400	10082	14343	5014	5067	1	584
PF3D7_0904900	14898	9527	10150	4742	6	1985
PF3D7_1307500	500	23925	38	441	21	34
PF3D7_1435300	14044	10381	10363	3681	0	836
PF3D7_0707900	1882	22543	774	1108	0	51
PF3D7_1237800	641	23784	436	205	0	9
PF3D7_0322600	8854	15571	2079	6765	10	1683
PF3D7_1353200	1140	23285	418	722	0	61
PF3D7_1313300	3325	21100	2233	1092	0	82
PF3D7_0531400	7423	17002	1836	5587	0	975
PF3D7_0616400	16733	7692	12521	4212	0	1602
PF3D7_0508900	23569	856	22579	990	0	486
PF3D7_0731800	7876	16549	1459	6417	0	236
PF3D7_0824900	10305	14120	3394	6895	16	664
PF3D7_0819900	2199	22226	2008	191	0	27
PF3D7_1461000	15423	9002	11761	3661	1	95
PF3D7_1128000	16734	7691	13723	3011	0	664
PF3D7_1436100	12597	11828	6096	6501	0	892
PF3D7_0107800	10106	14319	3918	6183	5	897
PF3D7_1313600	9579	14846	3734	5845	0	1236
PF3D7_1144000	914	23511	741	173	0	6
PF3D7_0913700	10580	13845	8380	2200	0	116
PF3D7_1465000	1568	22857	565	1003	0	86
PF3D7_1118200	13721	10704	9882	3839	0	398
PF3D7_0215200	1541	22884	895	646	0	40
PF3D7_1444500	8804	15621	3313	5491	0	756
PF3D7_0523700	8826	15599	3548	5278	0	901
PF3D7_1354800	4505	19920	1924	2581	0	324
PF3D7_0618700	1887	22538	708	1179	0	119
PF3D7_1032200	1690	22735	875	815	0	68
PF3D7_0818100	3816	20609	1696	2119	1	207
PF3D7_1310200	1469	22956	458	1011	0	63
PF3D7_0522000	12958	11467	2679	10278	1	9
PF3D7_1404500	6163	18262	3907	2256	0	185
PF3D7_0318600	5619	18806	3093	2525	1	312
PF3D7_1463200	3241	21184	2100	1141	0	42
PF3D7_1469500	8881	15544	2264	6617	0	524
PF3D7_1362800	10874	13551	5896	4978	0	1307
PF3D7_0621350	1415	23010	908	499	8	45
PF3D7_1324400	2668	21757	1935	733	0	30
PF3D7_0114500	9348	15077	1940	6669	739	218
PF3D7_1146700	6398	18027	2161	4237	0	478
PF3D7_1362200	3442	20983	2065	1373	4	61
PF3D7_0924600	11529	12896	6409	5120	0	1440
PF3D7_1003400	12619	11806	6223	6395	1	1521
PF3D7_1355600	7600	16825	2875	4697	28	403
PF3D7_1357500	8505	15920	6394	2111	0	214
PF3D7_0624800	7937	16488	1759	5820	358	469
PF3D7_1460600	1741	22684	457	1283	1	12
PF3D7_0914600	2737	21688	1164	1573	0	21
PF3D7_1409800	4070	20355	506	3564	0	128
PF3D7_1248300	882	23543	420	462	0	28
PF3D7_1339500	1562	22863	1152	409	1	21
PF3D7_1135100	6606	17819	1626	4881	99	409
PF3D7_0602800	8853	15572	730	8123	0	520
PF3D7_1230400	1270	23155	792	478	0	15
PF3D7_1361200	13036	11389	7573	5463	0	1439
PF3D7_1129700	723	23702	163	560	0	39
PF3D7_1347100	7447	16978	5126	2321	0	145
PF3D7_1246400	4514	19911	375	4139	0	41
PF3D7_1236600	1332	23093	440	891	1	44
PF3D7_0424200	10611	13814	5786	4640	185	992
PF3D7_0935800	11252	13173	6010	5242	0	688
PF3D7_0509600	8216	16209	3443	4773	0	278
PF3D7_1303800	24084	341	23159	925	0	256
PF3D7_1202500	9218	15207	3987	5231	0	738
PF3D7_0721800	472	23953	165	307	0	19
PF3D7_0110900	628	23797	120	508	0	62
PF3D7_0707200	17638	6787	13153	4481	4	1209
PF3D7_1460400	3305	21120	1184	2121	0	108
PF3D7_1146900	1257	23168	575	682	0	53
PF3D7_0321700	16288	8137	13003	3285	0	1127
PF3D7_1325300	922	23503	472	450	0	35
PF3D7_1244100	11850	12575	7491	4359	0	726
PF3D7_0902200	4116	20309	1492	2624	0	189
PF3D7_0301400	6190	18235	526	5663	1	140
PF3D7_1221100	4286	20139	1228	3058	0	113
PF3D7_1434700	622	23803	166	456	0	6
PF3D7_0903600	7789	16636	2093	5696	0	376
PF3D7_1228100	2730	21695	565	2165	0	167
PF3D7_1403100	12021	12404	5763	6258	0	1540
PF3D7_1003900	1962	22463	486	1476	0	146
PF3D7_0627000	500	23925	88	412	0	59
PF3D7_0321800	17175	7250	12562	4613	0	2882
PF3D7_1033300	1875	22550	1313	561	1	28
PF3D7_1464100	10981	13444	5271	5710	0	592
PF3D7_0404700	18672	5753	17021	1641	10	308
PF3D7_1369300	3700	20725	1044	2655	1	330
PF3D7_0103700	7484	16941	1936	5548	0	376
PF3D7_1334100	6721	17704	1930	4790	1	375
PF3D7_0615500	9205	15220	2152	7053	0	122
PF3D7_0922900	3913	20512	2715	1195	3	97
PF3D7_1209400	11042	13383	8092	2950	0	460
PF3D7_0313300	2006	22419	1050	956	0	57
PF3D7_1108000	8420	16005	3422	4997	1	487
PF3D7_0517700	7001	17424	5899	1102	0	32
PF3D7_0109950	7125	17300	3840	3285	0	46
PF3D7_1318500	5803	18622	2634	3169	0	84
PF3D7_0920800	4124	20301	2180	1944	0	73
PF3D7_1432000	5646	18779	3603	2043	0	143
PF3D7_0926400	3939	20486	1770	2169	0	158
PF3D7_0305300	5662	18763	1536	4124	2	509
PF3D7_1316700	5317	19108	2936	2374	7	234
PF3D7_0912400	1624	22801	532	1092	0	88
PF3D7_0915500	5062	19363	636	4425	1	344
PF3D7_1324800	5160	19265	4026	1134	0	118
PF3D7_1320400	2209	22216	336	1873	0	151
PF3D7_1123700	2273	22152	1841	432	0	56
PF3D7_0703200	18927	5498	15822	3105	0	1823
PF3D7_1201700	1970	22455	98	1872	0	72
PF3D7_0306100	4660	19765	712	3945	3	449
PF3D7_0503200	9066	15359	1781	7285	0	682
PF3D7_1144700	4433	19992	3696	737	0	85
PF3D7_1469100	1564	22861	373	1191	0	124
PF3D7_0716500	4673	19752	2737	1934	2	165
PF3D7_1017900	6492	17933	3526	2966	0	93
PF3D7_0218200	12460	11965	2343	10116	1	448
PF3D7_1369100	6382	18043	1510	4872	0	457
PF3D7_1406300	6505	17920	4064	2441	0	197
PF3D7_1342700	503	23922	368	135	0	3
PF3D7_1224000	2679	21746	790	1889	0	124
PF3D7_0821600	6819	17606	1073	5745	1	364
PF3D7_0917800	3875	20550	1924	1948	3	170
PF3D7_1207500	1391	23034	1130	260	1	37
PF3D7_1202700	6708	17717	2021	4687	0	227
PF3D7_1337800	4027	20398	2588	1439	0	63
PF3D7_0819600	2968	21457	693	2273	2	100
PF3D7_0820600	1956	22469	304	1651	1	125
PF3D7_0320400	13968	10457	9443	4525	0	2365
PF3D7_1333700	912	23513	368	544	0	41
PF3D7_1109900	2260	22165	1112	1148	0	31
PF3D7_0626000	8643	15782	2667	5976	0	998
PF3D7_0530900	16577	7848	12238	4339	0	1287
PF3D7_0214200	1765	22660	1388	377	0	32
PF3D7_1358800	1012	23413	762	250	0	5
PF3D7_1121300	10245	14180	5545	4699	1	461
PF3D7_1012500	7455	16970	5567	1888	0	116
PF3D7_1211400	2437	21988	1727	710	0	12
PF3D7_0511100	3418	21007	3223	195	0	26
PF3D7_0408000	3950	20475	221	3729	0	93
PF3D7_0927700	2487	21938	1292	1195	0	44
PF3D7_1032700	19248	5177	16977	2271	0	163
PF3D7_1460700	1463	22962	820	643	0	31
PF3D7_0211900	2279	22146	1100	1175	4	147
PF3D7_0608300	13738	10687	6987	6751	0	1478
PF3D7_0619100	5346	19079	828	4518	0	138
PF3D7_1402800	18689	5736	14493	4196	0	1274
PF3D7_0111500	2745	21680	1297	1446	2	92
PF3D7_0815400	1594	22831	435	1159	0	51
PF3D7_1122700	727	23698	96	631	0	78
PF3D7_0407800	18464	5961	16416	2048	0	736
PF3D7_1308100	2580	21845	2197	383	0	46
PF3D7_0218000	1573	22852	874	699	0	45
PF3D7_0210900	1411	23014	796	615	0	72
PF3D7_0531000	7494	16931	1885	5609	0	433
PF3D7_0419900	23363	1062	22269	1092	2	762
PF3D7_1218800	4244	20181	697	3546	1	47
PF3D7_1303700	8172	16253	2460	5712	0	968
PF3D7_1322100	12814	11611	6959	5855	0	1430
PF3D7_0710900	6357	18068	1333	5024	0	190
PF3D7_1131500	1442	22983	103	1339	0	103
PF3D7_1476800	2766	21659	328	2382	56	136
PF3D7_0716800	5300	19125	1681	3619	0	14
PF3D7_0922800	16125	8300	10239	5886	0	2579
PF3D7_1363700	5886	18539	2769	3117	0	403
PF3D7_1444300	1525	22900	314	1211	0	47
PF3D7_1422500	5539	18886	1457	4082	0	101
PF3D7_1363600	1475	22950	279	1196	0	148
PF3D7_1118000	3302	21123	292	3009	1	23
PF3D7_0931000	5335	19090	2103	3232	0	392
PF3D7_1320200	3298	21127	906	2361	31	201
PF3D7_1246100	3548	20877	1756	1791	1	170
PF3D7_0623000	6496	17929	1506	4989	1	169
PF3D7_0926100	19941	4484	17748	2193	0	1105
PF3D7_1145500	8266	16159	3233	5033	0	463
PF3D7_1121700	5109	19316	2875	2234	0	143
PF3D7_0805100	4561	19864	3547	1014	0	124
PF3D7_1416100	7226	17199	3445	3779	2	356
PF3D7_0508200	5755	18670	5456	299	0	23
PF3D7_0214000	4217	20208	3214	1002	1	94
PF3D7_0522700	1050	23375	429	621	0	96
PF3D7_1304200	2970	21455	1983	987	0	48
PF3D7_0512800	22469	1956	21918	551	0	257
PF3D7_1133100	15923	8502	13807	2116	0	301
PF3D7_0708400	8076	16349	3639	4437	0	98
PF3D7_0824200	8758	15667	3634	5124	0	500
PF3D7_0821500	5651	18774	1661	3990	0	216
PF3D7_1137500	723	23702	274	449	0	50
PF3D7_1462600	2631	21794	717	1914	0	126
PF3D7_1145400	7547	16878	3907	3639	1	143
PF3D7_1309000	1882	22543	394	1483	5	107
PF3D7_0708100	592	23833	85	507	0	6
PF3D7_0923200	6606	17819	5301	1305	0	213
PF3D7_1248600	7905	16520	3227	4678	0	563
PF3D7_1415400	18096	6329	14247	3849	0	1045
PF3D7_0730000	1354	23071	1101	253	0	23
PF3D7_0813700	16588	7837	11769	4818	1	498
PF3D7_0935300	1151	23274	847	304	0	17
PF3D7_0705800	1683	22742	836	845	2	64
PF3D7_1228200	3603	20822	726	2877	0	354
PF3D7_1212500	4632	19793	848	3784	0	72
PF3D7_1034500	10977	13448	5953	5024	0	1457
PF3D7_0516800	21085	3340	18467	2618	0	439
PF3D7_0935600	17176	7249	13124	4048	4	188
PF3D7_0504100	1510	22915	1080	429	1	44
PF3D7_1466400	5906	18519	736	5170	0	260
PF3D7_0423300	15314	9111	9786	5528	0	247
PF3D7_1027900	3407	21018	2633	774	0	40
PF3D7_1441000	6791	17634	1854	4937	0	283
PF3D7_0305700	1813	22612	377	1436	0	22
PF3D7_0616800	4589	19836	1627	2962	0	61
PF3D7_0908300	3737	20688	2843	894	0	79
PF3D7_1005900	3929	20496	2540	1389	0	209
PF3D7_1036000	9152	15273	7303	1849	0	98
PF3D7_1223400	9165	15260	3844	5321	0	227
PF3D7_1472900	1942	22483	529	1413	0	40
PF3D7_1440500	2512	21913	773	1739	0	131
PF3D7_0933000	3955	20470	707	3248	0	325
PF3D7_0630400	6334	18091	726	5608	0	120
PF3D7_1108300	1923	22502	1719	204	0	28
PF3D7_1338000	7138	17287	5955	1183	0	85
PF3D7_1001500	3239	21186	522	2717	0	34
PF3D7_1429500	8699	15726	4322	4375	2	391
PF3D7_0913600	11439	12986	6560	4879	0	933
PF3D7_0205900	10152	14273	8665	1487	0	124
PF3D7_0927000	1314	23111	526	788	0	27
PF3D7_0808200	9981	14444	5261	4720	0	103
PF3D7_1473000	4298	20127	328	3967	3	96
PF3D7_1413900	1697	22728	710	987	0	36
PF3D7_0315100	930	23495	703	227	0	13
PF3D7_1010900	3258	21167	1199	2027	32	173
PF3D7_1139200	3211	21214	1805	1406	0	164
PF3D7_1335800	3859	20566	1240	2588	31	152
PF3D7_0314200	9822	14603	4053	5756	13	776
PF3D7_1413200	8561	15864	6310	2243	8	107
PF3D7_1475700	4103	20322	2569	1533	1	72
PF3D7_0817900	683	23742	466	217	0	6
PF3D7_1213300	4508	19917	3236	1268	4	66
PF3D7_0213200	663	23762	305	357	1	48
PF3D7_0530600	16425	8000	14699	1726	0	107
PF3D7_0609600	11274	13151	5366	5898	10	1171
PF3D7_0817700	13411	11014	7989	5422	0	377
PF3D7_0912000	10263	14162	3069	7193	1	1825
PF3D7_1021600	958	23467	270	688	0	23
PF3D7_1464000	4129	20296	744	3377	8	403
PF3D7_1036500	9765	14660	6723	2986	56	241
PF3D7_0509400	20591	3834	10141	4433	6017	1414
PF3D7_0705600	6249	18176	2409	3840	0	602
PF3D7_0207900	14288	10137	10212	4076	0	1503
PF3D7_1226500	18707	5718	12530	6177	0	874
PF3D7_1001900	1989	22436	661	1328	0	66
PF3D7_1344000	8331	16094	4024	4307	0	553
PF3D7_1143100	15595	8830	11388	4207	0	1414
PF3D7_1021500	3560	20865	1209	2347	4	264
PF3D7_0801400	2670	21755	232	2438	0	12
PF3D7_1411600	4735	19690	1790	2945	0	318
PF3D7_0424700	23435	990	22700	735	0	98
PF3D7_1141800	2942	21483	990	1952	0	73
PF3D7_1447100	1929	22496	829	1100	0	82
PF3D7_0919100	2430	21995	708	1722	0	44
PF3D7_0629100	7097	17328	2807	4290	0	111
PF3D7_1252700	5610	18815	1828	3782	0	144
PF3D7_1453700	4062	20363	3555	507	0	31
PF3D7_1362000	908	23517	109	799	0	73
PF3D7_0504000	17131	7294	12923	4207	1	1122
PF3D7_1411500	14037	10388	9378	4659	0	665
PF3D7_1217500	7661	16764	5069	2589	3	65
PF3D7_0717900	5992	18433	1662	4330	0	89
PF3D7_1457300	5628	18797	1180	4448	0	241
PF3D7_1471100	2490	21935	313	2177	0	57
PF3D7_0202500	1240	23185	981	259	0	30
PF3D7_1473400	5518	18907	1402	4116	0	582
PF3D7_1365400	4703	19722	1200	3502	1	274
PF3D7_1017600	19438	4987	15612	3825	1	488
PF3D7_0514000	3155	21270	2543	568	44	43
PF3D7_1028100	6600	17825	2710	3890	0	230
PF3D7_0111700	438	23987	148	290	0	22
PF3D7_1147200	14648	9777	10211	4435	2	1798
PF3D7_1407600	12914	11511	8101	4811	2	1783
PF3D7_0909600	5482	18943	1623	3859	0	140
PF3D7_0815500	3401	21024	1234	2167	0	165
PF3D7_1445800	9670	14755	5236	4433	1	502
PF3D7_1354700	5443	18982	239	5184	20	225
PF3D7_1222700	448	23977	249	199	0	21
PF3D7_1025300	6477	17948	3083	3394	0	276
PF3D7_0616100	721	23704	188	533	0	66
PF3D7_1234000	2471	21954	381	2090	0	97
PF3D7_1458300	10317	14108	5377	4939	1	920
PF3D7_0908000	5060	19365	856	4203	1	202
PF3D7_1404800	11698	12727	6609	5088	1	955
PF3D7_0805500	6853	17572	2179	4674	0	332
PF3D7_0932500	4747	19678	2177	2569	1	232
PF3D7_0820500	8006	16419	1969	6036	1	550
PF3D7_1319200	10970	13455	8307	2662	1	399
PF3D7_0714000	280	24145	90	190	0	2
PF3D7_0814700	8696	15729	4169	4526	1	172
PF3D7_1238300	21803	2622	19952	1851	0	372
PF3D7_0604200	925	23500	692	233	0	15
PF3D7_0813600	2643	21782	340	2303	0	123
PF3D7_1435600	11394	13031	5538	5856	0	1081
PF3D7_1412300	840	23585	548	292	0	4
PF3D7_1367800	18302	6123	16027	2275	0	463
PF3D7_1440900	4683	19742	1832	2850	1	106
PF3D7_0211600	4147	20278	1644	2503	0	34
PF3D7_1337400	7415	17010	4265	3150	0	307
PF3D7_1252600	4893	19532	692	4201	0	57
PF3D7_0508800	5704	18721	291	5413	0	67
PF3D7_0307900	22405	2020	21126	1279	0	1208
PF3D7_0718800	4350	20075	2956	1394	0	22
PF3D7_0522900	9836	14589	3738	6097	1	1125
PF3D7_1459600	7932	16493	4576	3356	0	456
PF3D7_1027200	5682	18743	1929	3752	1	129
PF3D7_0414000	9197	15228	2893	6303	1	187
PF3D7_1435800	4371	20054	1311	3060	0	198
PF3D7_0104700	5072	19353	1926	3145	1	292
PF3D7_1444200	782	23643	260	522	0	30
PF3D7_1115800	2954	21471	534	2420	0	227
PF3D7_1415900	991	23434	630	361	0	27
PF3D7_0607900	5181	19244	1676	3502	3	346
PF3D7_1312000	4139	20286	451	3688	0	180
PF3D7_0619900	862	23563	587	275	0	29
PF3D7_1310000	1250	23175	544	706	0	89
PF3D7_1334300	13550	10875	9850	3700	0	230
PF3D7_1435900	4485	19940	512	3972	1	99
PF3D7_1009400	4231	20194	2402	1827	2	153
PF3D7_0103000	2971	21454	1173	1798	0	110
PF3D7_1102700	1338	23087	181	1156	1	49
PF3D7_0521900	12400	12025	8259	4141	0	796
PF3D7_1223000	2249	22176	1024	1225	0	46
PF3D7_0319800	4126	20299	583	3543	0	196
PF3D7_0830400	1691	22734	993	698	0	55
PF3D7_1019300	14331	10094	8560	5770	1	1030
PF3D7_0514100	16611	7814	13450	3161	0	536
PF3D7_1235600	6406	18019	3407	2999	0	29
PF3D7_0831100	23137	1288	21400	1661	76	424
PF3D7_1239600	4985	19440	1810	3175	0	126
PF3D7_1349800	2180	22245	782	1398	0	150
PF3D7_1306600	5741	18684	1187	4554	0	68
PF3D7_0301100	3602	20823	416	3055	131	155
PF3D7_0419600	2246	22179	817	1429	0	57
PF3D7_0501300	12870	11555	8951	3919	0	291
PF3D7_1008900	1345	23080	716	629	0	37
PF3D7_1324600	16725	7700	13454	3271	0	418
PF3D7_1243600	428	23997	292	136	0	6
PF3D7_0511500	21328	3097	19113	2214	1	1253
PF3D7_0627800	12316	12109	8304	4012	0	473
PF3D7_1034300	6033	18392	3843	2188	2	251
PF3D7_1448400	5363	19062	2694	2669	0	222
PF3D7_0822800	3177	21248	497	2680	0	149
PF3D7_1447300	1194	23231	844	350	0	18
PF3D7_0111800	4091	20334	1728	2362	1	174
PF3D7_1358300	2536	21889	1545	991	0	102
PF3D7_0322300	6537	17888	1123	5414	0	182
PF3D7_1107400	4855	19570	1284	3571	0	13
PF3D7_0612900	9304	15121	2506	6736	62	254
PF3D7_1361500	4103	20322	2484	1619	0	84
PF3D7_1414700	9757	14668	3342	6381	34	1040
PF3D7_1028200	3093	21332	856	2237	0	56
PF3D7_0405700	14834	9591	8285	6497	52	1731
PF3D7_1366800	7690	16735	1941	5749	0	381
PF3D7_1443900	8349	16076	5993	2350	6	173
PF3D7_0902800	8314	16111	4932	3381	1	469
PF3D7_1239900	9856	14569	4298	5558	0	213
PF3D7_1305300	14858	9567	9929	4929	0	1831
PF3D7_1404600	8330	16095	6037	2293	0	259
PF3D7_1314200	9391	15034	3097	6290	4	1249
PF3D7_1366200	770	23655	299	471	0	44
PF3D7_0523800	9773	14652	3650	6123	0	234
PF3D7_0801900	23728	697	23069	648	11	505
PF3D7_0109800	2663	21762	1139	1524	0	190
PF3D7_0512000	2662	21763	2389	273	0	10
PF3D7_1127400	1545	22880	935	605	5	60
PF3D7_1141000	13639	10786	6871	6767	1	465
PF3D7_1346200	1600	22825	1330	270	0	35
PF3D7_0524500	872	23553	227	645	0	39
PF3D7_0817200	12051	12374	6896	5153	2	393
PF3D7_0603100	9828	14597	7658	2170	0	150
PF3D7_1403300	7520	16905	2289	5080	151	806
PF3D7_1233300	11575	12850	6954	4612	9	721
PF3D7_1118700	6651	17774	2877	3772	2	227
PF3D7_0721400	2051	22374	831	1220	0	42
PF3D7_1225600	6828	17597	3807	3021	0	249
PF3D7_0220000	24330	95	24228	102	0	45
PF3D7_1027800	3129	21296	2674	455	0	17
PF3D7_1476100	4784	19641	380	4404	0	38
PF3D7_1462200	308	24117	153	155	0	13
PF3D7_0629300	22509	1916	21998	504	7	74
PF3D7_1411200	6133	18292	1350	4783	0	212
PF3D7_1470300	778	23647	122	615	41	70
PF3D7_1317900	7529	16896	1728	5800	1	755
PF3D7_0529000	8619	15806	3613	5006	0	130
PF3D7_1121600	5439	18986	300	5139	0	80
PF3D7_0104100	10615	13810	4117	6498	0	4631
PF3D7_0731600	8357	16068	4073	4284	0	125
PF3D7_0624100	2689	21736	1785	889	15	77
PF3D7_1119800	589	23836	192	397	0	22
PF3D7_0213300	718	23707	525	193	0	12
PF3D7_0927900	6156	18269	1639	4516	1	26
PF3D7_1419300	1821	22604	179	1642	0	45
PF3D7_1420300	6516	17909	4479	2037	0	125
PF3D7_0902400	6785	17640	4481	2286	18	174
PF3D7_0719500	2051	22374	659	1392	0	89
PF3D7_1226200	4616	19809	1124	3492	0	199
PF3D7_1017000	8377	16048	6275	2102	0	90
PF3D7_1226600	3884	20541	248	3635	1	14
PF3D7_0704400	8331	16094	2302	6028	1	866
PF3D7_0506200	4401	20024	2431	1969	1	120
PF3D7_0313100	4952	19473	2746	2205	1	172
PF3D7_0831200	12933	11492	7641	5286	6	737
PF3D7_1306000	7992	16433	1390	6602	0	1478
PF3D7_1038700	5472	18953	1800	3672	0	90
PF3D7_1309500	1522	22903	473	1049	0	79
PF3D7_1435200	2679	21746	930	1749	0	186
PF3D7_0322000	1330	23095	461	869	0	17
PF3D7_0729000	518	23907	234	284	0	38
PF3D7_1234500	2667	21758	629	2036	2	113
PF3D7_1403200	5514	18911	916	4598	0	179
PF3D7_1466600	2321	22104	584	1736	1	150
PF3D7_0707600	1755	22670	401	1354	0	73
PF3D7_0805600	3340	21085	1371	1968	1	57
PF3D7_0503500	8179	16246	1961	6217	1	493
PF3D7_1246200	1617	22808	1037	580	0	3
PF3D7_0718400	1614	22811	1296	318	0	12
PF3D7_1102900	5476	18949	688	4072	716	136
PF3D7_1201900	3201	21224	436	2765	0	60
PF3D7_0907800	4623	19802	740	3882	1	108
PF3D7_1134600	10126	14299	3561	6564	1	1631
PF3D7_1408400	5636	18789	1610	4026	0	303
PF3D7_0604500	15241	9184	8532	6709	0	1320
PF3D7_1239500	8150	16275	3933	4216	1	420
PF3D7_1107000	1694	22731	1069	625	0	49
PF3D7_0809800	11019	13406	5318	5699	2	377
PF3D7_0726800	575	23850	283	292	0	27
PF3D7_1133600	5688	18737	3095	2593	0	236
PF3D7_1132500	11306	13119	4926	6379	1	1071
PF3D7_0516300	16611	7814	12657	3954	0	248
PF3D7_1116000	13087	11338	9470	3617	0	529
PF3D7_0104300	21301	3124	18668	2633	0	1351
PF3D7_1449800	936	23489	102	834	0	88
PF3D7_1404300	4375	20050	144	4231	0	65
PF3D7_1129400	3992	20433	1171	2819	2	272
PF3D7_1010700	5531	18894	4628	903	0	32
PF3D7_1323000	1867	22558	1073	794	0	92
PF3D7_1458600	9559	14866	3294	6253	12	943
PF3D7_0724800	6458	17967	4266	2192	0	75
PF3D7_1431100	1550	22875	428	1122	0	61
PF3D7_1219800	129	24296	91	38	0	5
PF3D7_0309000	9773	14652	4708	5064	1	189
PF3D7_1310300	848	23577	246	602	0	63
PF3D7_1125100	6248	18177	263	5985	0	377
PF3D7_0303500	16246	8179	11087	5159	0	644
PF3D7_0625200	4288	20137	769	3518	1	208
PF3D7_1332500	4393	20032	878	3514	1	35
PF3D7_1008200	2544	21881	576	1968	0	79
PF3D7_0515300	22035	2390	19966	2069	0	320
PF3D7_0219500	2160	22265	537	1622	1	89
PF3D7_1346500	6088	18337	2397	3691	0	425
PF3D7_1122900	17460	6965	13937	3523	0	973
PF3D7_1110400	12681	11744	7822	4859	0	704
PF3D7_0502700	1685	22740	497	1182	6	101
PF3D7_1315600	2972	21453	1820	1152	0	49
PF3D7_0614200	10241	14184	5760	4481	0	539
PF3D7_1405900	17558	6867	15191	2367	0	557
PF3D7_0827400	1616	22809	563	1053	0	80
PF3D7_0606400	4133	20292	2376	1757	0	25
PF3D7_1236900	3192	21233	943	2249	0	172
PF3D7_0105400	552	23873	76	476	0	49
PF3D7_1025500	23532	893	22766	765	1	641
PF3D7_1132100	7203	17222	1450	5753	0	841
PF3D7_1359000	16648	7777	11011	5636	1	2123
PF3D7_0527000	10227	14198	8753	1473	1	145
PF3D7_0800800	6293	18132	1590	4695	8	153
PF3D7_0501400	24258	167	23942	316	0	31
PF3D7_1348400	24351	74	24052	299	0	50
PF3D7_0525500	18211	6214	15228	2983	0	942
PF3D7_1140400	975	23450	285	690	0	58
PF3D7_0804500	23512	913	22865	647	0	535
PF3D7_1143000	2958	21467	1504	1454	0	140
PF3D7_0805300	7866	16559	3718	4147	1	508
PF3D7_1346000	4240	20185	1283	2955	2	449
PF3D7_1104100	4508	19917	2874	1634	0	99
PF3D7_1306900	2547	21878	390	2157	0	205
PF3D7_0917600	8787	15638	5662	3125	0	211
PF3D7_0422400	1581	22844	1365	216	0	16
PF3D7_0109100	7245	17180	5267	1978	0	221
PF3D7_0605800	20502	3923	14736	5766	0	712
PF3D7_0728900	8025	16400	1570	6455	0	258
PF3D7_1464500	14600	9825	8858	5741	1	2647
PF3D7_0301800	6453	17972	2874	3579	0	83
PF3D7_0517500	12915	11510	8672	4243	0	185
PF3D7_0918400	11345	13080	6562	4783	0	444
PF3D7_0602100	11406	13019	6538	4868	0	447
PF3D7_1323300	5083	19342	2208	2875	0	119
PF3D7_1141900	6417	18008	431	5983	3	334
PF3D7_1362500	6051	18374	1476	4575	0	466
PF3D7_0919800	12883	11542	8084	4799	0	1221
PF3D7_0217400	1206	23219	656	550	0	51
PF3D7_0713500	10162	14263	3585	6577	0	984
PF3D7_0727600	8751	15674	2409	6342	0	1036
PF3D7_1118300	14561	9864	10486	4074	1	484
PF3D7_0717300	5732	18693	1338	4394	0	89
PF3D7_0519600	16690	7735	13610	3076	4	337
PF3D7_0425200	18827	5598	9835	8991	1	269
PF3D7_1457100	7169	17256	2311	4854	4	687
PF3D7_0321200	7105	17320	1227	5878	0	110
PF3D7_1013100	6830	17595	1978	4851	1	629
PF3D7_0720700	12349	12076	7138	5201	10	1589
PF3D7_0727300	8185	16240	1764	6421	0	676
PF3D7_1147700	949	23476	347	602	0	35
PF3D7_0530500	6779	17646	1908	4865	6	615
PF3D7_0717100	15762	8663	12680	3082	0	228
PF3D7_0314000	1455	22970	823	632	0	42
PF3D7_1211000	14657	9768	9755	4902	0	539
PF3D7_1116100	10478	13947	5536	4942	0	907
PF3D7_1451900	8014	16411	2853	5158	3	583
PF3D7_1136200	8954	15471	3084	5870	0	654
PF3D7_1428400	12442	11983	7057	5384	1	865
PF3D7_1343500	4716	19709	3941	775	0	114
PF3D7_0802300	9931	14494	5075	4856	0	464
PF3D7_1009800	14845	9580	9490	5355	0	1134
PF3D7_0530000	562	23863	43	519	0	65
PF3D7_1453200	10610	13815	4490	6120	0	927
PF3D7_1145600	5755	18670	1166	4589	0	353
PF3D7_1104000	5625	18800	3885	1737	3	235
PF3D7_0915300	5279	19146	2272	3003	4	467
PF3D7_1221500	6766	17659	3634	3132	0	305
PF3D7_0317200	10128	14297	6236	3892	0	682
PF3D7_0626500	6374	18051	1990	4379	5	421
PF3D7_1233100	1058	23367	757	301	0	47
PF3D7_0813300	2636	21789	1781	855	0	55
PF3D7_1210500	3270	21155	1101	2168	1	214
PF3D7_0935200	14069	10356	10049	4020	0	564
PF3D7_1431300	18016	6409	15612	2404	0	690
PF3D7_0525200	22200	2225	20758	1442	0	459
PF3D7_1437600	6470	17955	3088	3381	1	466
PF3D7_1417500	2542	21883	1682	860	0	93
PF3D7_1355700	5993	18432	1744	4248	1	698
PF3D7_0936300	12487	11938	7988	4409	90	252
PF3D7_1006900	2373	22052	1954	419	0	32
PF3D7_1105200	4114	20311	1165	2896	53	238
PF3D7_0417000	1833	22592	712	1121	0	34
PF3D7_0307500	8028	16397	5299	2729	0	115
PF3D7_1108900	3515	20910	674	2840	1	289
PF3D7_1225800	7362	17063	4673	2687	2	219
PF3D7_1117500	4532	19893	3090	1442	0	190
PF3D7_0720400	8005	16420	2585	5420	0	136
PF3D7_1017100	4268	20157	2890	1378	0	111
PF3D7_1441100	3079	21346	2045	1034	0	88
PF3D7_0722400	3945	20480	3585	360	0	22
PF3D7_0611500	3679	20746	1895	1784	0	54
PF3D7_1118900	1534	22891	745	789	0	70
PF3D7_0820200	6783	17642	697	6086	0	503
PF3D7_1127200	1087	23338	849	237	1	19
PF3D7_1022700	830	23595	533	297	0	19
PF3D7_0616300	1004	23421	305	699	0	73
PF3D7_1302050	1327	23098	910	395	22	44
PF3D7_1437000	6712	17713	2057	4655	0	197
PF3D7_1330700	4260	20165	1735	2525	0	183
PF3D7_0217700	2256	22169	708	1548	0	122
PF3D7_1141400	3146	21279	509	2637	0	167
PF3D7_1368500	4472	19953	1578	2894	0	401
PF3D7_0530100	1098	23327	288	810	0	84
PF3D7_0608400	2394	22031	2081	313	0	38
PF3D7_1203200	1757	22668	1224	533	0	43
PF3D7_0917400	9073	15352	1748	7316	9	1160
PF3D7_1022400	7218	17207	5112	2106	0	156
PF3D7_1445300	7522	16903	3454	4068	0	305
PF3D7_1135800	1747	22678	296	1451	0	105
PF3D7_1235500	5114	19311	1273	3841	0	164
PF3D7_0413500	5178	19247	1225	3953	0	25
PF3D7_0106400	1192	23233	551	628	13	68
PF3D7_0417500	5240	19185	4666	573	1	58
PF3D7_1325900	22347	2078	20514	1833	0	867
PF3D7_1447200	8412	16013	3307	5105	0	306
PF3D7_0909800	2568	21857	2107	461	0	18
PF3D7_1340100	1115	23310	178	937	0	71
PF3D7_0423000	1868	22557	178	1688	2	164
PF3D7_0611900	1757	22668	1174	582	1	22
PF3D7_1324700	982	23443	413	569	0	26
PF3D7_1234400	6278	18147	3904	2374	0	214
PF3D7_0716400	1425	23000	1112	312	1	22
PF3D7_1467400	5143	19282	2948	2195	0	73
PF3D7_0112800	5627	18798	1203	4424	0	60
PF3D7_1210600	6404	18021	1429	4975	0	567
PF3D7_1410900	7166	17259	557	6604	5	361
PF3D7_1462900	6679	17746	2166	4513	0	733
PF3D7_1216000	4295	20130	1206	3089	0	247
PF3D7_0110500	22891	1534	21786	1105	0	383
PF3D7_1032000	6671	17754	3408	2956	307	325
PF3D7_1036700	1576	22849	841	735	0	50
PF3D7_1404200	943	23482	142	801	0	47
PF3D7_1330500	17514	6911	15925	1589	0	169
PF3D7_1224300	6566	17859	2753	3812	1	127
PF3D7_0108000	1581	22844	1218	363	0	19
PF3D7_1019200	2017	22408	70	1941	6	189
PF3D7_0926500	13651	10774	7751	5900	0	981
PF3D7_1211800	23205	1220	23195	10	0	1
PF3D7_0422600	3476	20949	1186	2290	0	24
PF3D7_1128600	2619	21806	655	1964	0	277
PF3D7_1472100	2560	21865	1336	1224	0	109
PF3D7_0532400	7180	17245	2693	4483	4	169
PF3D7_0202400	16506	7919	9582	5104	1820	431
PF3D7_1461800	21850	2575	19599	2250	1	671
PF3D7_1117800	7827	16598	4838	2989	0	256
PF3D7_1124200	3466	20959	1871	1595	0	148
PF3D7_1145900	3993	20432	2150	1842	1	219
PF3D7_0424100	5790	18635	1341	4449	0	172
PF3D7_1103000	6779	17646	686	6093	0	207
PF3D7_1120200	434	23991	258	176	0	13
PF3D7_0420200	7926	16499	981	6945	0	478
PF3D7_1114400	3823	20602	1955	1868	0	243
PF3D7_1241600	5416	19009	985	4431	0	147
PF3D7_0915100	1195	23230	802	392	1	5
PF3D7_1317200	17418	7007	14227	3189	2	1248
PF3D7_1407000	10914	13511	7989	2924	1	286
PF3D7_1463600	830	23595	515	314	1	34
PF3D7_0423900	5694	18731	2307	3351	36	182
PF3D7_0826000	14236	10189	9532	4704	0	865
PF3D7_1312600	6936	17489	3909	3017	10	91
PF3D7_0705700	654	23771	545	109	0	3
PF3D7_1002200	9042	15383	2805	6223	14	389
PF3D7_1447400	2005	22420	1307	698	0	69
PF3D7_1245300	2751	21674	2422	327	2	28
PF3D7_1405700	9236	15189	6385	2851	0	410
PF3D7_1458100	703	23722	532	171	0	21
PF3D7_1129200	3712	20713	2642	1070	0	51
PF3D7_0406200	2955	21470	464	2491	0	29
PF3D7_1010500	2019	22406	1504	515	0	44
PF3D7_0816300	8585	15840	3482	5101	2	469
PF3D7_0304600	19449	4976	16112	3337	0	273
PF3D7_1345700	4366	20059	3173	1192	1	134
PF3D7_1225900	6467	17958	3016	3450	1	224
PF3D7_1016900	5311	19114	219	5092	0	49
PF3D7_1234700	10250	14175	5571	4678	1	566
PF3D7_0419000	6994	17431	3053	3941	0	187
PF3D7_1453300	449	23976	251	198	0	8
PF3D7_0309700	5533	18892	2410	3103	20	350
PF3D7_1451500	800	23625	155	645	0	72
PF3D7_1454800	2074	22351	793	1280	1	60
PF3D7_1466300	8927	15498	4756	4171	0	359
PF3D7_0818500	567	23858	84	483	0	53
PF3D7_1206500	15748	8677	13419	2329	0	180
PF3D7_1144300	708	23717	662	46	0	1
PF3D7_1450000	2510	21915	1378	1132	0	48
PF3D7_1434900	3985	20440	2415	1560	10	179
PF3D7_1011800	11218	13207	4684	6531	3	768
PF3D7_1115100	5225	19200	2464	2760	1	118
PF3D7_0509300	1312	23113	505	805	2	34
PF3D7_1119500	3995	20430	2810	1178	7	54
PF3D7_0317600	2737	21688	1398	1339	0	14
PF3D7_1020300	5611	18814	2850	2761	0	219
PF3D7_0521800	7087	17338	5732	1355	0	151
PF3D7_0315400	1504	22921	189	1315	0	83
PF3D7_1247600	4269	20156	1706	2562	1	184
PF3D7_0929800	2187	22238	2060	127	0	15
PF3D7_1307100	10076	14349	6012	4064	0	471
PF3D7_1451100	8655	15770	7733	922	0	11
PF3D7_0704600	16055	8370	10942	5111	2	2621
PF3D7_1140900	11533	12892	4139	7392	2	2093
PF3D7_1142900	3043	21382	590	2453	0	251
PF3D7_1431600	4394	20031	3298	1096	0	73
PF3D7_0937000	6106	18319	781	2899	2426	196
PF3D7_1030700	2279	22146	1197	1082	0	89
PF3D7_1312450	2440	21985	141	2299	0	51
PF3D7_1202100	13194	11231	7925	5268	1	222
PF3D7_1423000	2650	21775	1079	1571	0	128
PF3D7_0416100	9119	15306	5489	3630	0	185
PF3D7_1414100	7952	16473	2835	5112	5	505
PF3D7_0611000	1767	22658	1043	724	0	35
PF3D7_0307800	11495	12930	9364	2131	0	142
PF3D7_1238600	1106	23319	478	628	0	44
PF3D7_0932300	5467	18958	3144	2323	0	114
PF3D7_0528900	2759	21666	2007	752	0	127
PF3D7_0727800	10768	13657	4819	5948	1	1514
PF3D7_1463800	339	24086	105	234	0	20
PF3D7_0615300	10250	14175	6583	3667	0	344
PF3D7_0423700	3333	21092	123	3210	0	49
PF3D7_0904600	14169	10256	9491	4677	1	1191
PF3D7_1248800	1552	22873	978	574	0	37
PF3D7_1369600	9574	14851	5079	4495	0	358
PF3D7_0202200	1517	22908	500	1016	1	86
PF3D7_1320300	4049	20376	708	3341	0	246
PF3D7_1423200	8807	15618	5094	3713	0	188
PF3D7_0218500	469	23956	172	297	0	14
PF3D7_1410600	2895	21530	1975	920	0	20
PF3D7_1357300	692	23733	349	343	0	39
PF3D7_1137900	6444	17981	1715	4729	0	842
PF3D7_1354000	4370	20055	1492	2869	9	439
PF3D7_1244400	10304	14121	4039	6265	0	1572
PF3D7_1344600	2708	21717	1260	1448	0	148
PF3D7_1434500	23115	1310	21361	1754	0	842
PF3D7_0527500	12478	11947	8183	4293	2	179
PF3D7_0410300	13587	10838	9345	4242	0	379
PF3D7_1005600	15480	8945	8339	5730	1411	559
PF3D7_1243000	1521	22904	287	1234	0	108
PF3D7_0302500	24397	28	23787	610	0	10
PF3D7_1142300	11488	12937	6391	5097	0	1179
PF3D7_1208100	14190	10235	8308	5881	1	2681
PF3D7_0422200	21283	3142	10867	10411	5	1882
PF3D7_0510700	4780	19645	3732	1048	0	112
PF3D7_1129800	5936	18489	4506	1430	0	102
PF3D7_0822400	8342	16083	5220	3119	3	226
PF3D7_0623400	1954	22471	506	1448	0	91
PF3D7_0513400	5219	19206	2664	2555	0	50
PF3D7_0210400	634	23791	392	242	0	21
PF3D7_0603600	10749	13676	4150	6599	0	2361
PF3D7_1457200	1517	22908	179	1338	0	19
PF3D7_0507500	9164	15261	4579	4584	1	251
PF3D7_1020600	21395	3030	19271	2124	0	554
PF3D7_0422800	9316	15109	3003	6312	1	201
PF3D7_0830300	9930	14495	4160	5769	1	1003
PF3D7_1460200	1690	22735	191	1484	15	181
PF3D7_1024300	617	23808	324	293	0	14
PF3D7_0826100	17621	6804	12085	5536	0	3046
PF3D7_1126300	11299	13126	7591	3707	1	343
PF3D7_0713200	9534	14891	2942	5931	661	186
PF3D7_0617000	1948	22477	1111	837	0	66
PF3D7_1028900	1888	22537	235	1649	4	159
PF3D7_0612600	3955	20470	2335	1620	0	159
PF3D7_1451600	7224	17201	4572	2651	1	324
PF3D7_1010600	3624	20801	1527	2097	0	11
PF3D7_1120800	626	23799	67	559	0	19
PF3D7_1478800	3623	20802	737	2461	425	162
PF3D7_1145300	1010	23415	647	363	0	49
PF3D7_0911400	8044	16381	2873	5170	1	570
PF3D7_0511300	10644	13781	5373	5271	0	944
PF3D7_1474700	4577	19848	833	3744	0	536
PF3D7_1136000	19571	4854	16380	3189	2	1583
PF3D7_1227700	7161	17264	2058	5103	0	231
PF3D7_1357600	4037	20388	3731	306	0	28
PF3D7_1353900	1875	22550	802	1073	0	25
PF3D7_0214600	9737	14688	4405	5332	0	946
PF3D7_1001400	8093	16332	3050	5043	0	361
PF3D7_1250000	1631	22794	953	674	4	63
PF3D7_1430400	13608	10817	9283	4325	0	341
PF3D7_1469900	5884	18541	273	5608	3	419
PF3D7_0311400	16648	7777	10572	6075	1	1399
PF3D7_0320300	5745	18680	5079	666	0	42
PF3D7_1014300	12384	12041	8082	4302	0	929
PF3D7_1249400	768	23657	355	413	0	47
PF3D7_0414700	5243	19182	1185	4056	2	133
PF3D7_1414800	861	23564	103	758	0	75
PF3D7_1205300	3741	20684	1624	2117	0	181
PF3D7_0605300	7843	16582	6395	1448	0	6
PF3D7_1232900	3254	21171	2406	848	0	94
PF3D7_1137700	3803	20622	740	3063	0	445
PF3D7_1216400	10866	13559	6361	4503	2	481
PF3D7_0503800	1227	23198	821	406	0	10
PF3D7_1205200	1398	23027	300	1097	1	124
PF3D7_0926900	1463	22962	560	903	0	51
PF3D7_0611300	1146	23279	751	395	0	41
PF3D7_0620600	4037	20388	151	3885	1	157
PF3D7_1427600	8131	16294	6721	1410	0	70
PF3D7_1216700	9425	15000	5203	4221	1	429
PF3D7_1431200	13567	10858	9030	4537	0	1602
PF3D7_1220900	638	23787	114	524	0	23
PF3D7_1201500	5145	19280	855	4290	0	138
PF3D7_0814200	2586	21839	279	2306	1	27
PF3D7_0727000	17860	6565	14932	2928	0	848
PF3D7_0801600	679	23746	126	553	0	26
PF3D7_0722700	545	23880	372	173	0	19
PF3D7_1148900	2374	22051	199	2175	0	10
PF3D7_0408900	5827	18598	1873	3954	0	293
PF3D7_1352400	9411	15014	3082	6328	1	796
PF3D7_1471300	7671	16754	3349	4305	17	450
PF3D7_1345100	1631	22794	700	931	0	32
PF3D7_1335600	1862	22563	1130	732	0	77
PF3D7_0925800	17371	7054	15089	2282	0	574
PF3D7_0604600	8181	16244	3076	5104	1	861
PF3D7_0306800	6266	18159	5175	1091	0	59
PF3D7_0624700	6789	17636	3033	3756	0	103
PF3D7_0623100	11158	13267	7196	3958	4	395
PF3D7_0302800	3913	20512	459	3454	0	176
PF3D7_1433300	5576	18849	3979	1597	0	80
PF3D7_0405000	4947	19478	1245	3702	0	216
PF3D7_1306500	12347	12078	4041	8306	0	3405
PF3D7_1338400	6235	18190	4074	2161	0	122
PF3D7_1112000	785	23640	609	176	0	15
PF3D7_1448100	2237	22188	598	1639	0	85
PF3D7_1009300	3976	20449	2082	1894	0	211
PF3D7_1466500	1628	22797	560	1068	0	51
PF3D7_0825000	8684	15741	2813	5870	1	1372
PF3D7_0911200	1189	23236	400	789	0	55
PF3D7_1452500	2350	22075	768	1582	0	115
PF3D7_0625000	1851	22574	817	1034	0	45
PF3D7_0528000	1819	22606	1290	529	0	29
PF3D7_1252200	1059	23366	133	926	0	40
PF3D7_1412800	4931	19494	3765	1166	0	49
PF3D7_1022200	5320	19105	819	4500	1	162
PF3D7_1248100	6925	17500	4070	2855	0	208
PF3D7_1458500	9433	14992	3025	6404	4	1495
PF3D7_1420400	7431	16994	3207	4223	1	332
PF3D7_0522200	4066	20359	3012	1054	0	41
PF3D7_0602300	3513	20912	2026	1486	1	99
PF3D7_0525700	819	23606	302	511	6	37
PF3D7_1416900	1235	23190	479	756	0	58
PF3D7_0803000	5246	19179	711	4535	0	426
PF3D7_1438500	6254	18171	3765	2489	0	304
PF3D7_0928700	17292	7133	11904	5388	0	861
PF3D7_0217300	1075	23350	757	318	0	9
PF3D7_1119400	18351	6074	15270	3081	0	828
PF3D7_1312900	9754	14671	4540	5214	0	622
PF3D7_0822600	8257	16168	4163	4094	0	49
PF3D7_1468000	9284	15141	4044	5235	5	959
PF3D7_1470900	761	23664	246	515	0	33
PF3D7_1462300	9678	14747	4927	4751	0	472
PF3D7_1125200	3143	21282	2423	719	1	43
PF3D7_1353100	6344	18081	1296	5045	3	156
PF3D7_0816200	1024	23401	195	829	0	36
PF3D7_1438700	3159	21266	1673	1486	0	49
PF3D7_1324100	2184	22241	1467	717	0	68
PF3D7_1311100	6233	18192	2936	3296	1	265
PF3D7_0618300	1173	23252	419	754	0	19
PF3D7_1428300	5927	18498	1367	4559	1	52
PF3D7_0110600	20494	3931	16780	3714	0	369
PF3D7_1038900	1727	22698	374	1310	43	37
PF3D7_0705400	7631	16794	6533	1096	2	69
PF3D7_0323400	11792	12633	7846	3946	0	387
PF3D7_1117600	1496	22929	1282	213	1	42
PF3D7_1206700	3015	21410	233	2779	3	201
PF3D7_1149200	20452	3973	16582	3312	558	525
PF3D7_0731100	8029	16396	5245	2783	1	265
PF3D7_0104800	2780	21645	579	2196	5	133
PF3D7_0709600	11648	12777	5171	6476	1	1016
PF3D7_1251000	2022	22403	973	1049	0	53
PF3D7_1350900	8071	16354	4447	3390	234	154
PF3D7_1316100	9789	14636	4104	5685	0	984
PF3D7_1421200	5563	18862	1489	4074	0	16
PF3D7_0214300	22643	1782	21063	1580	0	701
PF3D7_0611200	3260	21165	899	2361	0	52
PF3D7_0418200	3561	20864	665	2896	0	47
PF3D7_1360100	1759	22666	800	959	0	42
PF3D7_0904100	10436	13989	4547	5888	1	930
PF3D7_0527300	3577	20848	643	2934	0	91
PF3D7_1243800	4192	20233	3295	897	0	114
PF3D7_1445000	3504	20921	1770	1734	0	180
PF3D7_1459300	849	23576	160	521	168	42
PF3D7_0917200	5862	18563	3079	2783	0	89
PF3D7_1004300	16471	7954	11716	4755	0	623
PF3D7_0621700	13100	11325	8486	4606	8	563
PF3D7_1414000	2963	21462	1931	1031	1	64
PF3D7_0621900	9458	14967	4574	4884	0	351
PF3D7_0729500	9031	15394	3854	5177	0	320
PF3D7_1145100	6504	17921	3124	3380	0	334
PF3D7_1302100	2744	21681	1674	1070	0	36
PF3D7_0921100	3073	21352	1931	1142	0	102
PF3D7_1352700	10438	13987	3534	6904	0	1899
PF3D7_1231600	9061	15364	5238	3770	53	300
PF3D7_1002000	6278	18147	3157	3121	0	122
PF3D7_0930000	5010	19415	3716	1294	0	140
PF3D7_1329400	6858	17567	3087	3770	1	115
PF3D7_1343900	6383	18042	2960	3423	0	325
PF3D7_1122000	3534	20891	2398	1136	0	98
PF3D7_1408800	2678	21747	941	1718	19	118
PF3D7_1116800	6639	17786	4072	2567	0	85
PF3D7_1208400	10993	13432	4636	6355	2	726
PF3D7_1014500	7897	16528	4134	3763	0	703
PF3D7_0723700	17114	7311	13890	3217	7	453
PF3D7_0904700	659	23766	67	592	0	49
PF3D7_0204100	20980	3445	19076	1904	0	726
PF3D7_0423600	22247	2178	21017	1230	0	353
PF3D7_1228600	13570	10855	11007	2562	1	404
PF3D7_1409200	2151	22274	999	1150	2	127
PF3D7_0925900	1833	22592	1356	477	0	24
PF3D7_1338300	4090	20335	1543	2546	1	203
PF3D7_0209700	13010	11415	10279	2730	1	167
PF3D7_1224500	560	23865	124	436	0	28
PF3D7_0805200	404	24021	83	321	0	21
PF3D7_1407300	7072	17353	3422	3649	1	295
PF3D7_0411300	6689	17736	3231	3458	0	386
PF3D7_0623900	5350	19075	4244	1106	0	59
PF3D7_1105800	1652	22773	714	938	0	21
PF3D7_1134200	10136	14289	4942	5194	0	1198
PF3D7_0317000	2488	21937	304	2184	0	32
PF3D7_0417700	4145	20280	2144	1999	2	146
PF3D7_1452700	3767	20658	752	3007	8	157
PF3D7_1110600	2369	22056	1803	566	0	55
PF3D7_0822100	1098	23327	236	860	2	79
PF3D7_1318900	7165	17260	1419	5745	1	484
PF3D7_0932400	2585	21840	778	1801	6	102
PF3D7_0722100	2479	21946	1373	1105	1	120
PF3D7_0420100	10429	13996	4862	5567	0	330
PF3D7_1421300	8682	15743	2253	6423	6	851
PF3D7_0606900	1130	23295	310	820	0	67
PF3D7_0505000	23178	1247	22676	502	0	553
PF3D7_1206000	2515	21910	946	1569	0	58
PF3D7_0933400	1960	22465	946	1014	0	69
PF3D7_0213100	1254	23171	725	529	0	19
PF3D7_0620400	9261	15164	3425	5836	0	1066
PF3D7_1353500	1621	22804	209	1412	0	87
PF3D7_0522800	1048	23377	532	516	0	26
PF3D7_1115600	2831	21594	1965	865	1	33
PF3D7_0513500	693	23732	533	160	0	10
PF3D7_0415500	1779	22646	1313	466	0	28
PF3D7_1032600	3574	20851	897	2677	0	137
PF3D7_0601900	790	23635	352	363	75	19
PF3D7_0705500	13574	10851	8534	5040	0	1619
PF3D7_1225100	9758	14667	3612	6143	3	570
PF3D7_1465700	3632	20793	2430	1202	0	88
PF3D7_1313500	9830	14595	3395	6353	82	1582
PF3D7_1147400	1846	22579	1724	122	0	17
PF3D7_1319600	14197	10228	10252	3945	0	828
PF3D7_0909900	6944	17481	3042	3899	3	513
PF3D7_1031000	1269	23156	286	983	0	32
PF3D7_0418800	2695	21730	2178	516	1	32
PF3D7_1369500	6982	17443	3930	3052	0	327
PF3D7_0730500	11159	13266	4760	6399	0	1863
PF3D7_1344100	6632	17793	3069	3563	0	374
PF3D7_1313700	2442	21983	1264	1177	1	175
PF3D7_0522600	3782	20643	450	3332	0	48
PF3D7_0924300	2562	21863	1211	1333	18	195
PF3D7_0923600	2235	22190	917	1261	57	88
PF3D7_1474800	1499	22926	601	874	24	56
PF3D7_0931600	1888	22537	934	954	0	75
PF3D7_1129000	3700	20725	616	3083	1	79
PF3D7_1450900	4793	19632	2992	1781	20	212
PF3D7_1463000	721	23704	235	485	1	28
PF3D7_1349100	5033	19392	1018	4014	1	27
PF3D7_0725200	2383	22042	1625	758	0	12
PF3D7_0518100	10156	14269	4558	5598	0	869
PF3D7_0911000	3471	20954	1767	1703	1	38
PF3D7_0728600	19803	4622	16040	3763	0	874
PF3D7_0301600	9833	14592	5080	4752	1	464
PF3D7_0311500	269	24156	50	219	0	10
PF3D7_0519000	3922	20503	1454	2468	0	113
PF3D7_1141600	1400	23025	659	741	0	75
PF3D7_1019000	19199	5226	16522	2677	0	1029
PF3D7_1132800	2105	22320	415	1690	0	31
PF3D7_1124300	5138	19287	2538	2600	0	218
PF3D7_0107100	4625	19800	1689	2936	0	185
PF3D7_1206800	7561	16864	4596	2965	0	321
PF3D7_1473600	576	23849	208	366	2	17
PF3D7_0507600	6597	17828	3179	3418	0	273
PF3D7_0606200	3159	21266	503	2655	1	18
PF3D7_1313900	2294	22131	842	1397	55	152
PF3D7_1143800	9865	14560	4931	4932	2	503
PF3D7_1244700	2714	21711	717	1997	0	80
PF3D7_0822700	15672	8753	12070	3602	0	960
PF3D7_0309600	1162	23263	144	1018	0	20
PF3D7_0723100	4199	20226	2572	1626	1	138
PF3D7_0207500	11559	12866	8117	3442	0	411
PF3D7_1038100	8858	15567	4053	4804	1	498
PF3D7_0606600	20151	4274	18571	1580	0	1407
PF3D7_0815900	4488	19937	1775	2713	0	273
PF3D7_1352800	6928	17497	3079	3848	1	271
PF3D7_0510400	6126	18299	4498	1628	0	137
PF3D7_0921900	5178	19247	202	4976	0	230
PF3D7_0922200	3064	21361	1856	1208	0	27
PF3D7_1230100	6237	18188	3114	3123	0	217
PF3D7_1112400	2002	22423	613	1389	0	37
PF3D7_0105800	5039	19386	1567	3472	0	268
PF3D7_0309100	2324	22101	863	1461	0	45
PF3D7_0926200	120	24305	44	76	0	8
PF3D7_1221700	12829	11596	10713	2115	1	195
PF3D7_1407500	2286	22139	1806	480	0	56
PF3D7_1149600	10553	13872	3720	6831	2	934
PF3D7_0404100	22963	1462	22012	951	0	346
PF3D7_1436700	5622	18803	2705	2917	0	529
PF3D7_0823800	7378	17047	2470	4908	0	351
PF3D7_1369400	10705	13720	3902	6799	4	3032
PF3D7_1336700	4699	19726	441	4258	0	68
PF3D7_1331000	6440	17985	1461	4974	5	310
PF3D7_1442200	8169	16256	4567	3602	0	528
PF3D7_1009600	14864	9561	10410	4454	0	146
PF3D7_1116600	8299	16126	5998	2301	0	256
PF3D7_0914100	15126	9299	8217	6909	0	1128
PF3D7_1430200	3903	20522	2223	1680	0	198
PF3D7_1437900	3855	20570	2351	1503	1	47
PF3D7_0503100	4992	19433	851	4141	0	376
PF3D7_0930800	12886	11539	7289	5596	1	1751
PF3D7_1325600	628	23797	369	259	0	12
PF3D7_1128100	1356	23069	463	892	1	57
PF3D7_1113400	2569	21856	1021	1548	0	84
PF3D7_1440800	5933	18492	1272	4661	0	264
PF3D7_1317800	1680	22745	1235	445	0	13
PF3D7_1452900	2114	22311	506	1608	0	111
PF3D7_1304900	2039	22386	1677	360	2	25
PF3D7_1251700	4219	20206	1107	3112	0	261
PF3D7_1322800	1611	22814	1297	314	0	50
PF3D7_0626800	3438	20987	2514	924	0	22
PF3D7_0930900	1274	23151	487	787	0	77
PF3D7_1321200	1442	22983	943	499	0	6
PF3D7_1011400	769	23656	240	529	0	37
PF3D7_1001300	5318	19107	2073	3226	19	98
PF3D7_1023500	601	23824	176	425	0	14
PF3D7_1363300	4779	19646	1163	3616	0	129
PF3D7_1250900	3383	21042	2322	1061	0	102
PF3D7_0831700	3136	21289	2917	219	0	8
PF3D7_0911500	3129	21296	752	2373	4	103
PF3D7_0114000	20881	3544	18785	2079	17	247
PF3D7_1034000	4465	19960	1554	2910	1	142
PF3D7_0317300	23861	564	23423	438	0	406
PF3D7_1222100	3391	21034	1857	1534	0	119
PF3D7_0524200	1692	22733	514	1178	0	35
PF3D7_1242600	5776	18649	2060	3711	5	364
PF3D7_0906910	2364	22061	116	2247	1	72
PF3D7_0714200	10582	13843	5306	5271	5	663
PF3D7_0703000	12438	11987	6991	5444	3	1429
PF3D7_0508100	12684	11741	8279	4403	2	762
PF3D7_0517100	11548	12877	3137	8411	0	143
PF3D7_1341600	5173	19252	2024	3149	0	363
PF3D7_1242300	1349	23076	784	565	0	57
PF3D7_0202600	17357	7068	15322	2035	0	780
PF3D7_1108200	1734	22691	1031	703	0	31
PF3D7_0707700	13985	10440	11714	2271	0	241
PF3D7_0903800	10661	13764	5177	5484	0	988
PF3D7_0317900	6613	17812	5171	1442	0	164
PF3D7_1439500	11426	12999	5470	5956	0	841
PF3D7_1025900	10439	13986	5785	4654	0	787
PF3D7_1307800	7064	17361	2794	4270	0	359
PF3D7_0520900	4338	20087	3361	976	1	67
PF3D7_0310600	1653	22772	340	1313	0	65
PF3D7_1018200	20382	4043	17923	2456	3	928
PF3D7_1127700	4153	20272	1906	2247	0	238
PF3D7_1201400	14040	10385	8479	5560	1	1911
PF3D7_1470000	994	23431	648	346	0	36
PF3D7_1368700	5226	19199	271	4955	0	335
PF3D7_1366900	11890	12535	6610	5280	0	415
PF3D7_1236300	2506	21919	921	1584	1	164
PF3D7_0613600	17516	6909	15239	2275	2	330
PF3D7_1031400	10213	14212	5577	4636	0	522
PF3D7_1237500	12796	11629	7362	5427	7	1080
PF3D7_0925400	3706	20719	1568	2137	1	104
PF3D7_0402900	5569	18856	1825	3742	2	78
PF3D7_1444000	5377	19048	4347	1030	0	134
PF3D7_0110100	21373	3052	19172	2201	0	178
PF3D7_0728800	4115	20310	1689	2426	0	272
PF3D7_0213500	3119	21306	1260	1859	0	199
PF3D7_1030800	1541	22884	495	1046	0	80
PF3D7_1144600	2699	21726	1545	1154	0	115
PF3D7_0803200	7410	17015	2388	5022	0	329
PF3D7_1404000	4125	20300	265	3860	0	43
PF3D7_1021000	4342	20083	3239	1103	0	47
PF3D7_0817600	9779	14646	5315	4463	1	611
PF3D7_0211200	621	23804	216	405	0	30
PF3D7_0313500	10498	13927	6399	4098	1	529
PF3D7_0111900	384	24041	184	200	0	9
PF3D7_1408700	14044	10381	7863	6179	2	4146
PF3D7_0313200	1016	23409	446	569	1	64
PF3D7_1140500	9764	14661	4705	5059	0	787
PF3D7_0924800	885	23540	545	340	0	30
PF3D7_1422700	9676	14749	3241	6434	1	1140
PF3D7_1217000	517	23908	142	375	0	51
PF3D7_0710800	3596	20829	870	2725	1	179
PF3D7_1307300	5478	18947	2856	2622	0	186
PF3D7_1139500	4791	19634	2556	2235	0	192
PF3D7_1437800	926	23499	449	477	0	39
PF3D7_1457400	13685	10740	5453	8232	0	2402
PF3D7_0923500	11983	12442	10818	1165	0	34
PF3D7_1252800	4176	20249	717	3459	0	236
PF3D7_0619400	9745	14680	8209	1536	0	26
PF3D7_1404900	1613	22812	489	1124	0	73
PF3D7_1403600	2504	21921	1009	1495	0	67
PF3D7_1027400	2039	22386	1614	424	1	14
PF3D7_1312300	1597	22828	508	1089	0	124
PF3D7_0507400	716	23709	375	341	0	41
PF3D7_0709100	17560	6865	9212	8348	0	861
PF3D7_1349200	8777	15648	4375	4397	5	361
PF3D7_1011700	1939	22486	534	1405	0	189
PF3D7_0311900	16522	7903	11587	4935	0	706
PF3D7_1102300	16606	7819	13328	3278	0	144
PF3D7_1474100	458	23967	141	317	0	18
PF3D7_1241400	11131	13294	4704	6416	11	1264
PF3D7_1026000	6862	17563	1872	4990	0	305
PF3D7_0909100	7180	17245	836	6343	1	793
PF3D7_0411200	10453	13972	4247	6195	11	738
PF3D7_0909700	7698	16727	2069	5628	1	651
PF3D7_1404100	1181	23244	760	421	0	8
PF3D7_1459000	6284	18141	3206	3077	1	338
PF3D7_0505600	1971	22454	381	1590	0	145
PF3D7_0716900	5219	19206	488	4731	0	14
PF3D7_1308800	7225	17200	2355	4869	1	222
PF3D7_0907300	2002	22423	511	1491	0	181
PF3D7_0710500	6692	17733	801	5891	0	69
PF3D7_1352600	3903	20522	2249	1654	0	157
PF3D7_1022300	1474	22951	964	510	0	36
PF3D7_1338700	5316	19109	1801	3514	1	212
PF3D7_0816900	5052	19373	1248	3804	0	96
PF3D7_1461700	1179	23246	771	406	2	51
PF3D7_0813500	5753	18672	776	4977	0	348
PF3D7_1305500	4958	19467	2412	2545	1	397
PF3D7_0205000	12505	11920	5670	6833	2	334
PF3D7_1111500	790	23635	314	476	0	60
PF3D7_1464400	2107	22318	1699	408	0	59
PF3D7_0530700	12735	11690	7875	4860	0	946
PF3D7_0607400	3529	20896	1071	2457	1	71
PF3D7_0927400	8192	16233	4670	3521	1	412
PF3D7_1235100	2336	22089	316	2020	0	12
PF3D7_1349000	5762	18663	3627	2135	0	138
PF3D7_0816600	9581	14844	6310	3271	0	152
PF3D7_0727200	7306	17119	1331	5975	0	280
PF3D7_1403400	9263	15162	4428	4835	0	424
PF3D7_0208800	1532	22893	325	1206	1	99
PF3D7_1437200	4227	20198	2921	1306	0	57
PF3D7_1330600	3442	20983	1697	1745	0	97
PF3D7_1018700	5575	18850	918	4653	4	445
PF3D7_1205700	1130	23295	156	973	1	92
PF3D7_1210900	4725	19700	2268	2441	16	133
PF3D7_0623800	12506	11919	5517	6987	2	1862
PF3D7_1034900	10634	13791	4821	5813	0	416
PF3D7_0521200	2458	21967	286	2172	0	106
PF3D7_1138700	12156	12269	6598	5558	0	1194
PF3D7_0107500	13432	10993	9011	4421	0	390
PF3D7_1414600	5041	19384	478	4504	59	201
PF3D7_1429300	9776	14649	5850	3926	0	84
PF3D7_1442100	964	23461	689	275	0	27
PF3D7_0217000	9514	14911	3628	5886	0	435
PF3D7_0210000	960	23465	249	711	0	3
PF3D7_1410200	6550	17875	3476	3074	0	240
PF3D7_0213800	5600	18825	1753	3847	0	173
PF3D7_1308400	20190	4235	16507	3683	0	2177
PF3D7_1364000	3516	20909	687	2829	0	235
PF3D7_0320200	7495	16930	5180	2315	0	245
PF3D7_0906100	4387	20038	583	3804	0	28
PF3D7_1307700	6818	17607	1158	5659	1	995
PF3D7_1130200	3240	21185	2820	420	0	53
PF3D7_1136400	9249	15176	4329	4920	0	600
PF3D7_0512900	3106	21319	2496	610	0	90
PF3D7_1349500	20416	4009	17669	2747	0	1670
PF3D7_1406700	620	23805	179	439	2	39
PF3D7_0412200	6699	17726	456	6243	0	114
PF3D7_1205500	10456	13969	3616	6829	11	871
PF3D7_0911100	6733	17692	2209	4524	0	513
PF3D7_1234100	21956	2469	20402	1554	0	1215
PF3D7_0821400	1287	23138	660	627	0	41
PF3D7_1422200	848	23577	130	718	0	62
PF3D7_1218400	3056	21369	1500	1556	0	59
PF3D7_0926600	12058	12367	6611	5447	0	560
PF3D7_1010800	3754	20671	712	3042	0	68
PF3D7_1415100	7911	16514	4867	3042	2	228
PF3D7_1322300	11045	13380	4392	6652	1	646
PF3D7_1406800	960	23465	208	752	0	17
PF3D7_0815100	11191	13234	6174	5017	0	697
PF3D7_0114750	683	23742	522	153	8	16
PF3D7_1249300	12930	11495	8998	3932	0	498
PF3D7_0722000	1639	22786	505	1134	0	147
PF3D7_0718500	1797	22628	1359	438	0	23
PF3D7_0823700	1606	22819	1129	477	0	24
PF3D7_0605000	890	23535	430	460	0	26
PF3D7_0422700	3097	21328	2400	697	0	24
PF3D7_1455400	2570	21855	379	2191	0	42
PF3D7_1216300	925	23500	502	421	2	28
PF3D7_1333400	6176	18249	2283	3890	3	70
PF3D7_0523600	788	23637	450	338	0	20
PF3D7_0526300	4104	20321	3339	765	0	103
PF3D7_1134700	9904	14521	6511	3393	0	288
PF3D7_0933900	2737	21688	1327	1410	0	122
PF3D7_1474200	17007	7418	11496	5482	29	3291
PF3D7_1249000	6672	17753	1845	4827	0	395
PF3D7_1248700	16016	8409	11652	4364	0	2006
PF3D7_0729100	20027	4398	17838	2189	0	728
PF3D7_0110400	1535	22890	758	777	0	54
PF3D7_1207700	7083	17342	6590	493	0	80
PF3D7_0217800	2087	22338	1583	504	0	4
PF3D7_0323700	10160	14265	2667	7493	0	246
PF3D7_1303200	2021	22404	1201	819	1	22
PF3D7_0612400	769	23656	370	399	0	52
PF3D7_0502600	7678	16747	985	6693	0	743
PF3D7_0915400	10750	13675	7457	3292	1	221
PF3D7_0527600	10525	13900	8042	2483	0	218
PF3D7_1146300	5042	19383	2016	3026	0	123
PF3D7_1442800	5323	19102	2926	2397	0	253
PF3D7_0532300	8282	16143	1509	6768	5	254
PF3D7_0814600	5380	19045	2129	3250	1	48
PF3D7_0622700	8171	16254	6160	2011	0	138
PF3D7_1315900	9051	15374	6354	2697	0	285
PF3D7_1363000	8326	16099	4049	4276	1	628
PF3D7_1347400	538	23887	151	383	4	53
PF3D7_1007600	403	24022	113	290	0	29
PF3D7_0103300	8275	16150	874	7401	0	898
PF3D7_0606500	4069	20356	1282	2786	1	232
PF3D7_1408200	16853	7572	13102	3750	1	1185
PF3D7_0517400	11561	12864	7296	4256	9	378
PF3D7_0312300	1455	22970	763	692	0	57
PF3D7_1142800	9607	14818	5667	3940	0	72
PF3D7_1245200	16455	7970	12994	3461	0	1028
PF3D7_1229500	8898	15527	4896	4001	1	43
PF3D7_1462500	7905	16520	5212	2692	1	337
PF3D7_1472200	19046	5379	15058	3988	0	741
PF3D7_0918600	4521	19904	1920	2601	0	340
PF3D7_0624900	5585	18840	3545	2040	0	141
PF3D7_0518400	4027	20398	576	3450	1	44
PF3D7_1318000	809	23616	284	524	1	62
PF3D7_1104300	11790	12635	6648	5130	12	882
PF3D7_0530750	941	23484	551	389	1	39
PF3D7_0525000	6893	17532	1191	5702	0	544
PF3D7_1029800	3290	21135	1495	1795	0	108
PF3D7_0314400	699	23726	288	410	1	12
PF3D7_0811900	7986	16439	3080	4906	0	335
PF3D7_0110000	4278	20147	839	3439	0	107
PF3D7_1222600	16231	8194	8671	7560	0	1948
PF3D7_1247100	1587	22838	531	1056	0	145
PF3D7_0411000	13610	10815	7217	6393	0	858
PF3D7_1340200	413	24012	293	120	0	12
PF3D7_1442300	3364	21061	1881	1483	0	164
PF3D7_1411800	5649	18776	730	4916	3	224
PF3D7_1366500	1047	23378	67	980	0	36
PF3D7_0919700	2009	22416	652	1357	0	88
PF3D7_0707400	5035	19390	2448	2587	0	108
PF3D7_0627400	2028	22397	922	1106	0	33
PF3D7_1336600	2256	22169	277	1979	0	19
PF3D7_0718900	5828	18597	1364	4458	6	76
PF3D7_1409700	7943	16482	1851	6092	0	587
PF3D7_0813900	2423	22002	1833	590	0	4
PF3D7_1413600	3609	20816	406	3203	0	354
PF3D7_1446200	5925	18500	4127	1797	1	126
PF3D7_1312800	11561	12864	6213	5345	3	1814
PF3D7_1310800	22122	2303	20357	1765	0	517
PF3D7_1468600	14221	10204	7866	6349	6	1737
PF3D7_0829300	1110	23315	812	298	0	23
PF3D7_0109200	2158	22267	1577	581	0	39
PF3D7_0208100	13885	10540	7847	6038	0	987
PF3D7_1110500	4970	19455	1213	3757	0	321
PF3D7_1470500	6156	18269	3511	2645	0	164
PF3D7_1434800	1477	22948	1142	334	1	27
PF3D7_1429200	9090	15335	5008	4082	0	512
PF3D7_1465300	7366	17059	3629	3737	0	546
PF3D7_0925300	5336	19089	716	4620	0	184
PF3D7_1320000	11106	13319	5191	5915	0	678
PF3D7_1351000	9431	14994	3584	5847	0	1373
PF3D7_0809600	14010	10415	6438	7571	1	3302
PF3D7_1343000	3931	20494	988	2942	1	64
PF3D7_1410700	4140	20285	1633	2507	0	83
PF3D7_1004200	12628	11797	4724	7902	2	3518
PF3D7_1121400	7086	17339	4239	2846	1	117
PF3D7_0417600	15236	9189	12082	3153	1	233
PF3D7_1212200	4072	20353	846	3226	0	423
PF3D7_0919600	3542	20883	2586	955	1	165
PF3D7_1113900	4963	19462	2350	2613	0	74
PF3D7_1367400	7158	17267	1999	5159	0	720
PF3D7_1342900	21926	2499	19845	2081	0	843
PF3D7_1222000	4245	20180	1059	3186	0	269
PF3D7_1355500	6279	18146	4125	2154	0	255
PF3D7_0813000	4505	19920	1421	3084	0	146
PF3D7_0626700	3779	20646	1670	2108	1	87
PF3D7_0509200	4364	20061	3012	1352	0	117
PF3D7_1139700	2776	21649	1264	1511	1	133
PF3D7_1030200	8000	16425	3455	4544	1	118
PF3D7_1107800	11982	12443	4744	7238	0	1224
PF3D7_1030300	8570	15855	1645	6925	0	962
PF3D7_0505900	2314	22111	1526	788	0	32
PF3D7_0816400	1867	22558	751	1116	0	26
PF3D7_0407500	1258	23167	336	922	0	59
PF3D7_0103800	3112	21313	2330	781	1	30
PF3D7_0301000	8969	15456	3929	4975	65	274
PF3D7_1130000	10494	13931	6039	4430	25	678
PF3D7_0822500	1088	23337	450	638	0	51
PF3D7_1201300	3848	20577	307	3541	0	22
PF3D7_1238500	23085	1340	22362	709	14	559
PF3D7_0415100	2745	21680	523	2221	1	85
PF3D7_0206600	1084	23341	782	302	0	11
PF3D7_1103100	1117	23308	906	211	0	12
PF3D7_1126500	16001	8424	10954	5047	0	654
PF3D7_0816700	2682	21743	2388	290	4	29
PF3D7_1223500	12369	12056	6408	5961	0	1616
PF3D7_1203900	2552	21873	1592	960	0	2
PF3D7_0920000	4046	20379	1589	2457	0	258
PF3D7_1414900	8771	15654	3333	5438	0	774
PF3D7_0114800	6993	17432	1730	5197	66	127
PF3D7_1471600	12034	12391	8098	3936	0	1347
PF3D7_1126200	1884	22541	1744	139	1	15
PF3D7_1474300	7216	17209	1756	5446	14	683
PF3D7_1412100	5310	19115	1772	3538	0	377
PF3D7_1103500	8338	16087	5601	2736	1	199
PF3D7_1117200	14143	10282	9985	4152	6	1087
PF3D7_1133700	9080	15345	4085	4995	0	375
PF3D7_0315700	4501	19924	2877	1624	0	165
PF3D7_1312700	5242	19183	1419	3823	0	243
PF3D7_1220400	7202	17223	879	6322	1	347
PF3D7_0705900	1126	23299	766	360	0	37
PF3D7_0826600	1535	22890	522	1013	0	49
PF3D7_1351100	1678	22747	1079	598	1	52
PF3D7_0708600	2657	21768	2258	399	0	68
PF3D7_0221200	13803	10622	2981	5534	5288	94
PF3D7_0702000	12679	11746	7325	5351	3	176
PF3D7_1467500	6863	17562	3780	3073	10	152
PF3D7_1315100	5461	18964	2446	3015	0	61
PF3D7_1118400	1353	23072	632	718	3	32
