gene_id	c_exc_s	c_inc_s	c_missing	c_het_calls	c_stop_codon	c_unq_h
PF3D7_1249400	768	23657	355	413	0	47
PF3D7_0903000	1461	22964	93	1305	63	65
PF3D7_0417600	16021	8404	12082	3287	652	170
PF3D7_0513900	1124	23301	335	736	53	81
PF3D7_0927600	5610	18815	1379	4222	9	378
PF3D7_1477400	3291	21134	896	2169	226	100
PF3D7_0111800	5457	18968	1728	2594	1135	74
PF3D7_0421900	2363	22062	152	2211	0	36
PF3D7_0728400	1720	22705	222	1278	220	45
PF3D7_1366800	22644	1781	1941	5778	14925	7
PF3D7_1126000	10363	14062	5807	4555	1	527
PF3D7_0627700	7631	16794	2867	4763	1	224
PF3D7_1433900	12073	12352	3374	8692	7	1517
PF3D7_1347800	24404	21	2189	1081	21134	1
PF3D7_0924000	14419	10006	9293	5103	23	620
PF3D7_0715500	1600	22825	1346	204	50	7
PF3D7_0318900	2911	21514	616	2018	277	158
PF3D7_1240000	5724	18701	3805	1919	0	126
PF3D7_1217500	7666	16759	5069	2594	3	65
PF3D7_0207800	23313	1112	10430	2318	10565	44
PF3D7_1108300	2032	22393	1719	272	41	13
PF3D7_1420700	8959	15466	4382	3698	879	407
PF3D7_1362000	908	23517	109	799	0	73
PF3D7_0209800	4904	19521	3344	1451	109	9
PF3D7_1034000	4466	19959	1554	2911	1	142
PF3D7_1244800	5789	18636	3873	1252	664	10
PF3D7_0204000	7351	17074	2043	4700	608	323
PF3D7_0722700	694	23731	372	304	18	15
PF3D7_0923900	5935	18490	1369	3870	696	4
PF3D7_1023700	7034	17391	1360	5670	4	312
PF3D7_1033500	9827	14598	6406	2782	639	278
PF3D7_0415700	7877	16548	2712	5165	0	109
PF3D7_0301300	4972	19453	740	4158	74	93
PF3D7_0806000	22792	1633	21988	783	21	190
PF3D7_0924200	7801	16624	2298	5503	0	592
PF3D7_1306800	2547	21878	98	2438	11	203
PF3D7_1444700	1275	23150	635	550	90	54
PF3D7_0207600	24402	23	16925	1760	5717	3
PF3D7_0503800	2901	21524	821	638	1442	5
PF3D7_0403100	5058	19367	3012	2046	0	298
PF3D7_1323900	4098	20327	1992	1926	180	135
PF3D7_0604900	449	23976	237	193	19	18
PF3D7_0319500	6622	17803	3410	1863	1349	31
PF3D7_0719200	3251	21174	2706	382	163	2
PF3D7_0612600	3961	20464	2335	1626	0	159
PF3D7_0724200	3391	21034	818	2573	0	169
PF3D7_0716400	1649	22776	1112	400	137	3
PF3D7_1141800	4635	19790	990	2403	1242	19
PF3D7_1447800	17557	6868	13314	4242	1	1144
PF3D7_1250700	1026	23399	454	520	52	33
PF3D7_1207200	17412	7013	10040	7369	3	2039
PF3D7_1030900	2722	21703	444	2277	1	91
PF3D7_1235300	11234	13191	5177	6041	16	721
PF3D7_0318500	17332	7093	10698	6634	0	1758
PF3D7_0424100	5891	18534	1341	4535	15	169
PF3D7_1439600	503	23922	158	344	1	31
PF3D7_1141500	4255	20170	1271	1715	1269	21
PF3D7_0404700	20402	4023	17021	3205	176	231
PF3D7_1031100	1667	22758	434	744	489	87
PF3D7_0524800	3809	20616	872	2643	294	256
PF3D7_1201700	1973	22452	98	1875	0	72
PF3D7_1429400	23539	886	23022	517	0	334
PF3D7_1207700	7596	16829	6590	511	495	10
PF3D7_1331500	19152	5273	15912	3240	0	316
PF3D7_1454300	5786	18639	416	5218	152	479
PF3D7_1133200	18939	5486	16214	2387	338	644
PF3D7_1463500	3901	20524	568	2140	1193	15
PF3D7_1133100	15958	8467	13807	2120	31	287
PF3D7_0823900	2206	22219	1293	913	0	61
PF3D7_1446100	11153	13272	1994	4292	4867	265
PF3D7_1301700	2645	21780	1957	688	0	39
PF3D7_1465900	4866	19559	4644	193	29	2
PF3D7_0717700	4208	20217	2537	1671	0	124
PF3D7_0508700	9538	14887	4722	4816	0	637
PF3D7_0901700	12361	12064	7843	4515	3	125
PF3D7_0713200	9534	14891	2942	5931	661	186
PF3D7_0525400	2817	21608	606	2200	11	195
PF3D7_1119000	4149	20276	884	3265	0	117
PF3D7_0220700	6680	17745	356	3829	2495	63
PF3D7_0708500	12665	11760	5289	7376	0	466
PF3D7_0629200	1314	23111	600	714	0	33
PF3D7_1103000	19998	4427	686	6097	13215	39
PF3D7_0805500	6859	17566	2179	4680	0	332
PF3D7_1031700	20204	4221	537	3467	16200	3
PF3D7_0915600	1635	22790	275	1360	0	158
PF3D7_0710900	6357	18068	1333	5024	0	190
PF3D7_0616300	1004	23421	305	699	0	73
PF3D7_1353500	1621	22804	209	1412	0	87
PF3D7_1447300	1385	23040	844	394	147	12
PF3D7_1121700	5109	19316	2875	2234	0	143
PF3D7_0207500	14570	9855	8117	3482	2971	130
PF3D7_1431300	18112	6313	15612	2424	76	654
PF3D7_1249000	6672	17753	1845	4827	0	395
PF3D7_0408700	24271	154	8027	5241	11004	11
PF3D7_0409800	6495	17930	2077	4417	1	254
PF3D7_0936400	1875	22550	469	1383	23	82
PF3D7_1413600	5207	19218	406	3946	855	194
PF3D7_0912800	8117	16308	2705	5397	15	575
PF3D7_0106200	2948	21477	332	2530	86	87
PF3D7_1206400	2040	22385	1297	742	1	120
PF3D7_1241800	11250	13175	7782	3468	0	473
PF3D7_1355900	3004	21421	928	2073	3	267
PF3D7_1412700	11579	12846	6062	5516	1	1437
PF3D7_1205400	7995	16430	1675	6243	77	1089
PF3D7_1030100	24409	16	8176	5054	11179	0
PF3D7_1337000	8786	15639	5082	3608	96	346
PF3D7_1103400	9895	14530	6649	3244	2	345
PF3D7_1471100	4143	20282	313	3262	568	31
PF3D7_1365700	4699	19726	262	1792	2645	45
PF3D7_0510300	4259	20166	3956	243	60	22
PF3D7_1470700	3747	20678	403	3344	0	331
PF3D7_1120700	11322	13103	6387	4931	4	552
PF3D7_1443800	3588	20837	1132	2454	2	183
PF3D7_1325800	13829	10596	8890	4934	5	695
PF3D7_0423400	6272	18153	2466	3805	1	130
PF3D7_1453600	8964	15461	3067	5604	293	1304
PF3D7_1369000	10013	14412	4023	3446	2544	109
PF3D7_1320500	1504	22921	245	1002	257	23
PF3D7_0810400	4435	19990	1763	2672	0	129
PF3D7_1214100	16847	7578	11614	3251	1982	256
PF3D7_0627800	12316	12109	8304	4012	0	473
PF3D7_0714000	514	23911	90	424	0	2
PF3D7_1326500	12396	12029	6661	5735	0	1001
PF3D7_1236400	6322	18103	2107	3586	629	146
PF3D7_1458100	703	23722	532	171	0	21
PF3D7_0827900	20778	3647	5684	3420	11674	21
PF3D7_1465400	557	23868	280	257	20	14
PF3D7_0931600	2120	22305	934	1050	136	61
PF3D7_1307000	1318	23107	390	811	117	62
PF3D7_1025000	14880	9545	6710	4522	3648	274
PF3D7_1475400	18189	6236	13118	4933	138	2610
PF3D7_1448900	663	23762	390	206	67	8
PF3D7_1233000	4559	19866	3285	1273	1	123
PF3D7_1410700	4369	20056	1633	2531	205	62
PF3D7_1250400	7930	16495	1838	6092	0	736
PF3D7_0304800	7824	16601	1496	6328	0	749
PF3D7_0212000	23474	951	1629	3896	17949	7
PF3D7_1232000	5578	18847	2982	2503	93	147
PF3D7_0822900	15636	8789	12582	3054	0	810
PF3D7_0618000	4409	20016	1314	3095	0	264
PF3D7_0315600	11965	12460	2551	7009	2405	69
PF3D7_0927100	809	23616	42	766	1	52
PF3D7_1457700	10132	14293	3739	6388	5	874
PF3D7_1351200	11470	12955	5479	5982	9	922
PF3D7_1014200	11795	12630	6043	5307	445	128
PF3D7_1131100	11972	12453	7343	4629	0	579
PF3D7_0935800	24406	19	6010	5402	12994	1
PF3D7_1419300	1990	22435	179	1642	169	41
PF3D7_0933100	24389	36	2611	6318	15460	3
PF3D7_1132700	2765	21660	2026	739	0	76
PF3D7_0812300	5208	19217	2366	2841	1	108
PF3D7_1367000	1230	23195	459	559	212	2
PF3D7_1141600	1402	23023	659	742	1	74
PF3D7_0914600	3175	21250	1164	1674	337	9
PF3D7_0514700	20923	3502	18905	2018	0	415
PF3D7_1116300	1498	22927	833	483	182	2
PF3D7_1337700	12225	12200	2505	3135	6585	51
PF3D7_0815300	14423	10002	10199	4224	0	417
PF3D7_0108800	10958	13467	3159	1165	6634	8
PF3D7_0209000	17110	7315	11020	6090	0	3551
PF3D7_0418300	16731	7694	12698	4029	4	571
PF3D7_0934900	5600	18825	3321	1855	424	111
PF3D7_0731800	7946	16479	1459	6420	67	227
PF3D7_0318800	2496	21929	842	1494	160	73
PF3D7_0301800	14899	9526	2874	3595	8430	45
PF3D7_1141000	13680	10745	6871	6808	1	465
PF3D7_1114800	6930	17495	4013	1652	1265	21
PF3D7_0709400	24255	170	4595	5526	14134	11
PF3D7_0614900	18128	6297	665	10195	7268	206
PF3D7_0829000	21359	3066	15254	5001	1104	493
PF3D7_1354500	3202	21223	1886	1124	192	49
PF3D7_1357700	24407	18	4227	4832	15348	2
PF3D7_1421800	11273	13152	7530	3741	2	178
PF3D7_1437000	6782	17643	2057	4695	30	192
PF3D7_0313300	4326	20099	1050	1322	1954	5
PF3D7_1112100	18040	6385	14799	3222	19	958
PF3D7_1425600	24403	22	13688	4370	6345	5
PF3D7_1010200	11571	12854	7316	4255	0	1261
PF3D7_1457400	13760	10665	5453	8307	0	2377
PF3D7_1369300	5347	19078	1044	4124	179	294
PF3D7_0216300	10095	14330	4475	5608	12	1277
PF3D7_1456000	13956	10469	9273	4680	3	593
PF3D7_1117300	567	23858	153	407	7	21
PF3D7_1427800	2060	22365	1397	663	0	45
PF3D7_1406500	23982	443	12164	4913	6905	44
PF3D7_0207000	21026	3399	979	6623	13424	19
PF3D7_0619400	9910	14515	8209	1564	137	20
PF3D7_1462300	9680	14745	4927	4752	1	471
PF3D7_0514300	14883	9542	9678	5205	0	762
PF3D7_0935000	1635	22790	1017	617	1	48
PF3D7_0705400	7631	16794	6533	1096	2	69
PF3D7_0520900	4338	20087	3361	976	1	67
PF3D7_1452600	12896	11529	4531	7869	496	2368
PF3D7_0801900	23733	692	23069	653	11	500
PF3D7_1302200	1783	22642	205	1572	6	59
PF3D7_1406400	4990	19435	3328	1662	0	178
PF3D7_0624300	24401	24	621	1174	22606	1
PF3D7_0624500	384	24041	41	343	0	6
PF3D7_1229600	21783	2642	19955	1767	61	431
PF3D7_0303200	17196	7229	14065	3110	21	339
PF3D7_0708700	3746	20679	926	2819	1	52
PF3D7_1362600	4397	20028	1951	1790	656	52
PF3D7_0416100	9122	15303	5489	3633	0	185
PF3D7_1461000	15470	8955	11761	3682	27	85
PF3D7_0523700	9823	14602	3548	5964	311	813
PF3D7_1106100	5777	18648	1096	4089	592	45
PF3D7_1316200	24408	17	996	1418	21994	1
PF3D7_0916000	9601	14824	2352	6565	684	1032
PF3D7_1119400	18409	6016	15270	3139	0	823
PF3D7_0317900	9486	14939	5171	2887	1432	143
PF3D7_0906700	3749	20676	232	3516	1	483
PF3D7_1133900	11121	13304	6435	4574	112	639
PF3D7_0525600	3254	21171	812	2326	116	178
PF3D7_0212300	9925	14500	7209	2189	527	5
PF3D7_1251000	2966	21459	973	1248	745	6
PF3D7_1125700	23813	612	4933	5743	13137	19
PF3D7_1010000	2389	22036	1508	818	63	18
PF3D7_0516500	6074	18351	4522	1063	489	38
PF3D7_0802400	8714	15711	4710	3941	63	375
PF3D7_0914500	24407	18	4045	8283	12079	1
PF3D7_0925300	5336	19089	716	4620	0	184
PF3D7_1107400	4855	19570	1284	3571	0	13
PF3D7_1217400	9166	15259	5125	4041	0	457
PF3D7_0114500	9356	15069	1940	6674	742	215
PF3D7_1145800	8759	15666	1095	7664	0	1389
PF3D7_1127700	4684	19741	1906	2486	292	159
PF3D7_1221600	4800	19625	1236	3564	0	251
PF3D7_0613100	526	23899	214	247	65	7
PF3D7_0815700	2876	21549	1403	1455	18	118
PF3D7_1422400	16346	8079	11162	5182	2	1926
PF3D7_0926800	14062	10363	10588	3474	0	375
PF3D7_0622900	12929	11496	8032	4897	0	889
PF3D7_0811500	7367	17058	3711	3656	0	278
PF3D7_1135400	3049	21376	268	2729	52	45
PF3D7_1035600	7672	16753	5128	2462	82	134
PF3D7_0807300	3013	21412	1578	1318	117	1
PF3D7_0921700	9603	14822	2686	5839	1078	150
PF3D7_0403200	16586	7839	14483	2103	0	227
PF3D7_1308300	728	23697	393	236	99	5
PF3D7_1405700	9246	15179	6385	2861	0	410
PF3D7_1121600	6580	17845	300	5762	518	60
PF3D7_1444300	1976	22449	314	1223	439	31
PF3D7_1323300	5092	19333	2208	2884	0	119
PF3D7_1237000	6628	17797	2429	4049	150	277
PF3D7_0214500	1953	22472	1117	834	2	108
PF3D7_1034900	10634	13791	4821	5813	0	416
PF3D7_0628500	1090	23335	220	870	0	34
PF3D7_0830800	24409	16	11102	5970	7337	0
PF3D7_1028500	13856	10569	7780	6028	48	569
PF3D7_1138500	7216	17209	2644	4572	0	427
PF3D7_0422000	14650	9775	1201	5502	7947	23
PF3D7_0703800	19926	4499	17685	2241	0	332
PF3D7_1476100	4784	19641	380	4404	0	38
PF3D7_1120100	1376	23049	977	383	16	13
PF3D7_1206900	6597	17828	2687	3591	319	301
PF3D7_1442200	8169	16256	4567	3602	0	528
PF3D7_1302000	6435	17990	4127	2224	84	51
PF3D7_1313500	23588	837	3395	6591	13602	196
PF3D7_1107500	2234	22191	982	888	364	9
PF3D7_1032100	11957	12468	5131	6822	4	1696
PF3D7_1012200	9528	14897	499	4908	4121	81
PF3D7_1461200	688	23737	301	387	0	37
PF3D7_1323500	6667	17758	1622	5043	2	248
PF3D7_1116900	15936	8489	1650	2951	11335	4
PF3D7_1242300	1823	22602	784	644	395	12
PF3D7_1018900	13689	10736	4883	8797	9	296
PF3D7_1218300	5191	19234	355	4836	0	149
PF3D7_1410300	21418	3007	19771	1634	13	752
PF3D7_1211900	11193	13232	6456	4736	1	462
PF3D7_1001700	6485	17940	646	5187	674	96
PF3D7_0611900	1859	22566	1174	595	90	16
PF3D7_0728700	24216	209	690	3684	19842	6
PF3D7_1245800	16115	8310	13371	2237	507	108
PF3D7_1409200	2937	21488	999	1259	679	91
PF3D7_1129700	745	23680	163	582	0	38
PF3D7_0501400	24282	143	23942	317	23	21
PF3D7_0619900	862	23563	587	275	0	29
PF3D7_0420300	17207	7218	11837	5367	3	2601
PF3D7_0914400	2157	22268	837	946	374	4
PF3D7_1360400	1728	22697	402	1326	0	208
PF3D7_0419100	3329	21096	543	2412	374	67
PF3D7_1317800	1681	22744	1235	445	1	13
PF3D7_1343200	3276	21149	989	2284	3	218
PF3D7_1243400	4034	20391	308	3726	0	308
PF3D7_0916100	2797	21628	1088	972	737	11
PF3D7_0321500	14198	10227	8469	5726	3	901
PF3D7_1038100	8861	15564	4053	4807	1	498
PF3D7_1344300	10163	14262	3143	6946	74	1079
PF3D7_1019200	2017	22408	70	1941	6	189
PF3D7_0509800	24226	199	12108	4526	7592	32
PF3D7_0621000	5172	19253	1876	3294	2	290
PF3D7_1449700	7303	17122	1713	5589	1	1001
PF3D7_1249800	23604	821	15731	4301	3572	335
PF3D7_1330600	3442	20983	1697	1745	0	97
PF3D7_0110700	8482	15943	835	7046	601	72
PF3D7_1434000	20243	4182	2037	2439	15767	6
PF3D7_1226300	1256	23169	340	916	0	20
PF3D7_1208500	10126	14299	3135	6991	0	1939
PF3D7_0108000	1892	22533	1218	549	125	15
PF3D7_0719100	24409	16	1636	495	22278	0
PF3D7_1459200	7722	16703	1327	6391	4	950
PF3D7_0203000	16453	7972	13059	3392	2	776
PF3D7_0816500	1411	23014	799	579	33	17
PF3D7_0529500	4646	19779	3685	695	266	7
PF3D7_1111900	2421	22004	977	1410	34	56
PF3D7_0205900	12355	12070	8665	1489	2201	111
PF3D7_1424400	7685	16740	2403	1935	3347	21
PF3D7_0319700	12783	11642	6643	5971	169	1489
PF3D7_1129300	11246	13179	5083	6163	0	1181
PF3D7_0917300	3333	21092	1228	2105	0	47
PF3D7_0522200	24215	210	3012	1088	20115	1
PF3D7_0107000	1397	23028	762	465	170	4
PF3D7_0817000	3650	20775	1697	1952	1	80
PF3D7_0215000	12716	11709	7110	5606	0	679
PF3D7_0616100	24408	17	188	4105	20115	1
PF3D7_1135800	1749	22676	296	1452	1	105
PF3D7_1026200	12319	12106	8654	3654	11	243
PF3D7_1360500	24409	16	8530	10790	5089	0
PF3D7_1145600	6561	17864	1166	4723	672	310
PF3D7_1027700	2640	21785	2220	361	59	1
PF3D7_1007600	403	24022	113	290	0	29
PF3D7_1104600	8207	16218	1895	5892	420	494
PF3D7_0216900	16687	7738	12688	3999	0	454
PF3D7_1326300	8752	15673	4053	4648	51	233
PF3D7_1120200	483	23942	258	203	22	4
PF3D7_1412500	8678	15747	631	3023	5024	3
PF3D7_1461400	5185	19240	742	3992	451	18
PF3D7_1364000	3516	20909	687	2829	0	235
PF3D7_1409300	2406	22019	1006	1400	0	91
PF3D7_1137200	6127	18298	1153	4974	0	231
PF3D7_1218900	9306	15119	3779	5527	0	748
PF3D7_1025900	24409	16	5785	5741	12883	0
PF3D7_0318200	15066	9359	10843	4223	0	1297
PF3D7_1348300	11030	13395	4596	5186	1248	408
PF3D7_1221400	8158	16267	2985	5171	2	228
PF3D7_1217100	9326	15099	1592	6191	1543	20
PF3D7_1107200	13310	11115	2484	6345	4481	58
PF3D7_1316100	9880	14545	4104	5776	0	978
PF3D7_0217300	1886	22539	757	992	137	5
PF3D7_1447000	3328	21097	1738	1373	217	11
PF3D7_1336800	1906	22519	826	1080	0	71
PF3D7_0809800	11501	12924	5318	5897	286	330
PF3D7_0527000	10380	14045	8753	1509	118	137
PF3D7_1222900	5049	19376	2294	2142	613	153
PF3D7_1134900	6380	18045	3099	3281	0	321
PF3D7_0723400	9548	14877	4911	4634	3	800
PF3D7_1363800	24220	205	4417	4141	15662	3
PF3D7_1036300	20548	3877	16518	4029	1	402
PF3D7_1341800	6243	18182	903	5229	111	254
PF3D7_1349900	4136	20289	1425	2535	176	73
PF3D7_1120500	5887	18538	4220	1615	52	229
PF3D7_0618900	24408	17	725	3516	20167	1
PF3D7_1239000	4706	19719	2078	2628	0	201
PF3D7_0309200	21844	2581	19171	2666	7	911
PF3D7_0528500	24408	17	2982	3708	17718	1
PF3D7_0716100	14759	9666	10213	4546	0	300
PF3D7_1449900	2725	21700	241	2484	0	240
PF3D7_1425500	1897	22528	540	964	393	42
PF3D7_1028300	2796	21629	658	2134	4	155
PF3D7_0706000	8963	15462	5939	3024	0	128
PF3D7_0904400	846	23579	143	703	0	38
PF3D7_1233800	3473	20952	2601	825	47	47
PF3D7_1433700	9631	14794	3939	5587	105	1186
PF3D7_0719300	7387	17038	4018	3369	0	307
PF3D7_0208000	24406	19	3120	9085	12201	1
PF3D7_0923800	6562	17863	3057	3504	1	131
PF3D7_0811300	11566	12859	7586	3979	1	334
PF3D7_0713800	2356	22069	485	1861	10	36
PF3D7_1118000	3615	20810	292	3105	218	13
PF3D7_1454000	2942	21483	951	1991	0	277
PF3D7_0607300	4102	20323	363	3707	32	104
PF3D7_0519200	10953	13472	2299	3148	5506	5
PF3D7_1018800	5076	19349	1475	3570	31	331
PF3D7_0702500	4724	19701	636	3877	211	99
PF3D7_0109100	7543	16882	5267	2010	266	214
PF3D7_1306900	2583	21842	390	2158	35	201
PF3D7_1123800	8590	15835	3424	5166	0	450
PF3D7_0618200	1263	23162	779	481	3	45
PF3D7_0415400	1381	23044	988	393	0	31
PF3D7_0532300	8363	16062	1509	6772	82	231
PF3D7_1027900	3966	20459	2633	914	419	6
PF3D7_0111900	544	23881	184	283	77	4
PF3D7_1332300	3698	20727	3054	644	0	29
PF3D7_1106200	4459	19966	1552	2823	84	311
PF3D7_0810900	1899	22526	1367	517	15	15
PF3D7_1113100	625	23800	104	521	0	24
PF3D7_0413600	6192	18233	4035	2153	4	8
PF3D7_1128700	6954	17471	1403	5550	1	246
PF3D7_0816100	1972	22453	1048	616	308	23
PF3D7_1404900	1613	22812	489	1124	0	73
PF3D7_1103800	15857	8568	10841	5016	0	1647
PF3D7_0312100	10576	13849	5273	5303	0	343
PF3D7_0918200	3017	21408	1186	1285	546	18
PF3D7_0723000	2458	21967	1861	596	1	55
PF3D7_1316700	7057	17368	2936	2492	1630	103
PF3D7_1029400	3513	20912	1230	2283	0	95
PF3D7_1326900	12291	12134	7848	4443	0	442
PF3D7_0801800	5766	18659	1393	4372	1	374
PF3D7_1337100	3720	20705	2299	912	509	28
PF3D7_1414000	24388	37	1931	1200	21257	1
PF3D7_0627900	2657	21768	1004	1180	473	35
PF3D7_0626900	2406	22019	470	1936	0	159
PF3D7_1234900	1506	22919	1120	331	55	39
PF3D7_1403300	9288	15137	2289	6860	139	667
PF3D7_1418100	13487	10938	7791	5696	0	2239
PF3D7_1129100	8158	16267	2627	5530	1	448
PF3D7_1469000	1880	22545	382	1492	6	84
PF3D7_1231400	8970	15455	4952	3986	32	637
PF3D7_1219000	20187	4238	18656	1477	54	604
PF3D7_0303800	5235	19190	2878	2356	1	209
PF3D7_1307300	5497	18928	2856	2641	0	186
PF3D7_1357300	712	23713	349	349	14	39
PF3D7_1232900	4213	20212	2406	1095	712	10
PF3D7_1471300	11381	13044	3349	4489	3543	256
PF3D7_1441800	1992	22433	929	865	198	68
PF3D7_1005000	7528	16897	2280	5247	1	544
PF3D7_0914100	15142	9283	8217	6925	0	1125
PF3D7_0424000	6541	17884	2405	4017	119	284
PF3D7_0805300	7930	16495	3718	4211	1	508
PF3D7_0417000	3424	21001	712	1224	1488	20
PF3D7_0709200	8655	15770	5313	3320	22	105
PF3D7_0303700	4439	19986	1457	2982	0	198
PF3D7_0604500	15870	8555	8532	7279	59	1232
PF3D7_0919600	3542	20883	2586	955	1	165
PF3D7_1412600	5568	18857	970	4598	0	168
PF3D7_0320000	1662	22763	985	428	249	2
PF3D7_0808300	6303	18122	768	5385	150	34
PF3D7_0531100	11660	12765	4728	6920	12	2694
PF3D7_1102600	7940	16485	2316	5158	466	138
PF3D7_1201400	14054	10371	8479	5563	12	1901
PF3D7_0726500	17099	7326	10994	5990	115	1293
PF3D7_1416300	2782	21643	1254	1408	120	163
PF3D7_1335100	7403	17022	809	6594	0	389
PF3D7_1114600	1961	22464	137	1824	0	188
PF3D7_1002500	951	23474	400	436	115	19
PF3D7_1336300	1704	22721	708	996	0	60
PF3D7_1339700	20771	3654	19119	1652	0	911
PF3D7_1202900	558	23867	214	344	0	5
PF3D7_1452900	2114	22311	506	1608	0	111
PF3D7_0809400	9676	14749	3304	6372	0	700
PF3D7_1411300	6907	17518	1699	4806	402	353
PF3D7_1104500	5275	19150	1715	3559	1	318
PF3D7_1435000	4565	19860	3172	1393	0	169
PF3D7_0527100	1686	22739	928	506	252	4
PF3D7_0909500	9551	14874	7963	1588	0	95
PF3D7_0414500	3019	21406	1247	1558	214	5
PF3D7_0518300	2519	21906	1583	764	172	20
PF3D7_1469400	5945	18480	1724	4216	5	322
PF3D7_0924900	7631	16794	708	3043	3880	12
PF3D7_1463900	20656	3769	3994	6118	10544	1
PF3D7_0821200	2360	22065	1687	673	0	86
PF3D7_1105600	7973	16452	1971	6002	0	536
PF3D7_0816600	9581	14844	6310	3271	0	152
PF3D7_0816200	1024	23401	195	829	0	36
PF3D7_1249700	13397	11028	7536	4322	1539	365
PF3D7_1429900	9680	14745	3290	6300	90	847
PF3D7_1441400	2768	21657	1246	1522	0	81
PF3D7_1308400	24409	16	16507	4475	3427	0
PF3D7_1136800	24408	17	1115	1499	21794	1
PF3D7_0106700	20718	3707	19219	1498	1	629
PF3D7_0606700	9075	15350	3228	5531	316	430
PF3D7_0822200	12142	12283	4028	5870	2244	977
PF3D7_1408000	5911	18514	2409	3501	1	170
PF3D7_1464700	5059	19366	2976	2083	0	45
PF3D7_0112000	2377	22048	1590	695	92	26
PF3D7_1213800	7038	17387	4652	2385	1	174
PF3D7_0622500	3170	21255	750	2420	0	217
PF3D7_1121500	5285	19140	3142	2143	0	156
PF3D7_1420100	9812	14613	3703	6106	3	1211
PF3D7_1428500	10408	14017	3534	5978	896	786
PF3D7_1317700	2055	22370	149	1906	0	65
PF3D7_0906400	5270	19155	1763	3507	0	554
PF3D7_0214600	9762	14663	4405	5357	0	940
PF3D7_1235600	6463	17962	3407	3005	51	28
PF3D7_1455500	9430	14995	3420	5771	239	345
PF3D7_1016200	3487	20938	2471	1016	0	102
PF3D7_1104000	5733	18692	3885	1742	106	212
PF3D7_0408500	10079	14346	8226	1851	2	167
PF3D7_1469100	1564	22861	373	1191	0	124
PF3D7_1238100	2435	21990	1212	1223	0	51
PF3D7_0515400	16947	7478	7578	4098	5271	101
PF3D7_0725300	16903	7522	14458	2406	39	239
PF3D7_0926000	13570	10855	6661	6063	846	608
PF3D7_0910700	8856	15569	4067	4789	0	201
PF3D7_1136500	2258	22167	1352	648	258	1
PF3D7_0911100	7415	17010	2209	4696	510	453
PF3D7_1117600	1744	22681	1282	265	197	6
PF3D7_0711200	10483	13942	3704	6779	0	1190
PF3D7_1236600	1826	22599	440	904	482	33
PF3D7_0514500	14544	9881	480	4002	10062	5
PF3D7_1206500	15826	8599	13419	2407	0	177
PF3D7_1129400	3995	20430	1171	2822	2	272
PF3D7_1130500	22667	1758	4362	8442	9863	50
PF3D7_0310400	8172	16253	4671	3501	0	388
PF3D7_0317400	3814	20611	808	2411	595	37
PF3D7_1350800	1606	22819	440	1163	3	114
PF3D7_1236200	19567	4858	17391	2173	3	423
PF3D7_0908700	24407	18	2152	2180	20075	1
PF3D7_1413500	2268	22157	622	1646	0	98
PF3D7_1123600	5721	18704	2907	2813	1	279
PF3D7_1249500	6249	18176	4784	1136	329	10
PF3D7_0818800	6865	17560	2088	4777	0	104
PF3D7_1443500	4019	20406	1511	2508	0	334
PF3D7_1308200	12305	12120	7168	5137	0	1084
PF3D7_0102300	2287	22138	857	948	482	31
PF3D7_1248200	4549	19876	3270	1279	0	141
PF3D7_0629100	7097	17328	2807	4290	0	111
PF3D7_0323600	8259	16166	2538	4712	1009	114
PF3D7_1115100	8503	15922	2464	2824	3215	3
PF3D7_0907700	3135	21290	958	2177	0	41
PF3D7_0322200	14808	9617	2645	6133	6030	59
PF3D7_1469600	24403	22	6744	6405	11254	6
PF3D7_1105700	5898	18527	2226	3672	0	137
PF3D7_1146800	16498	7927	8840	6456	1202	1444
PF3D7_0504300	3292	21133	1847	1073	372	20
PF3D7_1323800	11274	13151	5114	6147	13	734
PF3D7_0104600	16182	8243	12554	3628	0	620
PF3D7_1458700	2458	21967	1338	1107	13	39
PF3D7_1312900	9831	14594	4540	5253	38	610
PF3D7_1020500	3183	21242	966	2217	0	179
PF3D7_0908800	3599	20826	1006	2533	60	235
PF3D7_1467400	5143	19282	2948	2195	0	73
PF3D7_1368800	12915	11510	6614	6296	5	1972
PF3D7_1434900	4978	19447	2415	1595	968	84
PF3D7_1356400	6595	17830	2650	3944	1	548
PF3D7_1455600	12898	11527	6363	6535	0	623
PF3D7_0621350	1876	22549	908	755	213	13
PF3D7_1317600	5246	19179	1545	3480	221	264
PF3D7_1203600	2513	21912	1385	972	156	28
PF3D7_0424900	6135	18290	843	5066	226	139
PF3D7_0620000	19130	5295	16895	2235	0	103
PF3D7_1333000	3429	20996	1421	1194	814	11
PF3D7_1034100	1677	22748	681	593	403	6
PF3D7_0831400	8522	15903	2259	5471	793	331
PF3D7_1108700	3468	20957	1692	1776	0	120
PF3D7_0902000	9515	14910	1002	6227	2286	294
PF3D7_1209700	7186	17239	1767	4928	491	23
PF3D7_1009600	14924	9501	10410	4514	0	146
PF3D7_0824600	1889	22536	517	1026	346	32
PF3D7_0415500	2152	22273	1313	592	247	16
PF3D7_1319500	187	24238	24	163	0	26
PF3D7_0923300	8768	15657	6104	2664	0	211
PF3D7_1310000	1250	23175	544	706	0	89
PF3D7_1212200	4074	20351	846	3228	0	423
PF3D7_1437100	2348	22077	308	1362	678	53
PF3D7_1431200	13582	10843	9030	4552	0	1597
PF3D7_1246700	4574	19851	1313	3261	0	214
PF3D7_1466800	9954	14471	5650	4304	0	161
PF3D7_1102700	1338	23087	181	1156	1	49
PF3D7_1118500	9223	15202	5394	3826	3	209
PF3D7_0518200	485	23940	102	383	0	28
PF3D7_0209700	13164	11261	10279	2884	1	165
PF3D7_1207300	1125	23300	383	438	304	6
PF3D7_1451900	8016	16409	2853	5160	3	583
PF3D7_0107100	4625	19800	1689	2936	0	185
PF3D7_0608700	4022	20403	2951	1044	27	33
PF3D7_1205700	1130	23295	156	973	1	92
PF3D7_1004900	5476	18949	1651	3825	0	126
PF3D7_1216500	3307	21118	684	2623	0	73
PF3D7_1353200	1243	23182	418	723	102	41
PF3D7_0321000	6628	17797	445	5557	626	234
PF3D7_0221400	9418	15007	4349	4214	855	124
PF3D7_1476800	2773	21652	328	2389	56	135
PF3D7_0828000	2369	22056	441	1390	538	39
PF3D7_1218800	12073	12352	697	3656	7720	13
PF3D7_0410000	21460	2965	19073	2357	30	244
PF3D7_1403600	3659	20766	1009	1539	1111	29
PF3D7_0621900	9462	14963	4574	4888	0	351
PF3D7_1139800	9736	14689	3998	5738	0	1334
PF3D7_0616600	10760	13665	6610	4150	0	366
PF3D7_0935500	8175	16250	1640	4650	1885	74
PF3D7_0425200	20389	4036	9835	9012	1542	142
PF3D7_0510100	15318	9107	10207	5110	1	1524
PF3D7_0605900	3059	21366	1877	970	212	13
PF3D7_0523400	2608	21817	1369	1226	13	76
PF3D7_0726200	17124	7301	13861	3169	94	412
PF3D7_1246400	4514	19911	375	4139	0	41
PF3D7_1229000	11775	12650	7066	4709	0	594
PF3D7_1201600	4089	20336	165	3924	0	74
PF3D7_1005100	8586	15839	2152	6421	13	818
PF3D7_1208800	11059	13366	5900	5156	3	741
PF3D7_1307700	6824	17601	1158	5664	2	995
PF3D7_1030000	4190	20235	3664	304	222	22
PF3D7_1474800	2043	22382	601	885	557	26
PF3D7_1432200	17421	7004	4226	7602	5593	381
PF3D7_1333400	6307	18118	2283	3890	134	66
PF3D7_1119600	9975	14450	6434	3536	5	338
PF3D7_1216000	4296	20129	1206	3090	0	247
PF3D7_1249100	10117	14308	4635	5418	64	246
PF3D7_0525700	880	23545	302	521	57	32
PF3D7_1327000	24374	51	24362	11	1	7
PF3D7_1006000	8249	16176	5296	2846	107	150
PF3D7_1406800	24393	32	208	1259	22926	1
PF3D7_0804400	8267	16158	4219	4047	1	289
PF3D7_1432000	8190	16235	3603	4363	224	132
PF3D7_0727700	7739	16686	1519	6220	0	879
PF3D7_1224400	5688	18737	1934	3326	428	156
PF3D7_0215100	3779	20646	1631	1808	340	12
PF3D7_0825300	640	23785	106	532	2	40
PF3D7_0622300	8649	15776	4158	4351	140	189
PF3D7_0313400	16762	7663	10944	5818	0	532
PF3D7_1340800	24365	60	787	545	23033	1
PF3D7_1472000	2701	21724	1365	801	535	17
PF3D7_1459100	6890	17535	3761	3129	0	424
PF3D7_0526300	4104	20321	3339	765	0	103
PF3D7_1323200	1475	22950	1235	214	26	14
PF3D7_0318000	3796	20629	3096	700	0	108
PF3D7_1310800	22494	1931	20357	1788	349	421
PF3D7_0824900	10305	14120	3394	6895	16	664
PF3D7_1450600	4743	19682	647	4096	0	337
PF3D7_0419500	7902	16523	940	6670	292	164
PF3D7_1317000	3719	20706	714	3005	0	223
PF3D7_0705500	14105	10320	8534	5062	509	1409
PF3D7_0830900	23190	1235	558	4516	18116	17
PF3D7_0935200	14093	10332	10049	4044	0	564
PF3D7_1117900	13799	10626	9878	3746	175	1141
PF3D7_1247700	4736	19689	228	4508	0	262
PF3D7_1319600	14197	10228	10252	3945	0	828
PF3D7_0914900	6711	17714	1078	5632	1	442
PF3D7_0817900	683	23742	466	217	0	6
PF3D7_0109400	5241	19184	875	3836	530	53
PF3D7_0810800	6219	18206	1813	4388	18	84
PF3D7_1368900	4298	20127	2370	1549	379	187
PF3D7_1013200	11189	13236	5276	5913	0	720
PF3D7_1332400	7687	16738	3403	4284	0	466
PF3D7_0205500	4197	20228	3035	963	199	7
PF3D7_1471200	24237	188	3889	5216	15132	1
PF3D7_1309500	1525	22900	473	1052	0	79
PF3D7_0933800	5466	18959	1213	4253	0	261
PF3D7_0905700	17068	7357	2214	5132	9722	2
PF3D7_1008500	20094	4331	16978	3116	0	611
PF3D7_1032800	6826	17599	948	5289	589	39
PF3D7_1366300	22717	1708	12257	5415	5045	824
PF3D7_1104200	13738	10687	6778	5106	1854	279
PF3D7_1227600	24406	19	5327	5288	13791	2
PF3D7_0614000	3846	20579	2617	1228	1	185
PF3D7_1016900	5311	19114	219	5092	0	49
PF3D7_0926700	8107	16318	5481	2626	0	320
PF3D7_0407000	3765	20660	402	3362	1	222
PF3D7_1143000	3604	20821	1504	1698	402	136
PF3D7_0709000	16215	8210	3535	2869	9811	23
PF3D7_1226500	18764	5661	12530	6234	0	866
PF3D7_0308000	6498	17927	4457	2040	1	96
PF3D7_1355500	6279	18146	4125	2154	0	255
PF3D7_1118700	11696	12729	2877	5050	3769	7
PF3D7_0528800	5565	18860	619	4945	1	292
PF3D7_1303700	8804	15621	2460	5921	423	829
PF3D7_1416700	1807	22618	590	774	443	14
PF3D7_1338700	5318	19107	1801	3516	1	212
PF3D7_1124800	6032	18393	1415	4358	259	35
PF3D7_0917800	3875	20550	1924	1948	3	170
PF3D7_1229500	8918	15507	4896	4014	8	40
PF3D7_0213700	740	23685	376	327	37	4
PF3D7_1026900	1998	22427	951	1047	0	64
PF3D7_1430700	3408	21017	1989	1324	95	104
PF3D7_0524000	8829	15596	5831	2998	0	49
PF3D7_0613800	24409	16	22604	824	981	0
PF3D7_0931800	2225	22200	257	1968	0	62
PF3D7_1456300	1977	22448	301	1675	1	216
PF3D7_1244500	15300	9125	9946	5354	0	342
PF3D7_1417100	2883	21542	298	2584	1	178
PF3D7_0110600	22554	1871	16780	3894	1880	267
PF3D7_1014900	11056	13369	5420	5636	0	1766
PF3D7_0708600	2663	21762	2258	399	6	64
PF3D7_1334100	6738	17687	1930	4807	1	375
PF3D7_0902400	7829	16596	4481	2290	1058	140
PF3D7_1348100	3074	21351	2127	613	334	11
PF3D7_0514000	3476	20949	2543	840	93	34
PF3D7_1033100	14643	9782	9225	5417	1	3107
PF3D7_1436200	13053	11372	7429	5624	0	1558
PF3D7_1428700	5461	18964	3007	2454	0	174
PF3D7_1311700	1494	22931	103	1387	4	39
PF3D7_1120800	626	23799	67	559	0	19
PF3D7_0508500	20067	4358	15675	4392	0	682
PF3D7_1450000	3502	20923	1378	1549	575	5
PF3D7_1331700	8170	16255	6373	1794	3	224
PF3D7_1017300	6144	18281	2152	3961	31	318
PF3D7_0917000	9599	14826	3721	5877	1	909
PF3D7_0729100	20048	4377	17838	2209	1	726
PF3D7_1123900	1984	22441	1504	319	161	6
PF3D7_0821900	918	23507	393	404	121	15
PF3D7_1455800	10066	14359	6156	3572	338	357
PF3D7_1214300	7932	16493	737	6902	293	70
PF3D7_1232600	3469	20956	568	2901	0	166
PF3D7_0509300	1356	23069	505	829	22	30
PF3D7_0310700	880	23545	621	236	23	8
PF3D7_0112100	1808	22617	1690	118	0	15
PF3D7_0935900	11048	13377	6579	3842	627	99
PF3D7_0920300	4925	19500	511	2931	1483	42
PF3D7_0304400	1167	23258	712	448	7	3
PF3D7_1364400	18689	5736	14568	4120	1	1254
PF3D7_1459800	1942	22483	834	779	329	17
PF3D7_1325100	8592	15833	4740	3545	307	38
PF3D7_0205000	12562	11863	5670	6890	2	334
PF3D7_1027300	5103	19322	1254	3594	255	186
PF3D7_0724400	491	23934	284	195	12	8
PF3D7_0415900	2026	22399	812	1211	3	10
PF3D7_0927000	1322	23103	526	795	1	27
PF3D7_0730300	8421	16004	2278	6141	2	718
PF3D7_1471700	8096	16329	4353	3742	1	451
PF3D7_0721400	2381	22044	831	1300	250	14
PF3D7_1113300	2657	21768	1361	1296	0	59
PF3D7_1407400	3210	21215	588	2617	5	126
PF3D7_1217000	517	23908	142	375	0	51
PF3D7_0708900	1955	22470	735	1219	1	109
PF3D7_1403900	1138	23287	315	823	0	49
PF3D7_0916600	985	23440	329	656	0	94
PF3D7_1338900	10813	13612	3855	6660	298	534
PF3D7_1022200	8809	15616	819	4811	3179	76
PF3D7_0203200	7159	17266	2909	4250	0	299
PF3D7_0614100	12760	11665	7475	5285	0	882
PF3D7_1211800	23205	1220	23195	10	0	1
PF3D7_0919400	3083	21342	1205	1389	489	95
PF3D7_1353100	7044	17381	1296	5053	695	101
PF3D7_1147600	5786	18639	1584	3361	841	126
PF3D7_1121300	23070	1355	5545	4966	12559	73
PF3D7_1465200	2854	21571	1948	902	4	152
PF3D7_0527900	7930	16495	5603	1947	380	181
PF3D7_1035800	23309	1116	22967	342	0	43
PF3D7_0623600	5032	19393	2431	2490	111	183
PF3D7_1353300	10047	14378	3967	6023	57	1622
PF3D7_1468100	15109	9316	10390	4704	15	1133
PF3D7_1353400	6801	17624	2061	4300	440	670
PF3D7_1358300	2536	21889	1545	991	0	102
PF3D7_1004800	23212	1213	825	6779	15608	6
PF3D7_0217900	6085	18340	1521	4563	1	371
PF3D7_0215800	7063	17362	3098	3963	2	296
PF3D7_1027000	19972	4453	17735	2237	0	733
PF3D7_1425900	7104	17321	1248	1399	4457	34
PF3D7_0731500	23410	1015	14363	3564	5483	272
PF3D7_1462500	14018	10407	5212	2991	5815	14
PF3D7_1410900	20148	4277	557	6642	12949	142
PF3D7_0604300	9794	14631	4083	5711	0	622
PF3D7_1442300	3543	20882	1881	1538	124	143
PF3D7_0820200	6789	17636	697	6092	0	503
PF3D7_1034400	6558	17867	4949	1609	0	86
PF3D7_0810100	546	23879	191	266	89	4
PF3D7_1241200	19636	4789	15468	4114	54	496
PF3D7_0720600	6369	18056	3624	1886	859	8
PF3D7_0211900	2333	22092	1100	1182	51	140
PF3D7_1443900	8349	16076	5993	2350	6	173
PF3D7_0107800	10143	14282	3918	6220	5	896
PF3D7_1002000	11937	12488	3157	5913	2867	71
PF3D7_1441100	3161	21264	2045	1070	46	87
PF3D7_0407600	12532	11893	7853	4679	0	735
PF3D7_0718600	10503	13922	4677	4967	859	197
PF3D7_0930000	5012	19413	3716	1296	0	140
PF3D7_1441500	5575	18850	959	3575	1041	83
PF3D7_1218200	10352	14073	3312	6857	183	1767
PF3D7_0629000	2785	21640	2474	311	0	38
PF3D7_1207600	7725	16700	3718	4004	3	266
PF3D7_0703000	12445	11980	6991	5451	3	1429
PF3D7_1311500	24409	16	3596	1026	19787	0
PF3D7_0214000	4217	20208	3214	1002	1	94
PF3D7_1128400	13045	11380	2708	3886	6451	8
PF3D7_0720300	11891	12534	144	2989	8758	11
PF3D7_0408300	7430	16995	2896	2927	1607	113
PF3D7_0921200	20991	3434	6727	7841	6423	197
PF3D7_0511400	7344	17081	390	6954	0	484
PF3D7_0103000	5029	19396	1173	2133	1723	5
PF3D7_0602900	24255	170	394	5121	18740	2
PF3D7_1237300	3772	20653	1762	1693	317	53
PF3D7_0708100	592	23833	85	507	0	6
PF3D7_0802200	1051	23374	379	663	9	54
PF3D7_1358600	8024	16401	2031	5993	0	703
PF3D7_1209800	624	23801	184	440	0	60
PF3D7_0615900	22263	2162	18512	3751	0	730
PF3D7_0826300	4197	20228	1069	3128	0	270
PF3D7_1304200	3102	21323	1983	1029	90	36
PF3D7_0417200	4608	19817	1825	2783	0	31
PF3D7_0111200	3476	20949	710	2733	33	8
PF3D7_1312700	5247	19178	1419	3828	0	243
PF3D7_1451600	7320	17105	4572	2651	97	307
PF3D7_1130100	716	23709	582	134	0	13
PF3D7_0302800	3913	20512	459	3454	0	176
PF3D7_1006300	3862	20563	2276	1026	560	4
PF3D7_0313200	1016	23409	446	569	1	64
PF3D7_1001600	8291	16134	2978	5211	102	245
PF3D7_1451800	9705	14720	6140	3480	85	79
PF3D7_0307400	2130	22295	301	1829	0	121
PF3D7_0918900	23002	1423	21642	1061	299	116
PF3D7_1245900	3115	21310	1301	1386	428	112
PF3D7_1312200	3961	20464	655	2830	476	91
PF3D7_1122600	24407	18	3399	5123	15885	1
PF3D7_0314700	12576	11849	8609	3966	1	501
PF3D7_1119200	16671	7754	378	3781	12512	36
PF3D7_1209000	1224	23201	365	727	132	51
PF3D7_1475800	23795	630	2990	6825	13980	116
PF3D7_1447500	2300	22125	275	1950	75	44
PF3D7_1302700	23075	1350	13519	4319	5237	300
PF3D7_1325500	5302	19123	3159	2036	107	167
PF3D7_1422800	6381	18044	1271	5110	0	190
PF3D7_1218500	10272	14153	4004	4134	2134	75
PF3D7_0913500	5326	19099	1498	2178	1650	23
PF3D7_0209500	3107	21318	1220	1887	0	210
PF3D7_1227100	8086	16339	3544	4542	0	435
PF3D7_0103200	4418	20007	494	3755	169	96
PF3D7_0425100	9022	15403	2446	6156	420	160
PF3D7_0718500	2452	21973	1359	794	299	1
PF3D7_1111000	7113	17312	2896	4217	0	396
PF3D7_1349400	7070	17355	3506	3324	240	101
PF3D7_1015200	5600	18825	3035	2383	182	120
PF3D7_1023400	3573	20852	793	1577	1203	8
PF3D7_1117400	4411	20014	1368	3043	0	206
PF3D7_0420500	3631	20794	1290	1338	1003	16
PF3D7_0303500	16252	8173	11087	5165	0	643
PF3D7_0710600	751	23674	145	549	57	21
PF3D7_0805700	7846	16579	4156	3576	114	435
PF3D7_0716900	5219	19206	488	4731	0	14
PF3D7_1351100	1885	22540	1079	630	176	15
PF3D7_1142500	2315	22110	737	1202	376	19
PF3D7_1007700	12488	11937	7476	5010	2	645
PF3D7_0710400	7445	16980	368	7077	0	274
PF3D7_0103500	24409	16	17733	3421	3255	0
PF3D7_0210700	3219	21206	247	2972	0	74
PF3D7_1433600	2303	22122	271	1977	55	21
PF3D7_0607100	7318	17107	2638	3010	1670	16
PF3D7_0526200	7162	17263	1630	4920	612	237
PF3D7_1246100	3949	20476	1756	1865	328	156
PF3D7_1339800	531	23894	390	141	0	5
PF3D7_0809900	19551	4874	2658	6778	10115	218
PF3D7_1202700	7186	17239	2021	4889	276	173
PF3D7_1032000	6754	17671	3408	2965	381	300
PF3D7_1352700	10443	13982	3534	6909	0	1898
PF3D7_1404700	6348	18077	436	5905	7	227
PF3D7_0828800	10537	13888	4698	5839	0	398
PF3D7_1409900	6180	18245	2039	4140	1	239
PF3D7_1117100	5161	19264	1161	4000	0	132
PF3D7_1439900	3021	21404	525	1718	778	63
PF3D7_1110500	5355	19070	1213	3830	312	286
PF3D7_1103600	3251	21174	2140	1111	0	78
PF3D7_1313600	9579	14846	3734	5845	0	1236
PF3D7_0928200	21917	2508	1569	6143	14205	156
PF3D7_0111700	438	23987	148	290	0	22
PF3D7_1402700	10082	14343	3008	3901	3173	65
PF3D7_0928000	2080	22345	1490	400	190	10
PF3D7_1019300	14456	9969	8560	5865	31	1018
PF3D7_1144100	8683	15742	1552	3213	3918	2
PF3D7_0407800	18472	5953	16416	2056	0	734
PF3D7_0406900	14579	9846	8914	5048	617	904
PF3D7_0110100	21404	3021	19172	2232	0	178
PF3D7_0416900	18017	6408	14060	3957	0	320
PF3D7_0315500	632	23793	93	539	0	34
PF3D7_1369100	6397	18028	1510	4887	0	457
PF3D7_1102800	2148	22277	477	1671	0	28
PF3D7_0720800	12065	12360	3661	3579	4825	7
PF3D7_0525300	6502	17923	1675	4826	1	184
PF3D7_1315000	2134	22291	1444	529	161	20
PF3D7_1355200	11217	13208	7596	3621	0	518
PF3D7_1037000	14518	9907	10602	3761	155	916
PF3D7_0802700	4448	19977	2213	1567	668	66
PF3D7_1240100	4048	20377	2698	1350	0	52
PF3D7_1475100	8606	15819	2711	5895	0	1251
PF3D7_1324600	16784	7641	13454	3312	18	413
PF3D7_0530700	20314	4111	7875	8036	4403	317
PF3D7_1304000	6433	17992	2263	3922	248	441
PF3D7_1037800	12409	12016	3025	4519	4865	4
PF3D7_0506700	16303	8122	13202	3101	0	522
PF3D7_1241900	10041	14384	7622	2419	0	261
PF3D7_0620400	9273	15152	3425	5848	0	1065
PF3D7_1219600	11298	13127	6714	4421	163	177
PF3D7_0520700	7163	17262	489	6661	13	460
PF3D7_1028000	24408	17	6022	5864	12522	1
PF3D7_0608310	5804	18621	2014	3790	0	102
PF3D7_1450400	12170	12255	2178	7626	2366	824
PF3D7_0829600	6554	17871	252	6302	0	174
PF3D7_0932000	2147	22278	1570	351	226	1
PF3D7_1451700	2006	22419	1602	333	71	3
PF3D7_0513600	24408	17	9682	7104	7622	1
PF3D7_1419900	2155	22270	256	1899	0	127
PF3D7_0417700	5341	19084	2144	2931	266	90
PF3D7_0303100	12507	11918	8097	4410	0	947
PF3D7_1350000	10269	14156	2691	1949	5629	25
PF3D7_0301400	6299	18126	526	5709	64	130
PF3D7_1140000	24407	18	1322	4419	18666	1
PF3D7_0827100	10259	14166	3692	6563	4	1200
PF3D7_0502500	3727	20698	654	3073	0	283
PF3D7_0520100	7964	16461	2099	5472	393	216
PF3D7_1021000	5158	19267	3239	1211	708	12
PF3D7_1408700	15889	8536	7863	7952	74	3433
PF3D7_1011500	4277	20148	1159	3117	1	25
PF3D7_1018000	8010	16415	1542	6468	0	317
PF3D7_0422500	14137	10288	9080	5053	4	2028
PF3D7_1246300	23697	728	3535	5128	15034	2
PF3D7_1410200	6551	17874	3476	3075	0	240
PF3D7_0214400	5555	18870	992	4297	266	278
PF3D7_1212500	4632	19793	848	3784	0	72
PF3D7_1221500	6766	17659	3634	3132	0	305
PF3D7_0703200	18938	5487	15822	3116	0	1816
PF3D7_1419800	3535	20890	1289	2191	55	112
PF3D7_0625500	2772	21653	1064	1708	0	109
PF3D7_0512000	2898	21527	2389	299	210	3
PF3D7_1419000	11105	13320	4815	6284	6	584
PF3D7_0608500	1889	22536	1170	494	225	17
PF3D7_1333300	1203	23222	798	405	0	41
PF3D7_0108400	23906	519	1710	2727	19469	1
PF3D7_0322500	16038	8387	13915	2123	0	125
PF3D7_1318100	1369	23056	673	696	0	49
PF3D7_0402100	8226	16199	3624	4437	165	273
PF3D7_0627100	9480	14945	5768	3712	0	427
PF3D7_1448600	2764	21661	892	1872	0	108
PF3D7_0830400	1928	22497	993	823	112	39
PF3D7_1037200	9007	15418	1616	3724	3667	19
PF3D7_0323200	3638	20787	1079	2559	0	183
PF3D7_1431700	2927	21498	1723	1115	89	13
PF3D7_0301000	8969	15456	3929	4975	65	274
PF3D7_1242900	1091	23334	301	507	283	15
PF3D7_1211700	6875	17550	5980	775	120	21
PF3D7_0725200	2985	21440	1625	765	595	7
PF3D7_1342800	4686	19739	3772	914	0	66
PF3D7_1140400	1119	23306	285	691	143	45
PF3D7_1242400	7487	16938	1588	2584	3315	51
PF3D7_0111400	2886	21539	1027	1858	1	197
PF3D7_1366600	6536	17889	702	5635	199	178
PF3D7_1227500	14516	9909	5478	7824	1214	2156
PF3D7_1442700	14081	10344	7983	6083	15	2037
PF3D7_1447200	8576	15849	3307	5176	93	296
PF3D7_0825700	6166	18259	1382	4784	0	263
PF3D7_0902600	11315	13110	6265	4981	69	308
PF3D7_0917200	8974	15451	3079	3040	2855	31
PF3D7_1304100	22751	1674	4050	3219	15482	37
PF3D7_1467800	967	23458	413	499	55	20
PF3D7_1208900	8959	15466	3954	5005	0	431
PF3D7_1236900	4092	20333	943	2272	877	113
PF3D7_1311100	6233	18192	2936	3296	1	265
PF3D7_1306500	12347	12078	4041	8306	0	3405
PF3D7_0903200	2831	21594	868	1286	677	4
PF3D7_1019600	14164	10261	9429	4695	40	1037
PF3D7_0510500	5355	19070	3627	1725	3	145
PF3D7_1120600	23339	1086	22111	643	585	399
PF3D7_1211400	2847	21578	1727	856	264	3
PF3D7_1355700	5993	18432	1744	4248	1	698
PF3D7_1310200	1737	22688	458	1080	199	54
PF3D7_0624700	17994	6431	3033	7241	7720	10
PF3D7_1421500	910	23515	435	339	136	12
PF3D7_1318400	7348	17077	3115	4176	57	160
PF3D7_1145900	5451	18974	2150	1999	1302	73
PF3D7_0713700	4397	20028	2119	1323	955	8
PF3D7_1035300	19424	5001	16747	2677	0	905
PF3D7_1245100	8773	15652	2691	5486	596	514
PF3D7_0105600	10045	14380	3133	4013	2899	288
PF3D7_1351700	9732	14693	3853	5789	90	980
PF3D7_1475300	1783	22642	439	1344	0	76
PF3D7_0923600	2235	22190	917	1261	57	88
PF3D7_1435100	3050	21375	1451	1599	0	147
PF3D7_1112700	16530	7895	12540	3563	427	462
PF3D7_0718700	3295	21130	1675	1620	0	176
PF3D7_0308200	10293	14132	4729	5563	1	48
PF3D7_0510800	11043	13382	4631	2210	4202	26
PF3D7_0311900	16524	7901	11587	4937	0	706
PF3D7_1249600	11880	12545	7138	4634	108	410
PF3D7_0402900	6912	17513	1825	4905	182	50
PF3D7_1469200	4309	20116	2753	1556	0	106
PF3D7_1409400	5103	19322	1540	3378	185	12
PF3D7_0422300	5539	18886	4212	1065	262	5
PF3D7_0210600	4119	20306	2077	1289	753	28
PF3D7_1104300	24405	20	6648	5209	12548	3
PF3D7_1327100	5205	19220	3028	1586	591	3
PF3D7_1205500	10462	13963	3616	6835	11	871
PF3D7_1005400	3720	20705	1216	2499	5	187
PF3D7_0414700	5253	19172	1185	4066	2	133
PF3D7_1442100	1139	23286	689	286	164	5
PF3D7_0928800	10868	13557	6381	4487	0	415
PF3D7_1449500	14791	9634	6715	4873	3203	250
PF3D7_0611400	6065	18360	4901	1164	0	182
PF3D7_1448800	2330	22095	450	1525	355	42
PF3D7_1429200	9097	15328	5008	4089	0	512
PF3D7_0414100	19235	5190	8580	5767	4888	295
PF3D7_1010400	18235	6190	7510	6153	4572	15
PF3D7_1128000	24406	19	13723	3074	7609	3
PF3D7_1222700	448	23977	249	199	0	21
PF3D7_0715100	4663	19762	4359	239	65	25
PF3D7_0306000	666	23759	293	370	3	33
PF3D7_1337500	24354	71	24309	45	0	33
PF3D7_0620300	4314	20111	688	3614	12	407
PF3D7_1227300	5014	19411	610	4403	1	583
PF3D7_1457300	5628	18797	1180	4448	0	241
PF3D7_0915200	2345	22080	708	1637	0	183
PF3D7_1239600	4985	19440	1810	3175	0	126
PF3D7_1217800	453	23972	209	244	0	16
PF3D7_1136200	23593	832	3084	6355	14154	13
PF3D7_0527500	12576	11849	8183	4341	52	170
PF3D7_0934000	5485	18940	2189	3295	1	173
PF3D7_0420200	7926	16499	981	6945	0	478
PF3D7_0812500	7427	16998	3904	3523	0	377
PF3D7_0813400	4601	19824	1626	2753	222	149
PF3D7_1403400	16356	8069	4428	5297	6631	39
PF3D7_1368700	5230	19195	271	4959	0	335
PF3D7_0417900	9561	14864	3314	6247	0	562
PF3D7_0718300	22636	1789	10796	8183	3657	54
PF3D7_1035000	10524	13901	2098	8425	1	1403
PF3D7_1453200	23380	1045	4490	7285	11605	3
PF3D7_0616200	4697	19728	2297	2158	242	99
PF3D7_0809500	3456	20969	911	2545	0	16
PF3D7_0107300	3320	21105	1925	1061	334	64
PF3D7_1008700	4018	20407	987	2972	59	4
PF3D7_0818900	9852	14573	7887	1965	0	11
PF3D7_1225000	24242	183	6481	8969	8792	23
PF3D7_0828900	2257	22168	1246	805	207	29
PF3D7_1129800	5936	18489	4506	1430	0	102
PF3D7_1419600	6131	18294	2951	1823	1357	45
PF3D7_0620700	4780	19645	357	4423	0	170
PF3D7_0933200	4721	19704	3072	1000	649	1
PF3D7_0530300	10403	14022	2233	6798	1372	975
PF3D7_1473200	7608	16817	3051	4557	0	376
PF3D7_1026000	21300	3125	1872	9329	10099	96
PF3D7_0621400	6356	18069	2254	4102	0	282
PF3D7_0509100	14167	10258	9514	4653	0	576
PF3D7_1450100	3345	21080	1938	1406	1	69
PF3D7_0730500	11167	13258	4760	6407	0	1862
PF3D7_0217700	3107	21318	708	1656	743	47
PF3D7_0816000	3043	21382	698	2344	1	186
PF3D7_0518900	1870	22555	1088	587	195	26
PF3D7_1224000	2680	21745	790	1890	0	124
PF3D7_1450900	5169	19256	2992	1792	385	147
PF3D7_0805900	2799	21626	1172	1155	472	35
PF3D7_0509500	16717	7708	14219	2498	0	89
PF3D7_0522600	3782	20643	450	3332	0	48
PF3D7_1335900	11159	13266	5859	5296	4	2764
PF3D7_1355300	3036	21389	2243	792	1	46
PF3D7_0714200	10585	13840	5306	5274	5	663
PF3D7_0219700	18674	5751	693	4658	13323	42
PF3D7_1467100	3415	21010	1239	2174	2	282
PF3D7_0617800	331	24094	104	227	0	2
PF3D7_0620100	359	24066	65	288	6	16
PF3D7_1344400	4486	19939	1192	3290	4	408
PF3D7_1426500	6636	17789	4482	2152	2	40
PF3D7_1303600	789	23636	431	332	26	29
PF3D7_1340500	6671	17754	961	5710	0	938
PF3D7_0803200	9241	15184	2388	5123	1730	209
PF3D7_0819500	9814	14611	1435	2536	5843	8
PF3D7_1005600	15530	8895	8339	5783	1408	558
PF3D7_0919700	2009	22416	652	1357	0	88
PF3D7_0306200	6788	17637	2058	4136	594	27
PF3D7_1235900	24212	213	6437	10921	6854	39
PF3D7_0612200	17836	6589	13241	4221	374	888
PF3D7_1478000	6814	17611	699	5880	235	212
PF3D7_1346800	7492	16933	2554	4938	0	244
PF3D7_0606400	5837	18588	2376	1868	1593	4
PF3D7_1475500	9755	14670	7261	2494	0	307
PF3D7_1416400	12352	12073	3931	6678	1743	10
PF3D7_1025400	22682	1743	17272	2657	2753	130
PF3D7_1330400	1628	22797	749	697	182	8
PF3D7_1021100	10419	14006	4859	5559	1	1093
PF3D7_1012500	7455	16970	5567	1888	0	116
PF3D7_0614600	3153	21272	1064	2086	3	157
PF3D7_1140300	2252	22173	741	1511	0	107
PF3D7_1458300	11216	13209	5377	5121	718	787
PF3D7_1238400	7979	16446	5007	1069	1903	18
PF3D7_1449600	5827	18598	1302	4525	0	323
PF3D7_0306500	7834	16591	3919	3847	68	73
PF3D7_0216000	15780	8645	12873	2907	0	440
PF3D7_1466500	1920	22505	560	1124	236	13
PF3D7_1202500	9256	15169	3987	5269	0	736
PF3D7_1136400	9262	15163	4329	4933	0	599
PF3D7_1323600	3380	21045	2725	649	6	74
PF3D7_1447400	2738	21687	1307	778	653	13
PF3D7_0804600	3994	20431	1466	2475	53	173
PF3D7_1029100	20377	4048	12354	4877	3146	435
PF3D7_1346000	4971	19454	1283	3011	677	385
PF3D7_1360000	1733	22692	1240	493	0	30
PF3D7_0823400	24406	19	2915	1458	20033	1
PF3D7_0619300	18495	5930	9122	8848	525	1288
PF3D7_1110000	4472	19953	979	3445	48	42
PF3D7_1402300	5129	19296	1955	3174	0	187
PF3D7_0801500	3692	20733	1752	1940	0	173
PF3D7_0207400	21944	2481	8510	4159	9275	87
PF3D7_1361200	14102	10323	7573	5722	807	1173
PF3D7_1414900	8776	15649	3333	5443	0	773
PF3D7_1342900	21940	2485	19845	2095	0	838
PF3D7_1134800	3717	20708	2192	1503	22	73
PF3D7_0908900	22420	2005	19582	2819	19	481
PF3D7_0726600	4346	20079	688	2843	815	280
PF3D7_0307100	1635	22790	758	846	31	12
PF3D7_0800800	6364	18061	1590	4701	73	134
PF3D7_1024700	3731	20694	717	3014	0	186
PF3D7_0502300	1579	22846	225	1349	5	115
PF3D7_1111200	6295	18130	3178	2889	228	303
PF3D7_1436600	10273	14152	5653	2984	1636	38
PF3D7_0313600	22843	1582	18692	1712	2439	285
PF3D7_1125500	285	24140	93	192	0	17
PF3D7_1404100	1274	23151	760	453	61	3
PF3D7_1417000	3434	20991	780	2654	0	232
PF3D7_1038600	12246	12179	1780	10177	289	179
PF3D7_1414200	8204	16221	636	7567	1	422
PF3D7_0922300	3357	21068	2039	874	444	17
PF3D7_0713500	10162	14263	3585	6577	0	984
PF3D7_0305800	14829	9596	12415	2413	1	749
PF3D7_0406600	599	23826	192	407	0	39
PF3D7_0602000	8041	16384	3057	4984	0	453
PF3D7_1131500	1442	22983	103	1339	0	103
PF3D7_1243200	1397	23028	514	883	0	42
PF3D7_0301500	3044	21381	1594	1256	194	105
PF3D7_1126300	11736	12689	7591	3757	388	320
PF3D7_1323000	2099	22326	1073	855	171	66
PF3D7_1340400	6772	17653	397	5459	916	269
PF3D7_0911700	12883	11542	10260	2623	0	288
PF3D7_0814000	7452	16973	1152	1332	4968	14
PF3D7_1203000	6776	17649	2794	3976	6	404
PF3D7_0309300	23065	1360	22474	591	0	41
PF3D7_1242500	3257	21168	1955	1301	1	161
PF3D7_1451300	1827	22598	281	1091	455	21
PF3D7_1454500	2406	22019	1977	429	0	40
PF3D7_0217200	18371	6054	15799	2572	0	639
PF3D7_0722900	5686	18739	4341	841	504	6
PF3D7_0826200	6683	17742	844	5838	1	367
PF3D7_1327200	2620	21805	303	2312	5	132
PF3D7_1010900	3541	20884	1199	2035	307	121
PF3D7_1358900	14091	10334	2231	11601	259	2
PF3D7_1109200	7918	16507	3554	2755	1609	40
PF3D7_1442800	5323	19102	2926	2397	0	253
PF3D7_1228600	13576	10849	11007	2568	1	404
PF3D7_0418000	24409	16	16767	4796	2846	0
PF3D7_0621200	1522	22903	994	525	3	30
PF3D7_0323300	2485	21940	996	1487	2	146
PF3D7_1327900	5554	18871	3618	812	1124	13
PF3D7_1414500	24408	17	16640	4422	3346	1
PF3D7_1127800	17614	6811	9226	8388	0	457
PF3D7_1347900	13791	10634	5636	5626	2529	1063
PF3D7_0816900	5052	19373	1248	3804	0	96
PF3D7_0518800	2890	21535	1044	1222	624	14
PF3D7_0505500	13819	10606	6695	3339	3785	105
PF3D7_1249200	1637	22788	261	1319	57	99
PF3D7_1329800	20154	4271	15789	4365	0	489
PF3D7_1459400	1797	22628	673	1124	0	101
PF3D7_1340300	11656	12769	6219	5437	0	412
PF3D7_0611700	1131	23294	1057	62	12	2
PF3D7_0905200	11745	12680	7844	3899	2	942
PF3D7_0310100	6109	18316	1961	3321	827	43
PF3D7_0629800	11410	13015	4895	6507	8	320
PF3D7_1205300	3741	20684	1624	2117	0	181
PF3D7_1014100	10108	14317	4651	5457	0	695
PF3D7_0810200	4570	19855	1153	3412	5	201
PF3D7_1002700	9470	14955	4161	5299	10	486
PF3D7_0718400	1687	22738	1296	327	64	6
PF3D7_0928600	3490	20935	204	3284	2	35
PF3D7_1252800	4386	20039	717	3466	203	220
PF3D7_0213000	871	23554	287	584	0	46
PF3D7_1243100	2104	22321	1065	1039	0	133
PF3D7_1417900	10317	14108	705	1315	8297	26
PF3D7_1103100	1177	23248	906	258	13	9
PF3D7_1362500	23905	520	1476	7651	14778	17
PF3D7_0505000	23272	1153	22676	524	72	537
PF3D7_0524300	7585	16840	2444	5140	1	318
PF3D7_0824700	8614	15811	1627	4737	2250	36
PF3D7_0822100	1098	23327	236	860	2	79
PF3D7_0206900	4060	20365	426	3470	164	41
PF3D7_1013600	9356	15069	3455	5901	0	1239
PF3D7_0623000	6496	17929	1506	4989	1	169
PF3D7_1136700	8274	16151	1338	3891	3045	16
PF3D7_1114400	3823	20602	1955	1868	0	243
PF3D7_1457900	16935	7490	10868	6066	1	2321
PF3D7_0729400	18425	6000	17515	910	0	233
PF3D7_0304900	1360	23065	139	1221	0	40
PF3D7_1464600	12083	12342	6840	4563	680	507
PF3D7_1024200	1278	23147	437	615	226	45
PF3D7_0301900	8724	15701	4731	3992	1	107
PF3D7_0412300	8177	16248	1216	6959	2	353
PF3D7_1208200	13530	10895	5179	7068	1283	3167
PF3D7_1428900	14178	10247	9165	5013	0	427
PF3D7_1358200	14332	10093	8364	5714	254	1548
PF3D7_0931200	830	23595	207	623	0	33
PF3D7_1453300	449	23976	251	198	0	8
PF3D7_0722300	13125	11300	9958	3166	1	362
PF3D7_1223500	12942	11483	6408	5961	573	1474
PF3D7_0524700	582	23843	113	469	0	28
PF3D7_0411100	1190	23235	453	737	0	43
PF3D7_1018100	5263	19162	2552	2711	0	177
PF3D7_1206000	2515	21910	946	1569	0	58
PF3D7_1343400	17831	6594	4820	4650	8361	304
PF3D7_0512700	2652	21773	1368	1284	0	66
PF3D7_0529900	3120	21305	2095	679	346	10
PF3D7_0405100	23972	453	5881	5494	12597	11
PF3D7_1207500	1758	22667	1130	509	119	19
PF3D7_0920800	4124	20301	2180	1944	0	73
PF3D7_0605800	20522	3903	14736	5786	0	705
PF3D7_1465500	5396	19029	2520	2876	0	420
PF3D7_1217300	18665	5760	16694	1966	5	201
PF3D7_0912100	5288	19137	2910	2302	76	256
PF3D7_1245000	2509	21916	390	2119	0	208
PF3D7_0918600	4523	19902	1920	2603	0	340
PF3D7_0303900	2755	21670	1747	728	280	41
PF3D7_0934300	803	23622	252	462	89	34
PF3D7_1014800	19268	5157	3943	5592	9733	11
PF3D7_0606600	20207	4218	18571	1630	6	1387
PF3D7_0707600	1755	22670	401	1354	0	73
PF3D7_1122700	735	23690	96	639	0	78
PF3D7_0102800	4018	20407	787	3231	0	253
PF3D7_0913300	14260	10165	1589	6809	5862	134
PF3D7_1214600	3405	21020	1629	872	904	2
PF3D7_0602800	8863	15562	730	8133	0	520
PF3D7_0813800	5179	19246	3328	1851	0	38
PF3D7_0910500	9555	14870	3300	6255	0	1351
PF3D7_0715900	6443	17982	439	6004	0	169
PF3D7_1120300	7102	17323	1997	3906	1199	136
PF3D7_0408600	11696	12729	7029	4667	0	1230
PF3D7_1322300	13425	11000	4392	7144	1889	501
PF3D7_1034200	1151	23274	426	719	6	81
PF3D7_1032700	19328	5097	16977	2351	0	161
PF3D7_1123100	18007	6418	15005	2955	47	380
PF3D7_1307800	7895	16530	2794	4370	731	258
PF3D7_0402000	10849	13576	5111	5617	121	500
PF3D7_1421000	22568	1857	1131	2754	18683	6
PF3D7_1468200	2206	22219	484	1722	0	169
PF3D7_0913150	524	23901	432	91	1	19
PF3D7_0910900	4427	19998	2759	1630	38	81
PF3D7_1328100	1909	22516	1220	689	0	19
PF3D7_0503000	22598	1827	5753	1835	15010	2
PF3D7_0416500	5871	18554	412	5330	129	48
PF3D7_0509900	1487	22938	610	877	0	71
PF3D7_1226700	3056	21369	751	2305	0	210
PF3D7_0302700	679	23746	99	478	102	26
PF3D7_0213800	5600	18825	1753	3847	0	173
PF3D7_0811700	7708	16717	2184	5524	0	291
PF3D7_0825200	943	23482	295	474	174	21
PF3D7_1017000	8377	16048	6275	2102	0	90
PF3D7_0622200	6268	18157	2466	3801	1	343
PF3D7_1363200	5537	18888	2064	2178	1295	156
PF3D7_1020600	21442	2983	19271	2153	18	528
PF3D7_0925800	17397	7028	15089	2308	0	568
PF3D7_1204000	4127	20298	2359	1225	543	16
PF3D7_1409600	8889	15536	2881	6008	0	690
PF3D7_1224700	9081	15344	4600	4481	0	650
PF3D7_1136600	10701	13724	5417	5284	0	1102
PF3D7_1237800	713	23712	436	233	44	6
PF3D7_0930600	5640	18785	1853	3483	304	170
PF3D7_0617300	2139	22286	1074	729	336	5
PF3D7_0423100	2819	21606	174	1498	1147	13
PF3D7_1361600	4072	20353	995	3077	0	56
PF3D7_1105300	10208	14217	2761	6636	811	279
PF3D7_1241600	24394	31	985	4688	18721	1
PF3D7_0526600	24409	16	24403	6	0	0
PF3D7_0827800	20481	3944	15176	5305	0	1414
PF3D7_0608000	8162	16263	2784	2142	3236	11
PF3D7_0525100	8285	16140	2746	5538	1	434
PF3D7_0507100	5890	18535	4035	1854	1	47
PF3D7_1441700	2637	21788	423	2214	0	167
PF3D7_1030300	8606	15819	1645	6961	0	960
PF3D7_1405400	13825	10600	3383	5302	5140	211
PF3D7_1136300	8017	16408	2248	5730	39	508
PF3D7_1217600	2520	21905	175	2345	0	115
PF3D7_1136900	13481	10944	5723	5437	2321	636
PF3D7_1419100	6615	17810	2712	3902	1	579
PF3D7_0105200	2593	21832	1108	1485	0	153
PF3D7_0601900	1351	23074	352	503	496	3
PF3D7_1122100	3494	20931	2502	797	195	89
PF3D7_0513000	2430	21995	1856	574	0	40
PF3D7_0532600	6853	17572	615	5269	969	83
PF3D7_0916800	258	24167	146	112	0	14
PF3D7_1209500	8495	15930	2078	4805	1612	343
PF3D7_0422900	2514	21911	509	1355	650	12
PF3D7_0424800	4450	19975	982	3295	173	117
PF3D7_0106800	1832	22593	920	623	289	6
PF3D7_1124500	4648	19777	488	4160	0	249
PF3D7_0716800	8245	16180	1681	6132	432	13
PF3D7_1118300	14562	9863	10486	4075	1	484
PF3D7_0703100	1635	22790	686	947	2	41
PF3D7_0716300	8598	15827	2804	5789	5	222
PF3D7_1006900	2638	21787	1954	593	91	15
PF3D7_1363000	8610	15815	4049	4560	1	623
PF3D7_0720500	5697	18728	5083	523	91	3
PF3D7_1003400	12625	11800	6223	6401	1	1520
PF3D7_1477800	644	23781	102	535	7	52
PF3D7_1401400	1892	22533	200	1684	8	61
PF3D7_1410600	2895	21530	1975	920	0	20
PF3D7_0611200	3469	20956	899	2477	93	29
PF3D7_1038800	8270	16155	3704	4380	186	389
PF3D7_1019100	20839	3586	16578	4260	1	1092
PF3D7_0826700	1454	22971	872	552	30	20
PF3D7_1407100	10600	13825	7598	3002	0	64
PF3D7_1104400	6271	18154	3982	2082	207	51
PF3D7_1213500	3571	20854	1063	2418	90	190
PF3D7_1418300	1079	23346	259	820	0	44
PF3D7_1312600	6936	17489	3909	3017	10	91
PF3D7_1445800	24405	20	5236	4497	14672	2
PF3D7_0506100	2904	21521	2388	509	7	45
PF3D7_0917900	8271	16154	6267	1991	13	32
PF3D7_1105800	5738	18687	714	4504	520	6
PF3D7_1215400	6981	17444	3898	3083	0	258
PF3D7_1021900	17631	6794	13516	4115	0	663
PF3D7_0501200	6316	18109	1855	4450	11	146
PF3D7_0111600	1245	23180	189	1056	0	89
PF3D7_1231500	402	24023	175	226	1	2
PF3D7_1405100	15144	9281	9355	3816	1973	280
PF3D7_1336000	4834	19591	2850	1408	576	30
PF3D7_0932800	11596	12829	6730	4439	427	288
PF3D7_0405700	14965	9460	8285	6630	50	1716
PF3D7_0613500	20431	3994	18474	1957	0	410
PF3D7_1119800	589	23836	192	397	0	22
PF3D7_1331400	5769	18656	2271	3493	5	156
PF3D7_1332100	4966	19459	1882	3075	9	284
PF3D7_1009300	3976	20449	2082	1894	0	211
PF3D7_0817200	12162	12263	6896	5216	50	389
PF3D7_0806200	22791	1634	6683	4903	11205	22
PF3D7_1037700	1024	23401	649	262	113	5
PF3D7_0926600	24380	45	6611	5904	11865	5
PF3D7_1365400	4709	19716	1200	3508	1	274
PF3D7_0910000	9173	15252	2446	6727	0	1065
PF3D7_0933300	10714	13711	4413	6301	0	507
PF3D7_1111400	23412	1013	658	6362	16392	11
PF3D7_0924800	1195	23230	545	456	194	5
PF3D7_0615800	11871	12554	4082	6838	951	309
PF3D7_0715000	9038	15387	6037	2817	184	88
PF3D7_1135500	2578	21847	1048	1290	240	68
PF3D7_1212800	1959	22466	688	1243	28	103
PF3D7_0824100	2671	21754	566	2105	0	239
PF3D7_0723100	4199	20226	2572	1626	1	138
PF3D7_1359800	6960	17465	450	6123	387	27
PF3D7_0524400	2672	21753	1939	733	0	14
PF3D7_1123400	4973	19452	1586	2982	405	65
PF3D7_1106500	22055	2370	19632	2083	340	330
PF3D7_1014400	3447	20978	1140	2307	0	48
PF3D7_1013900	5518	18907	1510	4007	1	384
PF3D7_0521100	14087	10338	8016	3316	2755	64
PF3D7_0320300	5745	18680	5079	666	0	42
PF3D7_1327800	5579	18846	2926	2653	0	76
PF3D7_0220500	7326	17099	6551	716	59	17
PF3D7_0508200	6005	18420	5456	459	90	7
PF3D7_1444900	1098	23327	271	827	0	91
PF3D7_1344500	3690	20735	2824	680	186	46
PF3D7_1212600	1944	22481	1221	568	155	32
PF3D7_1130400	3622	20803	3006	615	1	31
PF3D7_1113500	8933	15492	4747	4186	0	368
PF3D7_0831500	2203	22222	443	1573	187	112
PF3D7_0802500	14027	10398	9336	4691	0	436
PF3D7_1364100	9189	15236	2913	6276	0	824
PF3D7_0912700	1262	23163	799	451	12	47
PF3D7_1017600	19470	4955	15612	3856	2	487
PF3D7_0821300	19687	4738	3443	12007	4237	69
PF3D7_0530400	12493	11932	6484	6008	1	1664
PF3D7_1353800	1255	23170	354	878	23	31
PF3D7_1232200	4080	20345	3054	1026	0	37
PF3D7_0931900	1875	22550	757	798	320	30
PF3D7_1110200	21754	2671	5519	5634	10601	201
PF3D7_1004500	875	23550	101	774	0	33
PF3D7_0618300	24066	359	419	880	22767	2
PF3D7_0814700	8700	15725	4169	4530	1	172
PF3D7_0607500	6423	18002	721	5695	7	347
PF3D7_0721300	12946	11479	8374	4565	7	451
PF3D7_1415300	1856	22569	292	1561	3	46
PF3D7_1004000	1718	22707	902	816	0	31
PF3D7_1430300	19358	5067	16209	3149	0	567
PF3D7_0404300	24393	32	18223	2811	3359	2
PF3D7_0528400	13323	11102	1989	5102	6232	28
PF3D7_1474900	1116	23309	193	922	1	41
PF3D7_1367900	6005	18420	1336	4669	0	499
PF3D7_1310900	5176	19249	2096	3079	1	80
PF3D7_0415300	24366	59	17323	2465	4584	17
PF3D7_0806700	24325	100	23951	288	86	57
PF3D7_0626300	5520	18905	2608	2683	229	93
PF3D7_0415800	14386	10039	5284	8849	253	872
PF3D7_0525500	18217	6208	15228	2989	0	941
PF3D7_1227400	12384	12041	8875	3508	1	465
PF3D7_1311300	4406	20019	2458	1865	83	57
PF3D7_1250600	4910	19515	2287	2623	0	282
PF3D7_1461900	8014	16411	4553	3461	0	469
PF3D7_1246000	14301	10124	2033	4645	7623	75
PF3D7_0505400	6795	17630	5400	1394	1	187
PF3D7_1137500	832	23593	274	482	76	30
PF3D7_0914800	3973	20452	131	3842	0	19
PF3D7_1007500	1671	22754	1166	503	2	64
PF3D7_0216800	22803	1622	21909	894	0	431
PF3D7_0830600	10127	14298	1126	4988	4013	212
PF3D7_1023100	22063	2362	20284	1778	1	400
PF3D7_1462000	1425	23000	1049	376	0	41
PF3D7_1417700	2746	21679	818	1038	890	27
PF3D7_0718800	6219	18206	2956	1484	1779	11
PF3D7_0730900	22235	2190	21018	1202	15	139
PF3D7_0905300	18516	5909	13961	4555	0	1662
PF3D7_1414400	1704	22721	498	922	284	2
PF3D7_0811800	7200	17225	2401	4799	0	193
PF3D7_1108400	1601	22824	738	863	0	12
PF3D7_1305700	3463	20962	478	2984	1	87
PF3D7_1321300	15792	8633	11268	4514	10	1782
PF3D7_0319000	10952	13473	6074	4878	0	366
PF3D7_0419200	613	23812	363	250	0	33
PF3D7_1309000	1882	22543	394	1483	5	107
PF3D7_0604400	4655	19770	917	3672	66	48
PF3D7_1037900	4738	19687	903	1338	2497	20
PF3D7_0114100	21167	3258	11327	9826	14	37
PF3D7_1364300	9310	15115	4498	4811	1	601
PF3D7_1118200	13728	10697	9882	3846	0	398
PF3D7_0831000	4421	20004	1171	2644	606	228
PF3D7_0925000	4601	19824	1456	1996	1149	15
PF3D7_0604800	8183	16242	4864	3319	0	563
PF3D7_1411700	6946	17479	1037	5857	52	519
PF3D7_0607700	19587	4838	15945	3642	0	1402
PF3D7_0412000	17175	7250	13348	3827	0	642
PF3D7_0314100	3102	21323	1556	948	598	10
PF3D7_1213700	1083	23342	582	334	167	3
PF3D7_0931100	14385	10040	10679	3706	0	253
PF3D7_1145300	1183	23242	647	380	156	8
PF3D7_0525900	3697	20728	1236	1485	976	20
PF3D7_1444100	24405	20	20175	2239	1991	3
PF3D7_1218700	3079	21346	860	2217	2	298
PF3D7_1362900	23684	741	21900	1468	316	161
PF3D7_0811200	12985	11440	8085	4767	133	408
PF3D7_0220200	1676	22749	742	931	3	21
PF3D7_1448400	5894	18531	2694	2771	429	182
PF3D7_1352800	7508	16917	3079	3861	568	241
PF3D7_1113200	2226	22199	389	1527	310	55
PF3D7_1230100	6237	18188	3114	3123	0	217
PF3D7_1454900	4770	19655	236	4534	0	29
PF3D7_0611100	572	23853	426	127	19	6
PF3D7_1310600	2174	22251	913	906	355	8
PF3D7_1124900	2211	22214	937	1165	109	8
PF3D7_0918100	21110	3315	270	3926	16914	7
PF3D7_0525200	22224	2201	20758	1458	8	452
PF3D7_0602300	3513	20912	2026	1486	1	99
PF3D7_1036900	8567	15858	2812	5701	54	596
PF3D7_1443600	8959	15466	4109	4848	2	730
PF3D7_1445500	1007	23418	122	853	32	84
PF3D7_1356500	1920	22505	499	855	566	26
PF3D7_0204500	7276	17149	2705	4571	0	139
PF3D7_1112400	2002	22423	613	1389	0	37
PF3D7_0105500	2096	22329	1176	919	1	111
PF3D7_1346900	1067	23358	286	775	6	79
PF3D7_1362700	24335	90	24166	169	0	52
PF3D7_1350100	6848	17577	4108	2079	661	60
PF3D7_0502000	9370	15055	4305	4935	130	474
PF3D7_1476300	10602	13823	3737	5745	1120	347
PF3D7_0926400	3967	20458	1770	2177	20	155
PF3D7_0802900	847	23578	387	350	110	16
PF3D7_0804300	22441	1984	20744	1696	1	250
PF3D7_0312900	24150	275	2704	2789	18657	9
PF3D7_0309600	1165	23260	144	1020	1	20
PF3D7_0211500	13507	10918	6513	5202	1792	271
PF3D7_0929900	2162	22263	1353	583	226	25
PF3D7_0812200	23479	946	1849	2709	18921	1
PF3D7_1215200	2570	21855	1191	1377	2	47
PF3D7_0208500	1665	22760	442	1066	157	41
PF3D7_1142400	1665	22760	685	978	2	56
PF3D7_1011300	8074	16351	6978	1096	0	164
PF3D7_0315100	930	23495	703	227	0	13
PF3D7_1219100	12065	12360	6593	5472	0	415
PF3D7_1130900	13388	11037	8357	5001	30	756
PF3D7_0610200	12735	11690	4365	8370	0	418
PF3D7_0716500	8896	15529	2737	5084	1075	19
PF3D7_1313100	10687	13738	3344	7321	22	2155
PF3D7_0729700	22061	2364	2054	7062	12945	41
PF3D7_1226600	3911	20514	248	3654	9	12
PF3D7_1404600	10278	14147	6037	2509	1732	36
PF3D7_0611800	18373	6052	14318	3462	593	985
PF3D7_1242800	2996	21429	1806	1010	180	37
PF3D7_1227200	10544	13881	4321	6220	3	913
PF3D7_0911800	1220	23205	316	904	0	136
PF3D7_1453700	4066	20359	3555	511	0	31
PF3D7_1103700	801	23624	173	628	0	32
PF3D7_1450700	7489	16936	3087	4393	9	624
PF3D7_1449400	13622	10803	9257	4360	5	1711
PF3D7_1242000	6704	17721	1494	5210	0	211
PF3D7_0925500	7134	17291	998	2107	4029	10
PF3D7_0903500	10763	13662	4354	6409	0	1081
PF3D7_0407200	2113	22312	529	1014	570	8
PF3D7_1003900	2935	21490	486	1526	923	82
PF3D7_1302400	2230	22195	504	1315	411	4
PF3D7_0911000	6366	18059	1767	1923	2676	7
PF3D7_0825800	7417	17008	1761	5656	0	241
PF3D7_1403500	22536	1889	2403	2731	17402	3
PF3D7_1340200	413	24012	293	120	0	12
PF3D7_1471900	19146	5279	10164	5413	3569	708
PF3D7_0629600	1148	23277	514	611	23	64
PF3D7_1107100	9444	14981	2503	3612	3329	85
PF3D7_1138700	12248	12177	6598	5561	89	1182
PF3D7_1327500	10611	13814	1804	6720	2087	86
PF3D7_1407500	3719	20706	1806	1567	346	25
PF3D7_0612900	9304	15121	2506	6736	62	254
PF3D7_0208100	24107	318	7847	6933	9327	45
PF3D7_0502600	23173	1252	985	7231	14957	39
PF3D7_1144900	805	23620	275	493	37	13
PF3D7_1202400	3651	20774	1573	1697	381	10
PF3D7_1230300	1615	22810	793	739	83	46
PF3D7_1127200	1185	23240	849	246	90	13
PF3D7_0724300	2172	22253	1149	977	46	70
PF3D7_0407900	4804	19621	1908	2896	0	139
PF3D7_1306100	1432	22993	545	887	0	72
PF3D7_0507200	13273	11152	9488	3785	0	232
PF3D7_1411400	10572	13853	4714	5858	0	793
PF3D7_0803400	10117	14308	5964	4152	1	462
PF3D7_1470400	2261	22164	862	1100	299	18
PF3D7_0704700	9785	14640	2145	7640	0	943
PF3D7_1251600	7022	17403	987	6035	0	780
PF3D7_0623100	21052	3373	7196	4390	9468	17
PF3D7_1207000	18684	5741	12364	4280	2040	651
PF3D7_1466300	9117	15308	4756	4179	182	329
PF3D7_0906500	5830	18595	447	5383	0	202
PF3D7_1211200	11180	13245	5005	6174	1	1203
PF3D7_1431400	8666	15759	3506	5063	97	483
PF3D7_0204300	6930	17495	1409	5512	9	528
PF3D7_1474000	15164	9261	9718	5446	0	1868
PF3D7_1142600	3259	21166	392	867	2000	15
PF3D7_1135900	4503	19922	3014	1008	481	4
PF3D7_0113700	12616	11809	629	3002	8985	24
PF3D7_0113400	13742	10683	8822	4448	472	178
PF3D7_0524200	2431	21994	514	1211	706	18
PF3D7_0514100	16647	7778	13450	3197	0	535
PF3D7_0322600	24364	61	2079	8048	14237	5
PF3D7_0316600	6204	18221	1375	4629	200	32
PF3D7_0903700	2681	21744	1695	897	89	7
PF3D7_0725400	24203	222	2235	2180	19788	1
PF3D7_0214200	1802	22623	1388	396	18	28
PF3D7_1368300	24409	16	2197	1520	20692	0
PF3D7_1304900	2198	22227	1677	378	143	8
PF3D7_1352100	6468	17957	1563	4905	0	521
PF3D7_0933500	15625	8800	12534	3091	0	378
PF3D7_0321700	17228	7197	13003	3400	825	863
PF3D7_0929600	3361	21064	2494	848	19	32
PF3D7_0905100	13548	10877	9744	3587	217	760
PF3D7_1363600	1475	22950	279	1196	0	148
PF3D7_1451100	8655	15770	7733	922	0	11
PF3D7_0315400	6147	18278	189	5738	220	72
PF3D7_1221200	947	23478	512	372	63	14
PF3D7_0828500	3033	21392	923	1651	459	63
PF3D7_1245300	3007	21418	2422	453	132	14
PF3D7_0219100	3545	20880	1458	2083	4	183
PF3D7_0718100	14510	9915	7852	4562	2096	403
PF3D7_0414300	2397	22028	1068	1295	34	13
PF3D7_0506800	10774	13651	6550	3866	358	395
PF3D7_1460400	5457	18968	1184	2336	1937	10
PF3D7_1365800	1976	22449	773	865	338	15
PF3D7_0511600	5795	18630	5040	755	0	46
PF3D7_1016500	18335	6090	15459	2832	44	249
PF3D7_0918400	24405	20	6562	5079	12764	2
PF3D7_1462400	14312	10113	8983	5327	2	2764
PF3D7_0210800	6347	18078	284	6063	0	282
PF3D7_0628000	1741	22684	1474	267	0	22
PF3D7_0114800	7004	17421	1730	5200	74	124
PF3D7_1473900	10365	14060	5949	4416	0	856
PF3D7_0724000	11149	13276	2430	8718	1	747
PF3D7_1228000	1148	23277	108	1040	0	38
PF3D7_0708000	7669	16756	3069	4080	520	220
PF3D7_0704200	16022	8403	12125	3897	0	534
PF3D7_0314500	898	23527	475	416	7	53
PF3D7_1409500	11686	12739	4434	6772	480	1382
PF3D7_1357200	8999	15426	3467	4032	1500	59
PF3D7_1216600	8135	16290	1307	6827	1	798
PF3D7_1461100	5038	19387	1117	3750	171	431
PF3D7_0628700	5017	19408	930	4087	0	226
PF3D7_1214500	3176	21249	2010	824	342	32
PF3D7_1330500	17516	6909	15925	1591	0	169
PF3D7_0213300	1153	23272	525	550	78	3
PF3D7_1476000	2254	22171	1034	1148	72	15
PF3D7_1132100	7207	17218	1450	5756	1	840
PF3D7_1017400	14196	10229	1093	2616	10487	3
PF3D7_1464400	2298	22127	1699	446	153	24
PF3D7_1407700	5139	19286	1647	3453	39	140
PF3D7_1401500	1639	22786	441	1198	0	20
PF3D7_0502100	1508	22917	115	1393	0	103
PF3D7_0418900	24394	31	1860	2870	19664	1
PF3D7_0511000	1233	23192	1101	132	0	18
PF3D7_1104900	19573	4852	16335	3236	2	855
PF3D7_0907600	6889	17536	3144	3700	45	557
PF3D7_0915400	10750	13675	7457	3292	1	221
PF3D7_0915000	2836	21589	1252	1584	0	60
PF3D7_0512100	1918	22507	805	1040	73	28
PF3D7_1325600	680	23745	369	265	46	11
PF3D7_0908500	24157	268	7162	5932	11063	21
PF3D7_0907800	4623	19802	740	3882	1	108
PF3D7_1367100	4737	19688	3160	1577	0	176
PF3D7_1135100	6609	17816	1626	4883	100	408
PF3D7_0903600	12464	11961	2093	6544	3827	26
PF3D7_1419400	15686	8739	6697	7161	1828	791
PF3D7_0704000	13042	11383	6337	6695	10	3376
PF3D7_0517400	11654	12771	7296	4296	62	374
PF3D7_1334000	8443	15982	1092	5330	2021	110
PF3D7_1308900	8792	15633	2645	6147	0	1177
PF3D7_1357400	8706	15719	3718	4988	0	739
PF3D7_1309200	7004	17421	3118	3862	24	366
PF3D7_0906300	2056	22369	221	1831	4	272
PF3D7_1302100	2744	21681	1674	1070	0	36
PF3D7_1147500	9610	14815	4904	4705	1	616
PF3D7_1352400	9415	15010	3082	6331	2	795
PF3D7_0603600	23856	569	4150	7020	12686	182
PF3D7_1020700	10949	13476	7331	3257	361	328
PF3D7_1239900	9860	14565	4298	5562	0	213
PF3D7_0207700	24375	50	12665	3083	8627	8
PF3D7_0303300	1600	22825	360	1240	0	20
PF3D7_1319800	1236	23189	836	400	0	16
PF3D7_0316400	7756	16669	4475	3281	0	361
PF3D7_1125300	12436	11989	8396	4040	0	368
PF3D7_0311400	18335	6090	10572	6150	1613	1295
PF3D7_1359200	3635	20790	2237	756	642	13
PF3D7_1303400	12916	11509	9202	3713	1	677
PF3D7_0516000	12340	12085	8950	3324	66	407
PF3D7_1014000	2732	21693	1763	637	332	4
PF3D7_1031800	5926	18499	2845	2761	320	101
PF3D7_1328200	24363	62	6429	5888	12046	10
PF3D7_0713100	21724	2701	5292	8710	7722	50
PF3D7_1450200	1230	23195	540	628	62	45
PF3D7_1031500	11358	13067	8030	2835	493	325
PF3D7_1008900	1466	22959	716	680	70	30
PF3D7_1421900	6383	18042	262	6008	113	52
PF3D7_0309000	11298	13127	4708	5210	1380	142
PF3D7_0619100	8965	15460	828	4724	3413	39
PF3D7_1031400	10846	13579	5577	4810	459	415
PF3D7_1216200	24378	47	1454	3258	19666	3
PF3D7_0928500	2906	21519	1027	1736	143	25
PF3D7_1421100	13849	10576	8952	4897	0	1322
PF3D7_1117000	12512	11913	7492	4656	364	490
PF3D7_1336200	9254	15171	3747	2037	3470	110
PF3D7_0629900	2530	21895	1258	1107	165	34
PF3D7_1349100	11707	12718	1018	4089	6600	14
PF3D7_1105900	2650	21775	648	2001	1	56
PF3D7_0413800	5673	18752	4146	1527	0	43
PF3D7_1006600	3068	21357	2805	263	0	22
PF3D7_0622400	1585	22840	1277	308	0	40
PF3D7_1017100	4268	20157	2890	1378	0	111
PF3D7_1320900	1237	23188	380	743	114	16
PF3D7_1024400	2618	21807	439	2077	102	235
PF3D7_1440500	2512	21913	773	1739	0	131
PF3D7_1139600	6690	17735	1041	5646	3	531
PF3D7_1323100	3780	20645	3523	242	15	12
PF3D7_1304500	1603	22822	268	1335	0	69
PF3D7_1417800	8593	15832	6577	2016	0	54
PF3D7_0716600	13912	10513	9337	4064	511	116
PF3D7_1454600	3697	20728	3088	609	0	54
PF3D7_1340600	5309	19116	1433	3876	0	423
PF3D7_1437600	6470	17955	3088	3381	1	466
PF3D7_1359900	15665	8760	10923	4742	0	1248
PF3D7_0102600	8792	15633	2155	6375	263	253
PF3D7_1025200	9677	14748	8910	767	0	82
PF3D7_0402300	14802	9623	8681	6110	11	4596
PF3D7_0512200	8296	16129	2577	5718	1	426
PF3D7_1412100	5313	19112	1772	3541	0	377
PF3D7_0821400	2092	22333	660	1393	39	37
PF3D7_0408400	2322	22103	604	1411	307	72
PF3D7_0706700	5892	18533	2800	3092	0	299
PF3D7_0503400	420	24005	130	242	48	3
PF3D7_1122500	10626	13799	5890	4735	1	681
PF3D7_1139700	2776	21649	1264	1511	1	133
PF3D7_0304600	19459	4966	16112	3347	0	273
PF3D7_0903100	2189	22236	152	1948	89	58
PF3D7_1408900	1562	22863	696	865	1	56
PF3D7_0523200	8712	15713	3173	5486	53	711
PF3D7_1241400	11138	13287	4704	6420	14	1261
PF3D7_1107800	24060	365	4744	8730	10586	21
PF3D7_1423700	9855	14570	2350	7502	3	862
PF3D7_0409200	4749	19676	3247	1501	1	104
PF3D7_1438100	3566	20859	1594	959	1013	35
PF3D7_1329200	3857	20568	672	2404	781	59
PF3D7_0814200	2586	21839	279	2306	1	27
PF3D7_0307900	24409	16	21126	1794	1489	0
PF3D7_1202200	3421	21004	378	3043	0	80
PF3D7_0210000	960	23465	249	711	0	3
PF3D7_1350900	8071	16354	4447	3390	234	154
PF3D7_1455900	5100	19325	1658	2058	1384	7
PF3D7_1473500	4807	19618	678	4111	18	497
PF3D7_0410800	16116	8309	11268	4847	1	1373
PF3D7_1035700	18633	5792	13298	3833	1502	474
PF3D7_0323400	11793	12632	7846	3947	0	386
PF3D7_0915300	5284	19141	2272	3008	4	466
PF3D7_1368400	4860	19565	1652	2296	912	5
PF3D7_0606500	6055	18370	1282	3164	1609	81
PF3D7_0528300	5198	19227	2216	2982	0	338
PF3D7_0108700	22570	1855	18094	4147	329	315
PF3D7_1452100	5731	18694	5334	396	1	79
PF3D7_1456500	9970	14455	3377	6590	3	1312
PF3D7_1404800	12155	12270	6609	5545	1	941
PF3D7_1443700	13070	11355	260	2081	10729	15
PF3D7_1132600	4112	20313	2389	1681	42	166
PF3D7_1316900	6664	17761	1836	4827	1	482
PF3D7_1204600	5891	18534	4412	1479	0	152
PF3D7_0520400	3924	20501	324	3600	0	70
PF3D7_0907200	8933	15492	2687	6246	0	933
PF3D7_0816700	2872	21553	2388	362	122	16
PF3D7_0531200	964	23461	113	851	0	36
PF3D7_1124600	2576	21849	1055	1520	1	76
PF3D7_0921100	4310	20115	1931	1205	1174	48
PF3D7_0710000	24409	16	11014	7844	5551	0
PF3D7_1014300	12636	11789	8082	4487	67	904
PF3D7_0217800	2087	22338	1583	504	0	4
PF3D7_1347300	3011	21414	1237	1253	521	22
PF3D7_0606000	8362	16063	1444	6918	0	1738
PF3D7_1426700	8297	16128	3188	5108	1	250
PF3D7_0504200	12945	11480	2841	5144	4962	78
PF3D7_1462600	3522	20903	717	2071	734	98
PF3D7_1408300	5204	19221	681	4296	227	72
PF3D7_1422500	6187	18238	1457	4161	569	27
PF3D7_1427900	3474	20951	821	2653	0	29
PF3D7_0519800	24409	16	5415	2966	16028	0
PF3D7_0318100	2876	21549	1671	1203	2	51
PF3D7_1359400	3772	20653	1003	2499	270	53
PF3D7_1214800	5210	19215	2779	1595	836	13
PF3D7_0414200	15383	9042	1126	4947	9310	7
PF3D7_1236500	1887	22538	109	1778	0	120
PF3D7_1360200	23184	1241	1035	2830	19319	3
PF3D7_0219600	6047	18378	3475	2572	0	213
PF3D7_1203900	3189	21236	1592	992	605	1
PF3D7_1367600	9861	14564	796	2971	6094	28
PF3D7_0113100	24402	23	11044	5591	7767	6
PF3D7_0415100	2745	21680	523	2221	1	85
PF3D7_0314200	9934	14491	4053	5868	13	775
PF3D7_0909400	6689	17736	2904	3785	0	463
PF3D7_1430500	5058	19367	3378	1680	0	112
PF3D7_1129500	6092	18333	1792	3980	320	259
PF3D7_1369400	10763	13662	3902	6801	60	3009
PF3D7_1239300	1153	23272	296	857	0	70
PF3D7_0932900	1021	23404	142	879	0	74
PF3D7_1004600	21356	3069	3255	6718	11383	293
PF3D7_0727600	9675	14750	2409	6347	919	826
PF3D7_1415700	2246	22179	1031	1214	1	67
PF3D7_1222300	5489	18936	4399	1090	0	87
PF3D7_0411800	23954	471	23722	232	0	186
PF3D7_1454100	1572	22853	978	419	175	16
PF3D7_1024900	18244	6181	15865	2379	0	697
PF3D7_1205600	7985	16440	1425	2345	4215	24
PF3D7_0204800	11073	13352	2692	8381	0	184
PF3D7_1468300	1945	22480	513	1149	283	82
PF3D7_1364200	11675	12750	5012	6662	1	1689
PF3D7_1474100	536	23889	141	324	71	8
PF3D7_0819000	14831	9594	10208	3971	652	374
PF3D7_1412400	23706	719	19733	2570	1403	127
PF3D7_1219900	1880	22545	1001	878	1	65
PF3D7_0532400	20195	4230	2693	5907	11595	31
PF3D7_0725100	20747	3678	18693	2030	24	1515
PF3D7_1210400	9369	15056	4113	5252	4	512
PF3D7_1366200	785	23640	299	481	5	44
PF3D7_0615600	24073	352	18827	1451	3795	226
PF3D7_0308100	18169	6256	13384	4785	0	2618
PF3D7_0519700	1817	22608	852	729	236	29
PF3D7_0416600	3676	20749	767	2909	0	48
PF3D7_0907000	2580	21845	1118	1315	147	27
PF3D7_1357800	3905	20520	3053	792	60	52
PF3D7_1342400	9105	15320	4449	2623	2033	16
PF3D7_1445400	10151	14274	5282	4869	0	383
PF3D7_0829200	1526	22899	476	901	149	9
PF3D7_0529000	8620	15805	3613	5006	1	130
PF3D7_0625600	5539	18886	2150	3389	0	86
PF3D7_0516100	23014	1411	21752	1160	102	633
PF3D7_0904600	14457	9968	9491	4940	26	1175
PF3D7_0113800	24409	16	23954	238	217	0
PF3D7_1032300	7068	17357	1015	6052	1	515
PF3D7_0501900	4634	19791	871	3078	685	54
PF3D7_0805800	3570	20855	105	3447	18	181
PF3D7_1250900	3383	21042	2322	1061	0	102
PF3D7_0531000	7496	16929	1885	5611	0	433
PF3D7_0932200	2315	22110	720	860	735	7
PF3D7_0823000	10577	13848	4792	5487	298	1077
PF3D7_0509600	8543	15882	3443	4802	298	239
PF3D7_1034300	6034	18391	3843	2189	2	251
PF3D7_0505900	3015	21410	1526	825	664	9
PF3D7_1206300	22843	1582	21077	1766	0	440
PF3D7_1475000	1634	22791	309	1324	1	24
PF3D7_0205200	1840	22585	531	957	352	36
PF3D7_0109850	12543	11882	2575	6866	3102	45
PF3D7_1247600	4270	20155	1706	2562	2	183
PF3D7_1029600	4688	19737	3135	1553	0	74
PF3D7_0802100	14686	9739	9122	5526	38	1938
PF3D7_1358500	6669	17756	3843	2810	16	255
PF3D7_0505300	6823	17602	3841	2979	3	190
PF3D7_1207400	6629	17796	2255	3719	655	162
PF3D7_0104800	2780	21645	579	2196	5	133
PF3D7_0513300	3550	20875	957	2593	0	44
PF3D7_1475700	4103	20322	2569	1533	1	72
PF3D7_1437500	3046	21379	218	2828	0	108
PF3D7_1147900	1569	22856	1373	196	0	29
PF3D7_0521600	1113	23312	740	372	1	32
PF3D7_0628900	8400	16025	2714	5554	132	458
PF3D7_1331200	5507	18918	1251	4137	119	183
PF3D7_1319400	10345	14080	2157	5598	2590	275
PF3D7_1238000	1321	23104	1115	184	22	12
PF3D7_1115900	11594	12831	2669	2288	6637	4
PF3D7_0929800	2187	22238	2060	127	0	15
PF3D7_0724600	11458	12967	4543	6248	667	958
PF3D7_1429100	3535	20890	1977	1538	20	75
PF3D7_0705100	18382	6043	13969	4413	0	727
PF3D7_0526500	16341	8084	13133	2733	475	560
PF3D7_1422200	848	23577	130	718	0	62
PF3D7_1321200	1483	22942	943	509	31	2
PF3D7_1027500	1913	22512	1760	124	29	16
PF3D7_1120900	370	24055	46	324	0	25
PF3D7_1306700	4700	19725	928	2824	948	166
PF3D7_0417400	23297	1128	22093	1204	0	718
PF3D7_1309800	8023	16402	1475	3735	2813	100
PF3D7_1245600	16312	8113	12508	3804	0	2039
PF3D7_1125900	2403	22022	2284	118	1	11
PF3D7_1207800	12227	12198	8271	3952	4	877
PF3D7_1427000	8877	15548	4690	4141	46	469
PF3D7_1319200	10970	13455	8307	2662	1	399
PF3D7_1019400	1183	23242	963	202	18	5
PF3D7_0517100	11548	12877	3137	8411	0	143
PF3D7_1434600	6314	18111	1059	5254	1	252
PF3D7_0822700	15700	8725	12070	3630	0	957
PF3D7_1220300	12027	12398	3146	7102	1779	1260
PF3D7_1450300	6090	18335	1549	4541	0	485
PF3D7_0511500	21336	3089	19113	2222	1	1248
PF3D7_1231200	1665	22760	253	1412	0	148
PF3D7_1321100	23714	711	14521	3583	5610	420
PF3D7_1417300	8466	15959	1710	6583	173	704
PF3D7_0935600	23804	621	13124	4203	6477	11
PF3D7_1410500	6612	17813	169	1374	5069	37
PF3D7_1361700	2215	22210	1351	795	69	76
PF3D7_1433300	7181	17244	3979	2326	876	56
PF3D7_0112900	10086	14339	218	4701	5167	25
PF3D7_1141300	8308	16117	1405	6167	736	437
PF3D7_1114500	2421	22004	521	1895	5	222
PF3D7_1231800	15613	8812	10640	4972	1	1090
PF3D7_0926300	24409	16	9213	6743	8453	0
PF3D7_1313300	3723	20702	2233	1168	322	46
PF3D7_0308700	5715	18710	3218	2224	273	224
PF3D7_1010700	6258	18167	4628	951	679	10
PF3D7_1339600	4839	19586	298	4528	13	487
PF3D7_1137600	10452	13973	585	5430	4437	357
PF3D7_0108300	18637	5788	16040	2597	0	972
PF3D7_0810500	24192	233	1016	1466	21710	1
PF3D7_1368600	7430	16995	80	6423	927	12
PF3D7_1138000	10763	13662	3920	6842	1	2197
PF3D7_0711100	3845	20580	112	3733	0	68
PF3D7_1243700	18116	6309	15306	2807	3	128
PF3D7_0517300	1151	23274	317	726	108	10
PF3D7_0304100	6183	18242	1801	4381	1	219
PF3D7_1420200	7617	16808	2214	5402	1	586
PF3D7_0503900	9927	14498	4248	5605	74	221
PF3D7_0517000	1210	23215	732	450	28	10
PF3D7_0202600	17969	6456	15322	2166	481	710
PF3D7_1003700	14856	9569	7600	6681	575	513
PF3D7_1138800	18668	5757	9296	5548	3824	382
PF3D7_1308100	2580	21845	2197	383	0	46
PF3D7_1215600	1864	22561	1155	709	0	78
PF3D7_1314500	23659	766	409	2128	21122	5
PF3D7_1127100	835	23590	109	726	0	43
PF3D7_0722100	2479	21946	1373	1105	1	120
PF3D7_0720900	9290	15135	5601	2360	1329	42
PF3D7_1402100	13046	11379	8263	4783	0	1360
PF3D7_1004300	16560	7865	11716	4844	0	618
PF3D7_1311600	4199	20226	507	3691	1	368
PF3D7_1021700	24409	16	21247	2130	1032	0
PF3D7_1434700	622	23803	166	456	0	6
PF3D7_0414800	894	23531	288	598	8	95
PF3D7_1031200	2975	21450	147	2814	14	62
PF3D7_1324000	24039	386	23946	93	0	80
PF3D7_1106700	9010	15415	4744	4266	0	393
PF3D7_0613600	17922	6503	15239	2348	335	307
PF3D7_1116400	5447	18978	1299	4148	0	264
PF3D7_1141100	12209	12216	6711	5496	2	1689
PF3D7_0204400	1895	22530	710	974	211	9
PF3D7_1440100	5172	19253	1504	3667	1	526
PF3D7_1020300	5611	18814	2850	2761	0	219
PF3D7_1366000	625	23800	159	466	0	57
PF3D7_0815100	11201	13224	6174	5027	0	696
PF3D7_0709900	24409	16	10678	6174	7557	0
PF3D7_1447100	2793	21632	829	1586	378	27
PF3D7_1251500	7491	16934	3324	4165	2	367
PF3D7_0907400	7313	17112	2645	4668	0	407
PF3D7_1035200	24399	26	24388	11	0	3
PF3D7_1307600	6098	18327	1972	3983	143	146
PF3D7_0411400	15044	9381	9305	5738	1	698
PF3D7_0406700	14164	10261	3169	6768	4227	4
PF3D7_1019500	10609	13816	5643	3291	1675	8
PF3D7_1343100	2824	21601	360	2463	1	120
PF3D7_1350400	5879	18546	3003	2874	2	259
PF3D7_1474500	15749	8676	2241	6299	7209	489
PF3D7_1328000	11703	12722	4929	6774	0	825
PF3D7_1354400	1078	23347	223	693	162	3
PF3D7_1014700	4543	19882	1527	3012	4	34
PF3D7_1232100	7201	17224	4615	2213	373	49
PF3D7_1022700	830	23595	533	297	0	19
PF3D7_0910200	23362	1063	20775	1897	690	776
PF3D7_1021500	3562	20863	1209	2349	4	264
PF3D7_1430800	1148	23277	550	598	0	22
PF3D7_1224100	7129	17296	494	1988	4647	5
PF3D7_1332800	2457	21968	1650	807	0	21
PF3D7_1405600	1909	22516	435	1473	1	21
PF3D7_1233600	22656	1769	20229	2380	47	1086
PF3D7_1238700	7372	17053	3861	3010	501	140
PF3D7_1122800	24380	45	8406	4908	11066	11
PF3D7_1206200	9015	15410	7020	1876	119	191
PF3D7_1344200	6746	17679	3273	3473	0	382
PF3D7_0212800	11843	12582	7310	4533	0	678
PF3D7_1412900	24356	69	1901	1520	20935	1
PF3D7_0823600	2457	21968	669	1788	0	213
PF3D7_1433100	7720	16705	2539	4827	354	400
PF3D7_1425800	13289	11136	6234	7055	0	489
PF3D7_0307700	19550	4875	16619	2553	378	493
PF3D7_0928100	9285	15140	4156	5129	0	255
PF3D7_1304300	2261	22164	712	1549	0	99
PF3D7_1309700	11504	12921	5211	6290	3	1802
PF3D7_0501500	4417	20008	3314	1103	0	60
PF3D7_1345000	16073	8352	1901	13586	586	5
PF3D7_1369500	7270	17155	3930	3092	248	297
PF3D7_0627400	2034	22391	922	1110	2	32
PF3D7_1009000	1212	23213	470	741	1	99
PF3D7_0904000	2264	22161	889	1374	1	136
PF3D7_0928900	940	23485	402	538	0	19
PF3D7_1245500	10890	13535	4251	4314	2325	19
PF3D7_0511800	4349	20076	2617	1551	181	42
PF3D7_0906800	6339	18086	936	5403	0	671
PF3D7_0621300	9846	14579	4476	5370	0	493
PF3D7_1401300	7493	16932	2233	4957	303	88
PF3D7_1362400	14170	10255	9008	5161	1	1200
PF3D7_0218100	4136	20289	2389	1651	96	82
PF3D7_1239800	20680	3745	16789	3891	0	2147
PF3D7_1214400	1747	22678	557	742	448	24
PF3D7_1464200	6854	17571	607	6226	21	141
PF3D7_0904100	11616	12809	4547	6140	929	836
PF3D7_0516700	12258	12167	7552	4281	425	247
PF3D7_1114200	3613	20812	2668	667	278	9
PF3D7_1138350	2572	21853	925	914	733	44
PF3D7_0114000	20884	3541	18785	2082	17	246
PF3D7_1209100	4917	19508	529	4375	13	672
PF3D7_0415000	4828	19597	658	4170	0	35
PF3D7_1406200	12841	11584	7538	5303	0	1177
PF3D7_1132300	4254	20171	684	3231	339	21
PF3D7_0519400	4235	20190	954	3255	26	14
PF3D7_0608100	22061	2364	20092	1969	0	188
PF3D7_1201200	8644	15781	1052	3743	3849	45
PF3D7_1108900	3524	20901	674	2849	1	289
PF3D7_0830500	10456	13969	4293	5883	280	496
PF3D7_0322800	3791	20634	1278	1279	1234	30
PF3D7_1127600	3231	21194	2160	768	303	8
PF3D7_0516300	16614	7811	12657	3957	0	248
PF3D7_1015800	4936	19489	1677	2412	847	17
PF3D7_1364500	5911	18514	4238	1673	0	244
PF3D7_1108100	22196	2229	19761	2418	17	379
PF3D7_1130700	13075	11350	9455	3619	1	1189
PF3D7_1344000	8333	16092	4024	4309	0	553
PF3D7_0817800	642	23783	365	224	53	12
PF3D7_0802300	9931	14494	5075	4856	0	464
PF3D7_1128600	2619	21806	655	1964	0	277
PF3D7_1363300	6617	17808	1163	3619	1835	115
PF3D7_1302600	5831	18594	554	5276	1	245
PF3D7_1229800	17069	7356	13308	3556	205	1234
PF3D7_1434500	23124	1301	21361	1763	0	833
PF3D7_1307900	11956	12469	7749	3824	383	300
PF3D7_0916500	11023	13402	1251	2669	7103	11
PF3D7_1460200	1690	22735	191	1484	15	181
PF3D7_0517900	5138	19287	2880	1788	470	93
PF3D7_1469500	8881	15544	2264	6617	0	524
PF3D7_1416000	4143	20282	1478	1635	1030	29
PF3D7_1337300	23022	1403	8398	4170	10454	60
PF3D7_0604700	6995	17430	2516	2749	1730	9
PF3D7_0530500	9245	15180	1908	6669	668	411
PF3D7_1113400	3420	21005	1021	1642	757	47
PF3D7_1320100	4292	20133	2512	1541	239	3
PF3D7_0717400	11816	12609	6941	4875	0	971
PF3D7_1003000	11209	13216	2783	8414	12	619
PF3D7_0408200	3201	21224	851	2350	0	305
PF3D7_0909700	7702	16723	2069	5632	1	651
PF3D7_1036600	2651	21774	1860	667	124	12
PF3D7_0708300	8851	15574	3926	3626	1299	42
PF3D7_1220900	639	23786	114	525	0	23
PF3D7_0714100	4478	19947	1840	2638	0	207
PF3D7_0719000	1179	23246	844	331	4	46
PF3D7_0218000	1573	22852	874	699	0	45
PF3D7_1244200	12555	11870	9598	2957	0	493
PF3D7_0923700	3872	20553	2381	1126	365	30
PF3D7_1469700	1252	23173	52	1190	10	77
PF3D7_1331800	1364	23061	837	383	144	3
PF3D7_1309300	6713	17712	2164	4548	1	526
PF3D7_0730000	1437	22988	1101	258	78	17
PF3D7_0114700	12163	12262	1726	7290	3147	533
PF3D7_1346600	1552	22873	738	814	0	97
PF3D7_1350500	7960	16465	2834	5122	4	891
PF3D7_0626500	6377	18048	1990	4382	5	421
PF3D7_1343300	6133	18292	1829	4304	0	412
PF3D7_1446800	24281	144	1262	1216	21803	1
PF3D7_1330800	7677	16748	4259	3376	42	257
PF3D7_0936200	4960	19465	795	4114	51	75
PF3D7_1110600	2859	21566	1803	665	391	14
PF3D7_0824800	13552	10873	7522	5377	653	487
PF3D7_0722400	3984	20441	3585	381	18	22
PF3D7_0523300	913	23512	349	456	108	6
PF3D7_1224600	2761	21664	766	1152	843	4
PF3D7_0403600	10041	14384	3366	5907	768	370
PF3D7_1313200	5681	18744	2400	3281	0	319
PF3D7_0422100	6600	17825	1127	5473	0	218
PF3D7_1212000	1233	23192	301	674	258	16
PF3D7_1413800	2797	21628	452	2345	0	114
PF3D7_0723200	2726	21699	1107	1320	299	28
PF3D7_1036700	3756	20669	841	2382	533	8
PF3D7_0512400	1895	22530	316	1579	0	122
PF3D7_1148900	2375	22050	199	2176	0	10
PF3D7_0508000	8815	15610	2702	6113	0	547
PF3D7_0730100	6710	17715	1750	4960	0	483
PF3D7_0826900	8014	16411	2688	5304	22	607
PF3D7_0921900	5181	19244	202	4979	0	230
PF3D7_0802000	10394	14031	5281	5113	0	356
PF3D7_1148800	9474	14951	4640	3921	913	140
PF3D7_0730400	1835	22590	488	560	787	6
PF3D7_0812600	603	23822	307	271	25	9
PF3D7_1246200	1617	22808	1037	580	0	3
PF3D7_1008200	2544	21881	576	1968	0	79
PF3D7_1361400	813	23612	166	518	129	9
PF3D7_0319800	4126	20299	583	3543	0	196
PF3D7_0920700	6867	17558	574	6293	0	447
PF3D7_1252200	1059	23366	133	926	0	40
PF3D7_1438700	6659	17766	1673	1995	2991	2
PF3D7_1344900	10709	13716	4408	6301	0	1118
PF3D7_0823300	12309	12116	7713	4326	270	502
PF3D7_1314400	702	23723	201	349	152	23
PF3D7_0515500	24142	283	3700	6011	14431	23
PF3D7_1142300	11994	12431	6391	5233	370	1101
PF3D7_1140900	24363	62	4139	11002	9222	18
PF3D7_0404900	7404	17021	2279	5111	14	220
PF3D7_0805200	404	24021	83	321	0	21
PF3D7_1318900	7165	17260	1419	5745	1	484
PF3D7_1117200	24407	18	9985	4627	9795	2
PF3D7_0710100	8551	15874	2112	6428	11	241
PF3D7_1030600	7018	17407	4964	2053	1	198
PF3D7_0815200	5246	19179	4335	911	0	40
PF3D7_1126100	18156	6269	14630	3523	3	1780
PF3D7_0915800	4134	20291	268	3749	117	84
PF3D7_0511200	10444	13981	7121	3230	93	65
PF3D7_0213200	713	23712	305	360	48	33
PF3D7_0309900	15893	8532	11162	4460	271	738
PF3D7_0408900	13001	11424	1873	8049	3079	81
PF3D7_0709300	23489	936	22394	1095	0	613
PF3D7_1466200	17100	7325	14114	2986	0	1316
PF3D7_1318000	809	23616	284	524	1	62
PF3D7_1142800	9607	14818	5667	3940	0	72
PF3D7_1113600	8352	16073	3518	4834	0	263
PF3D7_0817600	9844	14581	5315	4483	46	586
PF3D7_0305400	1464	22961	844	481	139	8
PF3D7_0615400	24409	16	15231	6906	2272	0
PF3D7_1214200	1894	22531	832	871	191	88
PF3D7_1358700	775	23650	118	657	0	18
PF3D7_1017500	702	23723	194	344	164	6
PF3D7_1032400	3666	20759	2551	811	304	14
PF3D7_0417500	5637	18788	4666	613	358	8
PF3D7_1420900	2951	21474	1437	1144	370	35
PF3D7_0817100	7366	17059	3706	3660	0	368
PF3D7_1335400	24409	16	24409	0	0	0
PF3D7_1014600	12062	12363	7356	4705	1	1094
PF3D7_1144400	11887	12538	7135	4750	2	1310
PF3D7_1362300	1925	22500	155	1767	3	61
PF3D7_1422700	9678	14747	3241	6436	1	1140
PF3D7_1123000	15637	8788	8670	6966	1	1270
PF3D7_1429700	2676	21749	1607	1062	7	61
PF3D7_0901800	13951	10474	948	5814	7189	47
PF3D7_0828100	24331	94	2339	6322	15670	9
PF3D7_1463700	3659	20766	2834	817	8	102
PF3D7_0829100	2899	21526	1818	711	370	7
PF3D7_0713400	7425	17000	1285	5724	416	25
PF3D7_0933400	1960	22465	946	1014	0	69
PF3D7_0813500	5753	18672	776	4977	0	348
PF3D7_0103400	15548	8877	11214	4331	3	1080
PF3D7_0822300	565	23860	387	161	17	7
PF3D7_1201100	10144	14281	4372	5635	137	278
PF3D7_0316100	1742	22683	393	1321	28	90
PF3D7_0523500	1249	23176	840	333	76	10
PF3D7_1128300	13211	11214	4848	5817	2546	68
PF3D7_1401200	22061	2364	1500	4218	16343	31
PF3D7_1228500	2127	22298	1129	901	97	95
PF3D7_1427100	17593	6832	13862	3730	1	374
PF3D7_0928300	4907	19518	1414	2326	1167	9
PF3D7_1406300	6569	17856	4064	2504	1	197
PF3D7_0319400	19136	5289	17055	2081	0	322
PF3D7_0928150	345	24080	65	280	0	25
PF3D7_1404300	4375	20050	144	4231	0	65
PF3D7_0627000	500	23925	88	412	0	59
PF3D7_1302300	5041	19384	249	2466	2326	21
PF3D7_0527600	13491	10934	8042	2545	2904	25
PF3D7_0501800	14562	9863	8543	5989	30	428
PF3D7_1318200	2191	22234	810	1381	0	121
PF3D7_0517500	13066	11359	8672	4394	0	185
PF3D7_0920000	4047	20378	1589	2458	0	258
PF3D7_0609100	18159	6266	2022	4200	11937	26
PF3D7_0305000	4753	19672	3286	1337	130	104
PF3D7_0819400	4983	19442	463	4520	0	258
PF3D7_0216600	5042	19383	1543	3499	0	345
PF3D7_1334300	13588	10837	9850	3738	0	230
PF3D7_0316900	6630	17795	1042	5503	85	195
PF3D7_0603100	9831	14594	7658	2173	0	149
PF3D7_0323800	4224	20201	1353	2864	7	233
PF3D7_0504700	24409	16	24406	3	0	0
PF3D7_1029700	9062	15363	5410	3428	224	230
PF3D7_1457200	1530	22895	179	1345	6	14
PF3D7_0907100	18106	6319	5412	12675	19	831
PF3D7_1213200	4102	20323	2301	1801	0	121
PF3D7_1335500	5736	18689	2413	2020	1303	32
PF3D7_1211000	17037	7388	9755	7012	270	389
PF3D7_1216700	9425	15000	5203	4221	1	429
PF3D7_0719700	2116	22309	1787	280	49	4
PF3D7_0404000	800	23625	92	617	91	15
PF3D7_1003800	8862	15563	4952	3910	0	520
PF3D7_0820100	5925	18500	1802	2607	1516	26
PF3D7_1471000	2411	22014	444	1967	0	229
PF3D7_0508900	23611	814	22579	1032	0	471
PF3D7_0909100	7183	17242	836	6346	1	793
PF3D7_0313800	6555	17870	1262	4162	1131	87
PF3D7_0107700	6867	17558	2667	4200	0	122
PF3D7_0216200	4506	19919	820	3624	62	122
PF3D7_0318400	12101	12324	2313	3909	5879	11
PF3D7_0622800	12476	11949	5431	5925	1120	423
PF3D7_0406100	5810	18615	2496	3273	41	18
PF3D7_1022500	6903	17522	5437	1466	0	61
PF3D7_1466600	2321	22104	584	1736	1	150
PF3D7_1416100	7228	17197	3445	3781	2	356
PF3D7_1125600	23814	611	344	1015	22455	2
PF3D7_0909800	2742	21683	2107	529	106	4
PF3D7_1471400	6319	18106	1137	5107	75	193
PF3D7_0202800	2930	21495	2259	608	63	34
PF3D7_1013000	6140	18285	2496	2483	1161	225
PF3D7_1207900	3471	20954	1386	2039	46	206
PF3D7_0923400	12371	12054	7572	4799	0	658
PF3D7_0504600	7895	16530	7448	445	2	44
PF3D7_1307100	10085	14340	6012	4073	0	471
PF3D7_1234000	2654	21771	381	2118	155	61
PF3D7_1113700	4506	19919	3299	1206	1	90
PF3D7_1017800	10630	13795	2833	5361	2436	425
PF3D7_0213500	4145	20280	1260	1952	933	98
PF3D7_1411600	4739	19686	1790	2949	0	318
PF3D7_0515300	22044	2381	19966	2078	0	320
PF3D7_0422600	3476	20949	1186	2290	0	24
PF3D7_1142000	4318	20107	325	3993	0	436
PF3D7_0614300	5368	19057	2341	2868	159	184
PF3D7_0704800	14427	9998	10816	3611	0	763
PF3D7_0215600	13369	11056	11363	2006	0	164
PF3D7_0204700	7215	17210	3415	3800	0	41
PF3D7_0927800	16052	8373	3132	2921	9999	5
PF3D7_0312300	1455	22970	763	692	0	57
PF3D7_0312500	5661	18764	1195	4462	4	291
PF3D7_1102300	20689	3736	13328	3285	4076	76
PF3D7_1429800	14559	9866	8956	5492	111	217
PF3D7_1311200	4116	20309	2756	1360	0	147
PF3D7_0921300	21913	2512	1733	4330	15850	29
PF3D7_1468600	22997	1428	7866	7822	7309	331
PF3D7_1037500	5251	19174	3378	1872	1	43
PF3D7_1420400	7431	16994	3207	4223	1	332
PF3D7_1125000	3514	20911	1044	1847	623	8
PF3D7_0624000	4435	19990	3588	847	0	16
PF3D7_1108000	8421	16004	3422	4998	1	487
PF3D7_0724800	24408	17	4266	3883	16259	1
PF3D7_0307200	2374	22051	1554	788	32	33
PF3D7_0419400	23297	1128	12957	4300	6040	423
PF3D7_1013800	4627	19798	1177	2860	590	157
PF3D7_1433200	8963	15462	2718	6244	1	904
PF3D7_1324500	13388	11037	5809	4066	3513	166
PF3D7_0930900	1425	23000	487	801	137	49
PF3D7_1336100	1474	22951	1118	325	31	20
PF3D7_1231000	24291	134	2888	4211	17192	12
PF3D7_0105700	16636	7789	11864	4753	19	1628
PF3D7_0729500	9052	15373	3854	5198	0	320
PF3D7_1250200	9021	15404	3855	4356	810	261
PF3D7_1036800	8232	16193	2169	3744	2319	47
PF3D7_0110000	4278	20147	839	3439	0	107
PF3D7_1367700	13532	10893	9998	3531	3	698
PF3D7_0501100	11685	12740	2359	3845	5481	13
PF3D7_1106400	2804	21621	2189	615	0	31
PF3D7_1005500	10890	13535	5424	5463	3	731
PF3D7_0716700	15248	9177	11346	3901	1	1753
PF3D7_0935300	1559	22866	847	402	310	4
PF3D7_1415800	2690	21735	1340	1340	10	86
PF3D7_1022100	1923	22502	485	1289	149	36
PF3D7_1010100	4467	19958	2859	1608	0	133
PF3D7_0911900	5076	19349	1484	3394	198	223
PF3D7_1119100	5193	19232	1734	3308	151	67
PF3D7_1134300	10142	14283	4449	5693	0	1691
PF3D7_1440900	9613	14812	1832	5343	2438	14
PF3D7_0418800	3492	20933	2178	1007	307	7
PF3D7_1304700	3864	20561	1183	1392	1289	35
PF3D7_1338400	8313	16112	4074	2976	1263	17
PF3D7_0825900	6801	17624	2690	4111	0	353
PF3D7_1305600	5480	18945	971	3680	829	36
PF3D7_0709700	6364	18061	1607	4757	0	66
PF3D7_0807400	2030	22395	1362	544	124	17
PF3D7_1235700	6530	17895	5984	546	0	46
PF3D7_0307800	11510	12915	9364	2146	0	142
PF3D7_0410600	2923	21502	2235	640	48	32
PF3D7_1463000	758	23667	235	515	8	28
PF3D7_1457500	2617	21808	1324	1293	0	97
PF3D7_0725000	14465	9960	6385	8080	0	505
PF3D7_1446200	5932	18493	4127	1797	8	124
PF3D7_1472900	1942	22483	529	1413	0	40
PF3D7_1121400	7661	16764	4239	2888	534	106
PF3D7_0410400	7528	16897	1771	2437	3320	55
PF3D7_0508600	6636	17789	2197	4435	4	235
PF3D7_0322100	10903	13522	8645	2246	12	218
PF3D7_1210200	9126	15299	2813	6313	0	1137
PF3D7_0106300	11867	12558	4198	5410	2259	330
PF3D7_0410500	4002	20423	1251	2751	0	42
PF3D7_1210600	6405	18020	1429	4976	0	567
PF3D7_0219800	4506	19919	700	3536	270	116
PF3D7_0418600	12566	11859	6541	5993	32	1060
PF3D7_0929500	3626	20799	3038	437	151	24
PF3D7_1203500	3951	20474	966	2983	2	288
PF3D7_0603400	10344	14081	5586	4758	0	900
PF3D7_1018300	9328	15097	4183	5145	0	437
PF3D7_1038000	1219	23206	394	375	450	1
PF3D7_1441900	858	23567	479	379	0	12
PF3D7_1465000	1568	22857	565	1003	0	86
PF3D7_0405900	9848	14577	1752	7734	362	283
PF3D7_1245200	16457	7968	12994	3463	0	1027
PF3D7_0824400	6891	17534	1522	5369	0	133
PF3D7_1235200	6395	18030	3469	2883	43	299
PF3D7_1453500	10069	14356	6373	3618	78	232
PF3D7_0208200	1411	23014	447	961	3	61
PF3D7_0311500	269	24156	50	219	0	10
PF3D7_1124400	2297	22128	303	1308	686	27
PF3D7_1229700	920	23505	552	309	59	13
PF3D7_0902100	21823	2602	2656	3479	15688	35
PF3D7_0607800	5340	19085	2475	2643	222	188
PF3D7_1461800	21854	2571	19599	2251	4	667
PF3D7_1458200	1602	22823	418	836	348	35
PF3D7_0826400	9224	15201	3024	3325	2875	10
PF3D7_1467000	7352	17073	1087	6049	216	555
PF3D7_0506200	5339	19086	2431	2595	313	119
PF3D7_0103700	12681	11744	1936	5738	5007	166
PF3D7_0618800	9944	14481	1721	6133	2090	219
PF3D7_1353600	1168	23257	673	392	103	3
PF3D7_1467600	24407	18	24192	168	47	2
PF3D7_1422300	5065	19360	2418	2647	0	124
PF3D7_0927300	7513	16912	6451	1062	0	139
PF3D7_0913700	10583	13842	8380	2203	0	116
PF3D7_1452200	6867	17558	4762	2105	0	225
PF3D7_0505700	14979	9446	11599	3378	2	390
PF3D7_0522500	1972	22453	850	921	201	25
PF3D7_1108800	1397	23028	559	733	105	61
PF3D7_1328800	1728	22697	1151	575	2	36
PF3D7_0605700	4809	19616	1780	3028	1	145
PF3D7_1139100	16142	8283	11926	4216	0	1148
PF3D7_0612800	8743	15682	2739	6004	0	215
PF3D7_0506300	7622	16803	5204	2395	23	177
PF3D7_1354900	6341	18084	1364	4960	17	409
PF3D7_1451000	7919	16506	3536	4383	0	705
PF3D7_1211500	3234	21191	1994	1238	2	149
PF3D7_1360100	2446	21979	800	987	659	16
PF3D7_1143200	4868	19557	861	2948	1059	131
PF3D7_0818100	3923	20502	1696	2128	99	190
PF3D7_1448500	23427	998	22336	1033	58	399
PF3D7_1012000	13775	10650	2870	9451	1454	74
PF3D7_1144700	5293	19132	3696	758	839	17
PF3D7_1361900	2306	22119	2068	238	0	12
PF3D7_0409900	8443	15982	3633	4474	336	48
PF3D7_0927500	1414	23011	983	363	68	7
PF3D7_1120000	24295	130	24131	162	2	14
PF3D7_1446900	3021	21404	1111	1540	370	67
PF3D7_0317800	7443	16982	6306	1137	0	90
PF3D7_1025100	16762	7663	13794	2959	9	143
PF3D7_0621700	13447	10978	8486	4738	223	536
PF3D7_0323500	4832	19593	2682	1556	594	28
PF3D7_1228700	8741	15684	3147	5254	340	382
PF3D7_1138600	4377	20048	2509	1674	194	176
PF3D7_0110800	2856	21569	1350	1335	171	23
PF3D7_0322300	7161	17264	1123	5850	188	177
PF3D7_0516400	3098	21327	911	2186	1	94
PF3D7_0915900	1254	23171	106	1148	0	84
PF3D7_1018500	2778	21647	2361	300	117	3
PF3D7_1234300	9981	14444	5450	2066	2465	24
PF3D7_0722500	4239	20186	2544	1690	5	93
PF3D7_1308500	1951	22474	109	1841	1	169
PF3D7_0623800	12531	11894	5517	7012	2	1853
PF3D7_1415200	1846	22579	1422	199	225	6
PF3D7_1107700	7199	17226	2867	4332	0	371
PF3D7_1233900	6435	17990	2042	4287	106	606
PF3D7_0215500	23334	1091	23035	299	0	48
PF3D7_0928400	1377	23048	194	1183	0	46
PF3D7_1200800	6457	17968	1655	3494	1308	159
PF3D7_0215700	8755	15670	6191	2560	4	109
PF3D7_0613900	16582	7843	13418	3163	1	795
PF3D7_1215500	1687	22738	1531	129	27	3
PF3D7_0515200	2261	22164	1803	420	38	50
PF3D7_0727100	18334	6091	14686	3644	4	788
PF3D7_1145500	8635	15790	3233	5068	334	404
PF3D7_1446700	24335	90	1423	4374	18538	1
PF3D7_1107000	2093	22332	1069	661	363	9
PF3D7_0627200	6953	17472	2426	2137	2390	15
PF3D7_1112600	7221	17204	1844	5377	0	361
PF3D7_0522700	1295	23130	429	660	206	48
PF3D7_0613700	3652	20773	2045	1607	0	156
PF3D7_0717500	3825	20600	2310	1054	461	15
PF3D7_1459700	3646	20779	992	1687	967	7
PF3D7_1333600	14197	10228	10179	4018	0	914
PF3D7_1412200	6280	18145	2148	3898	234	426
PF3D7_0925100	6514	17911	893	5621	0	206
PF3D7_0528100	13583	10842	7725	3842	2016	51
PF3D7_1109100	22755	1670	5641	7296	9818	409
PF3D7_1438400	19561	4864	13629	5248	684	1374
PF3D7_0518500	13725	10700	10834	2890	1	390
PF3D7_1363700	5888	18537	2769	3119	0	403
PF3D7_0320500	4384	20041	239	4144	1	142
PF3D7_1028100	6600	17825	2710	3890	0	230
PF3D7_1346700	5976	18449	1747	4229	0	91
PF3D7_1232800	4948	19477	1697	3077	174	31
PF3D7_0609700	20907	3518	14423	4625	1859	947
PF3D7_0924500	24407	18	17655	3018	3734	1
PF3D7_1219800	135	24290	91	44	0	5
PF3D7_1322600	6295	18130	1915	4379	1	366
PF3D7_1402500	24409	16	656	481	23272	0
PF3D7_1236300	2507	21918	921	1584	2	164
PF3D7_1013700	1444	22981	397	834	213	49
PF3D7_1352900	10020	14405	3492	6513	15	1665
PF3D7_0407700	22157	2268	19013	2940	204	171
PF3D7_0505600	1974	22451	381	1593	0	145
PF3D7_0804700	15720	8705	10845	4875	0	1030
PF3D7_1471500	5074	19351	1619	2848	607	36
PF3D7_1320700	15651	8774	5872	5433	4346	1158
PF3D7_1131200	5046	19379	2206	2045	795	8
PF3D7_0628800	12162	12263	9981	2180	1	160
PF3D7_0918800	4504	19921	921	3583	0	211
PF3D7_1404200	1680	22745	142	1346	192	41
PF3D7_1325700	1020	23405	274	421	325	22
PF3D7_0814500	13721	10704	9259	4453	9	495
PF3D7_1245400	2580	21845	1740	840	0	53
PF3D7_1348600	2573	21852	1356	1009	208	67
PF3D7_1471600	12082	12343	8098	3984	0	1345
PF3D7_0701900	20253	4172	16305	2694	1254	959
PF3D7_1216400	10896	13529	6361	4533	2	480
PF3D7_1472700	13357	11068	10158	3198	1	323
PF3D7_0319300	579	23846	175	402	2	11
PF3D7_1405200	1397	23028	180	752	465	49
PF3D7_1246800	3737	20688	736	1803	1198	18
PF3D7_0315000	1768	22657	1146	595	27	26
PF3D7_1228800	22744	1681	21435	1309	0	553
PF3D7_1136100	4231	20194	1742	2489	0	361
PF3D7_0203100	18364	6061	14396	3968	0	916
PF3D7_0109700	5912	18513	754	4566	592	19
PF3D7_0210500	8221	16204	4132	4089	0	528
PF3D7_0619000	24285	140	9851	7875	6559	16
PF3D7_1021800	19647	4778	17026	2407	214	389
PF3D7_1354700	5443	18982	239	5184	20	225
PF3D7_1221900	9951	14474	4768	5180	3	537
PF3D7_1311900	4803	19622	3866	937	0	44
PF3D7_0630600	21131	3294	2283	6533	12315	81
PF3D7_1446500	18153	6272	14430	3723	0	1812
PF3D7_1408600	3221	21204	422	1541	1258	6
PF3D7_1454200	8043	16382	3462	4581	0	601
PF3D7_1317300	5375	19050	1557	3639	179	83
PF3D7_1410800	821	23604	356	345	120	4
PF3D7_1348800	24409	16	13838	5567	5004	0
PF3D7_1451500	800	23625	155	645	0	72
PF3D7_1010300	5533	18892	947	4497	89	22
PF3D7_1206100	5656	18769	3534	1244	878	1
PF3D7_1213300	5059	19366	3236	1325	498	39
PF3D7_0313700	6727	17698	2958	2265	1504	2
PF3D7_1111600	6893	17532	1506	5090	297	347
PF3D7_0925400	5570	18855	1568	2659	1343	25
PF3D7_1111100	4276	20149	3889	387	0	33
PF3D7_1226900	3853	20572	2532	1321	0	126
PF3D7_1465700	4733	19692	2430	1390	913	6
PF3D7_1358800	1013	23412	762	251	0	5
PF3D7_0905500	2598	21827	1128	1470	0	45
PF3D7_1131900	6953	17472	1611	5341	1	420
PF3D7_0603000	10509	13916	4654	5855	0	266
PF3D7_1401900	23193	1232	2516	3428	17249	4
PF3D7_0702600	1026	23399	56	965	5	36
PF3D7_0304500	2445	21980	1258	398	789	3
PF3D7_1205100	23891	534	3408	2796	17687	27
PF3D7_1333200	10776	13649	5530	5245	1	1218
PF3D7_0728200	6310	18115	1634	2686	1990	204
PF3D7_1342000	2824	21601	1137	1685	2	104
PF3D7_1337400	24409	16	4265	3254	16890	0
PF3D7_0311800	15396	9029	12908	2438	50	67
PF3D7_1016000	2957	21468	1017	1940	0	203
PF3D7_0623900	5350	19075	4244	1106	0	59
PF3D7_0905000	2584	21841	1150	1427	7	140
PF3D7_1316000	4074	20351	1849	1638	587	7
PF3D7_1321600	10103	14322	4542	3673	1888	23
PF3D7_1205800	21994	2431	16553	3813	1628	799
PF3D7_1329700	5103	19322	1982	3121	0	196
PF3D7_0205400	4083	20342	1831	2252	0	73
PF3D7_0409400	6945	17480	2780	4164	1	186
PF3D7_1414300	2107	22318	1651	456	0	11
PF3D7_1409000	17529	6896	6395	5768	5366	124
PF3D7_1455300	7501	16924	1055	6432	14	799
PF3D7_1205900	9514	14911	5446	4068	0	381
PF3D7_1133600	5689	18736	3095	2594	0	236
PF3D7_0808200	9984	14441	5261	4723	0	103
PF3D7_1252900	1382	23043	634	678	70	58
PF3D7_1235500	5114	19311	1273	3841	0	164
PF3D7_1302500	24409	16	7660	6871	9878	0
PF3D7_1405900	17585	6840	15191	2386	8	553
PF3D7_1406900	3075	21350	2076	895	104	78
PF3D7_0723500	1588	22837	131	1456	1	53
PF3D7_0305200	21952	2473	20446	1506	0	153
PF3D7_0214800	14977	9448	9598	5326	53	760
PF3D7_0922500	5193	19232	3777	1416	0	52
PF3D7_1326700	2072	22353	538	1534	0	135
PF3D7_0625700	335	24090	155	180	0	21
PF3D7_0305500	15944	8481	9970	5973	1	1663
PF3D7_0926500	13674	10751	7751	5923	0	978
PF3D7_1443200	5801	18624	980	3603	1218	201
PF3D7_0305700	1842	22583	377	1442	23	19
PF3D7_1442600	24184	241	23861	308	15	122
PF3D7_1227000	3180	21245	1501	1679	0	55
PF3D7_0418700	11405	13020	8234	3171	0	439
PF3D7_0705300	6416	18009	2768	3647	1	243
PF3D7_0923100	2411	22014	535	1876	0	76
PF3D7_0831700	3136	21289	2917	219	0	8
PF3D7_1122000	3700	20725	2398	1137	165	80
PF3D7_0628200	20388	4037	18053	2335	0	528
PF3D7_0532100	4385	20040	460	3925	0	111
PF3D7_0216100	12480	11945	4260	8219	1	431
PF3D7_1422100	1768	22657	488	1280	0	94
PF3D7_0906200	4722	19703	1641	3081	0	265
PF3D7_1329500	21367	3058	10476	6239	4652	483
PF3D7_0936300	12667	11758	7988	4482	197	232
PF3D7_0111000	15213	9212	9596	4641	976	548
PF3D7_1336900	4958	19467	3318	1597	43	111
PF3D7_1315300	1987	22438	456	1521	10	152
PF3D7_1222600	16232	8193	8671	7561	0	1948
PF3D7_0420400	6836	17589	459	6377	0	136
PF3D7_1346500	6089	18336	2397	3692	0	425
PF3D7_0729200	2482	21943	898	1355	229	34
PF3D7_0615000	3195	21230	966	2191	38	70
PF3D7_0315700	4540	19885	2877	1653	10	160
PF3D7_0909300	2816	21609	1393	742	681	3
PF3D7_0820400	3848	20577	875	2752	221	237
PF3D7_1445000	3504	20921	1770	1734	0	180
PF3D7_0930300	22492	1933	21678	814	0	1276
PF3D7_0720100	2783	21642	626	2157	0	123
PF3D7_1126200	1930	22495	1744	161	25	9
PF3D7_1036000	9152	15273	7303	1849	0	98
PF3D7_0321200	23323	1102	1227	5931	16165	9
PF3D7_1347100	7451	16974	5126	2325	0	145
PF3D7_1357900	3328	21097	1636	1216	476	47
PF3D7_0729300	6807	17618	3162	3644	1	383
PF3D7_0420600	15225	9200	10516	4709	0	292
PF3D7_1009900	8058	16367	3479	4436	143	258
PF3D7_1305900	3749	20676	1264	1964	521	148
PF3D7_1365900	1805	22620	1250	430	125	3
PF3D7_0114750	683	23742	522	153	8	16
PF3D7_1223700	691	23734	173	503	15	11
PF3D7_0902500	9154	15271	2992	6117	45	355
PF3D7_0208600	4051	20374	1983	2068	0	241
PF3D7_1456600	1783	22642	572	1211	0	80
PF3D7_0412100	3872	20553	936	2936	0	125
PF3D7_1425700	6301	18124	1494	3348	1459	66
PF3D7_0819600	13008	11417	693	2303	10012	64
PF3D7_1435500	2275	22150	904	1371	0	102
PF3D7_1116100	10488	13937	5536	4952	0	906
PF3D7_1021400	5101	19324	2940	1715	446	28
PF3D7_1128900	20198	4227	2567	4821	12810	19
PF3D7_0528000	1820	22605	1290	530	0	29
PF3D7_0404200	1879	22546	792	1049	38	52
PF3D7_0717300	13020	11405	1338	4644	7038	2
PF3D7_0717600	6572	17853	1790	3736	1046	144
PF3D7_0410700	4933	19492	2926	2006	1	226
PF3D7_1351300	4069	20356	601	2388	1080	155
PF3D7_0719400	18552	5873	13007	5545	0	816
PF3D7_1243500	2349	22076	561	1560	228	1
PF3D7_1455100	2231	22194	1446	596	189	11
PF3D7_0707700	13988	10437	11714	2274	0	241
PF3D7_0925200	4492	19933	777	3595	120	162
PF3D7_0212400	24409	16	17246	4278	2885	0
PF3D7_0418100	17974	6451	10501	6984	489	552
PF3D7_1321500	20339	4086	4103	6489	9747	4
PF3D7_0528900	3403	21022	2007	863	533	30
PF3D7_0406200	2955	21470	464	2491	0	29
PF3D7_1356300	2381	22044	1748	503	130	5
PF3D7_1460900	7304	17121	1299	1426	4579	22
PF3D7_1448000	11048	13377	5941	4930	177	592
PF3D7_1035400	18792	5633	14141	3201	1450	49
PF3D7_0729000	766	23659	234	400	132	8
PF3D7_0801700	21932	2493	12623	4818	4491	477
PF3D7_1445100	9984	14441	4403	5579	2	786
PF3D7_1440600	8905	15520	1294	4108	3503	14
PF3D7_0803500	22399	2026	20622	1777	0	242
PF3D7_0728500	3812	20613	1497	1899	416	24
PF3D7_1339000	2253	22172	557	1091	605	67
PF3D7_1434300	4779	19646	2222	2316	241	74
PF3D7_0512600	2389	22036	1872	317	200	1
PF3D7_0531300	3384	21041	390	2946	48	146
PF3D7_1039000	9931	14494	2752	6462	717	538
PF3D7_1222800	2513	21912	1123	879	511	10
PF3D7_1464500	15128	9297	8858	5757	513	2553
PF3D7_0409300	10423	14002	5885	4243	295	544
PF3D7_1210100	1185	23240	209	974	2	48
PF3D7_1006200	6373	18052	2195	2779	1399	2
PF3D7_1147700	1062	23363	347	624	91	28
PF3D7_1146700	8167	16258	2161	4695	1311	272
PF3D7_0811900	9022	15403	3080	4942	1000	280
PF3D7_1461500	3643	20782	2020	1283	340	11
PF3D7_1207100	5229	19196	1242	3987	0	439
PF3D7_0812000	2583	21842	1187	1317	79	108
PF3D7_0934600	1850	22575	311	987	552	35
PF3D7_1477200	6832	17593	553	5306	973	346
PF3D7_0305100	23158	1267	14690	8468	0	839
PF3D7_1006400	5221	19204	2276	2945	0	408
PF3D7_1037100	6235	18190	3284	2951	0	185
PF3D7_1218400	10950	13475	1500	5219	4231	2
PF3D7_1367200	4858	19567	2266	2116	476	115
PF3D7_1349000	7949	16476	3627	2341	1981	15
PF3D7_1252600	4896	19529	692	4204	0	57
PF3D7_1413300	3434	20991	3213	168	53	13
PF3D7_1426400	3479	20946	2810	537	132	25
PF3D7_0721100	1255	23170	804	451	0	40
PF3D7_0607200	2843	21582	542	2228	73	83
PF3D7_1319300	10464	13961	6735	3729	0	311
PF3D7_0905900	5784	18641	3034	2747	3	278
PF3D7_1437300	1554	22871	461	825	268	52
PF3D7_1209200	1687	22738	1086	402	199	9
PF3D7_1312100	9693	14732	2254	7290	149	817
PF3D7_0813200	4122	20303	2202	1361	559	24
PF3D7_0521400	4951	19474	2814	2132	5	156
PF3D7_1310500	2447	21978	622	1823	2	80
PF3D7_0317000	2633	21792	304	2261	68	24
PF3D7_0825000	8825	15600	2813	5900	112	1366
PF3D7_0622100	8491	15934	3059	5427	5	731
PF3D7_1312500	271	24154	83	188	0	16
PF3D7_1470900	1001	23424	246	573	182	13
PF3D7_0302000	10213	14212	3366	4963	1884	157
PF3D7_1301500	2202	22223	982	1085	135	86
PF3D7_0717900	22192	2233	1662	8386	12144	4
PF3D7_0617900	507	23918	243	261	3	2
PF3D7_0625000	3146	21279	817	1864	465	28
PF3D7_0310800	485	23940	93	392	0	21
PF3D7_0606800	2359	22066	916	1442	1	48
PF3D7_0205100	18021	6404	6901	4773	6347	164
PF3D7_1016800	6368	18057	725	5374	269	69
PF3D7_0707900	1882	22543	774	1108	0	51
PF3D7_0813300	2638	21787	1781	857	0	55
PF3D7_1448700	5030	19395	1057	3972	1	262
PF3D7_1116200	2984	21441	1079	942	963	13
PF3D7_1248600	8783	15642	3227	4706	850	532
PF3D7_0530100	1560	22865	288	845	427	65
PF3D7_0713600	23120	1305	2414	7762	12944	180
PF3D7_0809250	1948	22477	323	1625	0	35
PF3D7_1402000	15660	8765	2275	4755	8630	13
PF3D7_0816400	1927	22498	751	1129	47	17
PF3D7_1331300	9500	14925	898	1397	7205	8
PF3D7_1432800	6054	18371	2116	3937	1	356
PF3D7_0402400	10441	13984	1846	6776	1819	166
PF3D7_1369200	11771	12654	6134	5637	0	1995
PF3D7_1227700	19186	5239	2058	5215	11913	34
PF3D7_0821800	5070	19355	337	616	4117	8
PF3D7_1458500	9635	14790	3025	6411	199	1444
PF3D7_1318300	24385	40	24359	26	0	19
PF3D7_0208300	23870	555	23705	165	0	72
PF3D7_1456700	2804	21621	856	1948	0	100
PF3D7_1472600	7171	17254	2545	2800	1826	181
PF3D7_1130000	10505	13920	6039	4441	25	678
PF3D7_1465300	8689	15736	3629	3942	1118	395
PF3D7_0806400	3135	21290	2909	226	0	42
PF3D7_1308600	8536	15889	1645	6889	2	1530
PF3D7_1244600	2617	21808	113	2504	0	56
PF3D7_1329400	8969	15456	3087	3926	1956	36
PF3D7_0516600	14172	10253	10060	4112	0	814
PF3D7_0528200	8045	16380	5067	2946	32	68
PF3D7_1212700	9859	14566	6935	2924	0	316
PF3D7_1204500	1570	22855	700	870	0	65
PF3D7_0202500	1240	23185	981	259	0	30
PF3D7_0304300	8497	15928	2694	5802	1	924
PF3D7_1466400	5910	18515	736	5174	0	260
PF3D7_1146300	5279	19146	2016	3232	31	120
PF3D7_0104500	6828	17597	4326	2502	0	48
PF3D7_1305800	2244	22181	995	1249	0	154
PF3D7_1222000	4245	20180	1059	3186	0	269
PF3D7_0621100	9101	15324	3001	6099	1	707
PF3D7_0605300	8429	15996	6395	1535	499	4
PF3D7_1035500	12189	12236	8489	3700	0	140
PF3D7_1329900	9496	14929	6004	3491	1	311
PF3D7_1029500	1764	22661	850	914	0	87
PF3D7_0606100	10420	14005	2692	3741	3987	137
PF3D7_0215300	9558	14867	4239	5318	1	448
PF3D7_1328900	4474	19951	1351	3106	17	70
PF3D7_0731200	3852	20573	587	3210	55	78
PF3D7_0320900	2660	21765	1753	551	356	2
PF3D7_0110200	2124	22301	1637	487	0	27
PF3D7_1475900	14049	10376	9470	4579	0	2016
PF3D7_1334500	14627	9798	6582	7608	437	611
PF3D7_1338600	12254	12171	7652	4193	409	504
PF3D7_1361800	15984	8441	13068	2916	0	523
PF3D7_1011100	8174	16251	2998	4260	916	478
PF3D7_0814300	10172	14253	4346	5826	0	865
PF3D7_0110400	1574	22851	758	788	28	53
PF3D7_0107200	6991	17434	3525	1897	1569	21
PF3D7_1303200	2636	21789	1201	873	562	12
PF3D7_0911200	1195	23230	400	789	6	53
PF3D7_1441300	14422	10003	3252	6908	4262	1129
PF3D7_0824000	6991	17434	3408	3583	0	442
PF3D7_0617000	1948	22477	1111	837	0	66
PF3D7_1452700	6834	17591	752	3164	2918	4
PF3D7_1419500	1242	23183	365	877	0	86
PF3D7_1436300	10480	13945	4482	5997	1	731
PF3D7_0611300	1396	23029	751	464	181	19
PF3D7_0826000	14240	10185	9532	4708	0	863
PF3D7_1232700	17164	7261	3919	4822	8423	13
PF3D7_0931500	2635	21790	1005	1166	464	18
PF3D7_0316700	2631	21794	242	2253	136	19
PF3D7_0419600	2459	21966	817	1543	99	45
PF3D7_0305600	4738	19687	1992	2746	0	257
PF3D7_0711000	9631	14794	2733	6898	0	345
PF3D7_0528700	4310	20115	249	4061	0	37
PF3D7_1449000	7444	16981	589	6682	173	360
PF3D7_1027400	2435	21990	1614	445	376	9
PF3D7_0416800	730	23695	344	384	2	8
PF3D7_1132800	2105	22320	415	1690	0	31
PF3D7_1235400	15813	8612	13452	2359	2	403
PF3D7_1341200	1890	22535	1580	309	1	24
PF3D7_1439700	3395	21030	861	1903	631	21
PF3D7_1407200	4893	19532	2251	2122	520	38
PF3D7_1229400	2230	22195	1194	579	457	15
PF3D7_1028700	6203	18222	1282	4921	0	419
PF3D7_1204700	1511	22914	577	615	319	15
PF3D7_1416800	5341	19084	1527	3814	0	296
PF3D7_1328400	4302	20123	798	3504	0	297
PF3D7_0609800	2261	22164	1446	792	23	11
PF3D7_0604200	1415	23010	692	672	51	10
PF3D7_1238600	1106	23319	478	628	0	44
PF3D7_1409100	10644	13781	5698	4946	0	659
PF3D7_1432300	24408	17	6290	5870	12248	1
PF3D7_1430900	1212	23213	503	709	0	29
PF3D7_1248300	882	23543	420	462	0	28
PF3D7_1248700	16052	8373	11652	4400	0	2000
PF3D7_0810300	21513	2912	1069	4743	15701	27
PF3D7_1316600	7316	17109	4094	3177	45	171
PF3D7_1404500	6169	18256	3907	2262	0	185
PF3D7_1464000	4188	20237	744	3435	9	403
PF3D7_0731700	3028	21397	570	2033	425	74
PF3D7_0707500	8681	15744	2647	6034	0	1196
PF3D7_0316500	2464	21961	1650	814	0	56
PF3D7_1306000	10774	13651	1390	6870	2514	1154
PF3D7_0706400	450	23975	153	297	0	9
PF3D7_1242600	5948	18477	2060	3747	141	344
PF3D7_1465600	14186	10239	2397	4375	7414	8
PF3D7_0626100	9665	14760	1261	3746	4658	13
PF3D7_0828400	6914	17511	1118	5794	2	512
PF3D7_0619500	9056	15369	2592	6464	0	722
PF3D7_0612700	3480	20945	1060	2417	3	149
PF3D7_0824300	7152	17273	2196	4956	0	309
PF3D7_1121200	1797	22628	1119	603	75	12
PF3D7_1464100	10989	13436	5271	5718	0	592
PF3D7_1120400	13568	10857	9744	3503	321	125
PF3D7_1312400	7611	16814	2713	4898	0	458
PF3D7_1015000	5441	18984	2984	2455	2	88
PF3D7_0313500	10542	13883	6399	4142	1	528
PF3D7_1244400	10382	14043	4039	6301	42	1561
PF3D7_1443300	982	23443	479	332	171	10
PF3D7_1001500	3239	21186	522	2717	0	34
PF3D7_0705200	13338	11087	5611	7722	5	1458
PF3D7_0406000	3927	20498	1102	2825	0	223
PF3D7_1458800	6376	18049	1691	4684	1	557
PF3D7_1113900	4963	19462	2350	2613	0	74
PF3D7_0608200	2718	21707	1278	1061	379	17
PF3D7_1319700	8130	16295	2648	5481	1	232
PF3D7_0305900	2905	21520	1193	1711	1	88
PF3D7_1315200	22112	2313	3679	4326	14107	131
PF3D7_1311400	4394	20031	3157	1237	0	32
PF3D7_1238800	6296	18129	1707	4589	0	229
PF3D7_1203200	1863	22562	1224	572	67	33
PF3D7_1410100	5296	19129	1676	2516	1104	39
PF3D7_1303300	4451	19974	234	4137	80	206
PF3D7_1110800	3293	21132	1833	1229	231	17
PF3D7_0923500	12391	12034	10818	1225	348	29
PF3D7_1416600	11488	12937	5656	5832	0	2691
PF3D7_1359700	16932	7493	12442	4490	0	2338
PF3D7_0411300	6709	17716	3231	3478	0	386
PF3D7_1019700	24010	415	23651	359	0	100
PF3D7_1147000	21475	2950	12479	5789	3207	1102
PF3D7_1330200	2067	22358	344	1629	94	95
PF3D7_0306400	5193	19232	4102	1091	0	93
PF3D7_0107900	1434	22991	398	1036	0	96
PF3D7_1350200	1668	22757	1314	328	26	9
PF3D7_0105300	1272	23153	692	575	5	47
PF3D7_1026800	1867	22558	1432	410	25	10
PF3D7_1021300	19661	4764	610	5181	13870	45
PF3D7_1356700	1956	22469	413	991	552	20
PF3D7_0619700	12852	11573	1002	8962	2888	42
PF3D7_0803800	2242	22183	1492	702	48	27
PF3D7_1033800	4446	19979	1593	1852	1001	73
PF3D7_0528600	4868	19557	1618	3250	0	51
PF3D7_1021600	958	23467	270	688	0	23
PF3D7_0507600	7088	17337	3179	3909	0	272
PF3D7_1134700	11125	13300	6511	3756	858	182
PF3D7_0804900	8385	16040	1815	6570	0	221
PF3D7_1244900	8639	15786	1598	6431	610	359
PF3D7_0706200	3301	21124	578	805	1918	15
PF3D7_1128500	12836	11589	8794	4042	0	411
PF3D7_0707400	5035	19390	2448	2587	0	108
PF3D7_1347000	3314	21111	848	1725	741	16
PF3D7_0203400	4116	20309	798	2885	433	23
PF3D7_1252700	5896	18529	1828	3812	256	128
PF3D7_1355600	10720	13705	2875	5118	2727	136
PF3D7_1105400	1726	22699	894	828	4	18
PF3D7_1243900	24264	161	21621	1196	1447	18
PF3D7_1105100	395	24030	175	220	0	4
PF3D7_1012400	3670	20755	3311	325	34	4
PF3D7_0109300	1305	23120	649	610	46	44
PF3D7_1342700	556	23869	368	159	29	2
PF3D7_1234800	10272	14153	8363	1814	95	155
PF3D7_0825400	1624	22801	1025	468	131	18
PF3D7_1127400	2068	22357	935	647	486	28
PF3D7_0211400	3097	21328	1854	924	319	15
PF3D7_1365500	3797	20628	2567	1007	223	102
PF3D7_1331100	24409	16	9044	5216	10149	0
PF3D7_0910300	3037	21388	1457	1578	2	150
PF3D7_1320600	3188	21237	1433	1667	88	6
PF3D7_0621500	3919	20506	2866	1053	0	95
PF3D7_0628100	18363	6062	15282	3081	0	1350
PF3D7_1301600	12951	11474	6454	4746	1751	303
PF3D7_1146900	1770	22655	575	911	284	12
PF3D7_0715300	4870	19555	2731	1701	438	90
PF3D7_0924700	3299	21126	286	3013	0	178
PF3D7_1440200	17202	7223	4555	8669	3978	160
PF3D7_1445900	3330	21095	870	2226	234	32
PF3D7_1416500	5895	18530	2520	3375	0	59
PF3D7_1037600	10061	14364	5264	3222	1575	57
PF3D7_0627300	5191	19234	1476	3715	0	187
PF3D7_1134200	10136	14289	4942	5194	0	1198
PF3D7_0821600	6819	17606	1073	5745	1	364
PF3D7_0629500	5680	18745	2688	2908	84	98
PF3D7_1015300	4647	19778	3002	1645	0	170
PF3D7_1113000	24409	16	8759	6453	9197	0
PF3D7_0731300	2668	21757	1098	1553	17	59
PF3D7_0718900	9904	14521	1364	4576	3964	32
PF3D7_1116600	9576	14849	5998	3479	99	223
PF3D7_0319100	1037	23388	931	106	0	13
PF3D7_1466100	8125	16300	4574	3421	130	171
PF3D7_1030400	18834	5591	4344	4086	10404	76
PF3D7_1474300	8911	15514	1756	5470	1685	580
PF3D7_0909000	13855	10570	7043	6434	378	276
PF3D7_0933900	2938	21487	1327	1486	125	100
PF3D7_0917400	9074	15351	1748	7317	9	1160
PF3D7_1028900	2073	22352	235	1655	183	125
PF3D7_1359100	5744	18681	3313	2431	0	393
PF3D7_1215800	3636	20789	1192	2444	0	211
PF3D7_0723600	6022	18403	1745	771	3506	35
PF3D7_1001900	2476	21949	661	1592	223	39
PF3D7_1478100	7533	16892	2061	5367	105	139
PF3D7_0706600	4801	19624	1594	3203	4	490
PF3D7_1402900	18544	5881	14791	3753	0	491
PF3D7_0810600	6398	18027	1422	4968	8	144
PF3D7_1147200	14715	9710	10211	4502	2	1784
PF3D7_1147800	22898	1527	21963	889	46	185
PF3D7_1413400	4994	19431	1300	3694	0	320
PF3D7_1420000	9888	14537	5282	4312	294	214
PF3D7_0518100	10411	14014	4558	5774	79	822
PF3D7_0801400	2808	21617	232	2486	90	3
PF3D7_0320600	2632	21793	1982	492	158	4
PF3D7_1002100	14322	10103	12173	2129	20	79
PF3D7_0219400	3334	21091	1167	2075	92	3
PF3D7_0208400	14970	9455	8769	6198	3	1175
PF3D7_0302900	9104	15321	3579	4391	1134	123
PF3D7_1348500	1077	23348	183	885	9	39
PF3D7_1142700	6001	18424	1193	4800	8	535
PF3D7_1309600	1760	22665	236	1524	0	101
PF3D7_1411000	24409	16	5050	10270	9089	0
PF3D7_1220500	4015	20410	378	3637	0	110
PF3D7_0419700	2136	22289	233	1903	0	124
PF3D7_1467900	9560	14865	2814	6655	91	655
PF3D7_1123700	2333	22092	1841	441	51	44
PF3D7_1340900	11497	12928	9243	2247	7	122
PF3D7_1149300	5470	18955	1980	3205	285	213
PF3D7_1107300	16252	8173	11245	5007	0	1915
PF3D7_1354200	6965	17460	1996	4969	0	451
PF3D7_0220800	24409	16	7058	6527	10824	0
PF3D7_0313900	14188	10237	6930	7258	0	1064
PF3D7_1005200	1330	23095	981	213	136	8
PF3D7_0608800	4948	19477	3554	1394	0	30
PF3D7_0932300	5467	18958	3144	2323	0	114
PF3D7_0718000	23811	614	20240	1975	1596	292
PF3D7_1203300	17827	6598	14300	3527	0	597
PF3D7_0419900	23408	1017	22269	1095	44	720
PF3D7_0731600	8357	16068	4073	4284	0	125
PF3D7_1248800	1563	22862	978	581	4	37
PF3D7_1431100	1550	22875	428	1122	0	61
PF3D7_0806500	10483	13942	6587	3896	0	159
PF3D7_1108200	1734	22691	1031	703	0	31
PF3D7_1412300	882	23543	548	294	40	4
PF3D7_0910600	3417	21008	2081	889	447	5
PF3D7_1020000	9552	14873	2322	3486	3744	14
PF3D7_1030200	8001	16424	3455	4545	1	118
PF3D7_0213400	6967	17458	1952	2683	2332	30
PF3D7_1321400	4363	20062	2683	1097	583	7
PF3D7_1448200	11425	13000	4238	5413	1774	355
PF3D7_0308600	3761	20664	2440	1321	0	129
PF3D7_1303500	24348	77	8754	7977	7617	38
PF3D7_0803600	23969	456	6953	8140	8876	21
PF3D7_0705700	664	23761	545	112	7	3
PF3D7_1423100	3810	20615	2141	1668	1	166
PF3D7_1131600	14939	9486	10294	4644	1	1383
PF3D7_1251700	4833	19592	1107	3177	549	199
PF3D7_0722600	15723	8702	3250	12469	4	114
PF3D7_0911500	5550	18875	752	2438	2360	21
PF3D7_1103900	1878	22547	1264	593	21	37
PF3D7_1458000	6707	17718	1275	5432	0	502
PF3D7_0731100	8054	16371	5245	2786	23	258
PF3D7_0629300	22524	1901	21998	519	7	73
PF3D7_1007800	8074	16351	2540	5534	0	876
PF3D7_0610500	1081	23344	393	561	127	17
PF3D7_1466000	6524	17901	3458	1714	1352	16
PF3D7_1143800	9866	14559	4931	4933	2	503
PF3D7_0510400	6126	18299	4498	1628	0	137
PF3D7_0519000	3922	20503	1454	2468	0	113
PF3D7_0302600	10358	14067	3412	6946	0	983
PF3D7_0805000	2746	21679	1200	936	610	7
PF3D7_1237900	20110	4315	16871	3239	0	374
PF3D7_0212200	4870	19555	4468	383	19	59
PF3D7_0204100	21019	3406	19076	1943	0	719
PF3D7_1418200	1751	22674	916	681	154	64
PF3D7_1248400	2738	21687	1014	1724	0	166
PF3D7_0629700	21445	2980	18762	2615	68	827
PF3D7_1361300	9108	15317	1816	2197	5095	14
PF3D7_1436400	8953	15472	5561	3375	17	559
PF3D7_1007200	11759	12666	9464	1717	578	70
PF3D7_0803100	23666	759	23090	576	0	236
PF3D7_0503100	4992	19433	851	4141	0	376
PF3D7_1236650	211	24214	76	111	24	7
PF3D7_1133300	1205	23220	716	489	0	46
PF3D7_1442400	10429	13996	2647	7779	3	1617
PF3D7_1230000	24349	76	18131	4159	2059	18
PF3D7_0304200	2712	21713	1649	1063	0	25
PF3D7_1302800	4341	20084	398	3835	108	13
PF3D7_0309700	5533	18892	2410	3103	20	350
PF3D7_1310300	848	23577	246	602	0	63
PF3D7_1117500	4532	19893	3090	1442	0	190
PF3D7_1016600	1686	22739	372	1110	204	99
PF3D7_0306800	6266	18159	5175	1091	0	59
PF3D7_1137400	3167	21258	1230	1937	0	93
PF3D7_1314600	4583	19842	1796	2787	0	95
PF3D7_1108600	6643	17782	3956	2687	0	51
PF3D7_1358100	7062	17363	2447	4615	0	400
PF3D7_1038900	1727	22698	374	1310	43	37
PF3D7_1204100	19898	4527	16855	3043	0	752
PF3D7_0827600	21464	2961	16565	4469	430	599
PF3D7_1237700	849	23576	304	516	29	33
PF3D7_1243800	24405	20	3295	1025	20085	1
PF3D7_1463800	1196	23229	105	935	156	19
PF3D7_1033300	2137	22288	1313	710	114	13
PF3D7_1034500	11828	12597	5953	5112	763	1245
PF3D7_0404800	15536	8889	8312	6012	1212	343
PF3D7_0814400	5412	19013	1710	3167	535	163
PF3D7_0934700	8787	15638	1475	7234	78	174
PF3D7_1405300	8184	16241	3452	4732	0	640
PF3D7_1344700	9261	15164	3143	6117	1	1187
PF3D7_0504900	1203	23222	599	427	177	3
PF3D7_1423400	13375	11050	7867	4936	572	709
PF3D7_1225100	15823	8602	3612	6338	5873	314
PF3D7_0617100	13558	10867	2661	5152	5745	71
PF3D7_1118800	3416	21009	805	1730	881	19
PF3D7_1477700	7673	16752	643	4179	2851	100
PF3D7_1435800	4371	20054	1311	3060	0	198
PF3D7_1238900	5472	18953	1137	4335	0	155
PF3D7_1477500	9994	14431	4557	5383	54	304
PF3D7_0827500	1929	22496	797	1132	0	90
PF3D7_0519300	16433	7992	11574	4859	0	303
PF3D7_0203800	3797	20628	1867	1308	622	35
PF3D7_1417600	17900	6525	13522	4375	3	1991
PF3D7_0507300	8301	16124	2944	5353	4	851
PF3D7_1028600	1261	23164	522	528	211	21
PF3D7_1126900	5596	18829	710	4660	226	6
PF3D7_1473100	6048	18377	1261	3353	1434	155
PF3D7_1420600	7558	16867	1617	5169	772	241
PF3D7_1004400	8670	15755	3691	4969	10	737
PF3D7_0507900	2844	21581	2435	222	187	16
PF3D7_1030800	1541	22884	495	1046	0	80
PF3D7_0205800	735	23690	438	236	61	5
PF3D7_0628600	17547	6878	1369	3024	13154	27
PF3D7_1335600	1909	22516	1130	747	32	70
PF3D7_0515000	11972	12453	6868	5097	7	377
PF3D7_0820700	8381	16044	4429	3882	70	169
PF3D7_1427500	9582	14843	8214	1368	0	70
PF3D7_1122400	4997	19428	2147	2240	610	172
PF3D7_1417200	16133	8292	10475	5361	297	1904
PF3D7_1477300	5987	18438	1849	4037	101	170
PF3D7_1324200	24210	215	3435	4610	16165	9
PF3D7_1149200	22022	2403	16582	3611	1829	250
PF3D7_1215900	7384	17041	1044	6340	0	300
PF3D7_0922400	7054	17371	4582	2399	73	209
PF3D7_0807500	1299	23126	523	599	177	10
PF3D7_0909900	6944	17481	3042	3899	3	513
PF3D7_0106100	2001	22424	658	1343	0	37
PF3D7_0210100	2546	21879	2329	144	73	6
PF3D7_1434200	1332	23093	871	444	17	6
PF3D7_1314100	16947	7478	5910	5934	5103	209
PF3D7_0825500	8569	15856	1836	6731	2	324
PF3D7_0817500	2417	22008	1487	539	391	12
PF3D7_0113900	7327	17098	1825	5440	62	71
PF3D7_0307600	8113	16312	2290	5510	313	538
PF3D7_0320800	2341	22084	977	1148	216	7
PF3D7_1126500	16013	8412	10954	5059	0	654
PF3D7_0311600	24191	234	3327	6074	14790	18
PF3D7_0915700	4212	20213	513	3651	48	48
PF3D7_1436100	12649	11776	6096	6512	41	880
PF3D7_0524600	1368	23057	231	1137	0	85
PF3D7_1450500	15815	8610	10894	4399	522	1349
PF3D7_0709500	3870	20555	2069	1110	691	17
PF3D7_0812400	6124	18301	5663	461	0	9
PF3D7_0214300	22662	1763	21063	1599	0	697
PF3D7_1231900	7023	17402	2168	4852	3	510
PF3D7_1458900	1915	22510	261	1389	265	57
PF3D7_1351000	9674	14751	3584	5873	217	1319
PF3D7_0822400	18162	6263	5220	3274	9668	38
PF3D7_1127900	4194	20231	1131	3050	13	132
PF3D7_1344600	2762	21663	1260	1465	37	148
PF3D7_1438600	3330	21095	585	2745	0	58
PF3D7_1315600	4339	20086	1820	1701	818	8
PF3D7_0109200	2158	22267	1577	581	0	39
PF3D7_0403400	24409	16	16929	3661	3819	0
PF3D7_0103600	20982	3443	4433	8537	8012	1530
PF3D7_0318300	15693	8732	9791	5025	877	332
PF3D7_1451200	12327	12098	7937	4221	169	1090
PF3D7_0609200	2635	21790	705	1839	91	151
PF3D7_1224900	1421	23004	1160	250	11	13
PF3D7_1345600	17313	7112	2184	3685	11444	72
PF3D7_0502800	1362	23063	111	1251	0	47
PF3D7_1252300	953	23472	76	876	1	7
PF3D7_0110900	628	23797	120	508	0	62
PF3D7_0819700	11969	12456	9278	2687	4	279
PF3D7_1023900	14000	10425	9247	4720	33	1016
PF3D7_0903900	788	23637	290	420	78	11
PF3D7_1309100	1398	23027	442	769	187	4
PF3D7_1132200	4139	20286	2506	1619	14	57
PF3D7_1467300	7109	17316	4007	3101	1	201
PF3D7_1338100	3110	21315	867	2014	229	94
PF3D7_1425400	7979	16446	1895	6083	1	887
PF3D7_0708200	24253	172	2738	7524	13991	41
PF3D7_0516200	1020	23405	602	291	127	1
PF3D7_1426600	9049	15376	2540	6509	0	1053
PF3D7_0221000	21364	3061	5043	5399	10922	43
PF3D7_0723700	17170	7255	13890	3273	7	443
PF3D7_0829300	1291	23134	812	329	150	9
PF3D7_0704600	24199	226	10942	5443	7814	112
PF3D7_1012100	2396	22029	1622	749	25	106
PF3D7_0323100	7936	16489	1447	6488	1	947
PF3D7_0820900	24404	21	3538	9581	11285	1
PF3D7_0113000	17135	7290	11891	5176	68	888
PF3D7_1448300	13835	10590	10297	3538	0	1195
PF3D7_0722800	5213	19212	4358	855	0	145
PF3D7_1130200	3240	21185	2820	420	0	53
PF3D7_1030700	2279	22146	1197	1082	0	89
PF3D7_0112200	8332	16093	5300	3022	10	210
PF3D7_0815600	3664	20761	2114	988	562	1
PF3D7_1213400	5832	18593	3868	1963	1	104
PF3D7_1411800	5668	18757	730	4935	3	224
PF3D7_1108500	5190	19235	2686	1517	987	62
PF3D7_1007100	1075	23350	659	340	76	17
PF3D7_1440000	14114	10311	6325	5664	2125	1434
PF3D7_0616700	4434	19991	1083	3350	1	214
PF3D7_1315700	4360	20065	541	3818	1	144
PF3D7_1252500	8291	16134	2874	4482	935	167
PF3D7_0106600	5005	19420	408	4596	1	137
PF3D7_1227900	11571	12854	7774	3797	0	322
PF3D7_1363500	20921	3504	1598	6241	13082	305
PF3D7_1237400	10836	13589	1647	5628	3561	147
PF3D7_1473300	9235	15190	3173	4181	1881	244
PF3D7_1127300	1320	23105	619	701	0	81
PF3D7_0824200	9006	15419	3634	5285	87	476
PF3D7_0704400	8336	16089	2302	6033	1	865
PF3D7_0106500	15796	8629	6181	8195	1420	812
PF3D7_1020400	4996	19429	2683	2194	119	245
PF3D7_0829500	17137	7288	6287	10850	0	2046
PF3D7_0613200	1164	23261	189	418	557	8
PF3D7_0407100	4757	19668	311	4439	7	128
PF3D7_0500900	5730	18695	2121	3335	274	160
PF3D7_1343000	4336	20089	988	3017	331	43
PF3D7_1402200	1336	23089	442	894	0	65
PF3D7_0104300	23840	585	18668	3489	1683	210
PF3D7_1319000	18122	6303	13854	4267	1	856
PF3D7_0811000	3902	20523	1738	2164	0	90
PF3D7_1430400	13657	10768	9283	4374	0	341
PF3D7_1305100	3326	21099	329	2997	0	165
PF3D7_0423500	1923	22502	665	975	283	18
PF3D7_1303100	9823	14602	555	7721	1547	137
PF3D7_1135600	19488	4937	7515	5053	6920	417
PF3D7_1026500	483	23942	260	223	0	19
PF3D7_1129900	6387	18038	1851	4535	1	132
PF3D7_0906100	15797	8628	583	3946	11268	2
PF3D7_1115500	1988	22437	983	796	209	42
PF3D7_0804000	14907	9518	5726	7570	1611	123
PF3D7_0308500	2239	22186	1632	490	117	17
PF3D7_1305500	4958	19467	2412	2545	1	397
PF3D7_1002300	2644	21781	189	2455	0	105
PF3D7_1438000	4949	19476	1858	3091	0	184
PF3D7_1318600	6154	18271	4194	1960	0	171
PF3D7_1213600	247	24178	122	125	0	1
PF3D7_1478600	24314	111	23990	176	148	14
PF3D7_0516900	2310	22115	1250	1059	1	21
PF3D7_1122900	18603	5822	13937	3609	1057	675
PF3D7_0421800	554	23871	74	479	1	28
PF3D7_0107600	14800	9625	10693	4102	5	943
PF3D7_1439300	10933	13492	4125	6649	159	1048
PF3D7_0622700	8215	16210	6160	2024	31	128
PF3D7_1432600	9820	14605	6288	3531	1	454
PF3D7_1215000	746	23679	67	677	2	58
PF3D7_1149600	22609	1816	3720	7078	11811	199
PF3D7_1361100	9585	14840	5493	3296	796	154
PF3D7_1306400	2599	21826	1139	1460	0	27
PF3D7_0607600	12191	12234	4190	5159	2842	189
PF3D7_1202800	2715	21710	1598	826	291	34
PF3D7_0524500	872	23553	227	645	0	39
PF3D7_0703500	13806	10619	8139	5409	258	880
PF3D7_0727400	5161	19264	3790	800	571	16
PF3D7_0705000	10718	13707	5270	4925	523	268
PF3D7_1145100	6504	17921	3124	3380	0	334
PF3D7_1458600	9560	14865	3294	6254	12	943
PF3D7_1146200	1527	22898	170	1000	357	66
PF3D7_0519500	20232	4193	13698	4302	2232	544
PF3D7_0523100	5959	18466	3802	1208	949	65
PF3D7_1024600	8874	15551	4619	1773	2482	8
PF3D7_1250800	11803	12622	6671	5038	94	931
PF3D7_1144500	1325	23100	372	944	9	103
PF3D7_0214700	4949	19476	1894	1474	1581	10
PF3D7_1335300	24409	16	24409	0	0	0
PF3D7_0411000	13613	10812	7217	6396	0	858
PF3D7_1020900	1694	22731	1166	391	137	2
PF3D7_1472100	8100	16325	1336	2532	4232	14
PF3D7_1324300	24392	33	22894	791	707	17
PF3D7_0934400	1602	22823	1148	453	1	30
PF3D7_1126400	1869	22556	1228	572	69	36
PF3D7_0920500	3150	21275	2025	782	343	9
PF3D7_1115800	2956	21469	534	2422	0	227
PF3D7_0801000	24089	336	23451	634	4	58
PF3D7_1470950	736	23689	202	477	57	48
PF3D7_0914700	4382	20043	839	3543	0	170
PF3D7_1116000	13364	11061	9470	3667	227	451
PF3D7_1208600	380	24045	217	163	0	12
PF3D7_1010800	3775	20650	712	3042	21	67
PF3D7_0602600	23852	573	1810	6771	15271	31
PF3D7_0625100	3965	20460	1055	2898	12	74
PF3D7_1329000	19249	5176	11171	4019	4059	326
PF3D7_0114200	14999	9426	13241	1599	159	182
PF3D7_0815900	4488	19937	1775	2713	0	273
PF3D7_1403200	9078	15347	916	5722	2440	83
PF3D7_1430600	20935	3490	19572	1363	0	142
PF3D7_1024500	936	23489	257	679	0	109
PF3D7_1112000	1216	23209	609	574	33	8
PF3D7_1038700	5946	18479	1800	3689	457	79
PF3D7_1336700	4704	19721	441	4263	0	68
PF3D7_0513400	6666	17759	2664	2630	1372	21
PF3D7_1009800	15116	9309	9490	5537	89	1087
PF3D7_1454800	2074	22351	793	1280	1	60
PF3D7_1131000	11788	12637	6760	5028	0	130
PF3D7_1310100	8300	16125	2745	5554	1	694
PF3D7_1335700	9073	15352	2638	5581	854	365
PF3D7_1470500	7211	17214	3511	2817	883	78
PF3D7_1402800	18817	5608	14493	4221	103	1230
PF3D7_0921500	2297	22128	294	2003	0	196
PF3D7_0212700	3501	20924	588	2913	0	227
PF3D7_0814900	1815	22610	839	976	0	23
PF3D7_1205200	1398	23027	300	1097	1	124
PF3D7_0211300	2815	21610	1818	718	279	4
PF3D7_1116700	7498	16927	3273	4224	1	237
PF3D7_1133700	15888	8537	4085	5652	6151	224
PF3D7_0722000	1640	22785	505	1135	0	147
PF3D7_1413000	4337	20088	1189	3147	1	263
PF3D7_0823800	7378	17047	2470	4908	0	351
PF3D7_1016100	2388	22037	984	1401	3	119
PF3D7_1002800	8510	15915	2220	6290	0	1290
PF3D7_0933600	3662	20763	2868	794	0	60
PF3D7_0624800	10422	14003	1759	5945	2718	186
PF3D7_1209400	11060	13365	8092	2968	0	458
PF3D7_1403700	3406	21019	189	2952	265	71
PF3D7_1439100	19757	4668	8860	4763	6134	141
PF3D7_0602700	7714	16711	541	7172	1	265
PF3D7_1464300	6483	17942	1255	4995	233	539
PF3D7_0510000	16296	8129	13822	2226	248	87
PF3D7_1201500	5145	19280	855	4290	0	138
PF3D7_0626400	9828	14597	4612	5216	0	404
PF3D7_1328300	10217	14208	1518	8530	169	18
PF3D7_0808100	21774	2651	7894	5484	8396	253
PF3D7_1143900	14916	9509	3329	3516	8071	54
PF3D7_1333800	5314	19111	683	4630	1	157
PF3D7_0702000	13467	10958	7325	5495	647	158
PF3D7_0909200	10997	13428	3822	6449	726	113
PF3D7_1429600	2815	21610	1578	1236	1	47
PF3D7_0706300	659	23766	179	456	24	59
PF3D7_1141700	2589	21836	1050	1417	122	123
PF3D7_1225600	7698	16727	3807	3121	770	144
PF3D7_1348400	24355	70	24052	301	2	47
PF3D7_0310600	1682	22743	340	1314	28	52
PF3D7_1456400	8429	15996	1381	6227	821	980
PF3D7_1111500	941	23484	314	503	124	32
PF3D7_1446300	7080	17345	2421	4658	1	617
PF3D7_1226000	6269	18156	2610	3504	155	259
PF3D7_1011600	4674	19751	1602	3072	0	257
PF3D7_0913900	24259	166	3688	6438	14133	13
PF3D7_1369600	9575	14850	5079	4496	0	358
PF3D7_1233700	3270	21155	520	2746	4	327
PF3D7_0818700	24408	17	4341	7897	12170	1
PF3D7_1342200	11911	12514	5485	6384	42	919
PF3D7_1115200	14742	9683	9982	3348	1412	178
PF3D7_1140500	10395	14030	4705	5117	573	635
PF3D7_1453900	10115	14310	4915	5196	4	919
PF3D7_1226800	2861	21564	1938	762	161	32
PF3D7_1121000	6191	18234	2135	3939	117	14
PF3D7_0822600	8283	16142	4163	4095	25	43
PF3D7_1366400	17611	6814	14024	3587	0	1076
PF3D7_1436000	11495	12930	2438	9001	56	120
PF3D7_0620200	4725	19700	3091	1634	0	80
PF3D7_0506900	12854	11571	7860	4993	1	348
PF3D7_1243000	1521	22904	287	1234	0	108
PF3D7_0826500	10093	14332	5718	4356	19	551
PF3D7_0513800	1205	23220	307	898	0	10
PF3D7_0418200	3561	20864	665	2896	0	47
PF3D7_1143600	4487	19938	1750	2737	0	150
PF3D7_1314000	7016	17409	3160	3854	2	602
PF3D7_0815000	4580	19845	3178	1402	0	13
PF3D7_0409700	2643	21782	1530	880	233	36
PF3D7_0714600	13311	11114	8019	5292	0	283
PF3D7_1460000	3708	20717	805	2898	5	281
PF3D7_1247000	3103	21322	1429	940	734	20
PF3D7_1310700	742	23683	79	663	0	24
PF3D7_0910800	6143	18282	2334	3808	1	184
PF3D7_1030500	5700	18725	1548	4150	2	101
PF3D7_1333500	8165	16260	3364	4801	0	289
PF3D7_0919800	12934	11491	8084	4820	30	1202
PF3D7_0614700	4591	19834	1249	3340	2	189
PF3D7_0806100	12214	12211	6746	5468	0	1209
PF3D7_1308800	13866	10559	2355	8399	3112	2
PF3D7_1233300	20143	4282	6954	7807	5382	384
PF3D7_1234400	23149	1276	3904	3906	15339	12
PF3D7_1351400	2764	21661	1621	614	529	17
PF3D7_0813600	4025	20400	340	2372	1313	71
PF3D7_1326000	2594	21831	1471	986	137	20
PF3D7_0932400	3272	21153	778	2010	484	66
PF3D7_1416900	1623	22802	479	791	353	25
PF3D7_1452400	12738	11687	9172	3566	0	459
PF3D7_0728000	1492	22933	820	597	75	20
PF3D7_0930500	10804	13621	5211	5588	5	814
PF3D7_0302200	24409	16	23251	1154	4	0
PF3D7_0918700	18503	5922	5264	5571	7668	107
PF3D7_1407800	6806	17619	2307	4499	0	142
PF3D7_1106800	18214	6211	13962	4072	180	1088
PF3D7_0613400	2165	22260	1645	441	79	31
PF3D7_1131800	15977	8448	11615	4362	0	1368
PF3D7_0902900	6514	17911	48	6466	0	174
PF3D7_1310400	10850	13575	6680	4169	1	685
PF3D7_0524100	12603	11822	2723	9857	23	1091
PF3D7_0620500	4357	20068	1520	2835	2	304
PF3D7_1226400	16030	8395	677	6211	9142	129
PF3D7_1110700	3113	21312	1607	1182	324	59
PF3D7_1447900	13180	11245	8310	4868	2	383
PF3D7_0910400	7815	16610	2712	5102	1	703
PF3D7_1360300	4493	19932	530	3963	0	264
PF3D7_1423200	14699	9726	5094	4020	5585	45
PF3D7_0219200	1870	22555	1572	298	0	4
PF3D7_0519600	16698	7727	13610	3084	4	337
PF3D7_0105100	469	23956	42	427	0	48
PF3D7_1326800	1369	23056	269	1100	0	177
PF3D7_0819200	4990	19435	1449	3538	3	186
PF3D7_1104100	4810	19615	2874	1717	219	63
PF3D7_0424600	6879	17546	1632	4940	307	93
PF3D7_1431800	5746	18679	1973	3437	336	379
PF3D7_1315400	2020	22405	735	1238	47	43
PF3D7_1105200	6959	17466	1165	3238	2556	9
PF3D7_0908300	5222	19203	2843	1644	735	11
PF3D7_0916700	2866	21559	974	1891	1	71
PF3D7_0717800	16694	7731	9178	7516	0	553
PF3D7_0710800	3599	20826	870	2728	1	179
PF3D7_0525800	2720	21705	805	1915	0	46
PF3D7_1115400	6523	17902	3229	3293	1	158
PF3D7_0817400	15442	8983	12522	2910	10	263
PF3D7_0407400	523	23902	34	489	0	60
PF3D7_1230700	8109	16316	3645	4462	2	480
PF3D7_1314900	3032	21393	1704	844	484	40
PF3D7_0917600	8796	15629	5662	3133	1	211
PF3D7_0624900	10156	14269	3545	2262	4349	15
PF3D7_0727300	8186	16239	1764	6422	0	675
PF3D7_1238300	21837	2588	19952	1885	0	369
PF3D7_1341900	3266	21159	1061	1918	287	10
PF3D7_0321600	6645	17780	1786	4417	442	294
PF3D7_1146600	17761	6664	11466	3303	2992	565
PF3D7_1115600	3000	21425	1965	876	159	25
PF3D7_0323000	746	23679	208	516	22	2
PF3D7_0405600	2178	22247	475	1252	451	33
PF3D7_0202900	4240	20185	1120	1853	1267	10
PF3D7_1341700	1467	22958	498	647	322	19
PF3D7_0919500	7598	16827	2783	4632	183	256
PF3D7_0529300	5783	18642	478	5196	109	95
PF3D7_0823500	8468	15957	3011	4618	839	163
PF3D7_1354100	1834	22591	359	1469	6	219
PF3D7_0515800	2343	22082	28	2315	0	18
PF3D7_0608400	2411	22014	2081	323	7	37
PF3D7_1321700	13766	10659	9034	4185	547	379
PF3D7_0816800	7269	17156	3550	999	2720	1
PF3D7_0518400	4028	20397	576	3451	1	44
PF3D7_1009400	4231	20194	2402	1827	2	153
PF3D7_1438900	1589	22836	669	920	0	21
PF3D7_1428100	5161	19264	805	4354	2	389
PF3D7_0406800	4343	20082	2421	1090	832	9
PF3D7_1367500	3632	20793	684	2464	484	76
PF3D7_0319200	7089	17336	2230	4859	0	515
PF3D7_0936700	6359	18066	3930	2324	105	214
PF3D7_0618500	1368	23057	664	704	0	28
PF3D7_0610800	4547	19878	3587	959	1	75
PF3D7_0103900	3651	20774	1345	2306	0	188
PF3D7_1118600	5930	18495	1321	4609	0	116
PF3D7_1442000	1708	22717	923	678	107	19
PF3D7_0317700	23663	762	22088	1562	13	150
PF3D7_0929700	3291	21134	1580	1710	1	139
PF3D7_1358000	15764	8661	7607	5256	2901	754
PF3D7_1228900	24409	16	5955	7720	10734	0
PF3D7_0920600	9752	14673	4201	5551	0	718
PF3D7_0210200	21308	3117	20168	1140	0	913
PF3D7_1360800	8660	15765	5588	3071	1	373
PF3D7_0315800	2621	21804	434	2187	0	175
PF3D7_1431600	4394	20031	3298	1096	0	73
PF3D7_1004700	4797	19628	1440	3021	336	27
PF3D7_1141400	5170	19255	509	2763	1898	41
PF3D7_0321300	10638	13787	4151	6487	0	1336
PF3D7_1208700	2584	21841	445	2063	76	171
PF3D7_1459300	849	23576	160	521	168	42
PF3D7_1205000	10582	13843	4340	5866	376	318
PF3D7_0618100	5042	19383	2645	2397	0	336
PF3D7_1348200	3329	21096	473	2818	38	61
PF3D7_0317100	23910	515	2071	6849	14990	15
PF3D7_1235000	24409	16	1761	1927	20721	0
PF3D7_1459500	6124	18301	1804	4320	0	658
PF3D7_0405800	535	23890	198	337	0	28
PF3D7_1437200	4300	20125	2921	1320	59	49
PF3D7_0312400	14444	9981	5166	2862	6416	11
PF3D7_0931000	5343	19082	2103	3240	0	390
PF3D7_0502400	10093	14332	5014	5078	1	584
PF3D7_0520000	2016	22409	1482	505	29	5
PF3D7_0420000	21598	2827	19598	2000	0	1229
PF3D7_1337200	10382	14043	5397	4985	0	844
PF3D7_0937200	14248	10177	3222	5160	5866	131
PF3D7_0702400	3820	20605	315	2071	1434	19
PF3D7_1038200	962	23463	734	197	31	13
PF3D7_0306300	2449	21976	1365	641	443	8
PF3D7_0923200	6606	17819	5301	1305	0	213
PF3D7_0916300	5229	19196	1473	2165	1591	14
PF3D7_0211700	21294	3131	18309	2985	0	1259
PF3D7_0520800	9713	14712	4254	5459	0	755
PF3D7_0916400	15222	9203	9748	5471	3	3118
PF3D7_1006100	2179	22246	1260	569	350	11
PF3D7_0205700	3473	20952	1968	1178	327	7
PF3D7_0721700	4159	20266	2929	1230	0	109
PF3D7_1018600	14240	10185	8869	5371	0	1118
PF3D7_0419300	19321	5104	16663	2630	28	74
PF3D7_0217000	22194	2231	3628	10169	8397	18
PF3D7_0208900	12257	12168	7266	4923	68	1265
PF3D7_1452000	18372	6053	14803	3569	0	858
PF3D7_1005300	8676	15749	2247	3925	2504	142
PF3D7_1015600	4646	19779	3981	555	110	17
PF3D7_0803700	4309	20116	2092	2195	22	9
PF3D7_1128200	1494	22931	1182	311	1	17
PF3D7_1011400	6376	18049	240	5867	269	31
PF3D7_0704900	1924	22501	535	1389	0	89
PF3D7_1017200	4730	19695	3304	1140	286	166
PF3D7_1001400	8140	16285	3050	5049	41	348
PF3D7_0107500	18269	6156	9011	6488	2770	217
PF3D7_0605600	18541	5884	11570	4225	2746	1391
PF3D7_0206500	17351	7074	14583	2768	0	507
PF3D7_1012800	11496	12929	9178	2318	0	249
PF3D7_1308000	6101	18324	1054	5047	0	371
PF3D7_1442900	17992	6433	12030	4452	1510	1457
PF3D7_1148700	9142	15283	5227	3844	71	255
PF3D7_0929400	24305	120	6676	4550	13079	8
PF3D7_1119300	2257	22168	734	1522	1	64
PF3D7_1468500	10046	14379	3256	1273	5517	7
PF3D7_0831100	24072	353	21400	1697	975	76
PF3D7_1215700	8798	15627	3628	5170	0	1141
PF3D7_0105400	24384	41	76	569	23739	1
PF3D7_0625200	4288	20137	769	3518	1	208
PF3D7_1016300	14399	10026	12022	2149	228	49
PF3D7_1202300	24409	16	8043	9275	7091	0
PF3D7_1441600	4376	20049	1643	2717	16	238
PF3D7_0317300	23863	562	23423	439	1	405
PF3D7_0714400	3851	20574	496	3025	330	48
PF3D7_0526000	21804	2621	10456	6722	4626	264
PF3D7_0212900	1569	22856	1115	452	2	36
PF3D7_1146000	6185	18240	3324	2859	2	374
PF3D7_1147100	1344	23081	459	468	417	15
PF3D7_0310500	14340	10085	9697	4643	0	1162
PF3D7_1313700	2442	21983	1264	1177	1	175
PF3D7_0522800	1251	23174	532	659	60	12
PF3D7_0822000	7636	16789	5178	2329	129	132
PF3D7_0104400	6053	18372	4797	1256	0	132
PF3D7_0615300	10256	14169	6583	3673	0	344
PF3D7_1038300	7413	17012	1168	3173	3072	17
PF3D7_1128100	1729	22696	463	929	337	28
PF3D7_0407500	1339	23086	336	936	67	49
PF3D7_0205600	2570	21855	1243	1327	0	97
PF3D7_0202400	16511	7914	9582	5109	1820	431
PF3D7_1413700	13706	10719	9001	3396	1309	534
PF3D7_1118400	1353	23072	632	718	3	32
PF3D7_0813700	16593	7832	11769	4823	1	498
PF3D7_0312800	1636	22789	1291	321	24	7
PF3D7_1005900	3930	20495	2540	1390	0	209
PF3D7_0220100	12888	11537	7387	5443	58	567
PF3D7_1028400	10764	13661	8256	2506	2	170
PF3D7_1114100	1239	23186	351	697	191	19
PF3D7_0521800	7922	16503	5732	1365	825	96
PF3D7_0902200	4159	20266	1492	2644	23	183
PF3D7_1233200	19069	5356	7239	7067	4763	663
PF3D7_0313100	5387	19038	2746	2346	295	134
PF3D7_0602400	7164	17261	4988	1930	246	143
PF3D7_0522900	9841	14584	3738	6102	1	1122
PF3D7_0820800	10824	13601	5939	4885	0	284
PF3D7_1449300	8863	15562	3396	5464	3	532
PF3D7_0808000	15747	8678	10922	4818	7	524
PF3D7_0512500	5763	18662	2352	3062	349	179
PF3D7_0724500	2653	21772	1152	1053	448	46
PF3D7_1325200	4300	20125	877	1499	1924	5
PF3D7_0111300	9781	14644	3786	5995	0	540
PF3D7_0802800	9895	14530	1979	4859	3057	93
PF3D7_0914000	14948	9477	10417	4529	2	1358
PF3D7_1338800	10672	13753	1753	4446	4473	16
PF3D7_1361000	7094	17331	2575	4502	17	414
PF3D7_0818300	12350	12075	1359	4978	6013	88
PF3D7_0916200	10636	13789	5513	5059	64	491
PF3D7_1208000	1045	23380	524	437	84	25
PF3D7_0532200	7091	17334	524	5813	754	180
PF3D7_1435200	3699	20726	930	1919	850	107
PF3D7_1315900	11327	13098	6354	2702	2271	258
PF3D7_0626800	7337	17088	2514	937	3886	16
PF3D7_1241100	9928	14497	6637	3225	66	58
PF3D7_0520200	6096	18329	2959	3136	1	326
PF3D7_1314700	6208	18217	3099	3032	77	279
PF3D7_1236700	3308	21117	791	2516	1	226
PF3D7_0623500	4571	19854	2479	1000	1092	5
PF3D7_1248500	2269	22156	1621	648	0	41
PF3D7_0519100	826	23599	516	310	0	15
PF3D7_1025800	431	23994	327	79	25	3
PF3D7_0307300	3584	20841	700	2884	0	240
PF3D7_0107400	536	23889	158	378	0	33
PF3D7_1009100	6521	17904	816	5700	5	463
PF3D7_0507400	716	23709	375	341	0	41
PF3D7_1005700	8745	15680	3639	4619	487	420
PF3D7_0522000	14888	9537	2679	11080	1129	3
PF3D7_1460800	5590	18835	1665	3925	0	280
PF3D7_1015700	21414	3011	3063	7746	10605	12
PF3D7_0527300	7340	17085	643	3179	3518	29
PF3D7_1233050	1689	22736	1543	78	68	5
PF3D7_0719600	1137	23288	728	363	46	5
PF3D7_1139300	13002	11423	3847	6790	2365	1346
PF3D7_1444200	1061	23364	260	618	183	14
PF3D7_1408500	1775	22650	701	1074	0	122
PF3D7_1124000	17308	7117	4313	6393	6602	14
PF3D7_0509200	7017	17408	3012	2763	1242	18
PF3D7_0521200	2458	21967	286	2172	0	106
PF3D7_0503200	9067	15358	1781	7286	0	682
PF3D7_1425300	6213	18212	2121	2205	1887	14
PF3D7_1242100	995	23430	158	600	237	24
PF3D7_0824500	11489	12936	278	3883	7328	84
PF3D7_0306100	4891	19534	712	3958	221	414
PF3D7_0204600	11127	13298	6252	4873	2	677
PF3D7_1143300	3266	21159	712	2554	0	103
PF3D7_0714300	7949	16476	2390	5118	441	397
PF3D7_0727900	9692	14733	3914	5777	1	1477
PF3D7_0315300	14484	9941	3566	7710	3208	132
PF3D7_1015900	5337	19088	3232	2047	58	37
PF3D7_1316400	1953	22472	949	685	319	3
PF3D7_1365200	429	23996	290	138	1	9
PF3D7_1004100	19015	5410	1545	12786	4684	37
PF3D7_0209200	2842	21583	1340	1098	404	21
PF3D7_1452300	2690	21735	1479	1208	3	132
PF3D7_1427600	13759	10666	6721	6545	493	51
PF3D7_1327300	13424	11001	9056	4367	1	1020
PF3D7_1363400	7776	16649	1626	6115	35	562
PF3D7_1133500	3301	21124	2011	954	336	44
PF3D7_0603500	2256	22169	1502	754	0	45
PF3D7_0609600	15562	8863	5366	8910	1286	582
PF3D7_1345500	1702	22723	649	1053	0	125
PF3D7_1122300	1857	22568	355	1502	0	62
PF3D7_1303800	24087	338	23159	928	0	253
PF3D7_1033400	4163	20262	661	3500	2	59
PF3D7_1319100	10430	13995	6950	3480	0	212
PF3D7_1429300	21500	2925	5850	4910	10740	1
PF3D7_1119900	11830	12595	6625	5189	16	1285
PF3D7_1364800	3301	21124	2487	652	162	1
PF3D7_1417500	2542	21883	1682	860	0	93
PF3D7_1453800	8857	15568	5049	3808	0	301
PF3D7_1307200	2112	22313	923	1189	0	179
PF3D7_0503600	10371	14054	3176	4673	2522	30
PF3D7_0821700	1479	22946	795	447	237	13
PF3D7_1367800	18322	6103	16027	2295	0	461
PF3D7_1413100	7148	17277	439	6199	510	338
PF3D7_0921600	12065	12360	1783	6642	3640	915
PF3D7_0410900	15501	8924	13001	2500	0	359
PF3D7_1360700	9540	14885	3348	5162	1030	371
PF3D7_0508100	12740	11685	8279	4459	2	759
PF3D7_0202100	6188	18237	981	5048	159	145
PF3D7_0207900	24408	17	10212	4149	10047	1
PF3D7_0109000	760	23665	316	444	0	25
PF3D7_1308700	11864	12561	8959	2904	1	294
PF3D7_1112900	3503	20922	914	1658	931	12
PF3D7_1414600	5041	19384	478	4504	59	201
PF3D7_1125400	15945	8480	1446	4021	10478	39
PF3D7_1141200	1252	23173	905	274	73	7
PF3D7_1317900	7548	16877	1728	5819	1	754
PF3D7_1463400	4508	19917	902	3606	0	191
PF3D7_0628400	4609	19816	2740	1487	382	12
PF3D7_1140700	17875	6550	14839	3035	1	1047
PF3D7_1018400	6802	17623	1630	2428	2744	26
PF3D7_1008100	14936	9489	10052	4884	0	1883
PF3D7_0817300	17276	7149	13760	3515	1	784
PF3D7_1435700	13365	11060	1531	3149	8685	90
PF3D7_1428800	2685	21740	1075	1463	147	86
PF3D7_0303400	4827	19598	2554	1813	460	87
PF3D7_0726050	3668	20757	2083	1575	10	115
PF3D7_1349700	9872	14553	242	9513	117	39
PF3D7_1112200	3981	20444	3497	484	0	53
PF3D7_1401800	1869	22556	287	1580	2	69
PF3D7_1143400	1741	22684	1265	358	118	1
PF3D7_0603700	4742	19683	1912	2830	0	103
PF3D7_1343800	15029	9396	9755	5272	2	3093
PF3D7_1365000	3631	20794	2102	1529	0	259
PF3D7_1322000	13530	10895	3318	5765	4447	217
PF3D7_1220600	6465	17960	511	2524	3430	48
PF3D7_0527200	14639	9786	6808	3951	3880	188
PF3D7_1242700	1850	22575	1576	272	2	9
PF3D7_1252100	19793	4632	8492	4783	6518	479
PF3D7_1359500	1996	22429	375	1620	1	160
PF3D7_0627600	2474	21951	456	2017	1	185
PF3D7_0422800	22214	2211	3003	6409	12802	32
PF3D7_1428300	13288	11137	1367	7272	4649	38
PF3D7_0714500	6335	18090	2671	3664	0	123
PF3D7_0314600	5168	19257	1082	4074	12	113
PF3D7_1432700	2336	22089	1709	547	80	8
PF3D7_1102900	9698	14727	688	4088	4922	75
PF3D7_0623200	2101	22324	576	1525	0	116
PF3D7_1129000	24406	19	616	3174	20616	1
PF3D7_1118900	1927	22498	745	969	213	40
PF3D7_0720400	16855	7570	2585	5513	8757	102
PF3D7_0829400	2761	21664	575	2186	0	184
PF3D7_0909600	5729	18696	1623	3984	122	116
PF3D7_1141900	6417	18008	431	5983	3	334
PF3D7_0905400	24310	115	3160	3902	17248	7
PF3D7_1334800	2718	21707	1983	735	0	95
PF3D7_1025600	344	24081	149	195	0	13
PF3D7_1477100	16882	7543	350	4163	12369	82
PF3D7_0727500	5981	18444	3285	2696	0	252
PF3D7_0424400	24399	26	18839	1792	3768	8
PF3D7_1230900	15150	9275	11710	3440	0	344
PF3D7_0423600	22249	2176	21017	1232	0	353
PF3D7_1421200	5719	18706	1489	4186	44	16
PF3D7_0827400	1616	22809	563	1053	0	80
PF3D7_1211300	9552	14873	4181	5225	146	330
PF3D7_0214100	15288	9137	9791	3910	1587	323
PF3D7_0104000	2519	21906	1715	668	136	35
PF3D7_1466900	18533	5892	15834	2408	291	622
PF3D7_0403700	23335	1090	11903	4213	7219	132
PF3D7_0203600	6322	18103	533	5789	0	308
PF3D7_1237100	24259	166	24061	198	0	137
PF3D7_0507700	8367	16058	1233	7037	97	95
PF3D7_1034800	21127	3298	2233	6432	12462	5
PF3D7_0927400	8713	15712	4670	3590	453	308
PF3D7_0920100	3982	20443	1053	1753	1176	3
PF3D7_0522100	7069	17356	1271	5798	0	353
PF3D7_1132500	11307	13118	4926	6380	1	1071
PF3D7_1329600	12229	12196	11527	702	0	89
PF3D7_0627500	3441	20984	1145	2260	36	16
PF3D7_0318700	2197	22228	76	2121	0	68
PF3D7_1356100	7359	17066	2521	4837	1	587
PF3D7_1124300	5850	18575	2538	2607	705	178
PF3D7_1472800	4266	20159	1477	1740	1049	22
PF3D7_1351900	10245	14180	5318	4926	1	192
PF3D7_0724700	24357	68	10378	9044	4935	22
PF3D7_1428400	12800	11625	7057	5434	309	806
PF3D7_0206800	22518	1907	21986	532	0	386
PF3D7_1468700	5177	19248	4030	940	207	6
PF3D7_0315200	16436	7989	13455	2981	0	654
PF3D7_0401900	16488	7937	11825	4661	2	1768
PF3D7_1013500	7082	17343	1541	4992	549	496
PF3D7_1364600	11971	12454	7792	4179	0	370
PF3D7_1476200	9482	14943	1190	7036	1256	212
PF3D7_0217500	7507	16918	6305	1150	52	19
PF3D7_1356000	7610	16815	890	6701	19	1197
PF3D7_0418400	12333	12092	1462	3133	7738	12
PF3D7_1015100	4516	19909	3446	1070	0	179
PF3D7_0213600	23268	1157	14874	5067	3327	247
PF3D7_1223200	3510	20915	2058	1452	0	65
PF3D7_0721600	5465	18960	282	2502	2681	8
PF3D7_1225300	4151	20274	2522	1568	61	132
PF3D7_0423800	7175	17250	1146	2725	3304	59
PF3D7_1322100	14172	10253	6959	5993	1220	1196
PF3D7_1345900	2202	22223	1174	678	350	15
PF3D7_1320400	2209	22216	336	1873	0	151
PF3D7_1144200	4450	19975	909	3164	377	185
PF3D7_1121800	9486	14939	5837	3649	0	543
PF3D7_1251200	6871	17554	2065	4705	101	190
PF3D7_1354600	3854	20571	1427	2115	312	47
PF3D7_1427400	5593	18832	4882	529	182	24
PF3D7_1115000	1444	22981	328	700	416	35
PF3D7_1212900	6284	18141	1368	4915	1	430
PF3D7_1422900	5786	18639	311	5475	0	115
PF3D7_1437800	926	23499	449	477	0	39
PF3D7_1329300	4013	20412	2241	1772	0	86
PF3D7_0216400	3145	21280	938	2149	58	196
PF3D7_1411100	17319	7106	1099	3974	12246	6
PF3D7_1135700	835	23590	330	320	185	11
PF3D7_1228300	18897	5528	16395	2410	92	105
PF3D7_1469300	4131	20294	1221	2910	0	78
PF3D7_1440400	7605	16820	1743	5170	692	720
PF3D7_0619600	8099	16326	653	7446	0	1261
PF3D7_1210500	3270	21155	1101	2168	1	214
PF3D7_1406700	6160	18265	179	3942	2039	33
PF3D7_0308300	5465	18960	468	4997	0	207
PF3D7_1347200	4537	19888	2030	2506	1	89
PF3D7_1035100	10287	14138	3440	6834	13	825
PF3D7_1209600	3563	20862	1231	2326	6	267
PF3D7_0907900	2184	22241	927	823	434	33
PF3D7_1033700	7618	16807	4059	2358	1201	26
PF3D7_1444500	9334	15091	3313	5496	525	687
PF3D7_1036500	9769	14656	6723	2990	56	241
PF3D7_1135300	3911	20514	644	3267	0	111
PF3D7_0913000	2280	22145	1369	721	190	27
PF3D7_0831600	24403	22	10086	5559	8758	1
PF3D7_1457800	5533	18892	1266	4262	5	522
PF3D7_1414700	9759	14666	3342	6383	34	1040
PF3D7_1433400	19692	4733	15140	4552	0	1878
PF3D7_0831300	21843	2582	11274	4313	6256	320
PF3D7_0706100	24028	397	7879	5561	10588	11
PF3D7_1436500	6831	17594	3148	3683	0	186
PF3D7_0932700	16858	7567	13503	3351	4	461
PF3D7_0603800	24409	16	7973	5747	10689	0
PF3D7_0419000	21767	2658	3053	4513	14201	12
PF3D7_0721800	672	23753	165	327	180	12
PF3D7_0405400	15602	8823	11320	4190	92	797
PF3D7_1352000	19421	5004	17333	2088	0	1030
PF3D7_1467500	6913	17512	3780	3076	57	139
PF3D7_0715800	6508	17917	3182	3326	0	196
PF3D7_0902800	8985	15440	4932	3429	624	296
PF3D7_0922600	7797	16628	2480	5208	109	66
PF3D7_0613000	1945	22480	1624	236	85	1
PF3D7_0703900	22170	2255	20184	1985	1	1543
PF3D7_0316300	3431	20994	1174	1909	348	40
PF3D7_0729800	1120	23305	908	212	0	18
PF3D7_1124200	4389	20036	1871	1681	837	93
PF3D7_0814100	3000	21425	1957	902	141	4
PF3D7_0217400	1446	22979	656	600	190	33
PF3D7_1007000	4199	20226	1982	1370	847	5
PF3D7_1248900	3328	21097	2215	1112	1	41
PF3D7_0936800	3623	20802	1617	1837	169	112
PF3D7_0906890	1960	22465	1109	795	56	71
PF3D7_0524900	23331	1094	20492	2839	0	93
PF3D7_1473400	5519	18906	1402	4117	0	582
PF3D7_0815400	2000	22425	435	1256	309	24
PF3D7_1228100	3571	20854	565	2679	327	104
PF3D7_1239100	1492	22933	178	1204	110	26
PF3D7_0408000	3950	20475	221	3729	0	93
PF3D7_1133800	7024	17401	2350	4296	378	194
PF3D7_1459600	9093	15332	4576	3628	889	278
PF3D7_1430100	1912	22513	1262	572	78	43
PF3D7_0807700	24409	16	2926	15525	5958	0
PF3D7_1358400	10636	13789	1476	695	8465	9
PF3D7_1438800	5386	19039	2835	1873	678	125
PF3D7_1434100	5687	18738	2069	3614	4	213
PF3D7_0500800	22922	1503	21235	1686	1	92
PF3D7_1023500	603	23822	176	427	0	14
PF3D7_1365300	7095	17330	1617	5478	0	505
PF3D7_0525000	6893	17532	1191	5702	0	544
PF3D7_0505100	21947	2478	15894	3618	2435	238
PF3D7_0514800	15336	9089	1749	6292	7295	634
PF3D7_0322000	1330	23095	461	869	0	17
PF3D7_0421700	24191	234	5708	7212	11271	131
PF3D7_1470100	9908	14517	3586	6215	107	1884
PF3D7_0905800	10141	14284	1592	8401	148	1130
PF3D7_1359600	16205	8220	12533	3672	0	1425
PF3D7_1359000	16657	7768	11011	5645	1	2120
PF3D7_0920900	5850	18575	373	4069	1408	112
PF3D7_0103300	8276	16149	874	7402	0	898
PF3D7_1354300	10279	14146	5495	4631	153	441
PF3D7_1134000	9673	14752	6314	3359	0	59
PF3D7_0912200	5335	19090	1363	3972	0	232
PF3D7_0409600	6360	18065	3206	3154	0	409
PF3D7_0821000	2914	21511	1458	1286	170	29
PF3D7_0206700	7078	17347	2147	4866	65	101
PF3D7_1212300	11572	12853	3418	5566	2588	150
PF3D7_1021200	7989	16436	5010	2979	0	263
PF3D7_0713900	18679	5746	14944	3728	7	2428
PF3D7_1476500	3731	20694	291	3270	170	251
PF3D7_1403000	20935	3490	11668	3534	5733	50
PF3D7_1147400	1880	22545	1724	132	24	11
PF3D7_0819900	2323	22102	2008	222	93	10
PF3D7_1011200	2891	21534	1150	1003	738	11
PF3D7_1306600	24025	400	1187	4583	18255	5
PF3D7_1144800	17689	6736	16142	1500	47	338
PF3D7_1462700	2347	22078	1657	669	21	49
PF3D7_1418900	6640	17785	3589	3040	11	300
PF3D7_1321900	5300	19125	170	5130	0	127
PF3D7_0321400	4084	20341	1386	1386	1312	44
PF3D7_0108100	4516	19909	1252	3263	1	213
PF3D7_0929200	3188	21237	2155	731	302	4
PF3D7_1200700	11479	12946	5477	6002	0	361
PF3D7_1463300	4084	20341	2519	1559	6	122
PF3D7_1471800	3479	20946	1485	1994	0	159
PF3D7_0907500	2441	21984	1464	642	335	21
PF3D7_0807900	8150	16275	874	6350	926	37
PF3D7_0303000	5339	19086	2647	2624	68	247
PF3D7_1349600	3262	21163	233	2141	888	39
PF3D7_0614200	10280	14145	5760	4520	0	538
PF3D7_0927900	6161	18264	1639	4521	1	26
PF3D7_0721200	9523	14902	3844	5678	1	640
PF3D7_0530600	16484	7941	14699	1757	28	100
PF3D7_0202300	4792	19633	1301	1224	2267	77
PF3D7_1012600	5252	19173	2632	2620	0	195
PF3D7_1347600	13166	11259	1751	2431	8984	9
PF3D7_1208300	1489	22936	803	570	116	53
PF3D7_1367400	7421	17004	1999	5321	101	709
PF3D7_0318600	5619	18806	3093	2525	1	312
PF3D7_1112500	6194	18231	1848	4345	1	149
PF3D7_1019900	3440	20985	139	3301	0	7
PF3D7_0816300	9366	15059	3482	5164	720	387
PF3D7_1410400	9461	14964	3121	6339	1	744
PF3D7_1475600	6189	18236	764	5425	0	269
PF3D7_1369700	1790	22635	1142	525	123	12
PF3D7_1343500	5032	19393	3941	779	312	83
PF3D7_0513500	824	23601	533	280	11	10
PF3D7_1313800	15863	8562	11138	4426	299	1601
PF3D7_1224500	711	23714	124	503	84	8
PF3D7_1405800	13619	10806	779	7632	5208	184
PF3D7_1458400	5226	19199	1985	3240	1	238
PF3D7_0931400	2237	22188	1274	849	114	56
PF3D7_1439000	2840	21585	438	1211	1191	35
PF3D7_0807000	1658	22767	1018	436	204	4
PF3D7_0923000	2294	22131	1175	1119	0	68
PF3D7_0420100	10533	13892	4862	5670	1	327
PF3D7_0931300	5171	19254	2486	2685	0	156
PF3D7_0219300	1701	22724	774	927	0	63
PF3D7_0715200	18014	6411	13194	3923	897	1005
PF3D7_1229900	20829	3596	4443	4404	11982	11
PF3D7_0803300	6875	17550	517	4139	2219	6
PF3D7_1025500	24409	16	22766	1164	479	0
PF3D7_0819300	7092	17333	1255	5837	0	810
PF3D7_1326200	2326	22099	447	1470	409	63
PF3D7_1401700	14239	10186	8303	5936	0	271
PF3D7_1343900	6688	17737	2960	3728	0	325
PF3D7_0112800	5664	18761	1203	4445	16	49
PF3D7_0602200	3542	20883	2159	961	422	26
PF3D7_1202000	7559	16866	2839	2871	1849	111
PF3D7_0413500	5178	19247	1225	3953	0	25
PF3D7_0221200	24231	194	2981	5564	15689	2
PF3D7_0924300	2562	21863	1211	1333	18	195
PF3D7_1235800	21468	2957	7725	8506	5237	82
PF3D7_1463600	860	23565	515	316	29	27
PF3D7_0506400	3213	21212	2600	409	204	8
PF3D7_0935100	768	23657	693	75	0	7
PF3D7_0917100	8808	15617	3446	5358	4	690
PF3D7_1249900	9113	15312	5639	3474	0	256
PF3D7_1456800	5242	19183	2145	3097	0	128
PF3D7_0703300	766	23659	292	474	0	64
PF3D7_1241300	4783	19642	795	3988	0	229
PF3D7_0930800	13653	10772	7289	5615	749	1525
PF3D7_0306900	2068	22357	1449	509	110	5
PF3D7_1334600	4773	19652	3308	1462	3	149
PF3D7_0511100	3710	20715	3223	200	287	17
PF3D7_1106300	10995	13430	6177	4115	703	149
PF3D7_1029300	14514	9911	8971	5543	0	417
PF3D7_0422700	3097	21328	2400	697	0	24
PF3D7_0619800	20602	3823	17867	2363	372	841
PF3D7_0508400	6036	18389	1621	4170	245	74
PF3D7_0920200	8201	16224	4091	4109	1	379
PF3D7_1420300	6527	17898	4479	2048	0	125
PF3D7_1206600	9347	15078	5011	4329	7	331
PF3D7_1221100	11340	13085	1228	5888	4224	13
PF3D7_1430200	6253	18172	2223	2767	1263	64
PF3D7_0610100	3351	21074	1147	2063	141	96
PF3D7_0304700	11319	13106	2280	7601	1438	365
PF3D7_1145000	9632	14793	2666	4843	2123	103
PF3D7_0826100	17625	6800	12085	5540	0	3044
PF3D7_0703600	12174	12251	4844	3393	3937	2
PF3D7_1312800	11613	12812	6213	5356	44	1802
PF3D7_0406400	8191	16234	2814	2680	2697	2
PF3D7_0818500	614	23811	84	526	4	51
PF3D7_1223400	18490	5935	3844	5499	9147	149
PF3D7_0623400	1954	22471	506	1448	0	91
PF3D7_1013400	19049	5376	3866	5222	9961	33
PF3D7_1200900	4251	20174	848	3208	195	93
PF3D7_1227800	7947	16478	4678	3268	1	306
PF3D7_0934200	3283	21142	606	2677	0	30
PF3D7_0819800	24409	16	9534	6926	7949	0
PF3D7_0314000	2968	21457	823	1868	277	8
PF3D7_1022900	1291	23134	166	957	168	4
PF3D7_0830700	1911	22514	638	1021	252	49
PF3D7_1339500	2767	21658	1152	1025	590	6
PF3D7_0612300	749	23676	375	374	0	30
PF3D7_1476700	1817	22608	691	1124	2	132
PF3D7_0529800	24332	93	17525	5582	1225	40
PF3D7_0518000	5742	18683	1223	3516	1003	25
PF3D7_0626700	3779	20646	1670	2108	1	87
PF3D7_0202700	5210	19215	2241	2969	0	80
PF3D7_0919000	3904	20521	3295	576	33	20
PF3D7_1238500	23114	1311	22362	712	40	549
PF3D7_1323400	2782	21643	1452	955	375	5
PF3D7_1442500	24400	25	1578	5083	17739	2
PF3D7_0812220	4710	19715	2211	1122	1377	14
PF3D7_1427200	1199	23226	657	538	4	54
PF3D7_1301400	2784	21641	1452	1320	12	105
PF3D7_1366500	1048	23377	67	980	1	36
PF3D7_0702200	2870	21555	685	2184	1	104
PF3D7_1465100	8831	15594	5149	3682	0	478
PF3D7_1244100	17104	7321	7491	4385	5228	331
PF3D7_0212100	20308	4117	17818	2487	3	653
PF3D7_0908100	8199	16226	1580	6293	326	188
PF3D7_1466700	5108	19317	1853	1508	1747	5
PF3D7_0926100	19950	4475	17748	2202	0	1101
PF3D7_1445200	14649	9776	7104	5653	1892	308
PF3D7_1426200	8212	16213	5483	2611	118	19
PF3D7_1318800	5367	19058	2776	2591	0	44
PF3D7_0720000	1180	23245	683	440	57	43
PF3D7_1424100	3573	20852	2171	1055	347	35
PF3D7_1313400	5044	19381	646	4398	0	443
PF3D7_0630900	24408	17	2047	9969	12392	1
PF3D7_1116500	1907	22518	1010	897	0	34
PF3D7_1324800	7107	17318	4026	1658	1423	63
PF3D7_1325900	22371	2054	20514	1856	1	857
PF3D7_1123300	13317	11108	7659	5658	0	170
PF3D7_1443400	7542	16883	2050	5476	16	480
PF3D7_0616900	8267	16158	3507	4760	0	848
PF3D7_0609400	2554	21871	1266	1288	0	142
PF3D7_1038500	12739	11686	3183	9227	329	65
PF3D7_0608900	9822	14603	3962	5522	338	691
PF3D7_1231300	6224	18201	3699	2525	0	288
PF3D7_1475200	8301	16124	2954	5346	1	935
PF3D7_0912400	2202	22223	532	1271	399	47
PF3D7_1334200	5547	18878	1241	4306	0	141
PF3D7_1220100	6779	17646	1049	5730	0	242
PF3D7_1427700	2360	22065	1024	1336	0	9
PF3D7_1423600	5791	18634	4741	629	421	7
PF3D7_1204900	24342	83	1980	2254	20108	1
PF3D7_1224300	6566	17859	2753	3812	1	127
PF3D7_0105900	2512	21913	295	2217	0	181
PF3D7_1203400	18277	6148	15259	3017	1	570
PF3D7_0302500	24408	17	23787	612	9	1
PF3D7_0702900	3344	21081	1731	1023	590	4
PF3D7_0414000	24399	26	2893	6884	14622	1
PF3D7_0322900	3455	20970	2331	1011	113	9
PF3D7_0608600	6327	18098	1163	5161	3	106
PF3D7_1408200	16860	7565	13102	3757	1	1184
PF3D7_0908000	8141	16284	856	4455	2830	103
PF3D7_1415100	9011	15414	4867	3121	1023	196
PF3D7_1421400	13946	10479	681	3033	10232	27
PF3D7_1348700	12189	12236	6795	4380	1014	38
PF3D7_0513100	2810	21615	1783	979	48	15
PF3D7_0811400	4298	20127	3344	802	152	38
PF3D7_0515900	915	23510	288	627	0	31
PF3D7_1031600	17336	7089	12699	4637	0	557
PF3D7_0321900	9954	14471	2801	6658	495	618
PF3D7_0828200	9091	15334	4340	4751	0	889
PF3D7_0211800	3249	21176	1770	1478	1	114
PF3D7_1125100	6248	18177	263	5985	0	377
PF3D7_0416300	8999	15426	6145	2853	1	300
PF3D7_1032900	11296	13129	4848	6447	1	1651
PF3D7_0609900	15960	8465	12831	3129	0	476
PF3D7_1354800	4505	19920	1924	2581	0	324
PF3D7_0926200	120	24305	44	76	0	8
PF3D7_1246600	12373	12052	7997	4374	2	279
PF3D7_1029200	5039	19386	801	4234	4	263
PF3D7_0618400	6076	18349	1803	2925	1348	132
PF3D7_1034700	1008	23417	690	318	0	9
PF3D7_1460700	1716	22709	820	734	162	13
PF3D7_0813000	4507	19918	1421	3086	0	146
PF3D7_0810000	2343	22082	810	1533	0	7
PF3D7_1222500	7981	16444	2400	4033	1548	25
PF3D7_1138300	1153	23272	406	725	22	102
PF3D7_0812900	12752	11673	8861	3617	274	311
PF3D7_0113200	9843	14582	2877	6773	195	1780
PF3D7_0710500	22347	2078	801	7543	14003	2
PF3D7_0216500	10362	14063	3507	6590	265	1005
PF3D7_1326100	2557	21868	990	1425	142	85
PF3D7_0605000	898	23527	430	468	0	26
PF3D7_1428600	3611	20814	648	1854	1109	28
PF3D7_1216300	925	23500	502	421	2	28
PF3D7_0728800	4356	20069	1689	2433	234	269
PF3D7_1110300	10176	14249	5184	4772	220	161
PF3D7_1345200	3228	21197	415	2812	1	288
PF3D7_0922700	5232	19193	3535	1104	593	6
PF3D7_1334400	6632	17793	1911	4716	5	215
PF3D7_0721500	10627	13798	5699	4924	4	385
PF3D7_1329100	12498	11927	7977	4475	46	794
PF3D7_0821500	5651	18774	1661	3990	0	216
PF3D7_1138400	12474	11951	6682	5774	18	2104
PF3D7_0522300	4656	19769	1791	1801	1064	7
PF3D7_1016700	10123	14302	2802	6029	1292	898
PF3D7_1307400	10474	13951	255	7011	3208	65
PF3D7_1126600	9654	14771	3716	5938	0	441
PF3D7_0933000	3955	20470	707	3248	0	325
PF3D7_1124700	24406	19	2991	2972	18443	2
PF3D7_0310900	4263	20162	1294	2968	1	285
PF3D7_1456100	2109	22316	442	1650	17	223
PF3D7_1236000	3335	21090	179	3156	0	178
PF3D7_0423700	3333	21092	123	3210	0	49
PF3D7_0912500	4106	20319	1527	2394	185	96
PF3D7_0936000	18068	6357	674	5599	12408	26
PF3D7_0615500	9248	15177	2152	7094	2	122
PF3D7_0818000	5716	18709	2699	3017	0	312
PF3D7_1445600	11000	13425	2533	4730	3737	106
PF3D7_1243600	507	23918	292	176	39	3
PF3D7_0109800	2664	21761	1139	1525	0	190
PF3D7_0704100	18133	6292	13526	4605	2	1683
PF3D7_0918000	1741	22684	448	1292	1	67
PF3D7_1433000	646	23779	478	151	17	9
PF3D7_0530800	24162	263	2375	1022	20765	2
PF3D7_0820600	2896	21529	304	1795	797	61
PF3D7_0305300	24408	17	1536	3955	18917	1
PF3D7_1404000	6060	18365	265	3917	1878	35
PF3D7_0614500	937	23488	350	562	25	14
PF3D7_1305200	1721	22704	482	1239	0	129
PF3D7_1247900	3543	20882	862	2681	0	57
PF3D7_0518700	24399	26	5408	6587	12404	3
PF3D7_1349800	2180	22245	782	1398	0	150
PF3D7_0218600	19133	5292	12774	6115	244	1356
PF3D7_0726100	23672	753	12146	4153	7373	266
PF3D7_1225700	6843	17582	2704	4139	0	527
PF3D7_0709800	3906	20519	3056	850	0	13
PF3D7_1448100	2237	22188	598	1639	0	85
PF3D7_0319600	17770	6655	977	3743	13050	18
PF3D7_1018700	5606	18819	918	4684	4	445
PF3D7_1010600	3664	20761	1527	2098	39	8
PF3D7_0311200	24408	17	6739	4804	12865	1
PF3D7_0210900	1411	23014	796	615	0	72
PF3D7_1460300	4883	19542	603	570	3710	10
PF3D7_0110500	22914	1511	21786	1118	10	374
PF3D7_0605100	3435	20990	1770	1665	0	161
PF3D7_0611000	2928	21497	1043	1464	421	17
PF3D7_1342500	23266	1159	1707	5688	15871	23
PF3D7_1437700	8036	16389	6074	1962	0	335
PF3D7_1356900	4589	19836	2977	882	730	8
PF3D7_0212600	3729	20696	921	2712	96	36
PF3D7_1145400	7833	16592	3907	3692	234	123
PF3D7_1111800	3633	20792	554	2412	667	47
PF3D7_1204200	6951	17474	3452	3497	2	311
PF3D7_0526400	4613	19812	1612	3001	0	93
PF3D7_0521300	19479	4946	5991	13462	26	262
PF3D7_1033600	9681	14744	5778	3901	2	401
PF3D7_1446600	1600	22825	665	765	170	3
PF3D7_1435300	14050	10375	10363	3687	0	836
PF3D7_1234500	2667	21758	629	2036	2	113
PF3D7_0422200	21293	3132	10867	10421	5	1872
PF3D7_1418000	2176	22249	1227	673	276	14
PF3D7_0103100	15301	9124	10145	5146	10	1145
PF3D7_1014500	7897	16528	4134	3763	0	703
PF3D7_1105500	933	23492	309	494	130	26
PF3D7_0302100	11720	12705	6550	5170	0	514
PF3D7_1214900	4994	19431	449	1587	2958	6
PF3D7_0408800	1295	23130	285	1009	1	97
PF3D7_1354000	4372	20053	1492	2871	9	439
PF3D7_0623700	9380	15045	4319	5061	0	618
PF3D7_1352500	2106	22319	263	1201	642	19
PF3D7_0924600	22130	2295	6409	6043	9678	325
PF3D7_1407300	11706	12719	3422	3824	4460	62
PF3D7_1209900	4761	19664	1541	3219	1	331
PF3D7_0930100	16406	8019	14512	1894	0	235
PF3D7_1363100	8635	15790	4102	4394	139	513
PF3D7_0215900	5668	18757	1720	1773	2175	14
PF3D7_0301200	5119	19306	2045	2606	468	104
PF3D7_1223300	7614	16811	5013	2601	0	264
PF3D7_1452800	4101	20324	1232	1851	1018	72
PF3D7_1222100	3391	21034	1857	1534	0	119
PF3D7_1460600	1741	22684	457	1283	1	12
PF3D7_1470800	17399	7026	2298	15015	86	196
PF3D7_0220000	24363	62	24228	102	33	29
PF3D7_0323700	10200	14225	2667	7533	0	245
PF3D7_0529200	23042	1383	18992	3055	995	45
PF3D7_1218100	3511	20914	1064	2065	382	85
PF3D7_0802600	21824	2601	19437	2244	143	557
PF3D7_1455700	16279	8146	4911	5189	6179	173
PF3D7_1454400	7641	16784	3157	4484	0	320
PF3D7_1346100	4171	20254	2801	1359	11	15
PF3D7_1023200	2823	21602	1616	1207	0	80
PF3D7_0806900	3247	21178	450	2797	0	70
PF3D7_0726700	986	23439	126	860	0	59
PF3D7_0414400	4310	20115	614	3661	35	143
PF3D7_1322400	15789	8636	12565	3175	49	188
PF3D7_0526800	3307	21118	904	2403	0	169
PF3D7_1473600	576	23849	208	366	2	17
PF3D7_1324400	3469	20956	1935	1159	375	6
PF3D7_1313900	2294	22131	842	1397	55	152
PF3D7_0717200	18915	5510	17762	1090	63	63
PF3D7_1114700	8702	15723	3099	3628	1975	39
PF3D7_0415600	1381	23044	773	608	0	45
PF3D7_0610700	1887	22538	1673	166	48	7
PF3D7_1134100	3805	20620	2716	1089	0	92
PF3D7_0306600	4709	19716	2174	2535	0	20
PF3D7_0618700	1890	22535	708	1179	3	118
PF3D7_0715700	1413	23012	1090	323	0	14
PF3D7_1470300	788	23637	122	615	51	69
PF3D7_0322400	10598	13827	5959	4493	146	455
PF3D7_1421300	12503	11922	2253	8493	1757	335
PF3D7_1426800	15309	9116	11765	3426	118	490
PF3D7_0508300	1700	22725	939	761	0	49
PF3D7_0610400	666	23759	58	607	1	1
PF3D7_1311800	7773	16652	4264	3509	0	244
PF3D7_1472300	5721	18704	1339	3926	456	91
PF3D7_1474600	2411	22014	594	1240	577	25
PF3D7_1316300	3418	21007	924	1576	918	4
PF3D7_0605500	6867	17558	5225	1623	19	181
PF3D7_0929000	2738	21687	985	1695	58	73
PF3D7_0108600	4863	19562	1455	2106	1302	8
PF3D7_1036400	24228	197	24147	81	0	37
PF3D7_0102200	23786	639	22018	1727	41	113
PF3D7_1023000	3263	21162	740	2522	1	132
PF3D7_1302900	8967	15458	1348	7619	0	814
PF3D7_0516800	21097	3328	18467	2630	0	439
PF3D7_1022400	7263	17162	5112	2126	25	152
PF3D7_0108500	18225	6200	13462	4761	2	269
PF3D7_1326600	23452	973	22305	1086	61	491
PF3D7_0517200	10112	14313	5121	4989	2	389
PF3D7_1432500	4561	19864	2204	2143	214	111
PF3D7_1347400	540	23885	151	384	5	52
PF3D7_1455200	2320	22105	1179	721	420	4
PF3D7_1130600	13632	10793	6728	6543	361	409
PF3D7_0320700	4226	20199	749	1940	1537	5
PF3D7_1434400	2099	22326	652	1334	113	50
PF3D7_1133400	11743	12682	5724	6019	0	1860
PF3D7_1003200	20546	3879	517	5161	14868	13
PF3D7_0509700	18275	6150	2317	8818	7140	8
PF3D7_1038400	24409	16	24409	0	0	0
PF3D7_0934500	1544	22881	1092	451	1	49
PF3D7_1115300	14662	9763	10268	4394	0	164
PF3D7_0520500	1122	23303	584	538	0	47
PF3D7_0918300	1719	22706	688	911	120	39
PF3D7_0611600	4847	19578	1813	3034	0	217
PF3D7_1420500	11579	12846	7587	3992	0	418
PF3D7_1246900	18342	6083	2692	7101	8549	89
PF3D7_1230800	24012	413	3860	2328	17824	7
PF3D7_0912000	10271	14154	3069	7201	1	1823
PF3D7_1224800	2257	22168	517	1740	0	84
PF3D7_1023300	677	23748	453	189	35	8
PF3D7_0822800	3177	21248	497	2680	0	149
PF3D7_0424500	7089	17336	3069	3980	40	182
PF3D7_1015400	6311	18114	4205	2105	1	424
PF3D7_1433500	13883	10542	5736	5225	2922	136
PF3D7_0609000	15862	8563	10584	5276	2	2977
PF3D7_0510200	7437	16988	3841	3596	0	185
PF3D7_1439800	930	23495	279	528	123	28
PF3D7_1415500	9915	14510	5927	3792	196	464
PF3D7_0607000	9691	14734	5719	3972	0	131
PF3D7_1125200	3690	20735	2423	1102	165	21
PF3D7_1142100	13914	10511	7778	6135	1	2011
PF3D7_1338000	8168	16257	5955	1449	764	12
PF3D7_1009700	3848	20577	1779	2067	2	158
PF3D7_1408400	5636	18789	1610	4026	0	303
PF3D7_0935700	2553	21872	1091	1253	209	81
PF3D7_0606300	470	23955	326	144	0	15
PF3D7_0415200	18107	6318	14717	3390	0	1520
PF3D7_1106900	1200	23225	410	629	161	26
PF3D7_1225900	6481	17944	3016	3464	1	224
PF3D7_0805600	3340	21085	1371	1968	1	57
PF3D7_0711300	2845	21580	192	2653	0	42
PF3D7_1237200	23703	722	23222	481	0	192
PF3D7_0213100	2089	22336	725	1293	71	13
PF3D7_1123200	6499	17926	1892	4549	58	264
PF3D7_0912900	10713	13712	1273	4963	4477	3
PF3D7_0610600	3973	20452	1645	1249	1079	34
PF3D7_1345300	725	23700	327	309	89	20
PF3D7_0316000	1809	22616	477	1331	1	97
PF3D7_1436900	1267	23158	595	637	35	28
PF3D7_0405500	3855	20570	1815	1491	549	34
PF3D7_1359300	5911	18514	2154	3757	0	504
PF3D7_0615100	6772	17653	880	5891	1	180
PF3D7_0728300	879	23546	186	691	2	68
PF3D7_0501300	23544	881	8951	4166	10427	8
PF3D7_0821100	9439	14986	5884	3387	168	315
PF3D7_0210400	1263	23162	392	783	88	8
PF3D7_0217600	20445	3980	15184	3544	1717	396
PF3D7_0529400	24408	17	5924	7827	10657	1
PF3D7_1204400	4947	19478	1269	2057	1621	8
PF3D7_1131300	8171	16254	1008	7163	0	382
PF3D7_1462200	308	24117	153	155	0	13
PF3D7_0401600	13773	10652	6772	5858	1143	1129
PF3D7_0726300	22270	2155	20643	1499	128	140
PF3D7_0805400	1249	23176	299	681	269	11
PF3D7_0820300	8136	16289	1508	6628	0	1103
PF3D7_0936600	4513	19912	1562	2765	186	71
PF3D7_0414600	6418	18007	990	5405	23	30
PF3D7_1109900	2281	22144	1112	1153	16	27
PF3D7_0715600	7026	17399	4474	2552	0	96
PF3D7_0929300	12186	12239	8273	3913	0	342
PF3D7_1457600	5488	18937	318	5059	111	375
PF3D7_1435600	11409	13016	5538	5867	4	1078
PF3D7_1348900	815	23610	461	353	1	60
PF3D7_1234100	22018	2407	20402	1616	0	1206
PF3D7_1343700	6971	17454	3434	3537	0	155
PF3D7_1003300	691	23734	65	619	7	24
PF3D7_0416200	3405	21020	1613	1792	0	50
PF3D7_1247200	1850	22575	695	1155	0	77
PF3D7_1345700	4366	20059	3173	1192	1	134
PF3D7_1472400	9717	14708	2493	6635	589	1180
PF3D7_1423300	6675	17750	3546	2080	1049	29
PF3D7_1351800	4932	19493	261	3107	1564	118
PF3D7_1464800	6658	17767	6103	358	197	16
PF3D7_1437900	3879	20546	2351	1506	22	44
PF3D7_1470200	2364	22061	660	1609	95	40
PF3D7_1461600	9297	15128	4236	4702	359	291
PF3D7_1026100	1818	22607	706	898	214	22
PF3D7_1025700	7212	17213	379	6792	41	55
PF3D7_0907300	2002	22423	511	1491	0	181
PF3D7_0203900	8620	15805	5333	3284	3	294
PF3D7_0614400	4198	20227	103	4095	0	111
PF3D7_0218200	12461	11964	2343	10116	2	447
PF3D7_1350600	9133	15292	588	4991	3554	71
PF3D7_1449800	936	23489	102	834	0	88
PF3D7_1111700	6522	17903	1262	5260	0	454
PF3D7_0527400	3769	20656	761	2340	668	103
PF3D7_0817700	24394	31	7989	7208	9197	1
PF3D7_0209400	11857	12568	3990	2762	5105	20
PF3D7_0628300	3113	21312	2007	919	187	9
PF3D7_1320300	4049	20376	708	3341	0	246
PF3D7_1440700	5878	18547	1089	4788	1	321
PF3D7_0417800	14126	10299	8152	5974	0	240
PF3D7_0719900	16993	7432	13313	3670	10	2481
PF3D7_1316800	12431	11994	3280	1588	7563	25
PF3D7_1470600	5625	18800	1144	4071	410	319
PF3D7_1415400	18117	6308	14247	3870	0	1038
PF3D7_0206000	11241	13184	6090	5146	5	865
PF3D7_1309400	21110	3315	18755	2353	2	841
PF3D7_1464900	7356	17069	4268	3088	0	111
PF3D7_1028800	4611	19814	963	3183	465	5
PF3D7_1230600	4074	20351	3296	741	37	22
PF3D7_1336600	2336	22089	277	2035	24	7
PF3D7_1455000	1922	22503	849	834	239	18
PF3D7_1474200	17127	7298	11496	5535	96	3227
PF3D7_0309800	9461	14964	770	7909	782	8
PF3D7_1335000	4520	19905	2947	1565	8	183
PF3D7_0609500	24407	18	4984	2973	16450	1
PF3D7_1002900	1539	22886	1079	375	85	13
PF3D7_1237600	5517	18908	1035	3395	1087	180
PF3D7_1125800	13525	10900	3769	8264	1492	43
PF3D7_1429000	2109	22316	528	1581	0	94
PF3D7_1309900	1540	22885	414	1126	0	145
PF3D7_1332500	4393	20032	878	3514	1	35
PF3D7_0914300	11133	13292	7714	3149	270	403
PF3D7_0515600	24049	376	6925	4384	12740	16
PF3D7_0219500	5667	18758	537	1683	3447	38
PF3D7_1224200	5164	19261	2842	2127	195	123
PF3D7_1137800	7654	16771	134	2151	5369	59
PF3D7_1204300	412	24013	107	305	0	7
PF3D7_1012900	6554	17871	528	1522	4504	18
PF3D7_1439400	2673	21752	1276	1397	0	52
PF3D7_1239200	10532	13893	3822	6710	0	1797
PF3D7_0207300	19071	5354	5518	5375	8178	83
PF3D7_0828700	7730	16695	2196	5532	2	893
PF3D7_1332700	5054	19371	2469	2585	0	203
PF3D7_0621800	1607	22818	1122	379	106	8
PF3D7_1477600	24407	18	24328	72	7	1
PF3D7_0913600	11452	12973	6560	4892	0	932
PF3D7_0913800	5059	19366	2642	2377	40	30
PF3D7_0206200	3178	21247	1443	1735	0	63
PF3D7_0920400	16222	8203	13434	2787	1	833
PF3D7_0616400	16740	7685	12521	4219	0	1598
PF3D7_0312000	3340	21085	2853	377	110	12
PF3D7_0423000	1873	22552	178	1692	3	164
PF3D7_0502900	743	23682	153	330	260	5
PF3D7_0106000	13228	11197	9069	4157	2	314
PF3D7_0209100	7801	16624	3001	2671	2129	33
PF3D7_1112300	10260	14165	5571	3934	755	319
PF3D7_0203300	878	23547	190	688	0	66
PF3D7_1235100	2384	22041	316	2053	15	9
PF3D7_1423500	22426	1999	20894	1519	13	350
PF3D7_1311000	2467	21958	2269	184	14	16
PF3D7_1233100	1058	23367	757	301	0	47
PF3D7_1005800	852	23573	306	511	35	47
PF3D7_1104700	3256	21169	2629	444	183	1
PF3D7_0310300	17815	6610	13443	4356	16	283
PF3D7_1129600	14806	9619	11242	3564	0	807
PF3D7_0906910	2364	22061	116	2247	1	72
PF3D7_0723800	24362	63	24305	57	0	25
PF3D7_0407300	3669	20756	58	3610	1	183
PF3D7_1420800	4629	19796	3667	667	295	18
PF3D7_0321800	17195	7230	12562	4633	0	2874
PF3D7_0314800	10241	14184	1126	5199	3916	238
PF3D7_0104200	6656	17769	1165	5491	0	245
PF3D7_0618600	5666	18759	1076	1823	2767	4
PF3D7_0924400	14385	10040	10691	3553	141	662
PF3D7_0814600	5380	19045	2129	3250	1	48
PF3D7_1328500	10045	14380	5904	4140	1	437
PF3D7_1037400	7289	17136	1441	5847	1	862
PF3D7_0803000	5278	19147	711	4567	0	426
PF3D7_1317200	17423	7002	14227	3194	2	1246
PF3D7_1216100	1776	22649	557	1218	1	85
PF3D7_1330100	798	23627	117	681	0	50
PF3D7_0315900	3828	20597	841	2002	985	20
PF3D7_0910100	8256	16169	5053	3035	168	120
PF3D7_0306700	14037	10388	8142	3043	2852	10
PF3D7_0813900	2452	21973	1833	596	23	3
PF3D7_0404600	22288	2137	20032	2252	4	1372
PF3D7_0934800	3628	20797	3084	379	165	8
PF3D7_0508800	5704	18721	291	5413	0	67
PF3D7_1214700	674	23751	224	450	0	34
PF3D7_1322800	1788	22637	1297	404	87	32
PF3D7_0218300	5633	18792	2049	2447	1137	32
PF3D7_0928700	17311	7114	11904	5407	0	860
PF3D7_1452500	3679	20746	768	1696	1215	8
PF3D7_0911300	24221	204	7424	5674	11123	104
PF3D7_0828600	3238	21187	866	2131	241	121
PF3D7_1145200	11541	12884	6071	5470	0	2159
PF3D7_1357600	4301	20124	3731	307	263	20
PF3D7_0520300	2176	22249	1591	543	42	10
PF3D7_1340700	7453	16972	6897	447	109	8
PF3D7_0913100	7162	17263	2593	4569	0	597
PF3D7_0819100	9831	14594	467	5910	3454	83
PF3D7_0612500	2884	21541	2637	247	0	31
PF3D7_1324100	2184	22241	1467	717	0	68
PF3D7_1318500	13907	10518	2634	3320	7953	3
PF3D7_1461300	1305	23120	245	1060	0	1
PF3D7_0614800	8019	16406	2430	4649	940	219
PF3D7_0423300	15314	9111	9786	5528	0	247
PF3D7_0514200	10811	13614	5416	5393	2	360
PF3D7_0704300	22480	1945	21081	1399	0	354
PF3D7_1116800	7132	17293	4072	2606	454	50
PF3D7_0805100	4561	19864	3547	1014	0	124
PF3D7_0212500	24409	16	14503	4791	5115	0
PF3D7_0205300	20923	3502	1498	4879	14546	78
PF3D7_0316800	745	23680	248	308	189	3
PF3D7_0807200	2520	21905	503	1475	542	54
PF3D7_1009500	7144	17281	5231	1630	283	157
PF3D7_0908200	14039	10386	7443	5966	630	795
PF3D7_0412200	6699	17726	456	6243	0	114
PF3D7_1107600	10047	14378	3808	6239	0	714
PF3D7_0405200	24409	16	7591	2725	14093	0
PF3D7_1110400	13310	11115	7822	5009	479	608
PF3D7_1217200	13177	11248	7505	5671	1	668
PF3D7_1017900	6978	17447	3526	3006	446	85
PF3D7_1221800	5891	18534	2955	2936	0	156
PF3D7_1462800	5861	18564	3256	2538	67	22
PF3D7_1324900	4323	20102	2947	1376	0	19
PF3D7_1026600	19605	4820	17152	2451	2	660
PF3D7_1121100	24408	17	9491	4409	10508	1
PF3D7_0529100	23837	588	1150	1141	21546	6
PF3D7_0622000	1959	22466	605	871	483	19
PF3D7_1217900	7745	16680	1763	5808	174	236
PF3D7_0908600	4116	20309	1450	2666	0	293
PF3D7_1413900	2028	22397	710	1061	257	18
PF3D7_1403800	12169	12256	4381	7768	20	1181
PF3D7_1447700	1235	23190	385	850	0	72
PF3D7_0728900	23098	1327	1570	6514	15014	15
PF3D7_1250100	19806	4619	16520	3286	0	1270
PF3D7_1361500	5460	18965	2484	1744	1232	2
PF3D7_1345100	2286	22139	700	1079	507	7
PF3D7_0925600	978	23447	321	601	56	10
PF3D7_1105000	308	24117	118	190	0	1
PF3D7_1427300	9137	15288	7580	1435	122	140
PF3D7_1437400	8039	16386	3590	4449	0	488
PF3D7_0301100	3983	20442	416	3091	476	134
PF3D7_1345400	17023	7402	4809	5762	6452	538
PF3D7_0917700	2578	21847	1211	1366	1	123
PF3D7_0530200	2262	22163	646	1610	6	149
PF3D7_1357100	16417	8008	15674	743	0	4
PF3D7_0521000	4621	19804	1386	3158	77	263
PF3D7_1423000	7496	16929	1079	6231	186	111
PF3D7_1340100	1115	23310	178	937	0	71
PF3D7_0515700	2204	22221	712	1492	0	43
PF3D7_1216900	7516	16909	3418	4096	2	424
PF3D7_0823700	1826	22599	1129	480	217	12
PF3D7_1366900	12162	12263	6610	5415	137	370
PF3D7_1409800	4071	20354	506	3565	0	128
PF3D7_0602100	11425	13000	6538	4868	19	440
PF3D7_1219700	1282	23143	174	1108	0	32
PF3D7_0304000	14000	10425	5683	3027	5290	123
PF3D7_0206600	1230	23195	782	413	35	9
PF3D7_0309100	3513	20912	863	1649	1001	7
PF3D7_1439200	11236	13189	4191	4694	2351	150
PF3D7_0936500	4630	19795	551	3980	99	138
PF3D7_0827200	15224	9201	11569	3653	2	751
PF3D7_1250300	1500	22925	552	947	1	20
PF3D7_0215400	17982	6443	11531	6451	0	200
PF3D7_0630700	7406	17019	1218	6188	0	560
PF3D7_1006500	3720	20705	1099	2618	3	191
PF3D7_1143100	15597	8828	11388	4209	0	1413
PF3D7_1459900	712	23713	120	592	0	49
PF3D7_1241500	2220	22205	393	1824	3	229
PF3D7_0209300	2108	22317	952	1117	39	61
PF3D7_1020200	7728	16697	1202	5975	551	311
PF3D7_0102500	17616	6809	8110	5073	4433	904
PF3D7_0915500	5064	19361	636	4427	1	344
PF3D7_1251300	3772	20653	2695	707	370	6
PF3D7_1110100	6978	17447	2572	4406	0	537
PF3D7_0507800	23246	1179	22341	849	56	481
PF3D7_1023800	9685	14740	4743	4869	73	456
PF3D7_1139200	3518	20907	1805	1474	239	132
PF3D7_1232300	2958	21467	416	1489	1053	10
PF3D7_0523900	1375	23050	605	532	238	42
PF3D7_1406000	1241	23184	874	302	65	15
PF3D7_0711500	9221	15204	2323	6897	1	273
PF3D7_0405000	11575	12850	1245	4967	5363	62
PF3D7_1004200	23527	898	4724	8235	10568	368
PF3D7_0809200	9820	14605	2184	7635	1	1438
PF3D7_1126700	21419	3006	5261	5245	10913	46
PF3D7_1473000	4298	20127	328	3967	3	96
PF3D7_0927200	23354	1071	6106	6780	10468	149
PF3D7_1413200	8954	15471	6310	2604	40	96
PF3D7_1327600	392	24033	87	305	0	14
PF3D7_1024800	20069	4356	18021	2048	0	471
PF3D7_0902300	4937	19488	2442	2066	429	117
PF3D7_1453100	4073	20352	334	3739	0	393
PF3D7_1234700	16565	7860	5571	4718	6276	375
PF3D7_1348000	10258	14167	4813	5046	399	862
PF3D7_0320200	8051	16374	5180	2871	0	242
PF3D7_1450800	5452	18973	2855	2597	0	195
PF3D7_1144600	2700	21725	1545	1155	0	115
PF3D7_1317100	8311	16114	4247	4063	1	132
PF3D7_1402400	2907	21518	333	2574	0	297
PF3D7_1225500	5934	18491	2546	3213	175	111
PF3D7_1206800	7668	16757	4596	3000	72	319
PF3D7_1349500	22490	1935	17669	2753	2068	772
PF3D7_0530900	16579	7846	12238	4341	0	1286
PF3D7_0903800	11216	13209	5177	5954	85	921
PF3D7_1027800	3129	21296	2674	455	0	17
PF3D7_0106900	6239	18186	1781	4458	0	370
PF3D7_1461700	1634	22791	771	444	419	17
PF3D7_0424200	11421	13004	5786	4691	944	927
PF3D7_0512800	22477	1948	21918	559	0	256
PF3D7_1472200	19081	5344	15058	4015	8	733
PF3D7_1034600	8906	15519	4572	4334	0	131
PF3D7_1015500	6043	18382	4789	1252	2	196
PF3D7_1210700	12873	11552	7744	5063	66	274
PF3D7_1138100	625	23800	93	532	0	58
PF3D7_0906600	4924	19501	1362	3560	2	354
PF3D7_1022000	11757	12668	4071	6244	1442	248
PF3D7_0930200	8342	16083	4145	2885	1312	64
PF3D7_0926900	2366	22059	560	1351	455	24
PF3D7_1303900	2016	22409	872	779	365	8
PF3D7_0502700	3337	21088	497	1587	1253	37
PF3D7_0812800	597	23828	312	285	0	9
PF3D7_0606200	14098	10327	503	2699	10896	4
PF3D7_0706500	9765	14660	3235	6530	0	1070
PF3D7_0423200	1555	22870	98	1421	36	24
PF3D7_1007300	7721	16704	2543	3634	1544	238
PF3D7_0518600	8388	16037	4090	4296	2	412
PF3D7_1422600	9738	14687	4706	5032	0	363
PF3D7_1218000	2206	22219	1294	912	0	77
PF3D7_0504800	21444	2981	19083	2361	0	1020
PF3D7_0914200	11668	12757	2057	1936	7675	12
PF3D7_0811600	9667	14758	6562	3078	27	182
PF3D7_0513200	21575	2850	17660	3058	857	744
PF3D7_1239700	7080	17345	4351	2729	0	217
PF3D7_0519900	5690	18735	555	5132	3	278
PF3D7_1230500	3737	20688	2417	1320	0	225
PF3D7_0206100	3306	21119	1114	2026	166	51
PF3D7_1322200	23841	584	6910	7810	9121	234
PF3D7_1020800	4797	19628	1922	1830	1045	26
PF3D7_1409700	8071	16354	1851	6124	96	554
PF3D7_0320100	2305	22120	1248	767	290	6
PF3D7_0624100	2802	21623	1785	988	29	74
PF3D7_0717100	15820	8605	12680	3084	56	226
PF3D7_0822500	1534	22891	450	749	335	9
PF3D7_0510700	4780	19645	3732	1048	0	112
PF3D7_1456200	7610	16815	4337	3273	0	354
PF3D7_0321100	16673	7752	11155	5512	6	1005
PF3D7_1414100	7969	16456	2835	5129	5	505
PF3D7_1029900	13928	10497	8279	5648	1	638
PF3D7_0521700	6157	18268	4559	1597	1	263
PF3D7_0530000	1025	23400	43	912	70	62
PF3D7_1010500	2331	22094	1504	550	277	8
PF3D7_1362800	21202	3223	5896	5650	9656	271
PF3D7_0933700	2666	21759	1869	595	202	22
PF3D7_1234600	16675	7750	13419	3256	0	271
PF3D7_0604600	14307	10118	3076	6054	5178	324
PF3D7_0501700	7417	17008	2543	4874	0	213
PF3D7_0526700	22638	1787	4570	8242	9826	168
PF3D7_1242200	4345	20080	667	3678	0	278
PF3D7_1344800	3805	20620	1586	1881	338	74
PF3D7_0807800	8099	16326	3106	4992	1	102
PF3D7_0220300	6504	17921	1520	2448	2536	28
PF3D7_1426000	1224	23201	847	377	0	9
PF3D7_0710700	6180	18245	405	5759	16	135
PF3D7_0523600	993	23432	450	387	156	2
PF3D7_1431900	6778	17647	2046	4103	629	230
PF3D7_0308900	12651	11774	8184	4467	0	604
PF3D7_1239500	8150	16275	3933	4216	1	420
PF3D7_1306300	15849	8576	3187	11826	836	201
PF3D7_1229100	17187	7238	14393	2794	0	1236
PF3D7_0811100	1433	22992	697	736	0	48
PF3D7_1323700	1528	22897	619	679	230	12
PF3D7_1008600	5741	18684	1241	4499	1	195
PF3D7_1011900	4388	20037	1953	1493	942	7
PF3D7_1132900	1315	23110	681	632	2	62
PF3D7_0806800	6959	17466	3520	3438	1	170
PF3D7_1404400	1013	23412	508	505	0	67
PF3D7_1215300	1548	22877	758	743	47	5
PF3D7_0208700	2022	22403	1046	666	310	4
PF3D7_0312200	8580	15845	5269	3311	0	622
PF3D7_1327400	4026	20399	106	3920	0	115
PF3D7_1146100	3152	21273	1130	1232	791	20
PF3D7_0904900	15845	8580	10150	4748	947	1507
PF3D7_0812700	2270	22155	351	1919	0	77
PF3D7_1324700	1101	23324	413	656	32	25
PF3D7_1221300	24406	19	1348	4602	18456	1
PF3D7_1455400	11351	13074	379	2210	8762	26
PF3D7_1337800	4069	20356	2588	1480	1	63
PF3D7_1119500	4625	19800	2810	1209	606	37
PF3D7_1410000	5007	19418	386	4618	3	107
PF3D7_0515100	5880	18545	1518	3496	866	171
PF3D7_1457000	6336	18089	3191	1841	1304	30
PF3D7_1137100	5533	18892	1552	3930	51	199
PF3D7_1356600	2615	21810	1433	1182	0	51
PF3D7_1007400	2124	22301	994	1129	1	98
PF3D7_1473700	14083	10342	10211	3867	5	652
PF3D7_0818600	21921	2504	1832	6548	13541	53
PF3D7_1454700	4975	19450	4035	940	0	77
PF3D7_0919300	21167	3258	507	5110	15550	14
PF3D7_1327700	3567	20858	685	2868	14	53
PF3D7_1403100	12029	12396	5763	6266	0	1540
PF3D7_0213900	16995	7430	14553	2442	0	460
PF3D7_0511700	2405	22020	521	1546	338	22
PF3D7_1134600	10130	14295	3561	6568	1	1631
PF3D7_1202100	23309	1116	7925	6024	9360	11
PF3D7_0729600	14498	9927	1614	3360	9524	9
PF3D7_1302050	1400	23025	910	411	79	30
PF3D7_1201000	13194	11231	11180	1979	35	174
PF3D7_0511300	10716	13709	5373	5331	12	936
PF3D7_0615200	24020	405	1963	5439	16618	4
PF3D7_1332900	10479	13946	7227	3252	0	257
PF3D7_1037300	1724	22701	677	1047	0	13
PF3D7_1016400	20643	3782	974	5497	14172	28
PF3D7_1251800	6616	17809	2890	3726	0	455
PF3D7_1225200	10596	13829	5789	4807	0	395
PF3D7_0615700	1983	22442	759	639	585	4
PF3D7_1024300	617	23808	324	293	0	14
PF3D7_0626000	8647	15778	2667	5980	0	998
PF3D7_0936100	1910	22515	277	1632	1	107
PF3D7_1332200	13217	11208	6308	4527	2382	289
PF3D7_1146500	4055	20370	779	3276	0	129
PF3D7_1440800	7132	17293	1272	4756	1104	186
PF3D7_1139900	2379	22046	1095	889	395	23
PF3D7_0827000	12424	12001	7858	4448	118	1452
PF3D7_1370300	22160	2265	2928	4531	14702	7
PF3D7_0612000	1386	23039	1107	224	55	13
PF3D7_1203100	2842	21583	761	1651	430	105
PF3D7_1019000	19234	5191	16522	2695	17	1018
PF3D7_1008800	2344	22081	1153	1191	0	104
PF3D7_1428000	5020	19405	3677	1065	278	31
PF3D7_1142200	4253	20172	1614	2531	108	114
PF3D7_1251100	3161	21264	380	1719	1062	66
PF3D7_1444800	3132	21293	1606	1526	0	57
PF3D7_0708800	6689	17736	3727	2962	0	106
PF3D7_0705800	2504	21921	836	986	682	10
PF3D7_1020100	368	24057	57	246	65	11
PF3D7_1406100	10455	13970	4318	6137	0	1163
PF3D7_0211600	4147	20278	1644	2503	0	34
PF3D7_0927700	2487	21938	1292	1195	0	44
PF3D7_1127000	14044	10381	3119	3866	7059	17
PF3D7_0211200	621	23804	216	405	0	30
PF3D7_1405000	6797	17628	2678	3119	1000	247
PF3D7_1338200	1469	22956	871	592	6	22
PF3D7_1210000	4076	20349	773	1715	1588	72
PF3D7_1117800	9895	14530	4838	4892	165	239
PF3D7_1366700	5482	18943	364	5118	0	392
PF3D7_0207200	1640	22785	1419	221	0	31
PF3D7_0113300	23042	1383	18175	2551	2316	437
PF3D7_1102500	9726	14699	3906	5513	307	362
PF3D7_1407000	10914	13511	7989	2924	1	286
PF3D7_1222400	17759	6666	14539	3214	6	865
PF3D7_1307500	500	23925	38	441	21	34
PF3D7_1330300	6559	17866	525	3657	2377	44
PF3D7_0913200	2464	21961	1034	1430	0	108
PF3D7_0905600	22124	2301	2214	6525	13385	302
PF3D7_1131700	2017	22408	1139	645	233	14
PF3D7_0932100	17349	7076	12547	4282	520	425
PF3D7_1149400	8903	15522	505	8245	153	92
PF3D7_1002200	10350	14075	2805	6227	1318	297
PF3D7_1414800	1008	23417	103	783	122	64
PF3D7_0314300	2584	21841	1616	968	0	95
PF3D7_1115700	16170	8255	8148	8022	0	102
PF3D7_0729900	15492	8933	11805	3639	48	682
PF3D7_1430000	20718	3707	558	4686	15474	21
PF3D7_1423800	22354	2071	21009	1121	224	133
PF3D7_1459000	6284	18141	3206	3077	1	338
PF3D7_1011000	1509	22916	892	511	106	6
PF3D7_0719800	4567	19858	2775	1792	0	62
PF3D7_1314300	3154	21271	1449	1704	1	135
PF3D7_1318700	7739	16686	5113	2626	0	307
PF3D7_1453000	5799	18626	977	4822	0	643
PF3D7_0204200	1404	23021	474	577	353	15
PF3D7_0925700	2565	21860	1512	1053	0	18
PF3D7_0722200	9899	14526	6295	3604	0	302
PF3D7_0603300	6393	18032	5194	1198	1	138
PF3D7_0806600	15604	8821	3997	4023	7584	247
PF3D7_1447600	4268	20157	227	2000	2041	7
PF3D7_0610000	2499	21926	1491	719	289	22
PF3D7_1248000	2898	21527	1372	1526	0	116
PF3D7_0720200	1967	22458	636	878	453	18
PF3D7_1106600	8027	16398	4032	3995	0	609
PF3D7_1211600	18100	6325	13717	4366	17	1825
PF3D7_0823200	2521	21904	514	1818	189	13
PF3D7_1411500	14062	10363	9378	4684	0	664
PF3D7_1144300	731	23694	662	68	1	1
PF3D7_0520600	966	23459	364	433	169	17
PF3D7_1232400	6496	17929	1712	4774	10	230
PF3D7_1247500	19188	5237	14997	4191	0	755
PF3D7_1138200	1938	22487	788	860	290	28
PF3D7_1122200	5043	19382	1466	2728	849	18
PF3D7_1226100	2392	22033	595	1797	0	105
PF3D7_0417300	11617	12808	9829	1762	26	46
PF3D7_1017700	13262	11163	7385	5876	1	511
PF3D7_0630000	5394	19031	1722	2756	916	10
PF3D7_1148000	11837	12588	7059	4778	0	530
PF3D7_0514900	3612	20813	194	3418	0	216
PF3D7_1009200	7621	16804	1371	6250	0	560
PF3D7_0912600	14434	9991	2190	5692	6552	307
PF3D7_1339400	1445	22980	340	835	270	15
PF3D7_0210300	3864	20561	1825	1748	291	37
PF3D7_0219900	17315	7110	859	3992	12464	26
PF3D7_0728600	20021	4404	16040	3817	164	790
PF3D7_0608300	13744	10681	6987	6757	0	1478
PF3D7_1476600	10530	13895	4711	5476	343	1263
PF3D7_0320400	13968	10457	9443	4525	0	2365
PF3D7_1474400	24409	16	15566	4061	4782	0
PF3D7_0322700	21339	3086	17997	3305	37	1188
PF3D7_1320800	5202	19223	3141	1692	369	111
PF3D7_0507500	9172	15253	4579	4592	1	251
PF3D7_1244700	2781	21644	717	2002	62	63
PF3D7_1220400	7358	17067	879	6478	1	347
PF3D7_1221700	13200	11225	10713	2471	16	187
PF3D7_0413700	4643	19782	4369	274	0	27
PF3D7_0215200	1541	22884	895	646	0	40
PF3D7_1304600	9873	14552	4471	5402	0	1042
PF3D7_1451400	11616	12809	6149	5466	1	920
PF3D7_0414900	22045	2380	3934	2621	15490	1
PF3D7_0727200	7306	17119	1331	5975	0	280
PF3D7_1239400	863	23562	234	629	0	74
PF3D7_1366100	889	23536	450	375	64	13
PF3D7_0929100	3463	20962	1514	1279	670	77
PF3D7_1137900	6954	17471	1715	4743	496	737
PF3D7_1140600	10590	13835	4779	5809	2	1222
PF3D7_0904800	3488	20937	1144	2332	12	45
PF3D7_1436700	5728	18697	2705	2921	102	491
PF3D7_1340000	12851	11574	9439	3412	0	474
PF3D7_0514600	8584	15841	5090	3146	348	10
PF3D7_1468400	7824	16601	3131	4693	0	719
PF3D7_1008400	3176	21249	1738	1437	1	15
PF3D7_1343600	5195	19230	3169	2026	0	345
PF3D7_0317500	17884	6541	14070	3756	58	1239
PF3D7_1432900	2260	22165	1420	782	58	36
PF3D7_1247300	3743	20682	1322	2261	160	220
PF3D7_1467700	1805	22620	548	796	461	21
PF3D7_1025300	6482	17943	3083	3399	0	276
PF3D7_1460500	22648	1777	19663	1644	1341	416
PF3D7_1315100	5461	18964	2446	3015	0	61
PF3D7_1231700	2771	21654	290	2344	137	7
PF3D7_1432400	14664	9761	3692	5836	5136	25
PF3D7_0531400	7424	17001	1836	5588	0	975
PF3D7_1478800	3678	20747	737	2479	462	149
PF3D7_1223100	21371	3054	1204	3188	16979	7
PF3D7_0820500	8006	16419	1969	6036	1	550
PF3D7_0512300	1627	22798	1019	608	0	43
PF3D7_1449100	24324	101	1037	5725	17562	14
PF3D7_1019800	19892	4533	17934	1957	1	137
PF3D7_0513700	8245	16180	4096	3641	508	163
PF3D7_1321800	2197	22228	1390	679	128	52
PF3D7_1220000	4446	19979	1355	3091	0	95
PF3D7_1012300	1572	22853	1038	482	52	8
PF3D7_0616000	21082	3343	20258	819	5	59
PF3D7_1368100	6970	17455	3850	2628	492	11
PF3D7_1149000	24373	52	24106	189	78	28
PF3D7_1368200	6794	17631	4962	1746	86	53
PF3D7_1422000	1550	22875	1129	264	157	2
PF3D7_0828300	6920	17505	781	6139	0	444
PF3D7_1147300	10442	13983	5084	5358	0	711
PF3D7_1251400	3558	20867	963	2593	2	201
PF3D7_1426100	670	23755	363	307	0	11
PF3D7_0721900	2164	22261	1592	507	65	1
PF3D7_1208400	11005	13420	4636	6367	2	725
PF3D7_0313000	9293	15132	5333	3943	17	187
PF3D7_0602500	2774	21651	1356	1417	1	120
PF3D7_0603200	4941	19484	2673	2267	1	134
PF3D7_1130800	5795	18630	1514	4241	40	69
PF3D7_1331000	6440	17985	1461	4974	5	310
PF3D7_1440300	24402	23	814	2121	21467	1
PF3D7_0711400	8282	16143	984	7298	0	508
PF3D7_0630300	24399	26	9170	6056	9173	5
PF3D7_1237500	12805	11620	7362	5436	7	1079
PF3D7_1132000	9900	14525	5575	4325	0	392
PF3D7_0603900	3104	21321	703	2401	0	122
PF3D7_0404100	23195	1230	22012	984	199	256
PF3D7_1341600	5175	19250	2024	3151	0	363
PF3D7_0504000	17357	7068	12923	4232	202	1078
PF3D7_0411700	1991	22434	201	1789	1	86
PF3D7_0808450	1416	23009	433	759	224	17
PF3D7_1338500	6565	17860	2574	3991	0	356
PF3D7_0311100	11192	13233	6187	4745	260	312
PF3D7_1011800	11232	13193	4684	6545	3	764
PF3D7_1024000	5808	18617	2462	3346	0	179
PF3D7_0501600	5523	18902	1458	4065	0	57
PF3D7_1444600	2962	21463	2217	606	139	55
PF3D7_1139500	24296	129	2556	2460	19280	2
PF3D7_0403800	5995	18430	1404	4580	11	424
PF3D7_0622600	810	23615	365	310	135	6
PF3D7_1118100	506	23919	92	368	46	4
PF3D7_0937000	24409	16	781	2901	20727	0
PF3D7_0613300	11120	13305	2741	7691	688	710
PF3D7_1312450	2440	21985	141	2299	0	51
PF3D7_1365100	2527	21898	1658	772	97	10
PF3D7_0605200	4126	20299	2337	1005	784	12
PF3D7_0820000	21415	3010	18940	2419	56	600
PF3D7_0504400	9493	14932	5423	4069	1	273
PF3D7_0404500	7200	17225	1011	6179	10	260
PF3D7_1022600	7133	17292	4231	2902	0	226
PF3D7_1322500	9005	15420	3409	4231	1365	39
PF3D7_0730200	5748	18677	736	3695	1317	179
PF3D7_1332600	7675	16750	3283	4392	0	267
PF3D7_0932600	3591	20834	1558	1858	175	44
PF3D7_1415600	7165	17260	1392	5773	0	1153
PF3D7_0609300	13015	11410	8483	4481	51	458
PF3D7_0526900	11929	12496	2341	2686	6902	21
PF3D7_1132400	15196	9229	10790	4404	2	829
PF3D7_0932500	7203	17222	2177	3006	2020	20
PF3D7_1131400	24409	16	6300	11026	7083	0
PF3D7_1024100	16561	7864	12873	3688	0	391
PF3D7_1468900	5746	18679	1894	3851	1	456
PF3D7_1357500	8505	15920	6394	2111	0	214
PF3D7_1456900	2721	21704	585	1548	588	11
PF3D7_0626200	3629	20796	817	2812	0	222
PF3D7_1203700	4660	19765	2970	1677	13	16
PF3D7_1415900	1201	23224	630	470	101	9
PF3D7_0630100	7526	16899	2277	5246	3	425
PF3D7_1426900	442	23983	123	319	0	12
PF3D7_1325000	1483	22942	1120	363	0	9
PF3D7_0707200	17682	6743	13153	4525	4	1202
PF3D7_0503500	8179	16246	1961	6217	1	493
PF3D7_0301600	10264	14161	5080	4805	379	430
PF3D7_0919900	22601	1824	21201	1400	0	705
PF3D7_1244000	8386	16039	1711	5335	1340	324
PF3D7_1140200	11835	12590	3982	7244	609	348
PF3D7_1136000	20003	4422	16380	3199	424	1547
PF3D7_0501000	4458	19967	1318	3028	112	64
PF3D7_0424700	23934	491	22700	736	498	30
PF3D7_1144000	945	23480	741	175	29	6
PF3D7_0705900	1399	23026	766	500	133	1
PF3D7_1018200	20435	3990	17923	2470	42	909
PF3D7_0406500	24193	232	23941	249	3	112
PF3D7_1315500	4407	20018	1163	1893	1351	22
PF3D7_1003100	959	23466	267	597	95	11
PF3D7_0908400	2691	21734	322	2368	1	132
PF3D7_1330700	5662	18763	1735	2587	1340	119
PF3D7_1362100	3702	20723	1123	1450	1129	6
PF3D7_0311300	6702	17723	3468	2612	622	162
PF3D7_1314800	4059	20366	224	3660	175	38
PF3D7_0930400	11837	12588	4852	5832	1153	253
PF3D7_0901900	7119	17306	1420	3932	1767	115
PF3D7_0624200	3381	21044	999	1514	868	45
PF3D7_1304400	23374	1051	754	7350	15270	35
PF3D7_1320200	3298	21127	906	2361	31	201
PF3D7_0505800	3866	20559	1410	2145	311	5
PF3D7_0411200	10454	13971	4247	6196	11	738
PF3D7_1335800	3859	20566	1240	2588	31	152
PF3D7_0526100	2938	21487	1152	1778	8	172
PF3D7_1301900	3878	20547	536	3311	31	26
PF3D7_0904200	6007	18418	1688	3947	372	185
PF3D7_0616500	19022	5403	16009	3013	0	683
PF3D7_0703400	9806	14619	4838	4961	7	628
PF3D7_1305000	8759	15666	3074	5684	1	789
PF3D7_1022800	6020	18405	2916	3104	0	179
PF3D7_1333700	912	23513	368	544	0	41
PF3D7_1212100	3888	20537	1129	2759	0	216
PF3D7_0726400	24399	26	8715	7590	8094	9
PF3D7_0619200	10070	14355	4597	5101	372	568
PF3D7_0616800	4589	19836	1627	2962	0	61
PF3D7_0303600	741	23684	125	616	0	75
PF3D7_1022300	2699	21726	964	990	745	14
PF3D7_1137300	7929	16496	1257	6671	1	266
PF3D7_1325300	951	23474	472	479	0	35
PF3D7_1429500	8717	15708	4322	4393	2	390
PF3D7_1001800	3472	20953	198	2098	1176	59
PF3D7_1249300	12975	11450	8998	3977	0	498
PF3D7_0109600	1347	23078	695	535	117	28
PF3D7_0216700	21997	2428	10912	5380	5705	88
PF3D7_0818400	1196	23229	409	787	0	25
PF3D7_1460100	1697	22728	531	1166	0	104
PF3D7_0422400	1583	22842	1365	216	2	16
PF3D7_0707300	20476	3949	17718	2716	42	623
PF3D7_1032600	3574	20851	897	2677	0	137
PF3D7_0403500	1804	22621	341	1463	0	97
PF3D7_1445300	7537	16888	3454	4068	15	302
PF3D7_1127500	4827	19598	1297	2235	1295	14
PF3D7_1441200	1891	22534	1630	258	3	10
PF3D7_1031900	10823	13602	3677	4805	2341	95
PF3D7_1231100	3486	20939	1852	1006	628	1
PF3D7_1305300	14931	9494	9929	4932	70	1789
PF3D7_1444400	12768	11657	5022	2590	5156	254
PF3D7_1408100	4293	20132	2046	2242	5	157
PF3D7_1143500	9701	14724	3969	5620	112	720
PF3D7_0815800	13728	10697	8212	5514	2	1118
PF3D7_0405300	22499	1926	19945	2554	0	1333
PF3D7_0106400	1812	22613	551	683	578	11
PF3D7_1419200	4124	20301	1685	2272	167	228
PF3D7_1346200	1600	22825	1330	270	0	35
PF3D7_1457100	7169	17256	2311	4854	4	687
PF3D7_1202600	20323	4102	17752	2096	475	625
PF3D7_1223600	12576	11849	8623	3303	650	405
PF3D7_0214900	18238	6187	12978	4823	437	305
PF3D7_1228200	3635	20790	726	2909	0	354
PF3D7_1322900	7178	17247	3545	2992	641	4
PF3D7_0317200	10153	14272	6236	3917	0	681
PF3D7_0625300	19044	5381	13065	5979	0	461
PF3D7_1349200	8786	15639	4375	4406	5	361
PF3D7_0919100	5059	19366	708	1844	2507	9
PF3D7_0532500	20521	3904	966	9041	10514	19
PF3D7_1365600	9895	14530	3183	3849	2863	129
PF3D7_1443100	5861	18564	467	5390	4	297
PF3D7_0809700	15665	8760	1543	5363	8759	25
PF3D7_0724900	12067	12358	7246	4821	0	925
PF3D7_0208800	1532	22893	325	1206	1	99
PF3D7_1206700	3017	21408	233	2779	5	199
PF3D7_1212400	4163	20262	425	3738	0	167
PF3D7_1035900	24071	354	23966	105	0	10
PF3D7_0605400	4237	20188	3946	291	0	49
PF3D7_0401800	21293	3132	18888	2402	3	333
PF3D7_0913400	1409	23016	934	389	86	21
PF3D7_0111500	24405	20	1297	1682	21426	1
PF3D7_1355800	3484	20941	1304	2002	178	10
PF3D7_0705600	6249	18176	2409	3840	0	602
PF3D7_0917500	6351	18074	4114	2237	0	216
PF3D7_0904300	23938	487	5819	6084	12035	166
PF3D7_1208100	14514	9911	8308	6061	145	2563
PF3D7_0620600	4037	20388	151	3885	1	157
PF3D7_0823100	22343	2082	763	4731	16849	3
PF3D7_0530750	1207	23218	551	409	247	13
PF3D7_1123500	12166	12259	7858	4308	0	331
PF3D7_1342600	9086	15339	5776	3246	64	85
PF3D7_1352600	7379	17046	2249	1894	3236	14
PF3D7_0529700	19930	4495	19017	900	13	152
PF3D7_1312300	1597	22828	508	1089	0	124
PF3D7_1134400	3686	20739	2866	657	163	15
PF3D7_0301700	2836	21589	577	1859	400	47
PF3D7_1333900	21379	3046	18694	2464	221	184
PF3D7_0831200	13574	10851	7641	5403	530	677
PF3D7_0418500	22453	1972	1146	4009	17298	2
PF3D7_1026400	6772	17653	2665	4107	0	237
PF3D7_0506500	24121	304	21312	1548	1261	189
PF3D7_0904700	918	23507	67	629	222	29
PF3D7_0309500	5405	19020	3526	1793	86	83
PF3D7_1031000	1269	23156	286	983	0	32
PF3D7_0911600	7008	17417	2622	4386	0	293
PF3D7_1149100	8523	15902	6738	1711	74	54
PF3D7_0818200	2500	21925	1454	937	109	2
PF3D7_0709100	17566	6859	9212	8354	0	860
PF3D7_0316200	24405	20	9190	8188	7027	2
PF3D7_1453400	7881	16544	3567	4313	1	909
PF3D7_0419800	969	23456	94	875	0	60
PF3D7_1421600	7144	17281	2119	3607	1418	105
PF3D7_1006700	11745	12680	10472	1260	13	84
PF3D7_1247800	9934	14491	4947	4157	830	16
PF3D7_0625400	4614	19811	121	4493	0	165
PF3D7_1322700	3894	20531	2358	1535	1	121
PF3D7_1223000	3192	21233	1024	1237	931	24
PF3D7_1209300	19919	4506	18542	1377	0	548
PF3D7_0626600	668	23757	195	455	18	47
PF3D7_0319900	718	23707	98	620	0	79
PF3D7_1346400	14428	9997	10099	4329	0	3002
PF3D7_1011700	1939	22486	534	1405	0	189
PF3D7_1033200	6617	17808	1476	5140	1	249
PF3D7_1428200	7307	17118	1121	6147	39	339
PF3D7_0727800	10778	13647	4819	5958	1	1512
PF3D7_1003500	543	23882	173	323	47	1
PF3D7_1135000	2636	21789	1614	679	343	9
PF3D7_0409500	3449	20976	1393	1999	57	24
PF3D7_1408800	3547	20878	941	2155	451	104
PF3D7_1462100	7888	16537	1995	5890	3	677
PF3D7_0801300	5395	19030	251	5144	0	55
PF3D7_0728100	19157	5268	14527	4626	4	2416
PF3D7_1008000	19006	5419	14620	4386	0	1111
PF3D7_1357000	20125	4300	17131	2994	0	3
PF3D7_1469800	3302	21123	455	2465	382	130
PF3D7_1231600	9074	15351	5238	3783	53	300
PF3D7_0416400	7225	17200	4073	3087	65	264
PF3D7_0109500	716	23709	429	275	12	16
PF3D7_0815500	6229	18196	1234	4015	980	54
PF3D7_1124100	12963	11462	6733	6230	0	1501
PF3D7_0612100	11390	13035	8357	3032	1	145
PF3D7_0103800	3767	20658	2330	917	520	2
PF3D7_1211100	2888	21537	1784	1101	3	92
PF3D7_1435900	4529	19896	512	4010	7	99
PF3D7_1443000	8748	15677	3768	4977	3	851
PF3D7_0607900	5181	19244	1676	3502	3	346
PF3D7_1479000	9352	15073	4199	5019	134	787
PF3D7_1201900	3348	21077	436	2770	142	57
PF3D7_0916900	3634	20791	402	2895	337	237
PF3D7_0911400	8901	15524	2873	5994	34	546
PF3D7_0218500	4573	19852	172	4373	28	10
PF3D7_0723900	8814	15611	2463	5399	952	526
PF3D7_1344100	6632	17793	3069	3563	0	374
PF3D7_0922200	3185	21240	1856	1293	36	27
PF3D7_1114000	1842	22583	907	878	57	72
PF3D7_1026300	9664	14761	4933	4726	5	541
PF3D7_0629400	2899	21526	1257	1636	6	148
PF3D7_0102700	7249	17176	2544	4660	45	114
PF3D7_1238200	3724	20701	780	2817	127	128
PF3D7_1142900	3043	21382	590	2453	0	251
PF3D7_1029800	3291	21134	1495	1796	0	108
PF3D7_1247100	2139	22286	531	1130	478	72
PF3D7_1446400	4379	20046	518	3857	4	147
PF3D7_1401600	3802	20623	766	2623	413	223
PF3D7_1104800	3761	20664	565	1935	1261	10
PF3D7_1472500	19719	4706	1188	4533	13998	5
PF3D7_0809600	14032	10393	6438	7593	1	3284
PF3D7_0710300	22707	1718	925	5140	16642	2
PF3D7_0825600	344	24081	110	234	0	27
PF3D7_0812100	12702	11723	8634	4068	0	645
PF3D7_0922800	16170	8255	10239	5916	15	2546
PF3D7_0507000	3064	21361	2465	541	58	10
PF3D7_1223900	787	23638	378	408	1	35
PF3D7_0105800	8368	16057	1567	3680	3121	110
PF3D7_1339900	7808	16617	3981	3825	2	395
PF3D7_1352200	24408	17	1047	3020	20341	1
PF3D7_0623300	14530	9895	2835	4771	6924	10
PF3D7_1247400	1485	22940	719	766	0	59
PF3D7_1013300	3581	20844	1044	2537	0	353
PF3D7_0606900	1130	23295	310	820	0	67
PF3D7_1031300	14971	9454	10624	4347	0	548
PF3D7_1028200	3093	21332	856	2237	0	56
PF3D7_1347500	2658	21767	1292	925	441	25
PF3D7_0104700	5084	19341	1926	3157	1	291
PF3D7_1250500	3223	21202	2762	294	167	6
PF3D7_1360900	3754	20671	2163	1083	508	13
PF3D7_0402600	8821	15604	3703	4507	611	488
PF3D7_0710200	24313	112	24264	49	0	57
PF3D7_1110900	4529	19896	585	3940	4	368
PF3D7_1433800	17950	6475	12286	5663	1	1134
PF3D7_0211100	6716	17709	2936	3780	0	457
PF3D7_1214000	1243	23182	488	678	77	21
PF3D7_1133000	4353	20072	428	3924	1	18
PF3D7_0625900	5893	18532	784	5069	40	220
PF3D7_1145700	7917	16508	1955	5962	0	352
PF3D7_1215100	5806	18619	1587	4150	69	388
PF3D7_1401100	7766	16659	1556	6032	178	340
PF3D7_1411900	2921	21504	246	2675	0	105
PF3D7_0625800	3744	20681	1150	2589	5	355
PF3D7_1353900	24059	366	802	1174	22083	1
PF3D7_1368000	2220	22205	1255	860	105	11
PF3D7_0704500	14665	9760	9469	5193	3	1161
PF3D7_0717000	14548	9877	5196	3625	5727	10
PF3D7_0409000	16290	8135	11043	5244	3	2063
PF3D7_1217700	15868	8557	8652	7216	0	278
PF3D7_0930700	3867	20558	1047	1397	1423	104
PF3D7_0307500	8220	16205	5299	2849	72	105
PF3D7_1356800	13768	10657	8557	5205	6	2833
PF3D7_1111300	1918	22507	847	1068	3	88
PF3D7_0413900	10459	13966	5066	4445	948	129
PF3D7_1126800	9326	15099	2322	6993	11	1416
PF3D7_0403300	3632	20793	2219	946	467	11
PF3D7_1103500	11630	12795	5601	2875	3154	33
PF3D7_1114900	13789	10636	5980	7808	1	1120
PF3D7_0521900	12584	11841	8259	4200	125	752
PF3D7_1341300	2095	22330	1626	379	90	16
PF3D7_1313000	22667	1758	412	6052	16203	1
PF3D7_1233400	12206	12219	2746	4452	5008	119
PF3D7_1107900	12805	11620	3393	9105	307	607
PF3D7_0624400	4379	20046	504	3875	0	308
PF3D7_0721000	24409	16	23222	618	569	0
PF3D7_1109400	13804	10621	2717	3860	7227	17
PF3D7_0922900	4215	20210	2715	1255	245	40
PF3D7_0517800	5648	18777	4053	1532	63	84
PF3D7_0611500	3679	20746	1895	1784	0	54
PF3D7_1003600	1033	23392	350	683	0	38
PF3D7_0417100	3452	20973	1146	1546	760	14
PF3D7_1102400	7807	16618	1345	6461	1	409
PF3D7_1213900	10934	13491	6709	4148	77	515
PF3D7_1434800	1477	22948	1142	334	1	27
PF3D7_1449200	24381	44	2198	789	21394	1
PF3D7_1236800	24407	18	2055	1434	20918	1
PF3D7_0801600	679	23746	126	553	0	26
PF3D7_1315800	2290	22135	851	1439	0	137
PF3D7_0724100	15799	8626	6842	6745	2212	165
PF3D7_1002600	4417	20008	452	3965	0	330
PF3D7_1367300	6773	17652	3254	2516	1003	30
PF3D7_1438500	6254	18171	3765	2489	0	304
PF3D7_1317400	3436	20989	299	3136	1	123
PF3D7_0830300	9930	14495	4160	5769	1	1003
PF3D7_1210900	5209	19216	2268	2631	310	93
PF3D7_1106000	4430	19995	673	3757	0	60
PF3D7_1406600	8140	16285	2524	5615	1	704
PF3D7_0517700	7001	17424	5899	1102	0	32
PF3D7_0630200	1357	23068	576	541	240	9
PF3D7_1342100	7640	16785	4576	3063	1	224
PF3D7_1134500	10112	14313	3849	6193	70	1057
PF3D7_0719500	8304	16121	659	4346	3299	25
PF3D7_0726900	2326	22099	424	1902	0	241
PF3D7_0218400	3625	20800	1425	2198	2	176
PF3D7_1445700	2495	21930	837	1261	397	33
PF3D7_1439500	11502	12923	5470	6032	0	836
PF3D7_1416200	20885	3540	18251	2632	2	663
PF3D7_1228400	24270	155	24204	66	0	26
PF3D7_1306200	5160	19265	533	4627	0	171
PF3D7_1002400	23854	571	708	3583	19563	2
PF3D7_1223800	2384	22041	400	1983	1	60
PF3D7_0218700	2865	21560	1310	1552	3	173
PF3D7_1317500	419	24006	178	241	0	14
PF3D7_0903300	13226	11199	6281	6829	116	3734
PF3D7_1470000	1408	23017	648	526	234	8
PF3D7_0423900	7510	16915	2307	3373	1830	65
PF3D7_1140100	2261	22164	724	679	858	3
PF3D7_0703700	4662	19763	581	4081	0	178
PF3D7_0505200	3425	21000	1362	2063	0	233
PF3D7_1463200	3832	20593	2100	1143	589	37
PF3D7_0934100	11384	13041	7087	4296	1	415
PF3D7_1321000	7024	17401	4242	2754	28	203
PF3D7_1407600	12921	11504	8101	4818	2	1781
PF3D7_0826600	1537	22888	522	1013	2	48
PF3D7_1469900	18083	6342	273	5670	12140	88
PF3D7_0409100	4701	19724	3088	1613	0	142
PF3D7_0512900	3106	21319	2496	610	0	90
PF3D7_0931700	10332	14093	5013	4238	1081	160
PF3D7_0716000	12969	11456	6881	6088	0	678
PF3D7_1027600	9923	14502	4865	1851	3207	45
PF3D7_1332000	5256	19169	3436	1406	414	6
PF3D7_1352300	7883	16542	1682	6201	0	384
PF3D7_1241700	2497	21928	1659	762	76	16
PF3D7_1331600	1911	22514	1022	677	212	15
PF3D7_0716200	13184	11241	9670	3508	6	471
PF3D7_1465800	24406	19	10309	6083	8014	3
PF3D7_0410300	13702	10723	9345	4244	113	362
PF3D7_0808400	5908	18517	975	4932	1	69
PF3D7_0203700	18441	5984	16702	1738	1	191
PF3D7_1137700	3803	20622	740	3063	0	445
PF3D7_1221000	22322	2103	20717	1605	0	569
PF3D7_1218600	7573	16852	4384	2370	819	43
PF3D7_0416000	9411	15014	2643	3007	3761	45
PF3D7_0727000	17868	6557	14932	2936	0	847
PF3D7_0509000	3284	21141	1782	1368	134	22
PF3D7_0503300	2595	21830	397	2197	1	62
PF3D7_1236100	2752	21673	1391	1361	0	92
PF3D7_0715400	2888	21537	513	2063	312	38
PF3D7_0807100	11699	12726	4163	7536	0	774
PF3D7_0317600	2758	21667	1398	1350	10	13
PF3D7_1350300	6494	17931	4786	1705	3	187
PF3D7_1412800	5096	19329	3765	1167	164	45
PF3D7_0204900	3056	21369	2165	839	52	107
PF3D7_0310200	24323	102	24212	111	0	46
PF3D7_1119700	1991	22434	691	1300	0	106
PF3D7_1225400	1616	22809	404	1212	0	106
PF3D7_1326400	5941	18484	1460	2203	2278	13
PF3D7_1337900	2860	21565	121	2739	0	146
PF3D7_0807600	22616	1809	20627	1865	124	302
PF3D7_0921400	2738	21687	896	1630	212	60
PF3D7_1201300	3848	20577	307	3541	0	22
PF3D7_0921800	3232	21193	2264	846	122	52
PF3D7_1341500	6657	17768	3691	2966	0	291
PF3D7_0104100	24375	50	4117	6634	13624	21
PF3D7_1362200	3442	20983	2065	1373	4	61
PF3D7_0935400	7539	16886	1237	6301	1	446
PF3D7_0523800	9829	14596	3650	6179	0	234
PF3D7_1001200	3484	20941	1725	1759	0	17
PF3D7_0509400	20615	3810	10141	4441	6052	1402
PF3D7_1001300	5961	18464	2073	3329	559	69
PF3D7_0517600	2824	21601	1067	1756	1	77
PF3D7_1143700	24337	88	1277	5941	17119	2
PF3D7_0903400	16858	7567	7175	5476	4207	1654
PF3D7_0726800	794	23631	283	422	89	13
PF3D7_1407900	7242	17183	4253	2987	2	203
PF3D7_1250000	1632	22793	953	674	5	62
PF3D7_1333100	17440	6985	14706	2733	1	360
PF3D7_0723300	8501	15924	6657	1844	0	221
PF3D7_0708400	10533	13892	3639	4510	2384	72
PF3D7_0806300	13256	11169	8304	4733	219	258
PF3D7_1032500	1508	22917	574	590	344	24
PF3D7_0411900	23842	583	7413	6380	10049	47
PF3D7_0314900	3584	20841	1565	2019	0	184
PF3D7_0310000	4205	20220	276	2965	964	32
PF3D7_1303000	4528	19897	561	3831	136	24
PF3D7_1468800	7810	16615	5106	2703	1	416
PF3D7_0709600	23976	449	5171	10060	8745	101
PF3D7_0209600	11192	13233	5930	2760	2502	29
PF3D7_0502200	2144	22281	211	1923	10	183
PF3D7_0102900	5494	18931	1390	4104	0	217
PF3D7_1355100	8001	16424	6662	1339	0	70
PF3D7_0408100	9866	14559	4605	5260	1	571
PF3D7_0804500	23544	881	22865	659	20	511
PF3D7_1112800	5288	19137	2208	3077	3	141
PF3D7_1248100	6935	17490	4070	2865	0	207
PF3D7_1431000	1271	23154	372	799	100	40
PF3D7_1013100	12170	12255	1978	8173	2019	268
PF3D7_0922100	15947	8478	4471	6114	5362	963
PF3D7_1426300	5437	18988	4178	1258	1	95
PF3D7_1431500	17202	7223	11727	5228	247	212
PF3D7_1346300	5618	18807	2996	1395	1227	17
PF3D7_1113800	6307	18118	4952	1355	0	146
PF3D7_1229300	9663	14762	4262	5400	1	829
PF3D7_0937100	14564	9861	1093	7065	6406	192
PF3D7_1210300	2602	21823	391	2211	0	127
PF3D7_0604100	9660	14765	4009	5651	0	1185
PF3D7_1356200	1495	22930	68	1134	293	15
PF3D7_0504500	8723	15702	7576	617	530	14
PF3D7_1226200	7622	16803	1124	6349	149	181
PF3D7_0217100	6030	18395	4748	1282	0	52
PF3D7_1117700	950	23475	535	366	49	2
PF3D7_1232500	14969	9456	10268	4680	21	403
PF3D7_1462900	6704	17721	2166	4538	0	733
PF3D7_1353700	673	23752	386	287	0	43
PF3D7_1023600	11327	13098	1220	7970	2137	28
PF3D7_1316500	6511	17914	3527	2984	0	377
PF3D7_0707800	8480	15945	4865	3396	219	395
PF3D7_0220600	2443	21982	1112	987	344	44
PF3D7_1330000	1617	22808	619	702	296	8
PF3D7_1342300	5623	18802	4824	780	19	83
PF3D7_1334700	2829	21596	2391	438	0	73
PF3D7_0311000	12501	11924	1043	3166	8292	38
PF3D7_0109950	21962	2463	3840	3334	14788	4
PF3D7_1347700	6576	17849	1279	5186	111	158
PF3D7_1312000	4139	20286	451	3688	0	180
PF3D7_1033000	8093	16332	2356	5723	14	260
PF3D7_1007900	6068	18357	1301	4767	0	149
PF3D7_0720700	23581	844	7138	5377	11066	265
PF3D7_1350700	16078	8347	12605	3471	2	391
PF3D7_1468000	18444	5981	4044	9297	5103	212
PF3D7_1032200	2105	22320	875	950	280	23
PF3D7_0612400	769	23656	370	399	0	52
PF3D7_0630800	24408	17	1398	9070	13940	1
PF3D7_0730800	9630	14795	4557	4874	199	118
PF3D7_1412000	2206	22219	326	1879	1	83
PF3D7_0630500	4300	20125	2184	2116	0	164
PF3D7_0610900	8830	15595	4473	4356	1	289
PF3D7_0207100	15832	8593	10887	4925	20	669
PF3D7_0504100	4486	19939	1080	3185	221	11
PF3D7_0624600	14889	9536	10416	4466	7	688
PF3D7_1364900	6071	18354	3332	2274	465	44
PF3D7_0925900	1850	22575	1356	479	15	21
PF3D7_0607400	6026	18399	1071	2811	2144	2
PF3D7_1121900	3424	21001	621	2803	0	213
PF3D7_0825100	1426	22999	361	770	295	16
PF3D7_0924100	8370	16055	5461	2908	1	370
PF3D7_0827700	10424	14001	3336	7088	0	1184
PF3D7_1345800	11243	13182	3382	6820	1041	702
PF3D7_1140800	6453	17972	2290	4163	0	406
PF3D7_1027200	5682	18743	1929	3752	1	129
PF3D7_0604000	10016	14409	3628	6387	1	1265
PF3D7_0311700	16882	7543	3935	3661	9286	21
PF3D7_0523000	11160	13265	6278	4882	0	377
PF3D7_0921000	2213	22212	1540	584	89	1
PF3D7_1405500	3893	20532	536	3357	0	320
PF3D7_0922000	7329	17096	2218	3787	1324	216
PF3D7_0404400	3281	21144	1524	1756	1	94
PF3D7_0403900	12367	12058	5389	6836	142	704
PF3D7_0522400	24372	53	10901	5746	7725	30
PF3D7_0416700	398	24027	278	120	0	11
PF3D7_1474700	4880	19545	833	3768	279	478
PF3D7_1467200	9109	15316	5903	3206	0	328
PF3D7_1006800	2239	22186	1217	780	242	22
PF3D7_1432100	9433	14992	734	2170	6529	4
PF3D7_1243300	711	23714	461	192	58	15
PF3D7_0915100	1521	22904	802	629	90	3
PF3D7_1441000	6791	17634	1854	4937	0	283
PF3D7_1336400	4719	19706	864	3721	134	15
PF3D7_0904500	1022	23403	462	467	93	11
PF3D7_1325400	19643	4782	15289	4354	0	1338
PF3D7_1349300	15159	9266	10162	4931	66	702
PF3D7_0202200	2229	22196	500	1421	308	55
PF3D7_1012700	24408	17	6573	5460	12375	1
PF3D7_0813100	4486	19939	1483	3003	0	285
PF3D7_1435400	825	23600	170	653	2	63
PF3D7_1411200	9419	15006	1350	5249	2820	66
PF3D7_0810700	18562	5863	1410	2509	14643	5
PF3D7_1314200	9395	15030	3097	6294	4	1249
PF3D7_1225800	7493	16932	4673	2687	133	199
PF3D7_1436800	956	23469	280	673	3	53
PF3D7_1351600	5660	18765	3741	1919	0	91
PF3D7_1305400	6018	18407	842	4588	588	351
PF3D7_0521500	23879	546	696	5821	17362	15
PF3D7_1339300	1487	22938	298	1189	0	50
PF3D7_1129200	4752	19673	2642	1107	1003	22
PF3D7_0906000	24409	16	5177	7556	11676	0
PF3D7_0314400	699	23726	288	410	1	12
PF3D7_1220700	24407	18	1767	2723	19917	1
PF3D7_1328600	5893	18532	1774	3559	560	18
PF3D7_0506000	2648	21777	624	1862	162	60
PF3D7_1033900	1559	22866	822	592	145	8
PF3D7_1027100	15552	8873	12622	2925	5	346
PF3D7_1319900	12741	11684	5690	7050	1	1317
PF3D7_0919200	970	23455	225	722	23	34
PF3D7_0827300	16840	7585	13553	3286	1	496
PF3D7_0630400	6336	18089	726	5610	0	120
PF3D7_1444000	6292	18133	4347	1077	868	34
PF3D7_0804800	857	23568	343	514	0	40
PF3D7_0511900	4395	20030	1218	3176	1	247
PF3D7_1338300	4093	20332	1543	2548	2	203
PF3D7_0308800	5452	18973	1667	3443	342	21
PF3D7_1368500	4472	19953	1578	2894	0	401
PF3D7_1419700	8160	16265	1863	5103	1194	164
PF3D7_1320000	11110	13315	5191	5917	2	677
PF3D7_1246500	5974	18451	1142	4831	1	231
PF3D7_1230400	1477	22948	792	542	143	6
PF3D7_0702300	18871	5554	17894	969	8	99
PF3D7_1425200	1659	22766	537	1121	1	102
PF3D7_1415000	4233	20192	2526	1707	0	69
PF3D7_1201800	846	23579	52	793	1	79
PF3D7_0617200	5038	19387	861	2495	1682	12
