gene_id	c_exc_s	c_inc_s	c_missing	c_het_calls	c_stop_codon	c_unq_h
PF3D7_0522800	1048	23378	532	516	0	26
PF3D7_1145900	3993	20433	2150	1842	1	220
PF3D7_0629700	21367	3059	18763	2604	0	886
PF3D7_0107000	1152	23274	762	390	0	12
PF3D7_0822500	1088	23338	450	638	0	51
PF3D7_0802800	4917	19509	1979	2894	44	105
PF3D7_1246500	5975	18451	1142	4832	1	231
PF3D7_1405800	7157	17269	779	6378	0	707
PF3D7_0919700	2010	22416	652	1358	0	88
PF3D7_1034000	4466	19960	1554	2911	1	142
PF3D7_1103600	3251	21175	2140	1111	0	78
PF3D7_0108500	18226	6200	13463	4761	2	269
PF3D7_1441100	3080	21346	2045	1035	0	88
PF3D7_1314200	9396	15030	3097	6295	4	1249
PF3D7_1451800	9613	14813	6140	3472	1	92
PF3D7_0823600	2457	21969	669	1788	0	213
PF3D7_0619900	862	23564	587	275	0	29
PF3D7_1359200	2863	21563	2237	626	0	70
PF3D7_0320400	13969	10457	9444	4525	0	2365
PF3D7_0628500	1091	23335	220	871	0	34
PF3D7_0217900	6086	18340	1521	4564	1	371
PF3D7_0925300	5337	19089	717	4620	0	184
PF3D7_1017400	3576	20850	1093	2482	1	39
PF3D7_1020400	4725	19701	2683	2041	1	263
PF3D7_0526200	6243	18183	1630	4613	0	349
PF3D7_1458600	9561	14865	3294	6255	12	943
PF3D7_0112000	2126	22300	1590	535	1	39
PF3D7_1220000	4447	19979	1355	3092	0	95
PF3D7_0915100	1197	23229	802	392	3	5
PF3D7_1349600	1537	22889	233	1303	1	95
PF3D7_1362000	908	23518	109	799	0	73
PF3D7_1338800	5935	18491	1754	4180	1	246
PF3D7_1017200	4431	19995	3304	1126	1	179
PF3D7_0604800	8184	16242	4864	3320	0	563
PF3D7_1143300	3266	21160	712	2554	0	103
PF3D7_0926700	8108	16318	5481	2627	0	320
PF3D7_1108200	1734	22692	1031	703	0	31
PF3D7_1412600	5569	18857	970	4599	0	168
PF3D7_1252200	1059	23367	133	926	0	40
PF3D7_1328000	11704	12722	4929	6775	0	825
PF3D7_1128600	2619	21807	655	1964	0	277
PF3D7_0824700	5435	18991	1627	3807	1	289
PF3D7_0313400	16762	7664	10944	5818	0	532
PF3D7_1362400	14171	10255	9009	5161	1	1200
PF3D7_0524700	582	23844	113	469	0	28
PF3D7_0905600	8676	15750	2214	6462	0	1197
PF3D7_1109900	2261	22165	1112	1149	0	31
PF3D7_0103000	2971	21455	1173	1798	0	110
PF3D7_0318200	15067	9359	10843	4224	0	1297
PF3D7_1147000	17655	6771	12480	5169	6	2030
PF3D7_1002300	2644	21782	189	2455	0	105
PF3D7_1335100	7404	17022	809	6595	0	389
PF3D7_1124100	12964	11462	6733	6231	0	1501
PF3D7_0208500	1457	22969	442	1015	0	55
PF3D7_1350400	5878	18548	3003	2873	2	259
PF3D7_1216100	1776	22650	557	1218	1	85
PF3D7_1203700	4644	19782	2970	1674	0	19
PF3D7_1119500	3995	20431	2810	1178	7	54
PF3D7_0627000	501	23925	88	413	0	59
PF3D7_1434800	1477	22949	1142	334	1	27
PF3D7_0402000	10673	13753	5111	5561	1	537
PF3D7_0312900	4197	20229	2704	1481	12	146
PF3D7_1434600	6315	18111	1059	5255	1	252
PF3D7_1456200	7610	16816	4337	3273	0	354
PF3D7_0903000	1204	23222	93	1111	0	65
PF3D7_0931400	2088	22338	1275	813	0	62
PF3D7_1205000	10187	14239	4340	5847	0	394
PF3D7_1309900	1540	22886	414	1126	0	145
PF3D7_1006900	2373	22053	1954	419	0	32
PF3D7_0519700	1532	22894	852	680	0	49
PF3D7_0106400	1192	23234	551	628	13	68
PF3D7_0203800	3043	21383	1867	1174	2	81
PF3D7_1460700	1467	22959	820	643	4	28
PF3D7_1321400	3613	20813	2683	926	4	80
PF3D7_0415400	1382	23044	988	394	0	31
PF3D7_1125900	2403	22023	2284	118	1	11
PF3D7_0511500	21337	3089	19113	2223	1	1248
PF3D7_1406600	8140	16286	2524	5615	1	704
PF3D7_1367600	3658	20768	796	2862	0	75
PF3D7_1022100	1340	23086	485	855	0	56
PF3D7_0214900	17743	6683	12979	4764	0	417
PF3D7_1141000	13681	10745	6872	6808	1	465
PF3D7_0310700	835	23591	621	214	0	15
PF3D7_1316200	2404	22022	997	1406	1	54
PF3D7_1401700	14240	10186	8303	5937	0	271
PF3D7_1453100	4074	20352	334	3740	0	393
PF3D7_1444400	7612	16814	5022	2590	0	279
PF3D7_1414100	7970	16456	2836	5129	5	505
PF3D7_0527000	10260	14166	8754	1505	1	144
PF3D7_0603600	10750	13676	4150	6600	0	2361
PF3D7_0310100	4225	20201	1961	2264	0	75
PF3D7_1319700	8131	16295	2648	5482	1	232
PF3D7_1355700	5994	18432	1744	4249	1	698
PF3D7_1141300	7540	16886	1405	6134	1	536
PF3D7_1222300	5489	18937	4399	1090	0	87
PF3D7_1019600	14165	10261	9429	4696	40	1037
PF3D7_0724500	2091	22335	1152	939	0	103
PF3D7_0312000	3135	21291	2853	282	0	29
PF3D7_1209200	1477	22949	1086	385	6	37
PF3D7_0607100	4703	19723	2639	2064	0	206
PF3D7_1202700	6810	17616	2021	4789	0	226
PF3D7_1132300	1190	23236	684	506	0	23
PF3D7_0920900	3851	20575	373	3472	6	271
PF3D7_1212100	3888	20538	1129	2759	0	216
PF3D7_1304300	2261	22165	712	1549	0	99
PF3D7_0725300	16802	7624	14458	2341	3	248
PF3D7_0321500	14199	10227	8469	5727	3	901
PF3D7_1408800	2678	21748	941	1718	19	118
PF3D7_1442000	1568	22858	923	645	0	25
PF3D7_1136800	2513	21913	1115	1398	0	75
PF3D7_0521600	1113	23313	740	372	1	32
PF3D7_0936000	17481	6945	675	5591	11215	56
PF3D7_0418900	4688	19738	1860	2820	8	143
PF3D7_1003700	12291	12135	7600	4691	0	619
PF3D7_1303500	16705	7721	8754	7949	2	1148
PF3D7_0517600	2824	21602	1067	1756	1	77
PF3D7_0628600	4338	20088	1369	2969	0	61
PF3D7_0819000	14049	10377	10208	3841	0	589
PF3D7_1016800	5490	18936	725	4708	57	104
PF3D7_0915300	5285	19141	2272	3009	4	466
PF3D7_0409900	8098	16328	3633	4465	0	98
PF3D7_1026300	9665	14761	4933	4727	5	541
PF3D7_1225900	6482	17944	3016	3465	1	224
PF3D7_1128000	16742	7684	13723	3018	1	663
PF3D7_1347800	3135	21291	2189	937	9	93
PF3D7_1240100	4048	20378	2698	1350	0	52
PF3D7_1359500	1997	22429	375	1621	1	160
PF3D7_1131500	1443	22983	103	1340	0	103
PF3D7_0510000	15931	8495	13823	2106	2	164
PF3D7_1445800	9685	14741	5236	4439	10	502
PF3D7_0917900	8259	16167	6267	1992	0	36
PF3D7_1475600	6189	18237	764	5425	0	269
PF3D7_1215700	8799	15627	3628	5171	0	1141
PF3D7_0930600	5239	19187	1853	3384	2	227
PF3D7_1337500	24355	71	24310	45	0	33
PF3D7_0909100	7184	17242	836	6347	1	793
PF3D7_1343100	2825	21601	360	2464	1	120
PF3D7_1240000	5724	18702	3805	1919	0	126
PF3D7_1116500	1907	22519	1010	897	0	34
PF3D7_0405800	535	23891	198	337	0	28
PF3D7_0719000	1166	23260	844	322	0	46
PF3D7_1017600	19452	4974	15613	3837	2	488
PF3D7_0730000	1354	23072	1101	253	0	23
PF3D7_1131000	11789	12637	6760	5029	0	130
PF3D7_1452000	18373	6053	14804	3569	0	858
PF3D7_0318400	5589	18837	2313	3272	4	304
PF3D7_1147700	949	23477	347	602	0	35
PF3D7_0411000	13614	10812	7218	6396	0	858
PF3D7_0806200	11272	13154	6684	4576	12	189
PF3D7_0111800	4120	20306	1728	2389	3	172
PF3D7_1148900	2374	22052	199	2175	0	10
PF3D7_1457500	2618	21808	1324	1294	0	97
PF3D7_0307800	11510	12916	9364	2146	0	142
PF3D7_0723100	4199	20227	2572	1626	1	138
PF3D7_0804600	3930	20496	1466	2456	8	188
PF3D7_0323300	2485	21941	996	1487	2	146
PF3D7_0304700	11036	13390	2280	7558	1198	397
PF3D7_0924800	885	23541	545	340	0	30
PF3D7_1224500	560	23866	124	436	0	28
PF3D7_1411900	2921	21505	246	2675	0	105
PF3D7_1315300	1927	22499	456	1471	0	154
PF3D7_1003900	1962	22464	486	1476	0	146
PF3D7_1302050	1327	23099	910	395	22	44
PF3D7_1438100	2552	21874	1594	958	0	41
PF3D7_0709200	8546	15880	5313	3233	0	105
PF3D7_1226300	1256	23170	340	916	0	20
PF3D7_0525000	6894	17532	1191	5703	0	544
PF3D7_1404800	12156	12270	6609	5546	1	941
PF3D7_0206500	17352	7074	14583	2769	0	507
PF3D7_1312700	5247	19179	1419	3828	0	243
PF3D7_0509200	4365	20061	3012	1353	0	117
PF3D7_1236000	3335	21091	179	3156	0	178
PF3D7_1470700	3747	20679	403	3344	0	331
PF3D7_0816700	2682	21744	2388	290	4	29
PF3D7_1223500	12372	12054	6409	5963	0	1616
PF3D7_0612500	2884	21542	2637	247	0	31
PF3D7_1322800	1611	22815	1297	314	0	50
PF3D7_1421100	13850	10576	8952	4898	0	1322
PF3D7_1475500	9756	14670	7261	2495	0	307
PF3D7_0608900	9476	14950	3962	5514	0	703
PF3D7_1408500	1775	22651	701	1074	0	122
PF3D7_1475300	1784	22642	439	1345	0	76
PF3D7_1106500	21696	2730	19633	2063	0	414
PF3D7_1002200	9047	15379	2805	6228	14	388
PF3D7_0423400	6273	18153	2466	3806	1	130
PF3D7_0621300	9847	14579	4476	5371	0	493
PF3D7_1031900	8359	16067	3677	4682	0	260
PF3D7_1212000	908	23518	301	606	1	52
PF3D7_0706300	638	23788	179	449	10	65
PF3D7_0211400	2474	21952	1854	620	0	58
PF3D7_1412300	840	23586	548	292	0	4
PF3D7_0316100	1686	22740	393	1292	1	90
PF3D7_1130000	10506	13920	6039	4442	25	678
PF3D7_0321300	10639	13787	4151	6488	0	1336
PF3D7_1436200	13054	11372	7429	5625	0	1558
PF3D7_0606700	8731	15695	3229	5502	0	471
PF3D7_0204500	7277	17149	2705	4572	0	139
PF3D7_0212600	3588	20838	921	2666	1	62
PF3D7_1005300	6110	18316	2247	3861	2	182
PF3D7_0624600	14890	9536	10416	4467	7	688
PF3D7_1146700	6398	18028	2161	4237	0	478
PF3D7_1365400	4710	19716	1200	3509	1	274
PF3D7_1142500	1811	22615	737	1074	0	46
PF3D7_1365100	2419	22007	1658	761	0	22
PF3D7_1004400	8671	15755	3691	4970	10	737
PF3D7_1241900	10041	14385	7622	2419	0	261
PF3D7_1420200	7618	16808	2214	5403	1	586
PF3D7_1225800	7362	17064	4673	2687	2	219
PF3D7_1452300	2690	21736	1479	1208	3	132
PF3D7_1414300	2107	22319	1651	456	0	11
PF3D7_0817400	15422	9004	12523	2896	3	265
PF3D7_0304600	19460	4966	16113	3347	0	273
PF3D7_1420900	2472	21954	1437	1035	0	56
PF3D7_1035700	18634	5792	13298	3834	1502	474
PF3D7_1136300	7947	16479	2248	5699	0	518
PF3D7_0419100	1718	22708	543	1174	1	84
PF3D7_1126700	10070	14356	5262	4806	2	259
PF3D7_1124700	6010	18416	2991	2973	46	129
PF3D7_1230400	1270	23156	792	478	0	15
PF3D7_1210100	1134	23292	209	924	1	48
PF3D7_0202900	2504	21922	1120	1383	1	106
PF3D7_0728600	19832	4594	16041	3791	0	868
PF3D7_1143700	6998	17428	1278	5720	0	572
PF3D7_1357800	3843	20583	3053	790	0	56
PF3D7_0816300	8586	15840	3482	5102	2	469
PF3D7_1323800	11275	13151	5114	6148	13	734
PF3D7_1431000	1164	23262	372	792	0	46
PF3D7_0932800	11163	13263	6730	4433	0	332
PF3D7_1352300	7884	16542	1682	6202	0	384
PF3D7_0217300	1075	23351	757	318	0	9
PF3D7_1467300	7110	17316	4007	3102	1	201
PF3D7_0306300	1777	22649	1365	411	1	35
PF3D7_1454600	3697	20729	3088	609	0	54
PF3D7_1024400	2515	21911	439	2076	0	263
PF3D7_1445600	7179	17247	2533	4646	0	409
PF3D7_1475100	8607	15819	2711	5896	0	1251
PF3D7_1361800	15985	8441	13068	2917	0	523
PF3D7_0828900	1913	22513	1247	663	3	51
PF3D7_1211800	23206	1220	23196	10	0	1
PF3D7_0905900	5785	18641	3034	2748	3	278
PF3D7_0109850	6492	17934	2576	3915	1	263
PF3D7_1027800	3129	21297	2674	455	0	17
PF3D7_1205800	19911	4515	16554	3357	0	1370
PF3D7_1103100	1117	23309	906	211	0	12
PF3D7_0309800	1842	22584	770	1072	0	66
PF3D7_1448600	2764	21662	892	1872	0	108
PF3D7_1369300	3718	20708	1044	2657	17	328
PF3D7_0902100	6803	17623	2656	3414	733	193
PF3D7_1017000	8378	16048	6275	2103	0	90
PF3D7_0102200	23741	685	22018	1723	0	116
PF3D7_1302500	12997	11429	7660	5312	25	1249
PF3D7_1358400	2111	22315	1476	635	0	26
PF3D7_0406500	24192	234	23942	249	1	113
PF3D7_1359400	3470	20956	1003	2467	0	99
PF3D7_0418400	4560	19866	1462	3098	0	30
PF3D7_1112000	785	23641	609	176	0	15
PF3D7_1441900	858	23568	479	379	0	12
PF3D7_0934300	777	23649	252	447	78	34
PF3D7_1419600	4675	19751	2951	1723	1	189
PF3D7_1212900	6285	18141	1368	4916	1	430
PF3D7_1418300	1080	23346	259	821	0	44
PF3D7_1328900	4474	19952	1351	3106	17	70
PF3D7_0423500	1590	22836	665	922	3	32
PF3D7_1356100	7360	17066	2521	4838	1	587
PF3D7_0936200	4905	19521	795	4110	0	81
PF3D7_1452700	3767	20659	752	3007	8	157
PF3D7_0817700	13412	11014	7990	5422	0	377
PF3D7_0113300	20669	3757	18175	2494	0	735
PF3D7_1326500	12397	12029	6662	5735	0	1001
PF3D7_0304100	6183	18243	1801	4381	1	219
PF3D7_1329100	12453	11973	7978	4472	3	806
PF3D7_1349000	5763	18663	3627	2136	0	138
PF3D7_1113900	4964	19462	2350	2614	0	74
PF3D7_0412100	3873	20553	936	2937	0	125
PF3D7_0532200	6305	18121	524	5779	2	220
PF3D7_0606400	4133	20293	2376	1757	0	25
PF3D7_1421000	3876	20550	1132	2742	2	70
PF3D7_1212500	4633	19793	848	3785	0	72
PF3D7_0925800	17398	7028	15090	2308	0	568
PF3D7_0628700	5018	19408	930	4088	0	226
PF3D7_1410800	635	23791	356	279	0	24
PF3D7_0212800	11844	12582	7310	4534	0	678
PF3D7_0417400	23298	1128	22094	1204	0	718
PF3D7_1403800	12153	12273	4382	7768	3	1183
PF3D7_1365900	1646	22780	1250	396	0	3
PF3D7_1322000	8315	16111	3318	4996	1	376
PF3D7_1449900	2726	21700	241	2485	0	240
PF3D7_1436800	956	23470	280	673	3	53
PF3D7_1212200	4075	20351	846	3229	0	423
PF3D7_1342200	11912	12514	5485	6385	42	919
PF3D7_0411300	6710	17716	3231	3479	0	386
PF3D7_1430900	1213	23213	503	710	0	29
PF3D7_1111200	6005	18421	3178	2827	0	350
PF3D7_1460300	1153	23273	603	550	0	16
PF3D7_1145500	8267	16159	3233	5034	0	463
PF3D7_1030400	8419	16007	4344	4075	0	145
PF3D7_0935800	11253	13173	6010	5243	0	688
PF3D7_0519300	16434	7992	11575	4859	0	303
PF3D7_0211700	21295	3131	18309	2986	0	1259
PF3D7_0716500	4673	19753	2737	1934	2	166
PF3D7_1142400	1662	22764	685	976	1	57
PF3D7_0110200	2124	22302	1637	487	0	27
PF3D7_1440300	2811	21615	814	1996	1	168
PF3D7_0910100	8060	16366	5053	3007	0	137
PF3D7_1432100	2769	21657	734	2034	1	62
PF3D7_1220700	4752	19674	1767	2985	0	327
PF3D7_0108600	3091	21335	1455	1636	0	165
PF3D7_1315500	2780	21646	1163	1617	0	58
PF3D7_0603100	9831	14595	7658	2173	0	149
PF3D7_1448700	5030	19396	1057	3972	1	262
PF3D7_0403200	16578	7848	14484	2094	0	227
PF3D7_1436000	8782	15644	2438	6336	8	135
PF3D7_1319500	187	24239	24	163	0	26
PF3D7_0110900	628	23798	120	508	0	62
PF3D7_0104200	6657	17769	1165	5492	0	245
PF3D7_1104500	5275	19151	1715	3559	1	318
PF3D7_0213500	3119	21307	1260	1859	0	199
PF3D7_1010900	3259	21167	1199	2027	33	173
PF3D7_1020800	3534	20892	1922	1612	0	203
PF3D7_0504100	1510	22916	1080	429	1	44
PF3D7_1304600	9874	14552	4471	5403	0	1042
PF3D7_0521700	6157	18269	4559	1597	1	263
PF3D7_1034800	8618	15808	2233	6379	6	190
PF3D7_1437100	1610	22816	308	1294	8	92
PF3D7_0424000	6410	18016	2405	3988	17	301
PF3D7_0530300	8979	15447	2233	6746	0	1082
PF3D7_0206200	3179	21247	1443	1736	0	63
PF3D7_0829400	2762	21664	575	2187	0	184
PF3D7_1104400	6036	18390	3982	2054	0	67
PF3D7_0213400	4552	19874	1953	2598	1	99
PF3D7_1204900	4025	20401	1980	2045	0	72
PF3D7_0815300	14424	10002	10200	4224	0	417
PF3D7_1125700	9995	14431	4934	5060	1	304
PF3D7_0926500	13675	10751	7751	5924	0	978
PF3D7_1313200	5682	18744	2400	3282	0	319
PF3D7_1364000	3517	20909	687	2830	0	235
PF3D7_1205200	1398	23028	300	1097	1	124
PF3D7_0729300	6808	17618	3162	3645	1	383
PF3D7_0933900	2737	21689	1327	1410	0	122
PF3D7_0611100	572	23854	426	127	19	6
PF3D7_1301700	2635	21791	1957	678	0	39
PF3D7_0410300	13590	10836	9345	4245	0	379
PF3D7_0610700	1806	22620	1673	133	0	19
PF3D7_1334000	3018	21408	1092	1926	0	136
PF3D7_0613400	2080	22346	1645	435	0	39
PF3D7_1237400	7148	17278	1647	5501	0	296
PF3D7_1116100	10488	13938	5536	4952	0	906
PF3D7_0727900	9693	14733	3914	5778	1	1477
PF3D7_1439100	12536	11890	8860	3676	0	782
PF3D7_1028900	1888	22538	235	1649	4	159
PF3D7_1022200	5321	19105	819	4501	1	162
PF3D7_0419000	7003	17423	3053	3942	8	185
PF3D7_1404900	1613	22813	489	1124	0	73
PF3D7_1010200	11571	12855	7316	4255	0	1261
PF3D7_0831400	7738	16688	2259	5472	7	394
PF3D7_0928100	9286	15140	4156	5130	0	255
PF3D7_0919400	2550	21876	1205	1345	0	159
PF3D7_1010000	1976	22450	1508	467	1	24
PF3D7_0315900	2304	22122	841	1463	0	34
PF3D7_1473400	5520	18906	1402	4118	0	582
PF3D7_0625500	2772	21654	1064	1708	0	109
PF3D7_1112400	2003	22423	613	1390	0	37
PF3D7_1241200	19580	4846	15469	4111	0	517
PF3D7_1471500	3023	21403	1619	1404	0	89
PF3D7_0931900	1466	22960	757	707	2	64
PF3D7_1328500	10046	14380	5904	4141	1	437
PF3D7_1416100	7229	17197	3445	3782	2	356
PF3D7_0708900	1955	22471	735	1219	1	109
PF3D7_0308100	18170	6256	13384	4786	0	2618
PF3D7_1462700	2320	22106	1657	662	1	53
PF3D7_1222900	4374	20052	2294	2080	0	181
PF3D7_1116700	7499	16927	3273	4225	1	237
PF3D7_1433100	7348	17078	2539	4809	0	460
PF3D7_0705600	6249	18177	2409	3840	0	602
PF3D7_1368900	3898	20528	2370	1516	12	212
PF3D7_0405900	8994	15432	1752	7240	2	399
PF3D7_1020300	5612	18814	2850	2762	0	219
PF3D7_1358900	2950	21476	2231	719	0	75
PF3D7_0412000	17176	7250	13349	3827	0	642
PF3D7_0319400	19137	5289	17055	2082	0	322
PF3D7_1472100	2560	21866	1336	1224	0	109
PF3D7_0510700	4780	19646	3732	1048	0	112
PF3D7_1020900	1451	22975	1166	285	0	2
PF3D7_1437800	926	23500	449	477	0	39
PF3D7_0603400	10345	14081	5586	4759	0	900
PF3D7_1338300	4092	20334	1543	2548	1	203
PF3D7_1029100	17224	7202	12354	4869	1	843
PF3D7_1410500	1511	22915	169	1342	0	58
PF3D7_1006600	3068	21358	2805	263	0	22
PF3D7_1476600	10474	13952	4712	5475	287	1291
PF3D7_1413500	2268	22158	622	1646	0	98
PF3D7_1228000	1148	23278	108	1040	0	38
PF3D7_1474700	4580	19846	833	3747	0	536
PF3D7_0910700	8857	15569	4067	4790	0	201
PF3D7_0309200	21833	2593	19172	2661	0	916
PF3D7_1107200	7291	17135	2484	4806	1	463
PF3D7_0211600	4148	20278	1644	2504	0	34
PF3D7_1313900	2294	22132	842	1397	55	152
PF3D7_1143000	2959	21467	1504	1455	0	140
PF3D7_1136700	5041	19385	1338	3702	1	135
PF3D7_0813800	5179	19247	3328	1851	0	38
PF3D7_0104800	2780	21646	579	2196	5	133
PF3D7_1477400	3045	21381	896	2149	0	120
PF3D7_0830600	6105	18321	1126	4979	0	291
PF3D7_0934500	1542	22884	1092	450	0	49
PF3D7_1018900	13690	10736	4883	8798	9	296
PF3D7_1223200	3511	20915	2058	1453	0	65
PF3D7_1224400	5184	19242	1934	3250	0	193
PF3D7_1363200	4247	20179	2064	2178	5	171
PF3D7_1227000	3180	21246	1501	1679	0	55
PF3D7_0321900	9227	15199	2801	6426	0	746
PF3D7_0910400	7816	16610	2712	5103	1	703
PF3D7_1423200	8827	15599	5094	3733	0	188
PF3D7_1468400	7825	16601	3131	4694	0	719
PF3D7_1232500	14941	9485	10268	4673	0	410
PF3D7_1233000	4559	19867	3285	1273	1	123
PF3D7_1362800	10875	13551	5896	4979	0	1307
PF3D7_1007100	981	23445	659	322	0	35
PF3D7_0408900	5832	18594	1873	3958	1	293
PF3D7_1145100	6505	17921	3125	3380	0	334
PF3D7_1106300	9511	14915	6177	3331	3	244
PF3D7_0221200	13804	10622	2981	5536	5287	94
PF3D7_1306700	3576	20850	928	2642	6	236
PF3D7_1221400	8159	16267	2985	5172	2	228
PF3D7_1367800	18323	6103	16027	2296	0	461
PF3D7_0831100	23138	1288	21401	1661	76	424
PF3D7_0105700	16637	7789	11864	4754	19	1628
PF3D7_1023800	9436	14990	4743	4690	3	496
PF3D7_1302600	5832	18594	554	5277	1	245
PF3D7_1434000	4426	20000	2037	2389	0	106
PF3D7_0823800	7379	17047	2470	4909	0	351
PF3D7_1105200	4116	20310	1165	2896	55	237
PF3D7_0206700	6552	17874	2147	4405	0	102
PF3D7_0210300	3125	21301	1825	1300	0	44
PF3D7_0722600	15724	8702	3250	12470	4	114
PF3D7_0723500	1588	22838	131	1456	1	53
PF3D7_0526700	9913	14513	4570	5343	0	610
PF3D7_1363500	12168	12258	1598	6241	4329	861
PF3D7_0107900	1433	22993	398	1035	0	96
PF3D7_0520300	2116	22310	1591	524	1	17
PF3D7_0212900	1569	22857	1115	452	2	36
PF3D7_0907100	18107	6319	5413	12675	19	831
PF3D7_1472000	2050	22376	1365	681	4	58
PF3D7_1354200	6966	17460	1996	4970	0	451
PF3D7_1247500	19189	5237	14998	4191	0	755
PF3D7_0916100	2012	22414	1088	923	1	77
PF3D7_1132400	15197	9229	10791	4404	2	829
PF3D7_0709600	11681	12745	5171	6509	1	1014
PF3D7_0109100	7245	17181	5267	1978	0	221
PF3D7_0825300	640	23786	106	532	2	40
PF3D7_0523700	8829	15597	3548	5281	0	901
PF3D7_0819600	2971	21455	693	2276	2	100
PF3D7_0508500	20068	4358	15675	4393	0	682
PF3D7_0609400	2554	21872	1266	1288	0	142
PF3D7_1332400	7688	16738	3403	4285	0	466
PF3D7_0628900	8248	16178	2714	5534	0	498
PF3D7_1463000	721	23705	235	485	1	28
PF3D7_0718800	4351	20075	2956	1395	0	22
PF3D7_1410200	6551	17875	3476	3075	0	240
PF3D7_1012800	11497	12929	9179	2318	0	249
PF3D7_1459400	1718	22708	673	1045	0	101
PF3D7_0831200	12943	11483	7641	5296	6	737
PF3D7_1367700	13495	10931	9998	3497	0	698
PF3D7_1014200	9298	15128	6043	3254	1	180
PF3D7_1339300	1487	22939	298	1189	0	50
PF3D7_1466900	18238	6188	15834	2404	0	686
PF3D7_1356900	3793	20633	2977	816	0	16
PF3D7_0528100	11302	13124	7726	3576	0	118
PF3D7_1444900	1098	23328	271	827	0	91
PF3D7_0729900	15442	8984	11805	3637	0	702
PF3D7_1332500	4394	20032	878	3515	1	35
PF3D7_0407500	1258	23168	336	922	0	59
PF3D7_1469500	8881	15545	2264	6617	0	524
PF3D7_1455500	9160	15266	3420	5740	0	415
PF3D7_0817500	1979	22447	1487	491	1	31
PF3D7_0930500	10803	13623	5211	5588	4	814
PF3D7_1306600	5742	18684	1187	4555	0	69
PF3D7_1005100	8587	15839	2152	6422	13	818
PF3D7_0209200	1991	22435	1340	650	1	91
PF3D7_1340400	5858	18568	397	5431	30	355
PF3D7_1200800	5145	19281	1655	3490	0	198
PF3D7_0323600	7243	17183	2538	4705	0	148
PF3D7_0402900	5570	18856	1825	3743	2	78
PF3D7_0708100	593	23833	85	508	0	6
PF3D7_0909800	2568	21858	2107	461	0	18
PF3D7_0411400	15045	9381	9305	5739	1	698
PF3D7_0424700	23437	989	22701	736	0	98
PF3D7_1478000	6511	17915	699	5809	3	242
PF3D7_1343600	5195	19231	3169	2026	0	345
PF3D7_0215900	3396	21030	1720	1675	1	103
PF3D7_0820300	8137	16289	1508	6629	0	1103
PF3D7_0207500	11560	12866	8117	3443	0	411
PF3D7_1037300	1724	22702	677	1047	0	13
PF3D7_1104100	4508	19918	2874	1634	0	99
PF3D7_0728700	4341	20085	690	3650	1	323
PF3D7_1475700	4103	20323	2569	1533	1	72
PF3D7_1340300	11657	12769	6220	5437	0	412
PF3D7_0807100	11700	12726	4163	7537	0	774
PF3D7_0425200	18829	5597	9835	8993	1	269
PF3D7_0906000	10725	13701	5177	5548	0	1160
PF3D7_1209900	4761	19665	1541	3219	1	331
PF3D7_0928900	941	23485	402	539	0	19
PF3D7_0523800	9830	14596	3650	6180	0	234
PF3D7_1411000	15001	9425	5050	9951	0	946
PF3D7_0515600	11067	13359	6925	4142	0	436
PF3D7_1363100	8491	15935	4102	4388	1	554
PF3D7_0203600	6323	18103	533	5790	0	308
PF3D7_1318500	5803	18623	2634	3169	0	84
PF3D7_1231800	15614	8812	10641	4972	1	1090
PF3D7_0613200	602	23824	189	413	0	13
PF3D7_0921500	2297	22129	294	2003	0	196
PF3D7_1130200	3240	21186	2820	420	0	53
PF3D7_0518100	10310	14116	4558	5752	0	865
PF3D7_0417100	2549	21877	1146	1403	0	23
PF3D7_0106900	6240	18186	1781	4459	0	370
PF3D7_0722000	1640	22786	505	1135	0	147
PF3D7_1022300	1475	22951	964	511	0	36
PF3D7_0821700	1219	23207	795	424	0	18
PF3D7_1441800	1789	22637	929	860	0	72
PF3D7_0417600	15245	9181	12083	3161	1	233
PF3D7_1139900	1899	22527	1095	802	2	92
PF3D7_1008500	20094	4332	16978	3116	0	612
PF3D7_0420400	6837	17589	459	6378	0	136
PF3D7_1225400	1616	22810	404	1212	0	106
PF3D7_0719700	2023	22403	1787	236	0	7
PF3D7_1323700	1204	23222	619	585	0	17
PF3D7_1239500	8150	16276	3933	4216	1	420
PF3D7_0214400	4859	19567	992	3867	0	336
PF3D7_1026200	12320	12106	8654	3655	11	243
PF3D7_1338000	7138	17288	5955	1183	0	85
PF3D7_1120300	5887	18539	1997	3889	1	154
PF3D7_1031100	1178	23248	435	742	1	125
PF3D7_0801900	23734	692	23070	653	11	500
PF3D7_0520000	1921	22505	1482	439	0	9
PF3D7_1013700	1144	23282	397	747	0	103
PF3D7_1001800	2296	22130	198	2098	0	79
PF3D7_1241500	2220	22206	393	1824	3	229
PF3D7_0906700	3749	20677	232	3516	1	483
PF3D7_1026500	483	23943	260	223	0	19
PF3D7_1423500	22413	2013	20895	1517	1	361
PF3D7_1476000	2184	22242	1034	1145	5	30
PF3D7_0816800	4456	19970	3551	905	0	39
PF3D7_1144000	914	23512	741	173	0	6
PF3D7_1013000	4897	19529	2496	2399	2	266
PF3D7_0625400	4615	19811	121	4494	0	165
PF3D7_1105500	763	23663	309	454	0	41
PF3D7_1038200	899	23527	734	165	0	15
PF3D7_1368700	5231	19195	271	4960	0	335
PF3D7_0923800	6563	17863	3057	3505	1	131
PF3D7_1443700	2336	22090	260	2076	0	20
PF3D7_0203300	878	23548	190	688	0	66
PF3D7_1441200	1888	22538	1630	258	0	10
PF3D7_1423300	5251	19175	3547	1703	1	128
PF3D7_1467800	897	23529	413	483	1	26
PF3D7_1310600	1529	22897	913	615	1	59
PF3D7_0607700	19588	4838	15945	3643	0	1402
PF3D7_1308900	8793	15633	2645	6148	0	1177
PF3D7_1301500	2031	22395	982	1013	36	105
PF3D7_0213700	695	23731	376	319	0	9
PF3D7_1313500	9884	14542	3395	6407	82	1579
PF3D7_1226800	2612	21814	1938	674	0	64
PF3D7_1460900	2055	22371	1299	756	0	65
PF3D7_1207200	17413	7013	10041	7369	3	2039
PF3D7_1472900	1943	22483	529	1414	0	40
PF3D7_0531200	964	23462	113	851	0	36
PF3D7_1471800	3479	20947	1485	1994	0	159
PF3D7_0220000	24331	95	24229	102	0	45
PF3D7_0522200	4067	20359	3013	1054	0	41
PF3D7_1428000	4527	19899	3678	849	0	75
PF3D7_0620300	4314	20112	688	3614	12	407
PF3D7_1233100	1058	23368	757	301	0	47
PF3D7_1346600	1552	22874	738	814	0	97
PF3D7_0529200	22022	2404	18992	3030	0	220
PF3D7_0528400	6945	17481	1989	4954	2	125
PF3D7_1472600	5283	19143	2545	2738	0	361
PF3D7_0902600	11087	13339	6265	4819	3	337
PF3D7_0218500	469	23957	172	297	0	14
PF3D7_1319800	1236	23190	836	400	0	16
PF3D7_0915500	5065	19361	636	4428	1	344
PF3D7_0714600	13311	11115	8019	5292	0	283
PF3D7_0323800	4224	20202	1353	2864	7	233
PF3D7_1421300	8688	15738	2254	6428	6	851
PF3D7_0914300	10857	13569	7714	3143	0	437
PF3D7_1027000	19973	4453	17736	2237	0	733
PF3D7_0108100	4516	19910	1252	3263	1	213
PF3D7_1327400	4026	20400	106	3920	0	115
PF3D7_0528300	5198	19228	2216	2982	0	338
PF3D7_0411900	13505	10921	7414	6090	1	697
PF3D7_1369000	6726	17700	4023	2703	0	365
PF3D7_0630700	7407	17019	1218	6189	0	560
PF3D7_0205400	4083	20343	1831	2252	0	73
PF3D7_1476700	1817	22609	691	1124	2	132
PF3D7_1348700	8598	15828	6796	1802	0	195
PF3D7_0114100	21154	3272	11328	9826	0	37
PF3D7_1465800	15160	9266	10309	4848	3	2522
PF3D7_1334600	4773	19653	3308	1462	3	149
PF3D7_0721500	10628	13798	5699	4925	4	385
PF3D7_1302700	17821	6605	13519	4302	0	1089
PF3D7_1448800	1906	22520	450	1456	0	96
PF3D7_1243500	1100	23326	561	539	0	24
PF3D7_1106100	2051	22375	1096	954	1	76
PF3D7_0717400	11817	12609	6941	4876	0	971
PF3D7_1327000	24371	55	24363	8	0	8
PF3D7_0301600	9835	14591	5080	4754	1	464
PF3D7_1423000	2650	21776	1079	1571	0	128
PF3D7_0931800	2226	22200	257	1969	0	62
PF3D7_1320500	1116	23310	245	871	0	82
PF3D7_0717800	16695	7731	9179	7516	0	553
PF3D7_1430600	20935	3491	19573	1362	0	142
PF3D7_1336100	1404	23022	1118	286	0	28
PF3D7_1102700	1339	23087	181	1157	1	49
PF3D7_0508400	5758	18668	1621	4137	0	133
PF3D7_1469200	4310	20116	2753	1557	0	106
PF3D7_1355500	6280	18146	4125	2155	0	255
PF3D7_1118500	9224	15202	5395	3826	3	209
PF3D7_0707400	5035	19391	2448	2587	0	108
PF3D7_0704300	22481	1945	21082	1399	0	354
PF3D7_0424900	5908	18518	843	5064	1	166
PF3D7_1122500	10626	13800	5890	4735	1	681
PF3D7_0830400	1691	22735	993	698	0	55
PF3D7_0302500	24398	28	23788	610	0	10
PF3D7_1330200	1928	22498	344	1583	1	104
PF3D7_1209800	624	23802	184	440	0	60
PF3D7_0416800	711	23715	344	367	0	8
PF3D7_1302400	1295	23131	504	791	0	48
PF3D7_1028100	6601	17825	2710	3891	0	230
PF3D7_0819300	7093	17333	1255	5838	0	810
PF3D7_0630000	4440	19986	1722	2718	0	78
PF3D7_1009200	7622	16804	1371	6251	0	560
PF3D7_1242100	274	24152	158	116	0	24
PF3D7_1001500	3239	21187	522	2717	0	34
PF3D7_1137200	6128	18298	1153	4975	0	231
PF3D7_0106800	1372	23054	920	452	0	26
PF3D7_1469900	5884	18542	273	5608	3	419
PF3D7_0204700	7215	17211	3415	3800	0	41
PF3D7_1235900	17281	7145	6437	10844	0	401
PF3D7_0822900	15637	8789	12583	3054	0	810
PF3D7_1249900	9114	15312	5640	3474	0	256
PF3D7_1366000	625	23801	159	466	0	57
PF3D7_1115500	1745	22681	983	760	2	87
PF3D7_1461200	688	23738	301	387	0	37
PF3D7_0824300	7153	17273	2196	4957	0	309
PF3D7_1242900	791	23635	301	489	1	30
PF3D7_1035100	10288	14138	3440	6835	13	825
PF3D7_1456500	9918	14508	3377	6541	0	1315
PF3D7_1138300	1153	23273	406	725	22	102
PF3D7_0917200	5862	18564	3079	2783	0	89
PF3D7_0704800	14428	9998	10816	3612	0	763
PF3D7_1019300	14376	10050	8560	5815	1	1028
PF3D7_0916000	8811	15615	2352	6458	1	1203
PF3D7_1132200	4095	20331	2506	1589	0	58
PF3D7_1474500	15750	8676	2241	6300	7209	489
PF3D7_0718600	9298	15128	4677	4613	8	394
PF3D7_0530750	941	23485	551	389	1	39
PF3D7_0509700	5680	18746	2317	3360	3	155
PF3D7_0527200	10464	13962	6808	3655	1	333
PF3D7_0317000	2488	21938	304	2184	0	32
PF3D7_0624400	4380	20046	504	3876	0	308
PF3D7_0103900	3646	20780	1346	2300	0	188
PF3D7_1104700	3011	21415	2630	381	0	37
PF3D7_1322300	11048	13378	4392	6655	1	646
PF3D7_1118100	343	24083	92	251	0	10
PF3D7_0922000	5470	18956	2218	3252	0	347
PF3D7_1305600	4645	19781	971	3674	0	57
PF3D7_1147100	911	23515	459	450	2	51
PF3D7_0104700	5085	19341	1926	3158	1	291
PF3D7_0921000	1825	22601	1540	285	0	9
PF3D7_1005800	804	23622	306	498	0	54
PF3D7_0710800	3599	20827	870	2728	1	179
PF3D7_0815900	4489	19937	1775	2714	0	273
PF3D7_1030200	8002	16424	3455	4546	1	118
PF3D7_0711300	2845	21581	192	2653	0	42
PF3D7_0306900	1872	22554	1449	423	0	6
PF3D7_1405300	8185	16241	3452	4733	0	640
PF3D7_1417800	8594	15832	6577	2017	0	54
PF3D7_0521000	4216	20210	1386	2830	0	281
PF3D7_1417300	8290	16136	1710	6577	3	734
PF3D7_1459100	6891	17535	3761	3130	0	424
PF3D7_1245300	2752	21674	2422	327	3	28
PF3D7_1138800	14643	9783	9296	5347	0	1185
PF3D7_0624200	2349	22077	999	1350	0	180
PF3D7_1121200	1661	22765	1119	542	0	29
PF3D7_1018300	9329	15097	4183	5146	0	437
PF3D7_0525700	820	23606	302	511	7	36
PF3D7_0410600	2875	21551	2235	639	1	44
PF3D7_1126100	18146	6280	14631	3515	0	1784
PF3D7_0404500	7192	17234	1011	6178	3	260
PF3D7_0323400	11794	12632	7846	3948	0	386
PF3D7_0812300	5209	19217	2366	2842	1	108
PF3D7_0208400	14971	9455	8769	6199	3	1175
PF3D7_1129300	11247	13179	5083	6164	0	1181
PF3D7_1201000	13156	11270	11180	1973	3	184
PF3D7_1416900	1235	23191	479	756	0	58
PF3D7_1439700	2560	21866	862	1698	0	103
PF3D7_1312200	3477	20949	655	2822	0	114
PF3D7_1223100	4246	20180	1204	3042	0	69
PF3D7_0818600	8339	16087	1832	6495	12	533
PF3D7_1408700	14051	10375	7863	6186	2	4142
PF3D7_1034300	6035	18391	3843	2190	2	251
PF3D7_0104500	6828	17598	4326	2502	0	48
PF3D7_0212700	3501	20925	588	2913	0	227
PF3D7_1235500	5115	19311	1273	3842	0	164
PF3D7_1001300	5319	19107	2073	3227	19	98
PF3D7_1210300	2603	21823	391	2212	0	127
PF3D7_0305800	14830	9596	12416	2413	1	749
PF3D7_0629600	1108	23318	514	594	0	72
PF3D7_1239900	9861	14565	4299	5562	0	213
PF3D7_1110300	9937	14489	5184	4746	7	172
PF3D7_1111100	4276	20150	3889	387	0	33
PF3D7_1427700	2360	22066	1024	1336	0	9
PF3D7_1132600	4063	20363	2389	1672	2	175
PF3D7_1440600	5197	19229	1294	3901	2	132
PF3D7_1140700	17876	6550	14840	3035	1	1047
PF3D7_0530100	1099	23327	288	811	0	84
PF3D7_1009500	6805	17621	5231	1574	0	183
PF3D7_1468600	14222	10204	7866	6350	6	1737
PF3D7_0807400	1739	22687	1362	377	0	32
PF3D7_0602500	2774	21652	1356	1417	1	120
PF3D7_1408900	1563	22863	696	866	1	56
PF3D7_1451400	11617	12809	6149	5467	1	920
PF3D7_0104100	10616	13810	4117	6499	0	4631
PF3D7_1029400	3514	20912	1230	2284	0	95
PF3D7_0532300	8283	16143	1509	6769	5	254
PF3D7_0626500	6378	18048	1990	4383	5	421
PF3D7_0626200	3629	20797	817	2812	0	222
PF3D7_1021800	19433	4993	17026	2407	0	412
PF3D7_1475000	1635	22791	309	1325	1	24
PF3D7_1414500	20124	4302	16641	3483	0	980
PF3D7_1203500	3952	20474	966	2984	2	288
PF3D7_0320800	2087	22339	977	1110	0	8
PF3D7_1347700	6458	17968	1279	5174	5	171
PF3D7_1464600	11243	13183	6840	4400	3	637
PF3D7_1472400	9077	15349	2493	6581	3	1390
PF3D7_0502600	7712	16714	985	6727	0	742
PF3D7_0405700	14966	9460	8285	6631	50	1716
PF3D7_1462000	1425	23001	1049	376	0	41
PF3D7_1248100	6935	17491	4070	2865	0	207
PF3D7_0620200	4726	19700	3091	1635	0	80
PF3D7_1338400	6236	18190	4074	2162	0	122
PF3D7_0929000	2667	21759	985	1682	0	80
PF3D7_1348000	9627	14799	4813	4813	1	981
PF3D7_1461800	21852	2574	19600	2251	1	670
PF3D7_1251500	7491	16935	3324	4165	2	367
PF3D7_1347500	2156	22270	1292	864	0	40
PF3D7_0301100	3603	20823	416	3056	131	156
PF3D7_1231000	6101	18325	2888	3207	6	423
PF3D7_1127500	3330	21096	1298	2031	1	114
PF3D7_1332300	3698	20728	3054	644	0	29
PF3D7_1004900	5477	18949	1651	3826	0	126
PF3D7_0727400	4571	19855	3790	781	0	31
PF3D7_1243900	22432	1994	21622	810	0	198
PF3D7_0820500	8007	16419	1969	6037	1	550
PF3D7_0517700	7001	17425	5899	1102	0	32
PF3D7_1462600	2631	21795	717	1914	0	126
PF3D7_0406800	3488	20938	2422	1065	1	74
PF3D7_1149200	20567	3859	16582	3586	399	516
PF3D7_0216800	22804	1622	21910	894	0	431
PF3D7_0825800	7418	17008	1761	5657	0	241
PF3D7_0916900	3197	21229	402	2783	12	239
PF3D7_1214600	2448	21978	1630	818	0	23
PF3D7_1346000	4246	20180	1283	2955	8	447
PF3D7_0321000	5289	19137	445	4844	0	262
PF3D7_0511100	3418	21008	3223	195	0	26
PF3D7_0920700	6868	17558	574	6294	0	447
PF3D7_1141200	1171	23255	905	266	0	20
PF3D7_0317300	23863	563	23424	439	0	406
PF3D7_1248300	882	23544	420	462	0	28
PF3D7_0419300	19284	5142	16663	2621	0	76
PF3D7_1246700	4574	19852	1313	3261	0	214
PF3D7_0908900	22400	2026	19582	2818	0	489
PF3D7_0321700	16300	8126	13004	3296	0	1127
PF3D7_1239300	1153	23273	296	857	0	70
PF3D7_1141600	1401	23025	659	741	1	74
PF3D7_0526100	2938	21488	1152	1778	8	172
PF3D7_1027400	2039	22387	1614	424	1	14
PF3D7_0603700	4743	19683	1912	2831	0	103
PF3D7_1121100	13789	10637	9492	4296	1	483
PF3D7_1030800	1542	22884	495	1047	0	80
PF3D7_0724800	6461	17965	4266	2195	0	75
PF3D7_1414200	8205	16221	636	7568	1	422
PF3D7_1149400	8747	15679	505	8242	0	102
PF3D7_1406700	620	23806	179	439	2	39
PF3D7_0923400	12372	12054	7572	4800	0	658
PF3D7_0109950	7125	17301	3840	3285	0	46
PF3D7_0607800	5039	19387	2476	2563	0	234
PF3D7_0521400	4951	19475	2814	2132	5	156
PF3D7_0932600	3203	21223	1558	1645	0	63
PF3D7_1317100	8312	16114	4247	4064	1	132
PF3D7_1027500	1885	22541	1761	124	0	18
PF3D7_1437300	1211	23215	461	750	0	88
PF3D7_0110000	4279	20147	839	3440	0	107
PF3D7_1004300	16561	7865	11717	4844	0	618
PF3D7_1465400	528	23898	280	248	0	18
PF3D7_1115400	6523	17903	3229	3293	1	158
PF3D7_1316600	7263	17163	4094	3168	1	184
PF3D7_1007000	3031	21395	1982	1046	3	99
PF3D7_0909000	13468	10958	7043	6424	1	344
PF3D7_0503400	346	24080	130	216	0	3
PF3D7_0811900	7987	16439	3080	4907	0	335
PF3D7_0815200	5246	19180	4335	911	0	40
PF3D7_0404100	22967	1459	22013	954	0	344
PF3D7_0515100	5004	19422	1518	3486	0	229
PF3D7_0828800	10538	13888	4698	5840	0	398
PF3D7_0617100	5814	18612	2662	3152	0	220
PF3D7_0213600	18577	5849	14875	3695	7	963
PF3D7_1340100	1115	23311	178	937	0	71
PF3D7_1351700	9527	14899	3853	5674	0	1012
PF3D7_0303200	17172	7254	14066	3106	0	347
PF3D7_0503600	7689	16737	3176	4513	0	205
PF3D7_1456000	13951	10475	9273	4678	0	593
PF3D7_0728100	19158	5268	14528	4626	4	2416
PF3D7_1224900	1409	23017	1160	249	0	14
PF3D7_1473000	4299	20127	328	3968	3	96
PF3D7_1445500	1007	23419	122	853	32	84
PF3D7_1236600	1332	23094	440	891	1	44
PF3D7_1449400	13615	10811	9258	4356	1	1714
PF3D7_0509800	16633	7793	12108	4525	0	525
PF3D7_0927200	12107	12319	6106	5999	2	1078
PF3D7_0216500	9953	14473	3507	6446	0	1117
PF3D7_1007800	8074	16352	2540	5534	0	876
PF3D7_0205500	3992	20434	3035	957	0	12
PF3D7_0609000	15863	8563	10584	5277	2	2977
PF3D7_0523600	788	23638	450	338	0	20
PF3D7_1148000	11838	12588	7059	4779	0	530
PF3D7_1230700	8110	16316	3645	4463	2	480
PF3D7_1446400	4380	20046	518	3858	4	147
PF3D7_0213000	871	23555	287	584	0	46
PF3D7_0904700	659	23767	67	592	0	49
PF3D7_0105600	7062	17364	3133	3928	1	532
PF3D7_0623600	4897	19529	2431	2466	0	193
PF3D7_0934200	3283	21143	606	2677	0	30
PF3D7_0912600	7517	16909	2190	5326	1	664
PF3D7_0415900	1889	22537	812	1077	0	12
PF3D7_1221200	834	23592	512	320	2	32
PF3D7_1138600	4072	20354	2509	1563	0	218
PF3D7_1202900	558	23868	214	344	0	5
PF3D7_0512600	2158	22268	1872	286	0	8
PF3D7_0615800	10549	13877	4082	6467	0	561
PF3D7_0627900	2115	22311	1004	1111	0	67
PF3D7_1462900	6705	17721	2166	4539	0	733
PF3D7_1211600	18083	6343	13717	4366	0	1839
PF3D7_1452400	12739	11687	9173	3566	0	459
PF3D7_0204100	21020	3406	19076	1944	0	719
PF3D7_1458700	2458	21968	1338	1107	13	39
PF3D7_1321500	9908	14518	4103	5805	0	299
PF3D7_1432600	9820	14606	6288	3531	1	454
PF3D7_1202600	19841	4585	17752	2088	1	756
PF3D7_1346700	5977	18449	1747	4230	0	91
PF3D7_0517200	10113	14313	5121	4990	2	389
PF3D7_1404300	4376	20050	144	4232	0	65
PF3D7_0706700	5892	18534	2800	3092	0	299
PF3D7_1148700	9114	15312	5227	3845	42	262
PF3D7_0811600	9636	14790	6562	3074	0	184
PF3D7_0610800	4547	19879	3587	959	1	75
PF3D7_1407200	4240	20186	2252	1988	0	88
PF3D7_0202100	5984	18442	981	5003	0	164
PF3D7_0305900	2905	21521	1193	1711	1	88
PF3D7_1211200	11181	13245	5005	6175	1	1203
PF3D7_1146100	2276	22150	1130	1142	4	84
PF3D7_1331000	6441	17985	1461	4975	5	310
PF3D7_1016200	3487	20939	2471	1016	0	102
PF3D7_0513600	13846	10580	9683	4162	1	862
PF3D7_1327100	3924	20502	3028	896	0	74
PF3D7_1242500	3257	21169	1955	1301	1	161
PF3D7_1312000	4140	20286	451	3689	0	180
PF3D7_1336900	4809	19617	3318	1491	0	115
PF3D7_1466200	17101	7325	14114	2987	0	1316
PF3D7_1307900	11522	12904	7749	3769	4	360
PF3D7_1139100	16143	8283	11926	4217	0	1148
PF3D7_1136200	8957	15469	3085	5870	2	652
PF3D7_0715900	6444	17982	439	6005	0	169
PF3D7_1466500	1628	22798	560	1068	0	51
PF3D7_0423600	22250	2176	21018	1232	0	353
PF3D7_1458200	1192	23234	418	771	3	73
PF3D7_1217400	9167	15259	5125	4042	0	457
PF3D7_1224000	2680	21746	790	1890	0	124
PF3D7_0216300	10096	14330	4475	5609	12	1277
PF3D7_1362600	3687	20739	1951	1735	1	88
PF3D7_1303900	1502	22924	872	630	0	41
PF3D7_0731300	2142	22284	1098	1044	0	64
PF3D7_0206000	11242	13184	6090	5147	5	865
PF3D7_0209400	6470	17956	3990	2478	2	168
PF3D7_0721300	12947	11479	8374	4566	7	451
PF3D7_1247000	2306	22120	1429	875	2	108
PF3D7_0403600	9220	15206	3366	5854	0	475
PF3D7_0505300	6823	17603	3841	2979	3	190
PF3D7_1441000	6792	17634	1854	4938	0	283
PF3D7_1352400	9414	15012	3082	6330	2	795
PF3D7_0207300	10887	13539	5518	5369	0	865
PF3D7_0410900	15502	8924	13002	2500	0	359
PF3D7_0704000	13043	11383	6337	6696	10	3376
PF3D7_0521200	2459	21967	286	2173	0	106
PF3D7_1015800	4062	20364	1677	2384	1	34
PF3D7_0114200	14930	9496	13242	1595	93	190
PF3D7_1465900	4831	19595	4644	187	0	6
PF3D7_1002000	6304	18122	3157	3147	0	122
PF3D7_1354900	5903	18523	1364	4539	0	416
PF3D7_0418100	16289	8137	10502	5787	0	630
PF3D7_1128300	9349	15077	4848	4500	1	364
PF3D7_0627100	9481	14945	5768	3713	0	427
PF3D7_1414600	5041	19385	478	4504	59	201
PF3D7_0511200	10225	14201	7121	3104	0	88
PF3D7_0614100	12761	11665	7475	5286	0	882
PF3D7_0719400	18553	5873	13008	5545	0	816
PF3D7_0529800	20346	4080	17525	2821	0	1008
PF3D7_0501700	7418	17008	2543	4875	0	213
PF3D7_0610200	12736	11690	4365	8371	0	418
PF3D7_0411100	1190	23236	453	737	0	43
PF3D7_1005700	8188	16238	3640	4547	1	552
PF3D7_1349200	8786	15640	4375	4406	5	361
PF3D7_1466700	3239	21187	1853	1386	0	45
PF3D7_0313800	5019	19407	1262	3757	0	241
PF3D7_1463400	4509	19917	902	3607	0	191
PF3D7_0322600	9097	15329	2079	7008	10	1669
PF3D7_0626100	4845	19581	1261	3579	5	93
PF3D7_0218700	2861	21565	1310	1550	1	174
PF3D7_1416800	5342	19084	1527	3815	0	296
PF3D7_0625900	5856	18570	784	5070	2	221
PF3D7_0827400	1616	22810	563	1053	0	80
PF3D7_0318800	2330	22096	842	1488	0	105
PF3D7_1364100	9190	15236	2914	6276	0	824
PF3D7_1448500	23369	1057	22337	1030	2	451
PF3D7_0818200	2387	22039	1454	932	1	4
PF3D7_0629900	2325	22101	1258	1067	0	47
PF3D7_0916200	10560	13866	5513	5047	0	496
PF3D7_1247200	1851	22575	695	1156	0	77
PF3D7_1017800	8193	16233	2834	5359	0	475
PF3D7_1410100	3613	20813	1676	1937	0	103
PF3D7_1214400	1263	23163	557	706	0	29
PF3D7_0727000	17869	6557	14933	2936	0	847
PF3D7_0217100	6030	18396	4748	1282	0	52
PF3D7_1145000	6762	17664	2667	4095	0	430
PF3D7_1105100	395	24031	175	220	0	4
PF3D7_1408400	5636	18790	1610	4026	0	303
PF3D7_1021400	4228	20198	2940	1288	0	68
PF3D7_0707200	17683	6743	13153	4526	4	1202
PF3D7_1137800	2285	22141	134	2151	0	70
PF3D7_1247300	3547	20879	1322	2225	0	241
PF3D7_1129800	5936	18490	4506	1430	0	102
PF3D7_0206900	3812	20614	426	3386	0	76
PF3D7_0422900	1803	22623	509	1294	0	87
PF3D7_0520400	3924	20502	324	3600	0	70
PF3D7_0818000	5717	18709	2699	3018	0	312
PF3D7_1230100	6238	18188	3114	3124	0	217
PF3D7_0927000	1315	23111	526	789	0	27
PF3D7_0524000	8829	15597	5831	2998	0	49
PF3D7_1461500	2520	21906	2020	500	0	56
PF3D7_0522700	1052	23374	429	622	1	96
PF3D7_1006400	5221	19205	2276	2945	0	408
PF3D7_0208900	12186	12240	7266	4919	1	1274
PF3D7_0910600	2833	21593	2081	751	1	45
PF3D7_0704900	1924	22502	535	1389	0	89
PF3D7_0111500	2745	21681	1297	1446	2	92
PF3D7_1307400	3618	20808	255	3363	0	208
PF3D7_1234500	2668	21758	629	2037	2	113
PF3D7_1478800	3631	20795	737	2469	425	162
PF3D7_1222100	3391	21035	1857	1534	0	119
PF3D7_0414300	2115	22311	1068	1047	0	24
PF3D7_1028500	13805	10621	7780	6019	6	593
PF3D7_1238300	21838	2588	19952	1886	0	369
PF3D7_0826300	4197	20229	1069	3128	0	270
PF3D7_0107100	4626	19800	1689	2937	0	185
PF3D7_0216200	4306	20120	820	3485	1	134
PF3D7_0205300	6193	18233	1498	4695	0	429
PF3D7_1347600	3819	20607	1751	2060	8	105
PF3D7_0935600	17325	7101	13125	4196	4	186
PF3D7_1325200	2237	22189	877	1360	0	7
PF3D7_0801400	2671	21755	232	2439	0	12
PF3D7_1246900	7767	16659	2692	5073	2	465
PF3D7_0720800	7200	17226	3661	3538	1	54
PF3D7_1239000	4706	19720	2078	2628	0	201
PF3D7_1108100	22144	2282	19762	2382	0	391
PF3D7_0710500	6693	17733	801	5892	0	69
PF3D7_1134100	3805	20621	2716	1089	0	92
PF3D7_1215000	746	23680	67	677	2	58
PF3D7_1451600	7225	17201	4572	2652	1	324
PF3D7_0102700	7199	17227	2544	4654	1	123
PF3D7_1439800	777	23649	279	498	0	35
PF3D7_0311300	5837	18589	3468	2369	0	199
PF3D7_1007900	6069	18357	1301	4768	0	149
PF3D7_1037000	14354	10072	10602	3749	3	957
PF3D7_0417700	4145	20281	2144	1999	2	146
PF3D7_0512500	5328	19098	2352	2976	0	221
PF3D7_0419500	3633	20793	940	2693	0	195
PF3D7_0306600	4708	19718	2174	2534	0	20
PF3D7_0308200	10294	14132	4729	5564	1	48
PF3D7_0313000	8589	15837	5334	3254	1	199
PF3D7_0813000	4508	19918	1421	3087	0	146
PF3D7_1334700	2829	21597	2391	438	0	73
PF3D7_0825000	8710	15716	2813	5896	1	1372
PF3D7_1469300	4132	20294	1221	2911	0	78
PF3D7_1211700	6751	17675	5980	771	0	24
PF3D7_1228200	3636	20790	726	2910	0	354
PF3D7_0503900	9836	14590	4248	5588	0	239
PF3D7_0706400	450	23976	153	297	0	9
PF3D7_0404300	20693	3733	18224	2469	0	284
PF3D7_0707800	8247	16179	4865	3382	0	426
PF3D7_0614700	4584	19842	1249	3335	0	190
PF3D7_0103500	21036	3390	17734	3302	0	462
PF3D7_1142800	9608	14818	5668	3940	0	72
PF3D7_1455300	7502	16924	1055	6433	14	799
PF3D7_1039000	9195	15231	2752	6443	0	645
PF3D7_1333000	2479	21947	1421	1058	0	52
PF3D7_1117500	4533	19893	3090	1443	0	190
PF3D7_0312300	1455	22971	763	692	0	57
PF3D7_1117800	7833	16593	4838	2993	2	254
PF3D7_1415300	1853	22573	292	1560	1	46
PF3D7_1208400	11006	13420	4636	6368	2	725
PF3D7_0622300	8377	16049	4158	4216	3	215
PF3D7_0925900	1833	22593	1356	477	0	24
PF3D7_0925700	2565	21861	1512	1053	0	18
PF3D7_1433200	8964	15462	2718	6245	1	904
PF3D7_0315500	632	23794	93	539	0	34
PF3D7_1208500	10127	14299	3135	6992	0	1939
PF3D7_0820600	1956	22470	304	1651	1	125
PF3D7_0408800	1295	23131	285	1009	1	97
PF3D7_1030500	5701	18725	1548	4151	2	101
PF3D7_1008800	2344	22082	1153	1191	0	104
PF3D7_0704400	8337	16089	2302	6034	1	865
PF3D7_1464100	10990	13436	5271	5719	0	592
PF3D7_1325500	4812	19614	3159	1653	0	195
PF3D7_1336800	1906	22520	826	1080	0	71
PF3D7_1459000	6284	18142	3206	3077	1	338
PF3D7_0931000	5344	19082	2103	3241	0	390
PF3D7_1365800	1595	22831	773	821	1	56
PF3D7_1469600	13123	11303	6745	6378	0	3426
PF3D7_0508000	8816	15610	2702	6114	0	547
PF3D7_1460400	3305	21121	1184	2121	0	108
PF3D7_1436300	10481	13945	4482	5998	1	731
PF3D7_1237600	4408	20018	1035	3373	0	243
PF3D7_0616700	4435	19991	1083	3351	1	214
PF3D7_1429200	9097	15329	5008	4089	0	512
PF3D7_1408300	4947	19479	681	4262	4	131
PF3D7_0719900	16994	7432	13314	3670	10	2481
PF3D7_1147500	9611	14815	4904	4706	1	616
PF3D7_1467900	9459	14967	2814	6645	0	661
PF3D7_0803400	10118	14308	5964	4153	1	462
PF3D7_1348200	1756	22670	473	1280	3	66
PF3D7_0622600	619	23807	365	254	0	15
PF3D7_1147600	4473	19953	1584	2889	0	181
PF3D7_0408600	11697	12729	7029	4668	0	1230
PF3D7_0709300	23490	936	22395	1095	0	613
PF3D7_0312400	7943	16483	5167	2776	0	42
PF3D7_1446600	1419	23007	665	754	0	11
PF3D7_1002900	1332	23094	1079	253	0	29
PF3D7_1421900	1071	23355	262	808	1	61
PF3D7_1249800	19942	4484	15732	4210	0	1539
PF3D7_1038500	6978	17448	3183	3795	0	104
PF3D7_0821400	1287	23139	660	627	0	41
PF3D7_1406000	1164	23262	874	286	4	29
PF3D7_1464900	7357	17069	4268	3089	0	111
PF3D7_1125200	3143	21283	2423	719	1	43
PF3D7_0910800	6144	18282	2334	3809	1	184
PF3D7_1004600	9919	14507	3256	6663	0	780
PF3D7_1032100	11958	12468	5131	6823	4	1696
PF3D7_1469000	1869	22557	382	1487	0	84
PF3D7_1006100	1645	22781	1260	385	0	35
PF3D7_1435200	2680	21746	930	1750	0	186
PF3D7_1366600	3558	20868	702	2856	0	193
PF3D7_1120900	370	24056	46	324	0	25
PF3D7_0417900	9562	14864	3314	6248	0	562
PF3D7_0504700	24410	16	24407	3	0	0
PF3D7_0625300	19045	5381	13066	5979	0	461
PF3D7_1326300	8691	15735	4053	4636	2	243
PF3D7_1141500	2670	21756	1271	1394	5	122
PF3D7_0318600	5620	18806	3093	2526	1	312
PF3D7_1439900	2238	22188	525	1713	0	72
PF3D7_0705700	654	23772	545	109	0	3
PF3D7_1464000	4186	20240	744	3434	8	403
PF3D7_0111300	9782	14644	3786	5996	0	540
PF3D7_1446100	5962	18464	1994	3967	1	517
PF3D7_0619600	8100	16326	653	7447	0	1261
PF3D7_1128100	1356	23070	463	892	1	57
PF3D7_1344700	9262	15164	3143	6118	1	1187
PF3D7_1231100	2829	21597	1853	976	0	4
PF3D7_0607400	3531	20895	1071	2458	2	71
PF3D7_1340200	413	24013	293	120	0	12
PF3D7_0303500	16253	8173	11088	5165	0	643
PF3D7_1443600	8960	15466	4109	4849	2	730
PF3D7_1360700	8215	16211	3348	4865	2	515
PF3D7_0913800	4419	20007	2642	1777	0	37
PF3D7_0824800	13553	10873	7523	5377	653	487
PF3D7_1477100	4522	19904	350	4134	38	272
PF3D7_1111700	6523	17903	1262	5261	0	454
PF3D7_0813400	4332	20094	1626	2705	1	171
PF3D7_1330700	4262	20164	1735	2525	2	183
PF3D7_0414200	6058	18368	1126	4932	0	31
PF3D7_0817100	7367	17059	3706	3661	0	368
PF3D7_1113300	2657	21769	1361	1296	0	59
PF3D7_1036900	8460	15966	2812	5648	0	607
PF3D7_0605700	4810	19616	1780	3029	1	145
PF3D7_1132000	9901	14525	5575	4326	0	392
PF3D7_0423800	3824	20602	1146	2678	0	157
PF3D7_0933300	10715	13711	4413	6302	0	507
PF3D7_1125300	12437	11989	8396	4041	0	368
PF3D7_0113700	3485	20941	629	2856	0	97
PF3D7_1333600	14198	10228	10179	4019	0	914
PF3D7_1007300	6087	18339	2543	3542	2	352
PF3D7_1113400	2569	21857	1021	1548	0	84
PF3D7_1210400	9370	15056	4113	5253	4	512
PF3D7_1030600	7019	17407	4964	2054	1	198
PF3D7_0412200	6700	17726	456	6244	0	114
PF3D7_1444100	22271	2155	20176	2095	0	1101
PF3D7_1114900	13790	10636	5980	7809	1	1120
PF3D7_1233300	11584	12842	6954	4621	9	721
PF3D7_0927900	6162	18264	1639	4522	1	26
PF3D7_0618100	5041	19385	2645	2396	0	336
PF3D7_0919000	3847	20579	3296	551	0	21
PF3D7_0720700	12360	12066	7138	5212	10	1589
PF3D7_1202300	14332	10094	8044	6282	6	2990
PF3D7_0102600	6734	17692	2156	4575	3	296
PF3D7_1133200	18596	5830	16215	2381	0	757
PF3D7_0924600	11578	12848	6409	5169	0	1439
PF3D7_1247700	4737	19689	228	4509	0	262
PF3D7_1317700	2056	22370	149	1907	0	65
PF3D7_1339800	531	23895	390	141	0	5
PF3D7_0719600	1073	23353	728	345	0	8
PF3D7_0511300	10702	13724	5373	5329	0	942
PF3D7_1120400	13238	11188	9744	3494	0	200
PF3D7_0617200	3164	21262	861	2303	0	68
PF3D7_0320900	1958	22468	1753	205	0	3
PF3D7_1447100	1938	22488	829	1100	9	79
PF3D7_1311500	4601	19825	3596	1003	2	15
PF3D7_1457300	5629	18797	1180	4449	0	241
PF3D7_0213300	718	23708	525	193	0	12
PF3D7_0210200	21258	3168	20169	1089	0	918
PF3D7_0608500	1653	22773	1170	483	0	20
PF3D7_1142600	1060	23366	392	668	0	38
PF3D7_1324800	5160	19266	4026	1134	0	118
PF3D7_1353800	1208	23218	354	854	0	34
PF3D7_1312500	271	24155	83	188	0	16
PF3D7_0714500	6336	18090	2671	3665	0	123
PF3D7_0214300	22663	1763	21063	1600	0	697
PF3D7_0619300	17973	6453	9123	8830	20	1496
PF3D7_1350000	4483	19943	2691	1792	0	139
PF3D7_0918100	4179	20247	270	3900	9	81
PF3D7_0404200	1509	22917	792	717	0	64
PF3D7_1474800	1499	22927	601	874	24	56
PF3D7_0825500	8570	15856	1836	6732	2	324
PF3D7_1036000	9152	15274	7303	1849	0	98
PF3D7_0818500	567	23859	84	483	0	53
PF3D7_1467400	5143	19283	2948	2195	0	73
PF3D7_1210000	2466	21960	773	1693	0	95
PF3D7_1413100	5923	18503	439	5477	7	451
PF3D7_0937000	6107	18319	781	2900	2426	196
PF3D7_1204300	412	24014	107	305	0	7
PF3D7_1243600	428	23998	292	136	0	6
PF3D7_1465600	6678	17748	2397	4281	0	263
PF3D7_1356600	2615	21811	1433	1182	0	51
PF3D7_1474900	1116	23310	193	922	1	41
PF3D7_0814200	2586	21840	279	2306	1	27
PF3D7_1474300	7231	17195	1756	5461	14	683
PF3D7_1114000	1783	22643	907	876	0	81
PF3D7_0421700	16689	7737	5709	10978	2	2775
PF3D7_0905100	13324	11102	9744	3580	0	794
PF3D7_0207000	7473	16953	979	6494	0	397
PF3D7_1366500	1048	23378	67	980	1	36
PF3D7_0409100	4675	19751	3088	1587	0	142
PF3D7_1207700	7083	17343	6590	493	0	80
PF3D7_1121600	5440	18986	300	5140	0	80
PF3D7_0315300	8010	16416	3566	4444	0	638
PF3D7_0911100	6752	17674	2210	4542	0	513
PF3D7_1417600	17901	6525	13522	4376	3	1991
PF3D7_1119700	1991	22435	691	1300	0	106
PF3D7_0504200	6565	17861	2841	3724	0	177
PF3D7_1147300	10443	13983	5084	5359	0	711
PF3D7_0908400	2692	21734	322	2369	1	132
PF3D7_0823700	1606	22820	1129	477	0	24
PF3D7_1239400	863	23563	234	629	0	74
PF3D7_0613700	3652	20774	2045	1607	0	156
PF3D7_1442400	10430	13996	2647	7780	3	1617
PF3D7_1336300	1704	22722	708	996	0	60
PF3D7_0523300	720	23706	349	371	0	27
PF3D7_1345300	624	23802	327	294	3	42
PF3D7_0415300	19360	5066	17323	2037	0	288
PF3D7_1350800	1601	22825	440	1158	3	114
PF3D7_1436700	5623	18803	2705	2918	0	529
PF3D7_0514200	10812	13614	5416	5394	2	360
PF3D7_0410700	4933	19493	2926	2006	1	226
PF3D7_1206000	2515	21911	946	1569	0	58
PF3D7_0911600	7009	17417	2622	4387	0	293
PF3D7_1001200	3485	20941	1726	1759	0	17
PF3D7_1315900	9052	15374	6354	2698	0	285
PF3D7_1453700	4066	20360	3555	511	0	31
PF3D7_1474400	18433	5993	15567	2863	3	1402
PF3D7_0532600	6826	17600	615	5268	943	85
PF3D7_0319800	4127	20299	583	3544	0	196
PF3D7_1107400	4856	19570	1284	3572	0	13
PF3D7_0822300	547	23879	387	160	0	9
PF3D7_1251000	2024	22402	973	1049	2	52
PF3D7_0717100	15764	8662	12681	3083	0	228
PF3D7_1457900	16936	7490	10868	6067	1	2321
PF3D7_0531400	7425	17001	1836	5589	0	975
PF3D7_0924900	3707	20719	708	2994	5	73
PF3D7_1342800	4686	19740	3772	914	0	66
PF3D7_1138000	10764	13662	3920	6843	1	2197
PF3D7_0605500	6850	17576	5225	1624	1	185
PF3D7_0615400	21513	2913	15232	6281	0	1434
PF3D7_0826900	7997	16429	2688	5305	4	617
PF3D7_1206500	15827	8599	13420	2407	0	177
PF3D7_1015000	5442	18984	2984	2456	2	88
PF3D7_1449200	2528	21898	2198	330	0	26
PF3D7_0934400	1602	22824	1148	453	1	30
PF3D7_1436600	8099	16327	5653	2446	0	72
PF3D7_1404700	6254	18172	436	5818	0	227
PF3D7_0419700	2136	22290	233	1903	0	124
PF3D7_1450000	2511	21915	1379	1132	0	48
PF3D7_0823900	2206	22220	1293	913	0	61
PF3D7_1346300	3649	20777	2996	652	1	45
PF3D7_1446300	7081	17345	2421	4659	1	617
PF3D7_1316500	6512	17914	3527	2985	0	377
PF3D7_1444700	1111	23315	635	476	0	70
PF3D7_0807600	22104	2322	20627	1477	0	399
PF3D7_1010300	5330	19096	947	4383	0	27
PF3D7_1217900	7563	16863	1763	5799	1	265
PF3D7_1402100	13047	11379	8263	4784	0	1360
PF3D7_1125400	5449	18977	1446	4002	1	112
PF3D7_1018400	3892	20534	1631	2261	0	57
PF3D7_0319300	575	23851	175	400	0	13
PF3D7_0503800	1227	23199	821	406	0	11
PF3D7_1213600	247	24179	122	125	0	1
PF3D7_0803200	7433	16993	2388	5045	0	329
PF3D7_0516300	16615	7811	12657	3958	0	248
PF3D7_1407000	10915	13511	7989	2925	1	286
PF3D7_1130100	716	23710	582	134	0	13
PF3D7_1358600	8025	16401	2031	5994	0	703
PF3D7_0614400	4199	20227	103	4096	0	111
PF3D7_1451300	1156	23270	281	875	0	70
PF3D7_0717000	8619	15807	5196	3423	0	46
PF3D7_1117200	14173	10253	9985	4182	6	1083
PF3D7_0913500	2782	21644	1498	1284	0	98
PF3D7_1022600	7133	17293	4231	2902	0	226
PF3D7_0217000	9517	14909	3629	5887	1	434
PF3D7_0318300	14737	9689	9792	4945	0	419
PF3D7_0503100	4992	19434	851	4141	0	376
PF3D7_1308700	11865	12561	8959	2905	1	294
PF3D7_0524100	12582	11844	2723	9858	1	1100
PF3D7_0623800	12532	11894	5517	7013	2	1853
PF3D7_0416100	9123	15303	5490	3633	0	185
PF3D7_0908600	4116	20310	1450	2666	0	293
PF3D7_1018600	14241	10185	8869	5372	0	1118
PF3D7_1322100	12888	11538	6959	5929	0	1428
PF3D7_1329200	3044	21382	672	2371	1	109
PF3D7_1464700	5060	19366	2976	2084	0	45
PF3D7_1463700	3643	20783	2834	801	8	102
PF3D7_1467000	7131	17295	1087	6043	1	581
PF3D7_0111400	2887	21539	1027	1859	1	197
PF3D7_0303900	2466	21960	1747	719	0	74
PF3D7_0906500	5831	18595	447	5384	0	202
PF3D7_1117900	13609	10817	9878	3731	0	1231
PF3D7_1111400	1307	23119	658	649	0	69
PF3D7_1136600	10702	13724	5417	5285	0	1102
PF3D7_0808200	9985	14441	5261	4724	0	103
PF3D7_0825400	1472	22954	1025	447	0	33
PF3D7_1352900	9992	14434	3492	6500	0	1675
PF3D7_1032900	11297	13129	4848	6448	1	1651
PF3D7_1409200	2151	22275	999	1150	2	127
PF3D7_0108400	3758	20668	1710	2045	3	74
PF3D7_1006200	2559	21867	2195	355	9	5
PF3D7_1209300	19920	4506	18543	1377	0	548
PF3D7_0513200	20621	3805	17661	2960	0	1121
PF3D7_0626600	667	23759	195	454	18	47
PF3D7_0301300	3908	20518	740	3149	19	108
PF3D7_1018800	5028	19398	1475	3553	0	333
PF3D7_1127700	4154	20272	1906	2247	1	237
PF3D7_0805300	7931	16495	3718	4212	1	508
PF3D7_0804700	15721	8705	10846	4875	0	1030
PF3D7_0725200	2384	22042	1625	759	0	12
PF3D7_0802400	8649	15777	4710	3937	2	381
PF3D7_0526500	16342	8084	13133	2734	475	560
PF3D7_0309900	15611	8815	11162	4447	2	809
PF3D7_1335800	3860	20566	1240	2589	31	152
PF3D7_1016700	8806	15620	2802	6003	1	991
PF3D7_1011800	11233	13193	4685	6545	3	764
PF3D7_1411800	5669	18757	730	4936	3	224
PF3D7_1020200	6928	17498	1202	5726	0	435
PF3D7_1019400	1148	23278	964	184	0	6
PF3D7_0930000	5012	19414	3716	1296	0	140
PF3D7_1145300	1010	23416	647	363	0	49
PF3D7_1221300	5840	18586	1348	4462	30	317
PF3D7_1244600	2617	21809	113	2504	0	56
PF3D7_1461100	4683	19743	1117	3555	11	485
PF3D7_0706000	8964	15462	5939	3025	0	128
PF3D7_0511400	7345	17081	390	6955	0	484
PF3D7_1147900	1569	22857	1373	196	0	29
PF3D7_1355800	1520	22906	1304	216	0	27
PF3D7_1244200	12555	11871	9598	2957	0	493
PF3D7_1444200	783	23643	260	523	0	30
PF3D7_1206700	3018	21408	233	2780	5	199
PF3D7_1105900	2651	21775	648	2002	1	56
PF3D7_1026000	7051	17375	1872	5179	0	303
PF3D7_1238200	3597	20829	780	2817	0	140
PF3D7_0311200	11202	13224	6740	4462	0	771
PF3D7_0505700	14980	9446	11599	3379	2	390
PF3D7_0719200	3058	21368	2706	351	1	10
PF3D7_0214500	1946	22480	1118	826	2	108
PF3D7_0912200	5336	19090	1363	3973	0	232
PF3D7_0604200	925	23501	692	233	0	15
PF3D7_0103400	15549	8877	11215	4331	3	1080
PF3D7_1310400	10850	13576	6680	4169	1	685
PF3D7_1219100	12066	12360	6593	5473	0	415
PF3D7_1445300	7522	16904	3454	4068	0	305
PF3D7_0804400	8267	16159	4219	4047	1	289
PF3D7_1475400	18048	6378	13119	4927	2	2688
PF3D7_1367000	961	23465	460	493	8	18
PF3D7_0213100	1254	23172	725	529	0	19
PF3D7_0211100	6717	17709	2936	3781	0	457
PF3D7_1404000	4128	20298	265	3860	3	41
PF3D7_0105900	2503	21923	295	2208	0	181
PF3D7_0916700	2803	21623	974	1828	1	71
PF3D7_0511800	3976	20450	2617	1359	0	83
PF3D7_0810400	4436	19990	1763	2673	0	129
PF3D7_0803800	2182	22244	1492	690	0	32
PF3D7_0928600	3491	20935	204	3285	2	35
PF3D7_1336400	4358	20068	864	3494	0	38
PF3D7_0913100	7163	17263	2593	4570	0	597
PF3D7_0728000	1399	23027	820	579	0	24
PF3D7_1201100	9857	14569	4372	5480	5	305
PF3D7_1345200	3229	21197	415	2813	1	288
PF3D7_1333400	6177	18249	2283	3891	3	70
PF3D7_0704500	14666	9760	9470	5193	3	1161
PF3D7_1435700	4463	19963	1531	2931	1	294
PF3D7_1011200	2127	22299	1150	977	0	36
PF3D7_1347200	4537	19889	2030	2506	1	89
PF3D7_1229300	9664	14762	4263	5400	1	829
PF3D7_1367100	4737	19689	3160	1577	0	176
PF3D7_0720100	2784	21642	626	2158	0	123
PF3D7_1228500	2028	22398	1129	892	7	105
PF3D7_1440200	8708	15718	4555	4153	0	741
PF3D7_1338700	5319	19107	1801	3517	1	212
PF3D7_1318200	2192	22234	810	1382	0	121
PF3D7_1038000	756	23670	394	362	0	9
PF3D7_0826400	6198	18228	3024	3173	1	159
PF3D7_1317600	4286	20140	1545	2741	0	312
PF3D7_0524400	2672	21754	1939	733	0	14
PF3D7_1230800	6160	18266	3860	2300	0	142
PF3D7_0605900	2516	21910	1877	639	0	17
PF3D7_0615700	1318	23108	759	559	0	33
PF3D7_1357100	16418	8008	15675	743	0	4
PF3D7_0309300	23066	1360	22475	591	0	41
PF3D7_1208200	12215	12211	5179	7035	1	3584
PF3D7_1216500	3307	21119	684	2623	0	73
PF3D7_1205500	10463	13963	3616	6836	11	871
PF3D7_1013300	3581	20845	1044	2537	0	353
PF3D7_0414700	5254	19172	1185	4067	2	133
PF3D7_1315400	1844	22582	735	1109	0	56
PF3D7_0314700	12572	11854	8609	3962	1	501
PF3D7_1010800	3776	20650	712	3043	21	67
PF3D7_0702600	1026	23400	56	965	5	36
PF3D7_0715700	1413	23013	1090	323	0	14
PF3D7_1319300	10465	13961	6735	3730	0	311
PF3D7_1230500	3738	20688	2417	1321	0	225
PF3D7_1462500	7906	16520	5212	2692	2	336
PF3D7_0919600	3542	20884	2586	955	1	165
PF3D7_1115900	4468	19958	2669	1799	0	63
PF3D7_0523500	1163	23263	840	323	0	26
PF3D7_0511600	5795	18631	5040	755	0	46
PF3D7_1454200	8044	16382	3462	4582	0	601
PF3D7_0212000	5404	19022	1629	3729	46	67
PF3D7_1413800	2797	21629	452	2345	0	114
PF3D7_1365700	2035	22391	262	1772	1	74
PF3D7_0817600	9793	14633	5316	4476	1	612
PF3D7_1246000	4914	19512	2033	2880	1	148
PF3D7_0311500	269	24157	50	219	0	10
PF3D7_1448900	591	23835	390	201	0	23
PF3D7_0313300	2006	22420	1050	956	0	57
PF3D7_1004500	875	23551	101	774	0	33
PF3D7_0628000	1741	22685	1474	267	0	22
PF3D7_0523200	8642	15784	3173	5468	1	731
PF3D7_1102600	7662	16764	2316	5144	202	173
PF3D7_0828600	2998	21428	866	2125	7	158
PF3D7_0703700	4662	19764	581	4081	0	178
PF3D7_0921600	8325	16101	1783	6344	198	1107
PF3D7_0507900	2639	21787	2436	203	0	31
PF3D7_1403200	5515	18911	916	4599	0	179
PF3D7_0602600	8404	16022	1810	6594	0	617
PF3D7_0810800	6174	18252	1813	4361	0	88
PF3D7_1227600	10599	13827	5327	5272	0	575
PF3D7_0604500	15250	9176	8532	6718	0	1318
PF3D7_1011700	1939	22487	534	1405	0	189
PF3D7_0730800	8397	16029	4557	3840	0	134
PF3D7_1249300	12976	11450	8998	3978	0	498
PF3D7_0422400	1582	22844	1365	216	1	16
PF3D7_0922200	3065	21361	1856	1209	0	27
PF3D7_1417100	2883	21543	298	2584	1	178
PF3D7_0203700	18441	5985	16702	1739	0	192
PF3D7_0410000	21431	2995	19074	2357	0	247
PF3D7_1025700	2339	22087	379	1960	0	70
PF3D7_1138500	7217	17209	2644	4573	0	427
PF3D7_1237300	2972	21454	1762	1210	0	110
PF3D7_1235400	15814	8612	13453	2359	2	403
PF3D7_1354100	1834	22592	359	1469	6	219
PF3D7_0532400	7185	17241	2693	4488	4	169
PF3D7_0314300	2584	21842	1616	968	0	95
PF3D7_0624500	384	24042	41	343	0	6
PF3D7_1315800	2290	22136	851	1439	0	137
PF3D7_1406300	6506	17920	4064	2442	0	197
PF3D7_1318000	809	23617	284	524	1	62
PF3D7_0818100	3816	20610	1696	2119	1	207
PF3D7_1103700	801	23625	173	628	0	32
PF3D7_1466100	7996	16430	4574	3421	1	173
PF3D7_1246600	12374	12052	7997	4375	2	279
PF3D7_0104000	2215	22211	1715	500	0	50
PF3D7_0810600	6399	18027	1422	4969	8	144
PF3D7_0931300	5172	19254	2486	2686	0	156
PF3D7_0532500	8662	15764	966	7642	54	67
PF3D7_0821800	954	23472	337	615	2	11
PF3D7_1205100	6148	18278	3408	2737	3	235
PF3D7_0610900	8831	15595	4473	4357	1	289
PF3D7_0904800	3472	20954	1144	2327	1	47
PF3D7_1433900	12071	12355	3375	8689	7	1517
PF3D7_0721200	9524	14902	3845	5678	1	640
PF3D7_0821600	6820	17606	1073	5746	1	364
PF3D7_1220100	6780	17646	1049	5731	0	242
PF3D7_1129900	6388	18038	1851	4536	1	132
PF3D7_1462300	9681	14745	4928	4752	1	471
PF3D7_0822200	9822	14604	4028	5794	0	1329
PF3D7_1237100	24260	166	24062	198	0	137
PF3D7_1326400	2745	21681	1460	1285	0	91
PF3D7_1332900	10480	13946	7227	3253	0	257
PF3D7_1109100	12139	12287	5642	6497	0	1686
PF3D7_1468800	7745	16681	5106	2638	1	417
PF3D7_1427100	17594	6832	13862	3731	1	374
PF3D7_1304400	3908	20518	754	3147	7	354
PF3D7_0809900	9265	15161	2658	6607	0	486
PF3D7_0405400	15511	8915	11320	4191	0	813
PF3D7_1350700	16079	8347	12606	3471	2	391
PF3D7_0320200	8052	16374	5180	2872	0	242
PF3D7_1335500	4379	20047	2413	1966	0	44
PF3D7_1318400	7252	17174	3115	4137	0	161
PF3D7_0829300	1110	23316	812	298	0	23
PF3D7_1358800	1012	23414	762	250	0	5
PF3D7_0805200	404	24022	83	321	0	21
PF3D7_1359900	15666	8760	10923	4743	0	1248
PF3D7_1356300	2221	22205	1748	473	0	14
PF3D7_0313700	4399	20027	2958	1441	0	97
PF3D7_1405200	924	23502	180	743	1	74
PF3D7_1433800	17951	6475	12286	5664	1	1134
PF3D7_1406500	15913	8513	12165	3748	0	494
PF3D7_0713500	10163	14263	3585	6578	0	984
PF3D7_0508100	12741	11685	8279	4460	2	759
PF3D7_1309800	5210	19216	1475	3735	0	116
PF3D7_1105300	9383	15043	2761	6622	0	332
PF3D7_1412100	5311	19115	1772	3539	0	377
PF3D7_0525600	3111	21315	812	2299	0	201
PF3D7_1327300	13425	11001	9056	4368	1	1020
PF3D7_1361200	13102	11324	7573	5529	0	1432
PF3D7_1432800	6055	18371	2116	3938	1	356
PF3D7_0820000	21349	3077	18941	2407	1	632
PF3D7_0715100	4590	19836	4359	231	0	40
PF3D7_1001600	8179	16247	2978	5201	0	272
PF3D7_0706600	4802	19624	1594	3204	4	490
PF3D7_1218100	3029	21397	1064	1965	0	121
PF3D7_1110600	2369	22057	1803	566	0	55
PF3D7_1366400	17606	6820	14025	3581	0	1076
PF3D7_0901800	4915	19511	948	3967	0	101
PF3D7_1311600	4200	20226	507	3692	1	368
PF3D7_1030700	2279	22147	1197	1082	0	89
PF3D7_0623500	3372	21054	2480	892	0	92
PF3D7_1128200	1494	22932	1182	311	1	17
PF3D7_0705200	13339	11087	5611	7723	5	1458
PF3D7_1022000	9943	14483	4071	5872	0	511
PF3D7_1135600	11957	12469	7516	4420	21	873
PF3D7_1124500	4649	19777	488	4161	0	249
PF3D7_1105400	1531	22895	894	637	0	19
PF3D7_1225000	12288	12138	6481	5804	3	846
PF3D7_0814500	13722	10704	9259	4454	9	495
PF3D7_1464800	6451	17975	6103	348	0	45
PF3D7_0936500	4546	19880	551	3975	20	160
PF3D7_0501900	3911	20515	871	3040	0	99
PF3D7_1037600	8206	16220	5264	2942	0	103
PF3D7_0405000	4956	19470	1245	3702	9	214
PF3D7_1339900	7809	16617	3981	3826	2	395
PF3D7_1325800	13828	10598	8890	4933	5	695
PF3D7_1407900	7242	17184	4253	2987	2	203
PF3D7_0216000	15781	8645	12874	2907	0	440
PF3D7_0204200	910	23516	474	436	0	25
PF3D7_1310800	22139	2287	20358	1781	0	514
PF3D7_1339400	1146	23280	340	806	0	33
PF3D7_1359100	5745	18681	3313	2432	0	393
PF3D7_1306200	5161	19265	533	4628	0	171
PF3D7_1333500	8166	16260	3364	4802	0	289
PF3D7_1034400	6558	17868	4949	1609	0	86
PF3D7_1315700	4361	20065	541	3819	1	144
PF3D7_0713200	9535	14891	2942	5932	661	186
PF3D7_1223700	666	23760	173	493	0	12
PF3D7_1022900	412	24014	166	246	0	11
PF3D7_0502900	476	23950	153	322	1	14
PF3D7_0531300	3336	21090	390	2946	0	158
PF3D7_1425500	1057	23369	540	516	1	55
PF3D7_0306700	8366	16060	8143	222	1	29
PF3D7_0708000	7136	17290	3069	4065	2	252
PF3D7_1401100	7570	16856	1556	6012	2	396
PF3D7_1471600	12083	12343	8098	3985	0	1345
PF3D7_1003300	591	23835	65	526	0	24
PF3D7_1031700	3942	20484	537	3403	2	46
PF3D7_0921800	3041	21385	2264	777	0	60
PF3D7_1115200	13307	11119	9982	3325	0	246
PF3D7_0620500	4357	20069	1520	2835	2	304
PF3D7_1366900	11899	12527	6610	5289	0	415
PF3D7_0531000	7496	16930	1885	5611	0	433
PF3D7_0516500	5188	19238	4522	666	0	65
PF3D7_0529500	4131	20295	3685	446	0	39
PF3D7_1419100	6615	17811	2712	3902	1	579
PF3D7_0305300	5674	18752	1536	4125	13	506
PF3D7_1362200	3442	20984	2065	1373	4	61
PF3D7_0803100	23588	838	23091	497	0	252
PF3D7_1465000	1568	22858	565	1003	0	86
PF3D7_0731500	17925	6501	14363	3562	0	907
PF3D7_0811200	12839	11587	8085	4753	1	414
PF3D7_0610400	667	23759	58	608	1	1
PF3D7_1227200	10518	13908	4321	6195	2	913
PF3D7_1123400	3276	21150	1586	1690	0	94
PF3D7_1121500	5286	19140	3142	2144	0	156
PF3D7_1446500	18154	6272	14431	3723	0	1812
PF3D7_1249200	1571	22855	261	1309	1	118
PF3D7_1133500	2834	21592	2011	823	0	83
PF3D7_1323300	5092	19334	2208	2884	0	119
PF3D7_0924200	7802	16624	2298	5504	0	592
PF3D7_1015200	5375	19051	3035	2333	7	161
PF3D7_1021000	4342	20084	3239	1103	0	47
PF3D7_1243700	18115	6311	15307	2807	1	129
PF3D7_1304200	2971	21455	1983	988	0	48
PF3D7_0107500	13459	10967	9011	4448	0	390
PF3D7_1229000	11775	12651	7066	4709	0	594
PF3D7_1458400	5226	19200	1985	3240	1	238
PF3D7_1129500	5683	18743	1792	3885	6	302
PF3D7_1452800	3029	21397	1232	1797	0	185
PF3D7_0804900	8386	16040	1815	6571	0	221
PF3D7_0418700	11406	13020	8235	3171	0	439
PF3D7_0502700	1685	22741	497	1182	6	101
PF3D7_1350900	8071	16355	4447	3390	234	154
PF3D7_1429800	14443	9983	8956	5487	0	229
PF3D7_1016900	5311	19115	219	5092	0	49
PF3D7_1124900	1289	23137	937	352	0	25
PF3D7_1130900	13352	11074	8357	4995	0	772
PF3D7_0418500	5063	19363	1146	3917	0	25
PF3D7_1012600	5252	19174	2632	2620	0	195
PF3D7_1222600	16233	8193	8671	7562	0	1948
PF3D7_0821500	5652	18774	1661	3991	0	216
PF3D7_1235700	6530	17896	5984	546	0	46
PF3D7_1369500	6983	17443	3930	3053	0	327
PF3D7_1401800	1869	22557	287	1580	2	69
PF3D7_1456700	2804	21622	856	1948	0	100
PF3D7_0301400	6191	18235	526	5664	1	140
PF3D7_1220400	7359	17067	879	6479	1	347
PF3D7_0823400	4230	20196	2915	1315	0	101
PF3D7_1126400	1725	22701	1228	497	0	60
PF3D7_0910200	23363	1063	20776	1897	690	776
PF3D7_0626900	2407	22019	470	1937	0	159
PF3D7_0309000	9791	14635	4709	5080	2	188
PF3D7_0822000	7506	16920	5178	2327	1	174
PF3D7_1302200	1783	22643	205	1572	6	59
PF3D7_1249400	768	23658	355	413	0	47
PF3D7_0717600	5036	19390	1791	3244	1	290
PF3D7_1325300	922	23504	472	450	0	35
PF3D7_1457700	10133	14293	3739	6389	5	874
PF3D7_0825200	730	23696	295	434	1	41
PF3D7_0819900	2199	22227	2008	191	0	27
PF3D7_0305400	1275	23151	844	430	1	26
PF3D7_0830800	16846	7580	11102	5714	30	2884
PF3D7_1427800	2061	22365	1398	663	0	45
PF3D7_1230300	1481	22945	793	688	0	60
PF3D7_1349900	2098	22328	1425	673	0	80
PF3D7_0918600	4523	19903	1920	2603	0	340
PF3D7_1473500	4582	19844	678	3902	2	500
PF3D7_1141800	2942	21484	990	1952	0	73
PF3D7_0710400	7446	16980	368	7078	0	274
PF3D7_1458800	6377	18049	1691	4685	1	557
PF3D7_1133800	5562	18864	2350	3211	1	251
PF3D7_0408400	1879	22547	604	1272	3	135
PF3D7_0107300	2958	21468	1925	1033	0	144
PF3D7_0606800	2359	22067	916	1442	1	48
PF3D7_1203400	18278	6148	15260	3017	1	570
PF3D7_1318700	7739	16687	5113	2626	0	307
PF3D7_0524300	7586	16840	2444	5141	1	318
PF3D7_0314600	5116	19310	1082	4026	8	114
PF3D7_1360300	4494	19932	530	3964	0	264
PF3D7_0905500	2584	21842	1128	1456	0	45
PF3D7_0505100	18819	5607	15894	2925	0	821
PF3D7_0203100	18365	6061	14396	3969	0	916
PF3D7_1124800	2094	22332	1415	679	0	63
PF3D7_1308300	608	23818	393	215	0	6
PF3D7_1234100	22019	2407	20403	1616	0	1206
PF3D7_0611400	6066	18360	4901	1165	0	182
PF3D7_1231300	6225	18201	3699	2526	0	288
PF3D7_0316700	2350	22076	242	2108	0	33
PF3D7_1012000	7128	17298	2870	4254	4	300
PF3D7_0103800	3112	21314	2330	781	1	30
PF3D7_1235100	2336	22090	316	2020	0	12
PF3D7_1314100	8383	16043	5911	2472	0	308
PF3D7_0508200	5756	18670	5457	299	0	23
PF3D7_1430000	5218	19208	558	4660	0	109
PF3D7_0620600	4038	20388	151	3886	1	157
PF3D7_1348100	2715	21711	2127	588	0	61
PF3D7_1006800	1930	22496	1217	712	1	28
PF3D7_1412900	3343	21083	1902	1441	0	70
PF3D7_1221500	6767	17659	3634	3133	0	305
PF3D7_0825700	6167	18259	1382	4785	0	263
PF3D7_0811300	11567	12859	7587	3979	1	334
PF3D7_1010100	4468	19958	2859	1609	0	133
PF3D7_1340700	7307	17119	6898	409	0	15
PF3D7_0814600	5381	19045	2129	3251	1	48
PF3D7_0218400	3626	20800	1425	2199	2	176
PF3D7_1112800	5289	19137	2208	3078	3	141
PF3D7_1103000	6779	17647	686	6093	0	207
PF3D7_0915000	2836	21590	1252	1584	0	60
PF3D7_1452600	12386	12040	4531	7846	9	2516
PF3D7_1468300	1645	22781	513	1132	0	95
PF3D7_0409600	6360	18066	3206	3154	0	409
PF3D7_1114400	3823	20603	1955	1868	0	243
PF3D7_1341900	1660	22766	1061	599	0	26
PF3D7_1252900	1282	23144	634	648	0	70
PF3D7_0320000	1395	23031	985	396	14	20
PF3D7_1347400	540	23886	151	384	5	52
PF3D7_1122000	3534	20892	2398	1136	0	98
PF3D7_1003400	12626	11800	6223	6402	1	1520
PF3D7_1016500	18240	6186	15460	2779	1	268
PF3D7_1244100	11851	12575	7491	4360	0	726
PF3D7_1326600	23387	1039	22306	1081	0	498
PF3D7_0515400	10694	13732	7578	3116	0	290
PF3D7_0720300	3115	21311	144	2971	0	32
PF3D7_1465100	8832	15594	5149	3683	0	478
PF3D7_1019900	3440	20986	139	3301	0	7
PF3D7_0917500	6352	18074	4114	2238	0	216
PF3D7_0805600	3340	21086	1371	1968	1	57
PF3D7_1139300	10535	13891	3847	6688	0	1915
PF3D7_1441500	3836	20590	959	2877	0	144
PF3D7_0914700	4383	20043	839	3544	0	170
PF3D7_0203400	3611	20815	798	2813	0	24
PF3D7_1030300	8606	15820	1645	6961	0	960
PF3D7_0311000	4162	20264	1043	3119	0	56
PF3D7_0831300	15587	8839	11274	4312	1	859
PF3D7_0219400	3162	21264	1167	1995	0	5
PF3D7_1431600	4394	20032	3298	1096	0	73
PF3D7_1312400	7611	16815	2713	4898	0	458
PF3D7_1332800	2457	21969	1650	807	0	21
PF3D7_1409800	4072	20354	506	3566	0	128
PF3D7_0316500	2464	21962	1650	814	0	56
PF3D7_1358500	6670	17756	3843	2811	16	255
PF3D7_1474000	15165	9261	9718	5447	0	1868
PF3D7_0816000	3044	21382	698	2345	1	186
PF3D7_0530800	3355	21071	2375	980	0	81
PF3D7_1239200	10533	13893	3822	6711	0	1797
PF3D7_0621000	5171	19255	1876	3293	2	290
PF3D7_0925100	6515	17911	893	5622	0	206
PF3D7_0514500	4338	20088	480	3858	0	61
PF3D7_1223900	787	23639	378	408	1	35
PF3D7_1117100	5162	19264	1161	4001	0	132
PF3D7_0625100	3578	20848	1055	2523	0	76
PF3D7_0422800	9317	15109	3003	6313	1	203
PF3D7_0523000	11161	13265	6278	4883	0	377
PF3D7_1123500	12167	12259	7859	4308	0	331
PF3D7_1412700	11580	12846	6062	5517	1	1437
PF3D7_0810500	2246	22180	1016	1227	3	34
PF3D7_1323100	3747	20679	3523	224	0	15
PF3D7_0522500	1753	22673	850	903	0	36
PF3D7_0702400	2378	22048	315	2063	0	30
PF3D7_0907300	2002	22424	511	1491	0	181
PF3D7_1204600	5891	18535	4412	1479	0	152
PF3D7_1469800	2905	21521	455	2449	1	162
PF3D7_1204700	1116	23310	577	538	1	56
PF3D7_0809700	6881	17545	1543	5338	0	76
PF3D7_0801700	17208	7218	12623	4585	0	1246
PF3D7_1118900	1537	22889	745	789	3	70
PF3D7_0407000	3765	20661	402	3362	1	222
PF3D7_1218700	3080	21346	861	2217	2	298
PF3D7_0708600	2657	21769	2258	399	0	68
PF3D7_0103200	4098	20328	494	3604	0	117
PF3D7_0625200	4289	20137	769	3519	1	208
PF3D7_0911800	1220	23206	316	904	0	136
PF3D7_0920300	3431	20995	511	2920	0	103
PF3D7_0903800	10802	13624	5177	5625	0	975
PF3D7_0726900	2326	22100	424	1902	0	241
PF3D7_1104900	19574	4852	16335	3237	2	855
PF3D7_1140800	6453	17973	2290	4163	0	406
PF3D7_0519500	17903	6523	13698	4204	1	734
PF3D7_1121700	5109	19317	2875	2234	0	143
PF3D7_0818700	9548	14878	4342	5205	1	580
PF3D7_0524800	3442	20984	872	2569	1	292
PF3D7_1249600	11678	12748	7138	4539	1	434
PF3D7_1349300	15160	9266	10162	4932	66	702
PF3D7_0619100	5347	19079	828	4519	0	138
PF3D7_1120700	11323	13103	6387	4932	4	552
PF3D7_1247900	3543	20883	862	2681	0	57
PF3D7_1369100	6398	18028	1510	4888	0	457
PF3D7_1202200	3421	21005	378	3043	0	80
PF3D7_1436900	1203	23223	595	608	0	37
PF3D7_1450700	7490	16936	3087	4394	9	624
PF3D7_0307600	7758	16668	2290	5468	0	573
PF3D7_1348600	2359	22067	1356	1003	0	86
PF3D7_0930100	16407	8019	14513	1894	0	235
PF3D7_1031400	10214	14212	5577	4637	0	522
PF3D7_1341500	6658	17768	3691	2967	0	291
PF3D7_0605800	20523	3903	14736	5787	0	705
PF3D7_0303100	12508	11918	8097	4411	0	947
PF3D7_1352200	3921	20505	1047	2873	1	205
PF3D7_0722300	13126	11300	9958	3167	1	362
PF3D7_0927400	8193	16233	4670	3522	1	412
PF3D7_0409700	2228	22198	1531	697	0	65
PF3D7_1344900	10710	13716	4408	6302	0	1118
PF3D7_0912000	10272	14154	3069	7202	1	1823
PF3D7_1245500	5936	18490	4252	1684	0	141
PF3D7_0630800	8137	16289	1398	6739	0	141
PF3D7_0724200	3391	21035	818	2573	0	169
PF3D7_1447400	2006	22420	1307	699	0	69
PF3D7_1308200	12306	12120	7168	5138	0	1084
PF3D7_0203200	7160	17266	2909	4251	0	299
PF3D7_0905400	6929	17497	3160	3767	2	139
PF3D7_1108800	1211	23215	559	652	0	94
PF3D7_1038600	7621	16805	1780	5840	1	234
PF3D7_0730900	22221	2205	21019	1202	0	144
PF3D7_1029200	4909	19517	801	4106	2	264
PF3D7_1331500	19153	5273	15912	3241	0	316
PF3D7_0903400	12614	11812	7175	5439	0	2078
PF3D7_0729500	9053	15373	3854	5199	0	320
PF3D7_0729100	20038	4388	17839	2199	0	728
PF3D7_1009000	1212	23214	470	741	1	99
PF3D7_0724900	12068	12358	7246	4822	0	925
PF3D7_0931600	1888	22538	934	954	0	75
PF3D7_1233050	1614	22812	1544	70	0	11
PF3D7_1204100	19899	4527	16856	3043	0	752
PF3D7_0916800	258	24168	146	112	0	14
PF3D7_1408000	5911	18515	2409	3501	1	170
PF3D7_0821000	2700	21726	1458	1239	3	60
PF3D7_0615300	10256	14170	6584	3672	0	344
PF3D7_0505900	2314	22112	1526	788	0	32
PF3D7_1405700	9246	15180	6385	2861	0	410
PF3D7_1138400	12453	11973	6682	5771	0	2110
PF3D7_1127900	4177	20249	1131	3045	1	136
PF3D7_1033400	4164	20262	661	3501	2	59
PF3D7_1138700	12159	12267	6598	5561	0	1194
PF3D7_1411700	6947	17479	1037	5858	52	519
PF3D7_0405100	10527	13899	5882	4644	1	647
PF3D7_0318000	3796	20630	3096	700	0	108
PF3D7_1243300	648	23778	461	185	2	26
PF3D7_0408000	3951	20475	221	3730	0	93
PF3D7_0617300	1736	22690	1075	661	0	12
PF3D7_0702500	4435	19991	636	3787	12	108
PF3D7_1422700	9679	14747	3241	6437	1	1140
PF3D7_1237800	641	23785	436	205	0	9
PF3D7_0707300	20429	3997	17718	2711	0	642
PF3D7_1356500	1320	23106	499	821	0	68
PF3D7_0220600	2062	22364	1112	946	4	54
PF3D7_1357500	8505	15921	6394	2111	0	214
PF3D7_1227700	7163	17263	2058	5104	1	230
PF3D7_1453800	8858	15568	5049	3809	0	301
PF3D7_1106900	944	23482	410	534	0	59
PF3D7_1131200	3458	20968	2206	1251	1	100
PF3D7_0934600	1259	23167	311	948	0	72
PF3D7_0926300	11831	12595	9213	2617	1	302
PF3D7_1428300	5928	18498	1367	4560	1	52
PF3D7_1102800	2148	22278	477	1671	0	28
PF3D7_1324400	2669	21757	1936	733	0	30
PF3D7_0731200	1351	23075	587	763	1	95
PF3D7_1415000	4234	20192	2526	1708	0	69
PF3D7_1229900	8396	16030	4444	3949	3	160
PF3D7_1138100	625	23801	93	532	0	58
PF3D7_0310200	24324	102	24213	111	0	46
PF3D7_0618800	7386	17040	1721	5665	0	431
PF3D7_0720000	1116	23310	683	433	0	52
PF3D7_1115300	14663	9763	10268	4395	0	164
PF3D7_1143600	4488	19938	1750	2738	0	150
PF3D7_0604000	10017	14409	3628	6388	1	1265
PF3D7_0927700	2487	21939	1292	1195	0	44
PF3D7_0423100	2692	21734	174	1476	1042	19
PF3D7_0314000	1455	22971	823	632	0	42
PF3D7_0936400	1852	22574	469	1381	2	89
PF3D7_1149600	10776	13650	3720	7054	2	882
PF3D7_1463600	830	23596	515	314	1	34
PF3D7_1471700	8097	16329	4353	3743	1	451
PF3D7_0606300	470	23956	326	144	0	15
PF3D7_1359700	16933	7493	12442	4491	0	2338
PF3D7_1459800	1438	22988	835	603	0	44
PF3D7_1354500	2988	21438	1886	1096	6	78
PF3D7_0311900	16525	7901	11587	4938	0	706
PF3D7_0808100	13340	11086	7894	5444	2	1517
PF3D7_0205200	1229	23197	531	698	0	95
PF3D7_1344100	6633	17793	3069	3564	0	374
PF3D7_1471000	2411	22015	444	1967	0	229
PF3D7_1108500	4200	20226	2686	1514	0	81
PF3D7_0616600	10761	13665	6611	4150	0	366
PF3D7_1432400	7862	16564	3692	4170	0	525
PF3D7_0318100	2876	21550	1671	1203	2	51
PF3D7_0807300	2781	21645	1578	1203	0	3
PF3D7_1364800	2801	21625	2487	314	0	15
PF3D7_0611600	4848	19578	1813	3035	0	217
PF3D7_1301900	3761	20665	536	3225	0	38
PF3D7_1009700	3849	20577	1779	2068	2	158
PF3D7_1449100	6596	17830	1037	5559	0	801
PF3D7_0207400	12282	12144	8510	3772	0	579
PF3D7_1459700	2574	21852	992	1580	2	130
PF3D7_0933500	15626	8800	12535	3091	0	378
PF3D7_1014300	12409	12017	8082	4327	0	929
PF3D7_1356700	1341	23085	413	928	0	102
PF3D7_1325900	22371	2055	20515	1856	0	858
PF3D7_0608700	3982	20444	2951	1031	0	35
PF3D7_1146500	4055	20371	779	3276	0	129
PF3D7_1319100	10430	13996	6950	3480	0	212
PF3D7_0817800	583	23843	365	218	0	14
PF3D7_0921700	7285	17141	2686	4598	1	202
PF3D7_1014500	7898	16528	4134	3764	0	703
PF3D7_1200700	11480	12946	5477	6003	0	361
PF3D7_1127200	1087	23339	849	237	1	19
PF3D7_0703300	766	23660	292	474	0	64
PF3D7_0620000	19131	5295	16895	2236	0	103
PF3D7_1234600	16676	7750	13420	3256	0	271
PF3D7_0819800	15257	9169	9534	5722	1	872
PF3D7_1470100	9795	14631	3586	6209	0	1918
PF3D7_0726300	22139	2287	20644	1495	0	160
PF3D7_1128700	6955	17471	1403	5551	1	246
PF3D7_0206800	22519	1907	21987	532	0	386
PF3D7_1314000	7017	17409	3160	3855	2	602
PF3D7_1472300	5172	19254	1339	3832	1	131
PF3D7_1365000	3631	20795	2102	1529	0	259
PF3D7_0910900	4389	20037	2759	1628	2	89
PF3D7_1121400	7087	17339	4239	2847	1	117
PF3D7_1442500	5367	19059	1578	3782	7	451
PF3D7_1246300	8416	16010	3535	4878	3	349
PF3D7_1217000	517	23909	142	375	0	51
PF3D7_1203000	6776	17650	2794	3976	6	404
PF3D7_0616800	4590	19836	1627	2963	0	61
PF3D7_0529400	11323	13103	5924	5396	3	843
PF3D7_0515500	9494	14932	3700	5794	0	1117
PF3D7_0501800	14563	9863	8543	5990	30	428
PF3D7_1203300	17828	6598	14301	3527	0	597
PF3D7_1034900	10635	13791	4821	5814	0	416
PF3D7_1115100	5226	19200	2464	2761	1	118
PF3D7_0219700	5329	19097	693	4632	4	137
PF3D7_1315200	6873	17553	3679	3194	0	459
PF3D7_1329700	5103	19323	1982	3121	0	196
PF3D7_0110600	20648	3778	16781	3867	0	343
PF3D7_0403500	1804	22622	341	1463	0	97
PF3D7_1316900	6665	17761	1836	4828	1	482
PF3D7_1467100	3416	21010	1239	2175	2	282
PF3D7_0316300	3067	21359	1174	1893	0	80
PF3D7_0724300	2070	22356	1149	920	1	80
PF3D7_0929200	2630	21796	2156	474	0	35
PF3D7_0322700	20746	3680	17998	2748	0	1368
PF3D7_0112900	4906	19520	218	4686	2	38
PF3D7_0501400	24259	167	23943	316	0	31
PF3D7_1434900	3985	20441	2415	1560	10	179
PF3D7_0502300	1579	22847	225	1349	5	115
PF3D7_1137400	3167	21259	1230	1937	0	93
PF3D7_0822400	8344	16082	5220	3120	4	225
PF3D7_0204800	11074	13352	2692	8382	0	184
PF3D7_1123200	6438	17988	1892	4546	0	277
PF3D7_1025300	6483	17943	3083	3400	0	276
PF3D7_1241600	5417	19009	985	4432	0	147
PF3D7_0514800	15337	9089	1750	6292	7295	634
PF3D7_1446700	5601	18825	1423	4178	0	74
PF3D7_0829600	6555	17871	252	6303	0	174
PF3D7_1412000	2206	22220	326	1879	1	83
PF3D7_0923300	8769	15657	6104	2665	0	211
PF3D7_0713700	3340	21086	2120	1217	3	41
PF3D7_0934800	3394	21032	3084	309	1	15
PF3D7_1464200	6821	17605	607	6214	0	152
PF3D7_0213900	16996	7430	14554	2442	0	460
PF3D7_0103700	7485	16941	1937	5548	0	376
PF3D7_1002700	9470	14956	4161	5299	10	486
PF3D7_1144600	2700	21726	1545	1155	0	115
PF3D7_0630900	9835	14591	2047	7783	5	158
PF3D7_0110700	3568	20858	835	2732	1	78
PF3D7_1440700	5878	18548	1089	4788	1	321
PF3D7_1207400	6255	18171	2255	3688	312	177
PF3D7_0627700	7632	16794	2867	4764	1	224
PF3D7_1105600	7974	16452	1971	6003	0	536
PF3D7_1328800	1729	22697	1151	576	2	36
PF3D7_0310500	14341	10085	9698	4643	0	1162
PF3D7_0319900	718	23708	98	620	0	79
PF3D7_0105100	469	23957	42	427	0	48
PF3D7_0211900	2279	22147	1100	1175	4	147
PF3D7_1146200	1139	23287	170	969	0	88
PF3D7_0917400	9075	15351	1748	7318	9	1160
PF3D7_0716600	13379	11047	9337	4042	0	140
PF3D7_0934700	8703	15723	1475	7227	1	191
PF3D7_0617900	504	23922	243	261	0	2
PF3D7_0717700	4209	20217	2537	1672	0	124
PF3D7_0407800	18473	5953	16417	2056	0	734
PF3D7_1218200	10129	14297	3312	6817	0	1862
PF3D7_0408700	13052	11374	8027	5025	0	833
PF3D7_0705300	6416	18010	2768	3647	1	243
PF3D7_0424500	7049	17377	3069	3980	0	189
PF3D7_1128900	7303	17123	2567	4735	1	219
PF3D7_1413700	12045	12381	9002	3009	34	921
PF3D7_0826700	1417	23009	872	545	0	23
PF3D7_1218000	2207	22219	1294	913	0	77
PF3D7_0207700	15730	8696	12665	3065	0	1128
PF3D7_0718500	1797	22629	1359	438	0	23
PF3D7_1324700	982	23444	413	569	0	26
PF3D7_1020700	10321	14105	7331	2990	0	362
PF3D7_1008600	5742	18684	1242	4499	1	195
PF3D7_0801800	5767	18659	1393	4373	1	374
PF3D7_0518700	11368	13058	5408	5959	1	561
PF3D7_0918900	22555	1871	21643	912	0	134
PF3D7_1429000	2110	22316	528	1582	0	94
PF3D7_1326100	2379	22047	990	1389	0	109
PF3D7_0209100	5055	19371	3001	2054	0	142
PF3D7_0528600	4869	19557	1618	3251	0	51
PF3D7_1028600	1015	23411	522	493	0	60
PF3D7_1404200	943	23483	142	801	0	47
PF3D7_0805500	6859	17567	2179	4680	0	332
PF3D7_1114500	2422	22004	521	1896	5	222
PF3D7_0506900	12855	11571	7861	4993	1	348
PF3D7_1233400	5612	18814	2747	2862	3	279
PF3D7_1410900	7167	17259	557	6605	5	361
PF3D7_0322400	10457	13969	5960	4491	6	479
PF3D7_1323900	4098	20328	1992	1926	180	135
PF3D7_1122400	4224	20202	2148	2076	0	221
PF3D7_1012500	7455	16971	5567	1888	0	116
PF3D7_1365200	398	24028	290	108	0	9
PF3D7_0207200	1640	22786	1419	221	0	31
PF3D7_0819200	4991	19435	1449	3539	3	186
PF3D7_1314900	2508	21918	1704	802	2	82
PF3D7_0313100	4955	19471	2746	2208	1	172
PF3D7_1458300	10320	14106	5377	4941	2	919
PF3D7_0510400	6126	18300	4498	1628	0	137
PF3D7_0526000	15143	9283	10456	4687	0	526
PF3D7_1451200	12134	12292	7937	4194	3	1133
PF3D7_0715400	2070	22356	513	1557	0	51
PF3D7_0812900	12407	12019	8862	3542	3	347
PF3D7_1138350	1834	22592	925	900	9	61
PF3D7_0936300	12492	11934	7988	4410	94	250
PF3D7_0828500	2526	21900	923	1603	0	90
PF3D7_1474600	1670	22756	594	1076	0	79
PF3D7_1311400	4395	20031	3157	1238	0	32
PF3D7_0921200	11817	12609	6727	5089	1	1327
PF3D7_0904200	5636	18790	1688	3947	1	228
PF3D7_0505800	1763	22663	1410	353	0	7
PF3D7_0305500	15945	8481	9970	5974	1	1663
PF3D7_1119400	18410	6016	15271	3139	0	823
PF3D7_0709400	9742	14684	4595	5146	1	686
PF3D7_0912500	3876	20550	1527	2348	1	139
PF3D7_1005200	1184	23242	981	202	1	42
PF3D7_1015100	4516	19910	3446	1070	0	179
PF3D7_1448300	13836	10590	10298	3538	0	1195
PF3D7_1468000	9292	15134	4044	5238	10	957
PF3D7_1345500	1702	22724	649	1053	0	125
PF3D7_0519900	5691	18735	555	5133	3	278
PF3D7_1424100	3189	21237	2171	1017	1	36
PF3D7_1246100	3549	20877	1756	1792	1	170
PF3D7_1470900	761	23665	246	515	0	33
PF3D7_1427400	5323	19103	4882	441	0	44
PF3D7_0205100	11390	13036	6901	4486	3	429
PF3D7_0510500	5320	19106	3627	1693	0	145
PF3D7_0209500	3107	21319	1220	1887	0	210
PF3D7_1127100	835	23591	109	726	0	43
PF3D7_0920800	4124	20302	2180	1944	0	73
PF3D7_0730200	4250	20176	736	3510	4	258
PF3D7_1470600	4989	19437	1144	3845	0	371
PF3D7_0319600	4682	19744	977	3705	0	64
PF3D7_1021600	958	23468	270	688	0	23
PF3D7_0413900	9442	14984	5066	4376	0	147
PF3D7_1142200	4126	20300	1614	2499	13	129
PF3D7_1348800	16617	7809	13839	2778	0	784
PF3D7_1219700	1282	23144	174	1108	0	32
PF3D7_1244500	15301	9125	9946	5355	0	342
PF3D7_0107700	6867	17559	2667	4200	0	122
PF3D7_0611000	1767	22659	1043	724	0	35
PF3D7_1357300	692	23734	349	343	0	39
PF3D7_0715600	7027	17399	4474	2553	0	96
PF3D7_0217200	18372	6054	15800	2572	0	639
PF3D7_0810700	3888	20538	1411	2476	1	16
PF3D7_0616500	19023	5403	16010	3013	0	683
PF3D7_1141900	6418	18008	431	5984	3	334
PF3D7_0930700	2397	22029	1047	1350	0	120
PF3D7_0519000	3923	20503	1454	2469	0	113
PF3D7_0212100	20309	4117	17818	2488	3	653
PF3D7_0619800	20225	4201	17868	2357	0	987
PF3D7_1131900	6954	17472	1611	5342	1	420
PF3D7_1140900	11608	12818	4139	7467	2	2092
PF3D7_1321900	5301	19125	170	5131	0	127
PF3D7_1248900	3329	21097	2215	1113	1	41
PF3D7_0907800	4623	19803	740	3882	1	108
PF3D7_1241400	11139	13287	4704	6421	14	1261
PF3D7_0720200	1477	22949	636	841	0	32
PF3D7_1016100	2389	22037	984	1402	3	119
PF3D7_1467600	24355	71	24193	162	0	36
PF3D7_0829100	2433	21993	1818	615	0	53
PF3D7_0933700	2349	22077	1869	480	0	41
PF3D7_1324100	2184	22242	1467	717	0	68
PF3D7_1236100	2752	21674	1391	1361	0	92
PF3D7_0526600	24410	16	24404	6	0	0
PF3D7_1361100	8786	15640	5494	3292	0	205
PF3D7_0530600	16428	7998	14700	1728	0	107
PF3D7_1415400	18118	6308	14248	3870	0	1038
PF3D7_1227900	11572	12854	7775	3797	0	322
PF3D7_1020100	288	24138	57	231	0	15
PF3D7_1459500	6125	18301	1804	4321	0	658
PF3D7_1103800	15858	8568	10842	5016	0	1647
PF3D7_0919800	12889	11537	8084	4804	1	1220
PF3D7_0904600	14428	9998	9492	4935	1	1179
PF3D7_1222500	3928	20498	2400	1526	2	74
PF3D7_0813500	5754	18672	776	4978	0	348
PF3D7_0904500	898	23528	462	436	0	25
PF3D7_1249000	6673	17753	1845	4828	0	395
PF3D7_1367500	3133	21293	684	2449	0	100
PF3D7_1242000	6705	17721	1494	5211	0	211
PF3D7_0610500	885	23541	393	492	0	24
PF3D7_0509600	8219	16207	3443	4776	0	278
PF3D7_0310000	3130	21296	277	2853	0	92
PF3D7_1130400	3594	20832	3006	587	1	31
PF3D7_0311700	7485	16941	3935	3550	0	77
PF3D7_1310700	742	23684	79	663	0	24
PF3D7_1422100	1768	22658	488	1280	0	94
PF3D7_1314400	544	23882	201	343	0	44
PF3D7_1134900	6381	18045	3099	3282	0	321
PF3D7_0902200	4117	20309	1492	2625	0	189
PF3D7_0921300	6025	18401	1733	4291	1	123
PF3D7_1432700	2242	22184	1709	532	1	10
PF3D7_1238600	1106	23320	478	628	0	44
PF3D7_0516000	11929	12497	8951	2978	0	423
PF3D7_0932000	1896	22530	1570	326	0	20
PF3D7_1026800	1835	22591	1432	403	0	13
PF3D7_1120000	24294	132	24132	162	0	16
PF3D7_1350600	5488	18938	588	4900	0	136
PF3D7_0106300	9563	14863	4198	5365	0	440
PF3D7_0423900	5867	18559	2307	3355	205	170
PF3D7_0602900	4419	20007	394	4025	0	181
PF3D7_1021500	3562	20864	1209	2349	4	264
PF3D7_1116800	6640	17786	4072	2568	0	85
PF3D7_0715800	6509	17917	3182	3327	0	196
PF3D7_1339700	20772	3654	19119	1653	0	911
PF3D7_1231200	1601	22825	253	1348	0	148
PF3D7_1217600	2520	21906	175	2345	0	115
PF3D7_0504800	21445	2981	19084	2361	0	1020
PF3D7_1249500	5750	18676	4784	966	0	77
PF3D7_0509100	14168	10258	9514	4654	0	576
PF3D7_1201300	3849	20577	307	3542	0	22
PF3D7_0307300	3584	20842	700	2884	0	240
PF3D7_0723300	8502	15924	6657	1845	0	221
PF3D7_1460200	1690	22736	191	1484	15	181
PF3D7_1322400	15731	8695	12566	3165	0	208
PF3D7_0204900	3004	21422	2165	839	0	112
PF3D7_1310900	5177	19249	2096	3080	1	80
PF3D7_1421400	3465	20961	682	2783	0	57
PF3D7_1332700	5054	19372	2469	2585	0	203
PF3D7_1009300	3976	20450	2082	1894	0	211
PF3D7_1032600	3574	20852	897	2677	0	137
PF3D7_0817900	683	23743	466	217	0	6
PF3D7_0607300	4053	20373	363	3690	0	116
PF3D7_0210000	960	23466	249	711	0	3
PF3D7_0927500	1257	23169	983	274	0	22
PF3D7_0302900	9013	15413	3579	4378	1056	136
PF3D7_1438900	1589	22837	669	920	0	21
PF3D7_0208300	23871	555	23706	165	0	72
PF3D7_1410000	4607	19819	386	4219	2	108
PF3D7_1241800	11250	13176	7782	3468	0	473
PF3D7_0828000	1734	22692	441	1293	0	81
PF3D7_0304300	8498	15928	2694	5803	1	924
PF3D7_1435400	825	23601	170	653	2	63
PF3D7_1136500	1888	22538	1352	535	1	5
PF3D7_1345800	9056	15370	3382	5674	0	1072
PF3D7_1029500	1765	22661	850	915	0	87
PF3D7_0424200	10641	13785	5786	4670	185	991
PF3D7_0422000	6631	17795	1201	5430	0	69
PF3D7_1362500	6085	18341	1476	4609	0	462
PF3D7_1308800	7227	17199	2356	4869	2	222
PF3D7_0626400	9829	14597	4613	5216	0	404
PF3D7_1029600	4689	19737	3135	1554	0	74
PF3D7_1015900	5275	19151	3232	2043	0	41
PF3D7_1242200	4346	20080	667	3679	0	278
PF3D7_0827300	16841	7585	13554	3286	1	496
PF3D7_1022800	6020	18406	2916	3104	0	179
PF3D7_1363300	4779	19647	1163	3616	0	129
PF3D7_1416600	11489	12937	5656	5833	0	2691
PF3D7_1451500	800	23626	155	645	0	72
PF3D7_0713100	14385	10041	5293	8630	462	235
PF3D7_0816600	9582	14844	6310	3272	0	152
PF3D7_0203900	8617	15809	5333	3284	0	294
PF3D7_1146800	15213	9213	8841	6372	0	1952
PF3D7_1203100	2396	22030	761	1633	2	127
PF3D7_1463200	3242	21184	2100	1142	0	42
PF3D7_1248500	2270	22156	1621	649	0	41
PF3D7_1326200	1820	22606	448	1372	0	90
PF3D7_1324900	4323	20103	2947	1376	0	19
PF3D7_0204400	1461	22965	710	751	0	26
PF3D7_1368600	411	24015	80	331	0	13
PF3D7_0109000	760	23666	316	444	0	25
PF3D7_0209700	13165	11261	10280	2884	1	165
PF3D7_1228900	12869	11557	5956	6913	0	270
PF3D7_1034600	8907	15519	4572	4335	0	131
PF3D7_0708500	12666	11760	5289	7377	0	466
PF3D7_0614000	3846	20580	2617	1228	1	185
PF3D7_0210900	1411	23015	796	615	0	72
PF3D7_1452200	6868	17558	4762	2106	0	225
PF3D7_0304900	1360	23066	139	1221	0	40
PF3D7_0809400	9677	14749	3304	6373	0	700
PF3D7_0922900	3913	20513	2715	1195	3	97
PF3D7_1473100	4184	20242	1261	2922	1	305
PF3D7_1358700	775	23651	118	657	0	18
PF3D7_1005600	15531	8895	8340	5783	1408	558
PF3D7_1314700	6125	18301	3099	3024	2	305
PF3D7_1406800	960	23466	208	752	0	17
PF3D7_1455400	2571	21855	379	2192	0	42
PF3D7_1024000	5809	18617	2462	3347	0	179
PF3D7_1023000	3264	21162	740	2523	1	132
PF3D7_1032000	6674	17752	3408	2958	308	324
PF3D7_0516700	11804	12622	7552	4252	0	264
PF3D7_1245400	2580	21846	1740	840	0	53
PF3D7_1423400	12811	11615	7868	4935	8	812
PF3D7_1404400	1013	23413	508	505	0	67
PF3D7_1238100	2436	21990	1212	1224	0	51
PF3D7_1406400	4991	19435	3328	1663	0	178
PF3D7_1005400	3718	20708	1216	2500	2	190
PF3D7_0625000	1852	22574	817	1035	0	45
PF3D7_0920200	8199	16227	4091	4107	1	379
PF3D7_0726400	15827	8599	8716	7106	5	3214
PF3D7_1467700	1380	23046	548	774	58	45
PF3D7_0612100	11391	13035	8357	3033	1	145
PF3D7_1235300	10772	13654	5177	5595	0	740
PF3D7_1023400	2298	22128	793	1505	0	55
PF3D7_0217700	2257	22169	708	1549	0	122
PF3D7_1311800	7773	16653	4264	3509	0	244
PF3D7_1453200	10611	13815	4490	6121	0	927
PF3D7_1129600	14807	9619	11243	3564	0	807
PF3D7_1465500	5397	19029	2520	2877	0	420
PF3D7_0821900	748	23678	393	355	0	26
PF3D7_1447700	1235	23191	385	850	0	72
PF3D7_1421500	831	23595	435	334	62	36
PF3D7_0301700	2393	22033	577	1816	0	74
PF3D7_1401500	1640	22786	441	1199	0	20
PF3D7_0616000	21012	3414	20259	753	0	62
PF3D7_0312200	8581	15845	5269	3312	0	622
PF3D7_1021900	17632	6794	13517	4115	0	663
PF3D7_0915400	10751	13675	7457	3293	1	221
PF3D7_0620400	9274	15152	3425	5849	0	1065
PF3D7_1443200	4410	20016	980	3428	2	250
PF3D7_0926100	19951	4475	17749	2202	0	1101
PF3D7_1476100	4785	19641	380	4405	0	38
PF3D7_0627400	2029	22397	922	1106	1	32
PF3D7_0704100	18134	6292	13527	4605	2	1683
PF3D7_1462400	14313	10113	8983	5328	2	2764
PF3D7_1324000	24040	386	23947	93	0	80
PF3D7_0409500	3289	21137	1393	1884	12	33
PF3D7_1144200	4037	20389	909	3128	0	236
PF3D7_1366800	7691	16735	1942	5749	0	381
PF3D7_1016400	6363	18063	974	5389	0	127
PF3D7_0404800	14324	10102	8312	6012	0	403
PF3D7_0515300	22045	2381	19967	2078	0	320
PF3D7_0728200	4272	20154	1634	2638	0	235
PF3D7_1137100	5419	19007	1552	3867	0	200
PF3D7_1015700	7381	17045	3063	4318	0	111
PF3D7_0315600	6064	18362	2551	3513	0	220
PF3D7_0312100	10577	13849	5273	5304	0	343
PF3D7_0217600	18448	5978	15185	3263	0	728
PF3D7_0816900	5053	19373	1248	3805	0	96
PF3D7_1024600	6167	18259	4619	1548	0	102
PF3D7_0531100	11661	12765	4728	6921	12	2694
PF3D7_0218000	1573	22853	874	699	0	45
PF3D7_1321100	18003	6423	14521	3481	1	1297
PF3D7_0625700	335	24091	155	180	0	21
PF3D7_1233600	22610	1816	20229	2381	0	1100
PF3D7_1427900	3474	20952	821	2653	0	29
PF3D7_1423800	22024	2402	21010	1014	0	215
PF3D7_0320700	2525	21901	749	1776	0	46
PF3D7_1131100	11973	12453	7344	4629	0	579
PF3D7_1440400	6894	17532	1743	5148	3	783
PF3D7_1211100	2889	21537	1784	1102	3	92
PF3D7_1245900	3115	21311	1301	1386	428	112
PF3D7_1129200	3713	20713	2642	1070	1	50
PF3D7_0905800	9977	14449	1592	8384	1	1156
PF3D7_1250800	11707	12719	6671	5035	1	963
PF3D7_1111500	792	23634	314	476	2	58
PF3D7_1357200	5776	18650	3467	2306	3	267
PF3D7_0502200	1989	22437	211	1778	0	184
PF3D7_1306500	12348	12078	4041	8307	0	3405
PF3D7_0827600	19467	4959	16566	2901	0	933
PF3D7_0412300	8178	16248	1216	6960	2	353
PF3D7_1407100	10600	13826	7598	3002	0	64
PF3D7_1428400	12448	11978	7057	5390	1	865
PF3D7_1202000	5258	19168	2839	2419	0	331
PF3D7_0818800	6866	17560	2088	4778	0	104
PF3D7_1468700	4893	19533	4030	862	1	8
PF3D7_1003500	472	23954	173	299	0	3
PF3D7_0823500	4761	19665	3011	1750	0	174
PF3D7_0705800	1684	22742	836	845	3	63
PF3D7_0728300	879	23547	186	691	2	68
PF3D7_1420100	9813	14613	3703	6107	3	1211
PF3D7_0319100	1037	23389	931	106	0	13
PF3D7_0926600	12062	12364	6611	5451	0	560
PF3D7_0627800	12317	12109	8304	4013	0	473
PF3D7_0202700	5211	19215	2241	2970	0	80
PF3D7_0828700	7731	16695	2196	5533	2	893
PF3D7_0527600	10528	13898	8043	2483	2	217
PF3D7_1455200	1871	22555	1179	691	1	29
PF3D7_1414000	2963	21463	1931	1031	1	64
PF3D7_0928300	3048	21378	1414	1633	1	140
PF3D7_0504900	987	23439	599	386	2	16
PF3D7_1338600	11687	12739	7652	4007	28	562
PF3D7_1344200	6718	17708	3273	3445	0	382
PF3D7_1131400	15037	9389	6301	8735	1	986
PF3D7_0607600	9326	15100	4190	5136	0	382
PF3D7_0206600	1084	23342	782	302	0	11
PF3D7_0704200	16023	8403	12126	3897	0	534
PF3D7_0423000	1873	22553	178	1692	3	164
PF3D7_1236200	19568	4858	17392	2173	3	423
PF3D7_0904300	11832	12594	5819	6012	1	1979
PF3D7_1324600	16757	7669	13455	3302	0	417
PF3D7_0906100	4388	20038	583	3805	0	28
PF3D7_1025600	344	24082	149	195	0	13
PF3D7_0720900	7527	16899	5602	1925	0	71
PF3D7_1352500	1378	23048	263	1110	5	31
PF3D7_1111000	7114	17312	2896	4218	0	396
PF3D7_1312300	1597	22829	508	1089	0	124
PF3D7_0926900	1463	22963	560	903	0	51
PF3D7_0928700	17312	7114	11904	5408	0	860
PF3D7_1304900	2040	22386	1678	360	2	25
PF3D7_0925400	3709	20717	1569	2139	1	104
PF3D7_1249100	10051	14375	4635	5416	0	256
PF3D7_1242700	1846	22580	1576	270	0	9
PF3D7_0930800	12899	11527	7289	5609	1	1750
PF3D7_1322200	13044	11382	6911	6133	0	2944
PF3D7_1210900	4731	19695	2268	2447	16	133
PF3D7_1110800	2358	22068	1833	523	2	89
PF3D7_1348400	24354	72	24053	301	0	49
PF3D7_0817300	17277	7149	13760	3516	1	784
PF3D7_0522100	7070	17356	1271	5799	0	353
PF3D7_0409000	16290	8136	11044	5243	3	2064
PF3D7_0321800	17196	7230	12562	4634	0	2874
PF3D7_1333800	5315	19111	683	4631	1	157
PF3D7_1459300	849	23577	160	521	168	42
PF3D7_1126000	10364	14062	5807	4556	1	527
PF3D7_1328100	1909	22517	1220	689	0	19
PF3D7_1355900	3005	21421	928	2074	3	267
PF3D7_1207300	778	23648	383	395	0	51
PF3D7_1144800	17598	6828	16143	1437	18	343
PF3D7_0511700	1962	22464	521	1441	0	61
PF3D7_1211300	9356	15070	4181	5174	1	359
PF3D7_1445100	9985	14441	4403	5580	2	786
PF3D7_0814300	10173	14253	4347	5826	0	865
PF3D7_0522400	16178	8248	10901	5277	0	2982
PF3D7_0922500	5194	19232	3777	1417	0	52
PF3D7_1106200	4263	20163	1552	2711	0	333
PF3D7_0618200	1252	23174	779	473	0	45
PF3D7_1422300	5065	19361	2418	2647	0	124
PF3D7_0322500	16039	8387	13916	2123	0	125
PF3D7_0822600	8258	16168	4163	4095	0	49
PF3D7_1306300	6215	18211	3187	3025	3	487
PF3D7_0820100	4053	20373	1802	2251	0	118
PF3D7_0932100	16723	7703	12547	4176	0	472
PF3D7_0935400	7527	16899	1237	6289	1	447
PF3D7_1142900	3044	21382	590	2454	0	251
PF3D7_1426100	656	23770	363	293	0	11
PF3D7_1463800	339	24087	105	234	0	20
PF3D7_1470500	6156	18270	3511	2645	0	165
PF3D7_0318900	2619	21807	616	2002	1	187
PF3D7_1411200	6134	18292	1350	4784	0	212
PF3D7_0727800	10779	13647	4819	5959	1	1512
PF3D7_0903300	13227	11199	6281	6830	116	3734
PF3D7_0109300	1234	23192	649	585	0	55
PF3D7_1441300	10022	14404	3253	6766	3	2022
PF3D7_1231400	8887	15539	4952	3935	0	650
PF3D7_1209700	2247	22179	1767	480	0	70
PF3D7_1103400	9895	14531	6649	3244	2	345
PF3D7_1427300	8888	15538	7580	1308	0	154
PF3D7_0922700	4346	20080	3536	810	0	89
PF3D7_0322200	6463	17963	2645	3818	0	437
PF3D7_0114800	6994	17432	1730	5198	66	127
PF3D7_1358000	12772	11654	7607	5164	1	1384
PF3D7_1147800	22853	1573	21964	889	0	196
PF3D7_1014600	12063	12363	7356	4706	1	1094
PF3D7_0605600	15237	9189	11570	3667	0	1653
PF3D7_1367900	6006	18420	1336	4670	0	499
PF3D7_0714100	4479	19947	1840	2639	0	207
PF3D7_1013400	8612	15814	3866	4746	0	522
PF3D7_1009800	15028	9398	9491	5537	0	1111
PF3D7_1364400	18690	5736	14569	4120	1	1254
PF3D7_0613500	20432	3994	18475	1957	0	410
PF3D7_1427500	9583	14843	8214	1369	0	70
PF3D7_1463500	2628	21798	568	2059	1	37
PF3D7_1337100	3085	21341	2299	785	1	94
PF3D7_0616300	1004	23422	305	699	0	73
PF3D7_1214800	4341	20085	2779	1562	0	29
PF3D7_1344400	4487	19939	1192	3291	4	408
PF3D7_0703100	1635	22791	686	947	2	41
PF3D7_1202100	13206	11220	7925	5280	1	218
PF3D7_1123100	17961	6465	15006	2955	0	404
PF3D7_0216600	5043	19383	1543	3500	0	345
PF3D7_0614900	6169	18257	665	5504	0	356
PF3D7_1104300	11797	12629	6648	5137	12	882
PF3D7_1021200	7990	16436	5011	2979	0	263
PF3D7_1416700	1291	23135	590	701	0	56
PF3D7_1213500	3444	20982	1063	2381	0	200
PF3D7_0622700	8171	16255	6160	2011	0	138
PF3D7_1113000	13914	10512	8759	5148	7	3854
PF3D7_0415000	4828	19598	658	4170	0	35
PF3D7_0613900	16583	7843	13419	3163	1	795
PF3D7_0512900	3106	21320	2496	610	0	90
PF3D7_1475800	9795	14631	2990	6804	1	1975
PF3D7_1342000	2824	21602	1137	1685	2	104
PF3D7_0716700	15247	9179	11347	3899	1	1753
PF3D7_0507200	13274	11152	9489	3785	0	232
PF3D7_1007400	2124	22302	994	1129	1	98
PF3D7_0908000	5064	19362	856	4205	3	202
PF3D7_1445000	3505	20921	1770	1735	0	180
PF3D7_0501200	6295	18131	1855	4439	1	151
PF3D7_0903900	610	23816	290	319	1	13
PF3D7_0512700	2653	21773	1368	1285	0	66
PF3D7_1140000	5649	18777	1322	4310	17	407
PF3D7_1342500	7237	17189	1707	5530	0	247
PF3D7_1317300	5118	19308	1557	3560	1	101
PF3D7_0710200	24314	112	24265	49	0	57
PF3D7_1343800	15030	9396	9755	5273	2	3093
PF3D7_0322800	2449	21977	1278	1171	0	87
PF3D7_0714000	280	24146	90	190	0	2
PF3D7_0715500	1532	22894	1346	186	0	11
PF3D7_0811700	7709	16717	2184	5525	0	291
PF3D7_1032800	2254	22172	948	1298	8	58
PF3D7_0403700	16009	8417	11903	4095	11	442
PF3D7_1211500	3235	21191	1994	1239	2	149
PF3D7_1317900	7541	16885	1728	5812	1	755
PF3D7_1232300	1092	23334	416	675	1	37
PF3D7_0529100	2291	22135	1150	1141	0	58
PF3D7_0807700	9779	14647	2926	6848	5	438
PF3D7_0510200	7438	16988	3841	3597	0	185
PF3D7_1369400	10707	13719	3902	6801	4	3032
PF3D7_1446800	2422	22004	1262	1160	0	51
PF3D7_0407900	4805	19621	1908	2897	0	139
PF3D7_1225600	6838	17588	3807	3022	9	246
PF3D7_0809800	11028	13398	5318	5708	2	377
PF3D7_0512300	1626	22800	1019	607	0	43
PF3D7_1014400	3448	20978	1140	2308	0	48
PF3D7_0424400	20723	3703	18840	1600	283	1172
PF3D7_1349700	9700	14726	242	9458	0	56
PF3D7_0302000	8330	16096	3366	4964	0	206
PF3D7_0314200	9935	14491	4053	5869	13	775
PF3D7_0718300	13988	10438	10796	3192	0	302
PF3D7_0112100	1808	22618	1690	118	0	15
PF3D7_1334500	11708	12718	6582	5126	0	723
PF3D7_1334200	5548	18878	1241	4307	0	141
PF3D7_1115700	16171	8255	8148	8023	0	102
PF3D7_0307900	22409	2017	21127	1282	0	1205
PF3D7_1027100	15553	8873	12622	2926	5	346
PF3D7_1320600	1930	22496	1433	497	0	12
PF3D7_0821300	8116	16310	3443	4673	0	449
PF3D7_0903700	2570	21856	1695	875	0	9
PF3D7_0909600	5482	18944	1623	3859	0	140
PF3D7_0213800	5601	18825	1753	3848	0	173
PF3D7_1112300	9507	14919	5571	3935	1	380
PF3D7_0215500	23335	1091	23036	299	0	48
PF3D7_0624700	6789	17637	3033	3756	0	103
PF3D7_1410600	2895	21531	1975	920	0	20
PF3D7_1013500	6536	17890	1541	4984	11	578
PF3D7_0709100	17567	6859	9212	8355	0	860
PF3D7_0520700	6377	18049	489	5876	12	473
PF3D7_0828200	9090	15336	4340	4750	0	889
PF3D7_1236900	3192	21234	943	2249	0	172
PF3D7_1232600	3469	20957	568	2901	0	166
PF3D7_0420100	10430	13996	4863	5567	0	330
PF3D7_0619000	17638	6788	9852	7656	130	675
PF3D7_1120100	1340	23086	977	362	1	16
PF3D7_0501000	4345	20081	1318	3027	0	77
PF3D7_0518400	4029	20397	576	3452	1	44
PF3D7_1236650	187	24239	76	111	0	9
PF3D7_0906910	2365	22061	116	2248	1	72
PF3D7_0417000	1834	22592	712	1122	0	34
PF3D7_1346500	6090	18336	2397	3693	0	425
PF3D7_1113500	8934	15492	4747	4187	0	368
PF3D7_1343200	3277	21149	989	2285	3	218
PF3D7_0202600	17361	7065	15323	2038	0	779
PF3D7_0309100	2324	22102	863	1461	0	45
PF3D7_1008100	14937	9489	10052	4885	0	1883
PF3D7_0423300	15315	9111	9787	5528	0	247
PF3D7_1137500	723	23703	274	449	0	50
PF3D7_0824000	6991	17435	3408	3583	0	442
PF3D7_1206800	7562	16864	4596	2966	0	321
PF3D7_0516100	22911	1515	21753	1158	0	701
PF3D7_1327900	4335	20091	3618	710	7	50
PF3D7_0928150	345	24081	65	280	0	25
PF3D7_1309000	1883	22543	394	1484	5	107
PF3D7_0502000	9230	15196	4305	4925	0	511
PF3D7_1307800	7080	17346	2794	4286	0	359
PF3D7_1431300	18023	6403	15613	2410	0	690
PF3D7_1448200	9295	15131	4238	5054	3	635
PF3D7_0307400	2131	22295	301	1830	0	121
PF3D7_0112800	5628	18798	1203	4425	0	60
PF3D7_1466600	2322	22104	584	1737	1	150
PF3D7_1454000	2942	21484	951	1991	0	277
PF3D7_0729600	4751	19675	1614	3137	0	36
PF3D7_1019100	20840	3586	16579	4260	1	1092
PF3D7_0819100	6378	18048	467	5911	0	99
PF3D7_1443000	8749	15677	3768	4978	3	851
PF3D7_1428700	5461	18965	3007	2454	0	174
PF3D7_0606200	3159	21267	503	2655	1	18
PF3D7_0710600	547	23879	145	401	1	31
PF3D7_1351000	9436	14990	3584	5852	0	1373
PF3D7_0214800	14803	9623	9598	5204	1	776
PF3D7_1217100	4187	20239	1592	2595	0	172
PF3D7_0621900	9463	14963	4574	4889	0	351
PF3D7_1004200	12632	11794	4724	7906	2	3517
PF3D7_1019200	2017	22409	70	1941	6	189
PF3D7_1247400	1485	22941	719	766	0	59
PF3D7_0824400	6892	17534	1522	5370	0	133
PF3D7_0731600	8358	16068	4073	4285	0	125
PF3D7_0614600	3153	21273	1064	2086	3	157
PF3D7_1354800	4506	19920	1924	2582	0	324
PF3D7_1316000	3108	21318	1849	1259	0	62
PF3D7_0934900	4582	19844	3321	1261	0	173
PF3D7_1135400	3044	21382	268	2724	52	45
PF3D7_1366700	5483	18943	364	5119	0	392
PF3D7_0319500	4970	19456	3410	1552	8	131
PF3D7_1106600	8028	16398	4032	3996	0	609
PF3D7_1110700	2724	21702	1607	1117	0	72
PF3D7_1251600	7023	17403	987	6036	0	780
PF3D7_1433500	10867	13559	5736	5131	0	247
PF3D7_0413700	4643	19783	4369	274	0	27
PF3D7_1103900	1830	22596	1264	556	10	37
PF3D7_0710700	5852	18574	405	5431	16	136
PF3D7_1353200	1140	23286	418	722	0	61
PF3D7_0917800	3876	20550	1924	1949	3	170
PF3D7_1033200	6618	17808	1476	5141	1	249
PF3D7_0604700	4322	20104	2516	1806	0	90
PF3D7_0906800	6340	18086	936	5404	0	671
PF3D7_1216000	4297	20129	1206	3091	0	247
PF3D7_0108800	4195	20231	3159	1036	0	63
PF3D7_1431500	15034	9392	11728	3300	6	245
PF3D7_1219800	129	24297	91	38	0	5
PF3D7_0215000	12717	11709	7110	5607	0	679
PF3D7_1403700	2913	21513	189	2724	0	107
PF3D7_1361500	4104	20322	2485	1619	0	84
PF3D7_1341800	4827	19599	903	3924	0	264
PF3D7_1444300	1525	22901	314	1211	0	47
PF3D7_0707700	13989	10437	11715	2274	0	241
PF3D7_0831700	3136	21290	2917	219	0	8
PF3D7_0603900	3105	21321	703	2402	0	122
PF3D7_1425300	3741	20685	2121	1620	0	105
PF3D7_0929500	3464	20962	3038	426	0	34
PF3D7_0730400	1016	23410	488	528	0	11
PF3D7_1234800	10115	14311	8364	1751	0	173
PF3D7_0503500	8180	16246	1961	6218	1	493
PF3D7_1107700	7199	17227	2867	4332	0	371
PF3D7_0819700	11802	12624	9279	2523	0	280
PF3D7_0613300	8797	15629	2741	6055	1	958
PF3D7_1434400	1729	22697	652	1077	0	77
PF3D7_0219200	1870	22556	1572	298	0	4
PF3D7_1032700	19329	5097	16977	2352	0	161
PF3D7_1018500	2642	21784	2361	281	0	7
PF3D7_1468500	4521	19905	3257	1238	26	15
PF3D7_1114200	3170	21256	2668	502	0	30
PF3D7_0607500	6413	18013	721	5689	3	347
PF3D7_0718900	5829	18597	1364	4459	6	76
PF3D7_0621100	9102	15324	3001	6100	1	707
PF3D7_1336600	2257	22169	277	1980	0	19
PF3D7_0711200	10484	13942	3704	6780	0	1190
PF3D7_1328600	2891	21535	1774	1117	0	116
PF3D7_0910300	3038	21388	1457	1579	2	150
PF3D7_1455100	1919	22507	1446	473	0	21
PF3D7_1444000	5378	19048	4347	1031	0	134
PF3D7_1325400	19643	4783	15289	4354	0	1338
PF3D7_1409500	11186	13240	4435	6747	4	1449
PF3D7_0704600	16093	8333	10942	5149	2	2614
PF3D7_1127300	1320	23106	619	701	0	81
PF3D7_0111200	885	23541	710	175	0	17
PF3D7_1250300	1465	22961	552	913	0	20
PF3D7_0722900	4986	19440	4341	645	0	68
PF3D7_1012700	11982	12444	6573	5408	1	850
PF3D7_0523400	2578	21848	1369	1209	0	82
PF3D7_1366300	17499	6927	12258	5241	0	2211
PF3D7_1429100	3488	20938	1977	1505	6	75
PF3D7_1252800	4176	20250	717	3459	0	236
PF3D7_1035000	10504	13922	2098	8405	1	1403
PF3D7_0705900	1127	23299	766	360	1	36
PF3D7_1436400	8937	15489	5561	3376	0	566
PF3D7_1029800	3291	21135	1495	1796	0	108
PF3D7_0909300	2083	22343	1393	689	1	26
PF3D7_1413000	4337	20089	1189	3147	1	263
PF3D7_1316300	2059	22367	924	1134	1	42
PF3D7_0410400	2586	21840	1771	812	3	61
PF3D7_0221000	12047	12379	5043	5400	1604	192
PF3D7_0820200	6790	17636	697	6093	0	503
PF3D7_0703400	9807	14619	4838	4962	7	628
PF3D7_1460000	3708	20718	805	2898	5	281
PF3D7_1017700	13263	11163	7386	5876	1	511
PF3D7_1014900	11057	13369	5420	5637	0	1766
PF3D7_1215600	1864	22562	1155	709	0	78
PF3D7_1420800	4188	20238	3667	521	0	78
PF3D7_1003100	603	23823	267	330	6	23
PF3D7_1453500	9985	14441	6373	3612	0	270
PF3D7_1409300	2406	22020	1006	1400	0	91
PF3D7_1360200	3562	20864	1035	2527	0	57
PF3D7_1342300	5568	18858	4824	743	1	84
PF3D7_1226200	4616	19810	1124	3492	0	199
PF3D7_0415500	1779	22647	1313	466	0	28
PF3D7_1218500	8073	16353	4004	4069	0	95
PF3D7_1118800	2119	22307	805	1313	1	109
PF3D7_1024300	617	23809	324	293	0	14
PF3D7_1309600	1760	22666	236	1524	0	101
PF3D7_1357400	8707	15719	3718	4989	0	739
PF3D7_1145600	5756	18670	1166	4590	0	353
PF3D7_0113400	13392	11034	8822	4396	174	219
PF3D7_0320300	5745	18681	5079	666	0	42
PF3D7_0504600	7895	16531	7448	445	2	44
PF3D7_0805800	3571	20855	105	3448	18	181
PF3D7_0816200	1024	23402	195	829	0	36
PF3D7_0723200	2312	22114	1107	1203	2	58
PF3D7_1313300	3325	21101	2233	1092	0	82
PF3D7_0805000	2088	22338	1200	887	1	33
PF3D7_0918200	2400	22026	1186	1214	0	60
PF3D7_1317400	3437	20989	299	3137	1	123
PF3D7_0104400	6054	18372	4797	1257	0	132
PF3D7_1317000	3719	20707	714	3005	0	223
PF3D7_1363000	8355	16071	4049	4305	1	627
PF3D7_1224600	1844	22582	766	1078	0	46
PF3D7_0901700	12356	12070	7843	4513	0	127
PF3D7_0818300	5809	18617	1359	4450	0	383
PF3D7_1227300	5015	19411	610	4404	1	583
PF3D7_1109200	6188	18238	3554	2634	0	122
PF3D7_0503300	2187	22239	397	1790	0	62
PF3D7_0916300	3509	20917	1473	1997	39	51
PF3D7_0314900	3584	20842	1565	2019	0	184
PF3D7_1239800	20681	3745	16790	3891	0	2147
PF3D7_0209800	4745	19681	3344	1400	1	13
PF3D7_1319200	10971	13455	8308	2662	1	399
PF3D7_0812200	4002	20424	1849	2153	0	113
PF3D7_0210800	6348	18078	284	6064	0	282
PF3D7_0211800	3249	21177	1770	1478	1	114
PF3D7_1242800	2813	21613	1806	1007	0	37
PF3D7_0806800	6960	17466	3520	3439	1	170
PF3D7_1212400	4163	20263	425	3738	0	167
PF3D7_0611200	3260	21166	899	2361	0	52
PF3D7_0220800	13137	11289	7058	6008	71	1351
PF3D7_1111900	2368	22058	977	1391	0	68
PF3D7_0501100	5986	18440	2360	3626	0	60
PF3D7_1340800	1270	23156	787	480	3	35
PF3D7_1313000	593	23833	412	181	0	1
PF3D7_1422600	9739	14687	4706	5033	0	363
PF3D7_1337800	4028	20398	2588	1440	0	63
PF3D7_0526300	4104	20322	3339	765	0	103
PF3D7_0402100	8034	16392	3624	4397	13	288
PF3D7_1360900	3001	21425	2163	838	0	30
PF3D7_0308000	6498	17928	4457	2040	1	96
PF3D7_1303800	24088	338	23159	929	0	253
PF3D7_0609700	19031	5395	14424	4607	0	1443
PF3D7_0911500	3129	21297	752	2373	4	103
PF3D7_1204500	1570	22856	700	870	0	65
PF3D7_1225100	9769	14657	3612	6154	3	570
PF3D7_0801300	5396	19030	251	5145	0	55
PF3D7_0716400	1425	23001	1112	312	1	22
PF3D7_0528000	1819	22607	1290	529	0	29
PF3D7_0924500	19307	5119	17656	1651	0	288
PF3D7_1438800	4632	19794	2835	1797	0	166
PF3D7_1323200	1443	22983	1235	208	0	19
PF3D7_0517300	790	23636	317	473	0	17
PF3D7_1305500	4959	19467	2412	2546	1	397
PF3D7_1313700	2443	21983	1264	1178	1	175
PF3D7_0926800	14063	10363	10589	3474	0	375
PF3D7_0108000	1581	22845	1218	363	0	19
PF3D7_0615600	20190	4236	18828	1362	0	1153
PF3D7_0613800	23369	1057	22605	764	0	652
PF3D7_1428200	7258	17168	1121	6137	0	341
PF3D7_1428800	2163	22263	1075	1086	2	100
PF3D7_0608000	4365	20061	2784	1581	0	127
PF3D7_0304200	2713	21713	1650	1063	0	25
PF3D7_1329500	16632	7794	10476	6156	0	916
PF3D7_0517100	11549	12877	3137	8412	0	143
PF3D7_0933800	5466	18960	1213	4253	0	261
PF3D7_1345000	3711	20715	1901	1808	2	195
PF3D7_0312500	5662	18764	1195	4463	4	291
PF3D7_0315200	16437	7989	13455	2982	0	654
PF3D7_0505400	6795	17631	5400	1394	1	187
PF3D7_0320500	4385	20041	239	4145	1	142
PF3D7_0927600	5607	18819	1379	4221	7	378
PF3D7_1112900	2338	22088	914	1423	1	124
PF3D7_1409700	7944	16482	1851	6093	0	587
PF3D7_1027200	5683	18743	1929	3753	1	129
PF3D7_0315400	1512	22914	189	1323	0	83
PF3D7_1235800	11836	12590	7725	4110	1	585
PF3D7_1464500	14604	9822	8858	5745	1	2647
PF3D7_1442900	17993	6433	12030	4453	1510	1457
PF3D7_1322600	6296	18130	1915	4380	1	366
PF3D7_1437900	3855	20571	2351	1503	1	48
PF3D7_1209400	11061	13365	8092	2969	0	458
PF3D7_0323500	3738	20688	2682	957	99	60
PF3D7_1477200	6475	17951	553	5303	619	398
PF3D7_1016600	1463	22963	372	1091	0	122
PF3D7_1209500	6830	17596	2078	4752	0	476
PF3D7_1135900	3860	20566	3014	846	0	28
PF3D7_1414800	861	23565	103	758	0	75
PF3D7_1114800	5470	18956	4013	1457	0	129
PF3D7_0409800	6496	17930	2077	4418	1	254
PF3D7_0812000	2466	21960	1187	1279	0	110
PF3D7_1116300	1264	23162	833	431	0	24
PF3D7_1212300	8398	16028	3418	4980	0	449
PF3D7_1012200	5386	19040	499	4887	0	106
PF3D7_0812100	12703	11723	8634	4069	0	645
PF3D7_0806500	10484	13942	6587	3897	0	159
PF3D7_0203000	16454	7972	13059	3393	2	776
PF3D7_1033900	1379	23047	822	557	0	12
PF3D7_1004800	7520	16906	825	6695	0	231
PF3D7_1025900	10445	13981	5786	4659	0	787
PF3D7_1129100	8159	16267	2627	5531	1	448
PF3D7_1117000	12107	12319	7493	4613	1	572
PF3D7_1450900	4793	19633	2992	1781	20	212
PF3D7_0806900	3248	21178	450	2798	0	70
PF3D7_1455600	12899	11527	6364	6535	0	623
PF3D7_0720500	5415	19011	5083	332	0	19
PF3D7_0420500	2440	21986	1290	1149	1	77
PF3D7_1027900	3407	21019	2633	774	0	40
PF3D7_0109500	698	23728	429	269	0	19
PF3D7_0218600	18329	6097	12775	5552	2	1542
PF3D7_0214700	3185	21241	1894	1286	5	98
PF3D7_0710000	15927	8499	11015	4912	0	3619
PF3D7_0527500	12526	11900	8183	4341	2	179
PF3D7_1421600	4893	19533	2120	2771	2	303
PF3D7_1001900	2030	22396	661	1328	41	65
PF3D7_0628300	2864	21562	2008	856	0	21
PF3D7_1013200	11190	13236	5276	5914	0	720
PF3D7_1144400	11888	12538	7135	4751	2	1310
PF3D7_0528700	4311	20115	249	4062	0	37
PF3D7_0728400	1498	22928	222	1273	3	62
PF3D7_0213200	663	23763	305	357	1	48
PF3D7_0218100	3747	20679	2389	1358	0	106
PF3D7_1338200	1469	22957	871	592	6	22
PF3D7_0825600	344	24082	110	234	0	27
PF3D7_1404600	8330	16096	6037	2293	0	259
PF3D7_1355200	11218	13208	7596	3622	0	518
PF3D7_0209300	2055	22371	952	1103	0	66
PF3D7_0937200	11478	12948	3222	3188	5068	153
PF3D7_1130800	5740	18686	1514	4226	0	74
PF3D7_0205700	2444	21982	1968	476	0	59
PF3D7_0113000	17091	7335	11891	5145	55	898
PF3D7_0913300	6355	18071	1589	4766	0	312
PF3D7_0405200	9583	14843	7591	1989	3	93
PF3D7_1233800	3426	21000	2601	825	0	53
PF3D7_0936700	6360	18066	3931	2324	105	214
PF3D7_1401200	5718	18708	1500	4218	0	139
PF3D7_1037800	6771	17655	3025	3746	0	311
PF3D7_1310100	8301	16125	2745	5555	1	694
PF3D7_0919100	2431	21995	708	1723	0	44
PF3D7_1116000	13088	11338	9470	3618	0	529
PF3D7_1458500	9435	14991	3025	6406	4	1495
PF3D7_1303200	2021	22405	1201	819	1	22
PF3D7_1034100	1131	23295	681	450	0	26
PF3D7_1236400	5593	18833	2107	3486	0	182
PF3D7_1329900	9497	14929	6005	3491	1	311
PF3D7_1335700	8048	16378	2638	5410	0	495
PF3D7_0320600	2246	22180	1982	264	0	19
PF3D7_1029700	8832	15594	5410	3422	0	277
PF3D7_0925500	2945	21481	998	1947	0	35
PF3D7_1030100	11720	12706	8176	3544	0	221
PF3D7_1359000	16658	7768	11012	5645	1	2120
PF3D7_0918800	4504	19922	921	3583	0	211
PF3D7_0524200	1693	22733	514	1179	0	35
PF3D7_0418800	2695	21731	2178	516	1	32
PF3D7_0608100	22061	2365	20092	1969	0	188
PF3D7_1130500	8894	15532	4362	4532	0	438
PF3D7_0522000	12987	11439	2679	10307	1	9
PF3D7_1433300	5577	18849	3980	1597	0	81
PF3D7_0523100	4892	19534	3802	1090	0	95
PF3D7_1216300	925	23501	502	421	2	28
PF3D7_0811000	3836	20590	1738	2098	0	90
PF3D7_1149100	8218	16208	6738	1465	15	70
PF3D7_0806600	7913	16513	3997	3895	21	355
PF3D7_0814400	4624	19802	1710	2913	1	209
PF3D7_0714300	7336	17090	2390	4945	1	507
PF3D7_0924000	14382	10044	9293	5089	0	624
PF3D7_0932200	1555	22871	720	835	0	23
PF3D7_1320800	4832	19594	3141	1690	1	133
PF3D7_0420000	21599	2827	19599	2000	0	1229
PF3D7_1444800	3132	21294	1606	1526	0	57
PF3D7_1123600	5721	18705	2907	2813	1	279
PF3D7_1370300	6770	17656	2928	3842	0	51
PF3D7_0413800	5673	18753	4146	1527	0	43
PF3D7_1369700	1641	22785	1142	499	0	40
PF3D7_0920600	9753	14673	4201	5552	0	718
PF3D7_0923600	2236	22190	917	1262	57	88
PF3D7_0407200	1391	23035	529	862	0	95
PF3D7_1330400	1329	23097	749	580	0	19
PF3D7_1015300	4648	19778	3002	1646	0	170
PF3D7_0926400	3940	20486	1770	2170	0	158
PF3D7_1012900	1949	22477	528	1421	0	23
PF3D7_0717300	5733	18693	1338	4395	0	89
PF3D7_1342700	503	23923	368	135	0	3
PF3D7_0220100	12830	11596	7387	5443	0	580
PF3D7_1476300	10546	13880	3737	5738	1071	362
PF3D7_1416200	20881	3545	18251	2630	0	664
PF3D7_1113700	4506	19920	3299	1206	1	90
PF3D7_1352600	3904	20522	2249	1655	0	157
PF3D7_1333300	1203	23223	798	405	0	41
PF3D7_0606000	8363	16063	1444	6919	0	1738
PF3D7_1027700	2378	22048	2220	158	0	13
PF3D7_0402400	8107	16319	1846	5929	332	182
PF3D7_0109400	4681	19745	875	3806	0	72
PF3D7_1206600	9348	15078	5011	4330	7	331
PF3D7_1342400	6245	18181	4449	1796	0	78
PF3D7_1437700	8036	16390	6074	1962	0	335
PF3D7_0208800	1532	22894	325	1206	1	99
PF3D7_0106000	13228	11198	9069	4157	2	314
PF3D7_0913700	10584	13842	8380	2204	0	116
PF3D7_1014000	2331	22095	1763	568	0	46
PF3D7_1426500	6636	17790	4482	2152	2	40
PF3D7_1442800	5323	19103	2926	2397	0	253
PF3D7_0935700	2374	22052	1091	1252	31	99
PF3D7_1003800	8863	15563	4952	3911	0	520
PF3D7_0611700	1105	23321	1057	48	0	3
PF3D7_0728900	8026	16400	1570	6456	0	258
PF3D7_0520800	9714	14712	4254	5460	0	755
PF3D7_1430100	1734	22692	1263	470	1	47
PF3D7_1125500	285	24141	93	192	0	17
PF3D7_1123900	1822	22604	1504	317	1	7
PF3D7_1224800	2258	22168	517	1741	0	84
PF3D7_0502100	1509	22917	115	1394	0	103
PF3D7_1477800	644	23782	102	535	7	52
PF3D7_0422100	6600	17826	1127	5473	0	218
PF3D7_0812220	3292	21134	2211	1081	0	38
PF3D7_0215200	1541	22885	895	646	0	40
PF3D7_0605000	890	23536	430	460	0	26
PF3D7_0604400	4439	19987	917	3521	1	68
PF3D7_0520600	780	23646	364	416	0	45
PF3D7_0407100	4749	19677	311	4438	0	130
PF3D7_1248600	7907	16519	3227	4680	0	563
PF3D7_1305000	8760	15666	3074	5685	1	789
PF3D7_1347900	11234	13192	5636	5598	0	1134
PF3D7_0323000	333	24093	208	125	0	4
PF3D7_1422400	16347	8079	11162	5183	2	1926
PF3D7_1458900	1440	22986	261	1167	12	136
PF3D7_1304100	7260	17166	4050	3209	1	254
PF3D7_0727500	5982	18444	3285	2697	0	252
PF3D7_0606100	6148	18278	2692	3455	1	323
PF3D7_1418200	1580	22846	916	664	0	94
PF3D7_1306800	2387	22039	98	2278	11	204
PF3D7_0111900	384	24042	184	200	0	9
PF3D7_1218800	4245	20181	697	3547	1	47
PF3D7_1441400	2768	21658	1246	1522	0	81
PF3D7_0305100	23159	1267	14691	8468	0	839
PF3D7_1415900	991	23435	630	361	0	27
PF3D7_0921100	3073	21353	1931	1142	0	102
PF3D7_0316600	5906	18520	1375	4531	0	45
PF3D7_0814700	8700	15726	4169	4530	1	172
PF3D7_1248400	2738	21688	1014	1724	0	166
PF3D7_0726200	17030	7396	13861	3149	20	439
PF3D7_1364300	9311	15115	4498	4812	1	601
PF3D7_0612200	17416	7010	13241	4173	2	1004
PF3D7_1012300	1378	23048	1038	340	0	17
PF3D7_0722400	3945	20481	3585	360	0	22
PF3D7_1020600	21420	3006	19272	2148	0	543
PF3D7_1140400	975	23451	285	690	0	58
PF3D7_0627300	5191	19235	1476	3715	0	187
PF3D7_1137300	7930	16496	1257	6672	1	266
PF3D7_1015500	6043	18383	4789	1252	2	196
PF3D7_0316000	1809	22617	477	1331	1	97
PF3D7_0113900	7124	17302	1825	5294	5	87
PF3D7_0912400	1624	22802	532	1092	0	88
PF3D7_1329400	6860	17566	3087	3771	2	115
PF3D7_0826000	14241	10185	9532	4709	0	863
PF3D7_0528500	6529	17897	2982	3544	3	113
PF3D7_0527900	7367	17059	5603	1764	0	185
PF3D7_1446900	2610	21816	1111	1499	0	87
PF3D7_1460100	1697	22729	531	1166	0	104
PF3D7_1216900	7517	16909	3418	4097	2	424
PF3D7_0514000	3155	21271	2543	568	44	43
PF3D7_1252100	13181	11245	8492	4689	0	1424
PF3D7_1349100	5033	19393	1018	4014	1	27
PF3D7_0321400	2709	21717	1386	1323	0	86
PF3D7_0301900	8724	15702	4731	3992	1	107
PF3D7_0812800	588	23838	312	276	0	9
PF3D7_0525500	18218	6208	15229	2989	0	941
PF3D7_0915900	1254	23172	106	1148	0	84
PF3D7_1027600	6685	17741	4866	1819	0	133
PF3D7_1354000	4372	20054	1492	2871	9	439
PF3D7_1007700	12489	11937	7476	5011	2	645
PF3D7_1327500	7406	17020	1804	5602	0	373
PF3D7_1424400	4130	20296	2403	1727	0	40
PF3D7_0208000	8570	15856	3120	5448	2	453
PF3D7_1012100	2371	22055	1622	749	0	110
PF3D7_1421800	11273	13153	7530	3741	2	178
PF3D7_1348900	815	23611	461	353	1	60
PF3D7_1234900	1450	22976	1120	330	0	53
PF3D7_1458100	703	23723	532	171	0	21
PF3D7_0520500	1122	23304	584	538	0	47
PF3D7_1402000	6600	17826	2275	4321	4	366
PF3D7_0216400	3042	21384	938	2102	2	196
PF3D7_1134500	10042	14384	3849	6193	0	1085
PF3D7_0526400	4613	19813	1612	3001	0	93
PF3D7_0517500	13067	11359	8672	4395	0	185
PF3D7_0421800	555	23871	74	480	1	28
PF3D7_1301600	11181	13245	6454	4727	0	368
PF3D7_1108600	6644	17782	3956	2688	0	51
PF3D7_0713900	18680	5746	14944	3729	7	2428
PF3D7_1108000	8422	16004	3422	4999	1	487
PF3D7_1006500	3720	20706	1099	2618	3	191
PF3D7_1321800	2059	22367	1390	669	0	68
PF3D7_1414900	8777	15649	3333	5444	0	773
PF3D7_1226900	3853	20573	2532	1321	0	126
PF3D7_1418100	13488	10938	7791	5697	0	2239
PF3D7_0902500	9097	15329	2992	6105	0	368
PF3D7_0613000	1800	22626	1624	176	0	11
PF3D7_0913150	524	23902	432	91	1	19
PF3D7_0920000	4047	20379	1589	2458	0	258
PF3D7_1244000	6350	18076	1712	4637	1	454
PF3D7_1035600	7672	16754	5128	2462	82	134
PF3D7_1311200	4116	20310	2756	1360	0	147
PF3D7_1411400	10573	13853	4714	5859	0	793
PF3D7_1004700	4408	20018	1440	2967	1	74
PF3D7_1112100	18041	6385	14800	3222	19	958
PF3D7_0923000	2294	22132	1175	1119	0	68
PF3D7_0530700	12743	11683	7875	4868	0	946
PF3D7_1015600	4534	19892	3981	553	0	30
PF3D7_1354700	5444	18982	239	5185	20	225
PF3D7_0724400	466	23960	284	182	0	8
PF3D7_1474100	458	23968	141	317	0	18
PF3D7_1437400	8040	16386	3590	4450	0	488
PF3D7_1323600	3299	21127	2725	574	0	74
PF3D7_0214600	9763	14663	4405	5358	0	940
PF3D7_1215100	5728	18698	1587	4141	0	392
PF3D7_0304400	896	23530	712	184	0	4
PF3D7_0926200	120	24306	44	76	0	8
PF3D7_1208600	380	24046	217	163	0	12
PF3D7_1471100	2490	21936	313	2177	0	57
PF3D7_1102400	7808	16618	1345	6462	1	409
PF3D7_0216100	12481	11945	4261	8219	1	431
PF3D7_1342600	8917	15509	5776	3141	0	94
PF3D7_1224300	6567	17859	2753	3813	1	127
PF3D7_1461000	15431	8995	11761	3669	1	93
PF3D7_1312450	2441	21985	141	2300	0	51
PF3D7_0815500	3402	21024	1234	2168	0	165
PF3D7_1132900	1315	23111	681	632	2	62
PF3D7_1447500	2225	22201	275	1950	0	54
PF3D7_0916600	985	23441	329	656	0	94
PF3D7_1219600	11086	13340	6714	4372	0	196
PF3D7_0726700	968	23458	126	842	0	59
PF3D7_1318900	7166	17260	1419	5746	1	484
PF3D7_0403300	2874	21552	2219	654	1	67
PF3D7_1228700	8397	16029	3147	5248	2	401
PF3D7_1242300	1349	23077	784	565	0	57
PF3D7_1407800	6807	17619	2307	4500	0	142
PF3D7_0528800	5566	18860	619	4946	1	292
PF3D7_1355600	7601	16825	2875	4698	28	403
PF3D7_1408100	4290	20136	2046	2241	3	157
PF3D7_1106400	2804	21622	2189	615	0	31
PF3D7_0205600	2571	21855	1243	1328	0	97
PF3D7_1313600	9580	14846	3734	5846	0	1236
PF3D7_0929100	2761	21665	1514	1247	0	110
PF3D7_1144300	708	23718	662	46	0	1
PF3D7_1357000	20126	4300	17132	2994	0	3
PF3D7_1368100	6478	17948	3850	2627	1	12
PF3D7_1350100	6133	18293	4108	2025	0	117
PF3D7_1023200	2823	21603	1616	1207	0	80
PF3D7_0417500	5241	19185	4667	573	1	58
PF3D7_1335400	24410	16	24410	0	0	0
PF3D7_0106500	13342	11084	6181	7161	0	1179
PF3D7_1123300	13318	11108	7659	5659	0	170
PF3D7_1309300	6714	17712	2164	4549	1	526
PF3D7_0532100	4386	20040	460	3926	0	111
PF3D7_0725000	14466	9960	6385	8081	0	505
PF3D7_0902900	6515	17911	48	6467	0	174
PF3D7_1119200	4076	20350	378	3698	0	73
PF3D7_1331100	12439	11987	9044	3394	1	295
PF3D7_0423200	1508	22918	98	1410	0	29
PF3D7_0720400	8056	16370	2585	5471	0	136
PF3D7_1328400	4302	20124	798	3504	0	297
PF3D7_1031800	5261	19165	2845	2416	0	168
PF3D7_0803300	2135	22291	517	1617	1	102
PF3D7_0905300	18517	5909	13961	4556	0	1662
PF3D7_0313600	20297	4129	18693	1603	1	1028
PF3D7_0630500	4300	20126	2184	2116	0	164
PF3D7_1011600	4674	19752	1602	3072	0	257
PF3D7_1451000	7920	16506	3536	4384	0	705
PF3D7_1367200	3880	20546	2266	1591	23	227
PF3D7_1415700	2246	22180	1031	1214	1	67
PF3D7_1315600	2972	21454	1820	1152	0	50
PF3D7_0512200	8297	16129	2577	5719	1	426
PF3D7_1416400	6737	17689	3931	2806	0	254
PF3D7_0602300	3513	20913	2026	1486	1	99
PF3D7_1354400	897	23529	223	674	0	12
PF3D7_0107200	4938	19488	3525	1411	2	148
PF3D7_0907900	1661	22765	927	734	0	73
PF3D7_1307300	5478	18948	2856	2622	0	186
PF3D7_1413900	1697	22729	710	987	0	36
PF3D7_1423700	9856	14570	2350	7503	3	862
PF3D7_0516800	21097	3329	18468	2629	0	439
PF3D7_1449500	11585	12841	6715	4869	1	410
PF3D7_0729200	2217	22209	898	1319	0	47
PF3D7_1442300	3364	21062	1881	1483	0	164
PF3D7_0911700	12884	11542	10261	2623	0	288
PF3D7_1414400	1291	23135	498	793	0	2
PF3D7_0928400	1378	23048	194	1184	0	46
PF3D7_0404900	7405	17021	2279	5112	14	220
PF3D7_1477700	5610	18816	643	4016	951	136
PF3D7_0414600	6390	18036	990	5400	0	31
PF3D7_1250500	3040	21386	2762	278	0	16
PF3D7_0904000	2264	22162	889	1374	1	136
PF3D7_1410700	4140	20286	1633	2507	0	83
PF3D7_1023600	3380	21046	1220	2160	0	140
PF3D7_1211000	14680	9746	9756	4924	0	537
PF3D7_1212700	9860	14566	6935	2925	0	316
PF3D7_1032400	3287	21139	2551	736	0	42
PF3D7_0110800	2548	21878	1350	1198	0	28
PF3D7_1417000	3434	20992	780	2654	0	232
PF3D7_1110000	4424	20002	979	3445	0	47
PF3D7_0917000	9600	14826	3721	5878	1	909
PF3D7_1346200	1600	22826	1330	270	0	35
PF3D7_1023300	585	23841	453	132	0	17
PF3D7_0312800	1561	22865	1291	267	3	11
PF3D7_0305700	1813	22613	377	1436	0	22
PF3D7_0323700	10200	14226	2667	7533	0	245
PF3D7_0417800	14127	10299	8153	5974	0	240
PF3D7_0418300	16732	7694	12699	4029	4	571
PF3D7_0220500	7260	17166	6552	708	0	23
PF3D7_1319600	14198	10228	10252	3946	0	828
PF3D7_1361400	614	23812	166	447	1	20
PF3D7_1245100	8169	16257	2691	5478	0	587
PF3D7_1112700	16050	8376	12540	3510	0	632
PF3D7_0824100	2671	21755	566	2105	0	239
PF3D7_0606900	1130	23296	310	820	0	67
PF3D7_0726100	23643	783	12147	4136	7360	285
PF3D7_1207100	5229	19197	1242	3987	0	439
PF3D7_0321100	16674	7752	11155	5513	6	1005
PF3D7_1301400	2769	21657	1452	1315	2	110
PF3D7_1221700	12829	11597	10713	2115	1	195
PF3D7_1346900	1067	23359	286	775	6	79
PF3D7_1329300	4014	20412	2241	1773	0	86
PF3D7_1347300	2334	22092	1238	1093	3	87
PF3D7_0415800	14387	10039	5285	8849	253	872
PF3D7_1104800	2230	22196	565	1665	0	45
PF3D7_1472500	4549	19877	1188	3361	0	61
PF3D7_1461300	1305	23121	245	1060	0	1
PF3D7_0907500	2029	22397	1464	565	0	41
PF3D7_0205900	10152	14274	8665	1487	0	124
PF3D7_0903100	2098	22328	152	1946	0	65
PF3D7_1023700	7035	17391	1360	5671	4	312
PF3D7_0414000	9198	15228	2893	6304	1	187
PF3D7_0609100	6073	18353	2022	4051	0	171
PF3D7_1351400	2126	22300	1621	503	2	32
PF3D7_1436100	12607	11819	6096	6511	0	892
PF3D7_0309500	5319	19107	3526	1792	1	88
PF3D7_1251300	3220	21206	2695	524	1	27
PF3D7_1435600	11410	13016	5538	5868	4	1078
PF3D7_1228400	24271	155	24205	66	0	26
PF3D7_1475200	8302	16124	2954	5347	1	935
PF3D7_1349500	20423	4003	17670	2753	0	1668
PF3D7_1434300	3187	21239	2222	965	0	76
PF3D7_1134400	3469	20957	2866	603	0	36
PF3D7_1477500	9942	14484	4557	5384	1	322
PF3D7_1434500	23125	1301	21362	1763	0	833
PF3D7_0922800	16151	8275	10240	5911	0	2560
PF3D7_0830700	1645	22781	638	1007	0	64
PF3D7_1118600	5931	18495	1321	4610	0	116
PF3D7_0932400	2586	21840	778	1802	6	102
PF3D7_0415100	2745	21681	523	2221	1	85
PF3D7_1234000	2471	21955	381	2090	0	97
PF3D7_1477600	24404	22	24329	75	0	4
PF3D7_1239100	1347	23079	178	1169	0	42
PF3D7_1207000	16625	7801	12365	4260	0	1068
PF3D7_1350500	7961	16465	2834	5123	4	891
PF3D7_1305700	3463	20963	478	2984	1	87
PF3D7_1453900	10116	14310	4915	5197	4	919
PF3D7_0302600	10359	14067	3412	6947	0	983
PF3D7_1128500	12837	11589	8795	4042	0	411
PF3D7_0516200	827	23599	602	224	1	9
PF3D7_1116400	5447	18979	1299	4148	0	264
PF3D7_1325600	628	23798	369	259	0	12
PF3D7_1002400	4248	20178	708	3539	1	53
PF3D7_0929600	3331	21095	2494	837	0	34
PF3D7_1318600	6155	18271	4194	1961	0	171
PF3D7_0422500	14138	10288	9080	5054	4	2028
PF3D7_1033300	1878	22548	1314	561	3	27
PF3D7_1213400	5832	18594	3868	1963	1	104
PF3D7_1464300	6194	18232	1255	4939	0	630
PF3D7_0909500	9551	14875	7963	1588	0	95
PF3D7_1469100	1564	22862	373	1191	0	124
PF3D7_0908200	13335	11091	7443	5892	0	941
PF3D7_1227400	12384	12042	8875	3508	1	465
PF3D7_0518600	8389	16037	4090	4297	2	412
PF3D7_1149000	24296	130	24107	189	0	89
PF3D7_0106100	2002	22424	658	1344	0	37
PF3D7_1124000	8950	15476	4313	4636	1	71
PF3D7_1415100	7912	16514	4868	3042	2	228
PF3D7_1426200	5666	18760	5483	183	0	21
PF3D7_0311600	9150	15276	3327	5823	0	334
PF3D7_1233700	3270	21156	520	2746	4	327
PF3D7_1238700	6637	17789	3861	2775	1	214
PF3D7_1438000	4949	19477	1858	3091	0	184
PF3D7_1409100	10644	13782	5698	4946	0	659
PF3D7_0935900	10396	14030	6579	3817	0	122
PF3D7_0609800	2050	22376	1447	603	0	15
PF3D7_0214200	1765	22661	1388	377	0	32
PF3D7_1034700	1008	23418	690	318	0	9
PF3D7_1035300	19425	5001	16748	2677	0	905
PF3D7_1363800	8092	16334	4417	3674	1	258
PF3D7_1306400	2599	21827	1139	1460	0	27
PF3D7_1217500	7662	16764	5070	2589	3	65
PF3D7_1451100	8655	15771	7733	922	0	11
PF3D7_1115000	886	23540	328	558	0	45
PF3D7_0610100	3072	21354	1147	1925	0	110
PF3D7_1329600	12229	12197	11527	702	0	89
PF3D7_0612000	1328	23098	1107	221	0	23
PF3D7_1113800	6307	18119	4952	1355	0	146
PF3D7_0727200	7307	17119	1331	5976	0	280
PF3D7_1016000	2958	21468	1017	1941	0	203
PF3D7_0815400	1594	22832	435	1159	0	51
PF3D7_1442600	24170	256	23862	308	0	137
PF3D7_0913000	1786	22640	1369	416	1	56
PF3D7_1355300	3036	21390	2243	792	1	46
PF3D7_1218900	9307	15119	3779	5528	0	748
PF3D7_0317400	2853	21573	808	2045	0	71
PF3D7_1011900	2889	21537	1953	936	0	90
PF3D7_0614300	5135	19291	2341	2793	1	211
PF3D7_0416400	7147	17279	4073	3074	0	276
PF3D7_1030900	2723	21703	444	2278	1	91
PF3D7_0406100	5770	18656	2496	3274	0	23
PF3D7_1351800	2707	21719	261	2438	8	170
PF3D7_1435900	4486	19940	512	3973	1	99
PF3D7_1025000	11102	13324	6711	4391	0	387
PF3D7_0608400	2394	22032	2081	313	0	38
PF3D7_1340900	11503	12923	9243	2238	22	123
PF3D7_1313800	15537	8889	11138	4399	0	1694
PF3D7_0719800	4567	19859	2775	1792	0	62
PF3D7_1416300	2622	21804	1254	1368	0	190
PF3D7_0502400	10094	14332	5014	5079	1	584
PF3D7_1331800	1219	23207	837	381	1	3
PF3D7_0927100	809	23617	42	766	1	52
PF3D7_0925600	911	23515	321	590	0	10
PF3D7_1121900	3424	21002	621	2803	0	213
PF3D7_0608800	4949	19477	3554	1395	0	30
PF3D7_1127000	6868	17558	3119	3749	0	87
PF3D7_0823100	5967	18459	763	4705	499	117
PF3D7_0212500	17461	6965	14503	2957	1	2257
PF3D7_0525300	6503	17923	1675	4827	1	184
PF3D7_1250900	3383	21043	2322	1061	0	102
PF3D7_0109800	2664	21762	1139	1525	0	190
PF3D7_0105400	553	23873	76	476	1	49
PF3D7_1014800	8707	15719	3943	4761	3	298
PF3D7_0618000	4410	20016	1314	3096	0	264
PF3D7_1115600	2831	21595	1965	865	1	33
PF3D7_0301500	2781	21645	1594	1185	2	127
PF3D7_1133600	5690	18736	3095	2595	0	236
PF3D7_0828300	6921	17505	781	6140	0	444
PF3D7_0512400	1896	22530	316	1580	0	122
PF3D7_0610600	2823	21603	1645	1178	0	42
PF3D7_1307500	500	23926	38	441	21	34
PF3D7_1454500	2406	22020	1977	429	0	40
PF3D7_0716900	5220	19206	488	4732	0	14
PF3D7_1465700	3632	20794	2430	1202	0	88
PF3D7_1412400	21964	2462	19734	2230	0	681
PF3D7_0207900	14291	10135	10212	4079	0	1503
PF3D7_0301800	6453	17973	2874	3579	0	83
PF3D7_1439400	2673	21753	1276	1397	0	52
PF3D7_0314400	699	23727	288	410	1	12
PF3D7_1455000	1643	22783	849	794	0	26
PF3D7_1413200	8597	15829	6310	2279	8	107
PF3D7_0107400	536	23890	158	378	0	33
PF3D7_1460500	22649	1777	19664	1644	1341	416
PF3D7_0303300	1600	22826	360	1240	0	20
PF3D7_0419400	17243	7183	12958	4281	4	1778
PF3D7_0725400	4239	20187	2235	2004	0	19
PF3D7_0104600	16183	8243	12554	3629	0	620
PF3D7_0929700	3291	21135	1580	1710	1	139
PF3D7_0623000	6497	17929	1506	4990	1	169
PF3D7_1203600	2205	22221	1385	820	0	54
PF3D7_1332000	4697	19729	3436	1261	0	48
PF3D7_0719100	2026	22400	1636	390	0	40
PF3D7_1443300	790	23636	479	311	0	24
PF3D7_0111700	438	23988	148	290	0	22
PF3D7_0500900	5388	19038	2121	3266	1	195
PF3D7_0907200	8934	15492	2687	6247	0	933
PF3D7_1011400	769	23657	240	529	0	37
PF3D7_0725100	20726	3700	18693	2030	3	1535
PF3D7_1107800	11991	12435	4744	7247	0	1222
PF3D7_1026400	6773	17653	2665	4108	0	237
PF3D7_1005500	10891	13535	5424	5464	3	731
PF3D7_1006300	2776	21650	2276	500	0	59
PF3D7_0607900	5181	19245	1676	3502	3	346
PF3D7_0219900	4792	19634	859	3933	0	89
PF3D7_1017100	4268	20158	2890	1378	0	111
PF3D7_0930400	9959	14467	4852	5106	1	320
PF3D7_1470400	1502	22924	862	636	4	41
PF3D7_1443900	8349	16077	5993	2350	6	173
PF3D7_1411500	14056	10370	9378	4678	0	664
PF3D7_1471300	7673	16753	3349	4306	18	449
PF3D7_1440500	2512	21914	773	1739	0	131
PF3D7_1309100	913	23513	442	470	1	24
PF3D7_0807200	1871	22555	503	1368	0	87
PF3D7_0518900	1581	22845	1088	491	2	75
PF3D7_0411200	10455	13971	4247	6197	11	738
PF3D7_0814100	2420	22006	1957	463	0	16
PF3D7_0624300	1734	22692	621	1113	0	63
PF3D7_1343700	6972	17454	3434	3538	0	155
PF3D7_0518500	13726	10700	10835	2890	1	390
PF3D7_0314500	891	23535	475	416	0	55
PF3D7_1236800	3470	20956	2055	1411	4	154
PF3D7_1110400	12725	11701	7822	4903	0	704
PF3D7_0518300	2136	22290	1583	553	0	33
PF3D7_1113200	1869	22557	389	1480	0	60
PF3D7_1238900	5473	18953	1137	4336	0	155
PF3D7_1135700	643	23783	330	292	21	23
PF3D7_1403000	15095	9331	11669	3426	0	305
PF3D7_1358300	2536	21890	1545	991	0	102
PF3D7_0202400	16512	7914	9582	5110	1820	431
PF3D7_1234300	7365	17061	5450	1915	0	53
PF3D7_1231500	402	24024	175	226	1	2
PF3D7_1346800	7493	16933	2554	4939	0	244
PF3D7_1125100	6249	18177	263	5986	0	377
PF3D7_1473300	6940	17486	3173	3766	1	646
PF3D7_1203200	1757	22669	1224	533	0	43
PF3D7_0623200	2101	22325	576	1525	0	116
PF3D7_1475900	14050	10376	9471	4579	0	2016
PF3D7_1360800	8661	15765	5588	3072	1	373
PF3D7_0309700	5534	18892	2410	3104	20	350
PF3D7_1020500	3183	21243	966	2217	0	179
PF3D7_0513000	2430	21996	1856	574	0	40
PF3D7_1353400	6802	17624	2061	4301	440	670
PF3D7_1017300	6116	18310	2152	3962	2	325
PF3D7_1119900	11831	12595	6626	5189	16	1285
PF3D7_1201500	5146	19280	855	4291	0	138
PF3D7_1114700	5439	18987	3099	2339	1	198
PF3D7_1003600	1033	23393	350	683	0	38
PF3D7_0401900	16489	7937	11825	4662	2	1768
PF3D7_1127400	1545	22881	935	605	5	61
PF3D7_0517900	4373	20053	2880	1493	0	114
PF3D7_1229500	8899	15527	4896	4002	1	43
PF3D7_1321700	13216	11210	9034	4182	0	425
PF3D7_1011500	4277	20149	1159	3117	1	25
PF3D7_1019800	19892	4534	17935	1956	1	137
PF3D7_0802500	14028	10398	9336	4692	0	436
PF3D7_1324500	9185	15241	5810	3375	0	357
PF3D7_0310300	17789	6637	13444	4345	0	285
PF3D7_1452500	2357	22069	768	1583	6	114
PF3D7_0629800	11395	13031	4895	6500	0	323
PF3D7_1334400	6633	17793	1911	4717	5	215
PF3D7_1333900	21093	3333	18695	2398	0	279
PF3D7_1032200	1690	22736	875	815	0	68
PF3D7_1201200	5161	19265	1052	3730	379	77
PF3D7_1238400	5849	18577	5007	838	4	76
PF3D7_1434700	622	23804	166	456	0	6
PF3D7_1018200	20388	4038	17924	2461	3	928
PF3D7_1320300	4050	20376	708	3342	0	246
PF3D7_1473700	14084	10342	10211	3868	5	652
PF3D7_1433600	2228	22198	271	1957	0	33
PF3D7_1303400	12917	11509	9202	3714	1	677
PF3D7_0510300	4165	20261	3956	208	1	31
PF3D7_0616200	4430	19996	2297	2132	1	133
PF3D7_0918700	10830	13596	5264	5562	4	811
PF3D7_1228800	22745	1681	21436	1309	0	553
PF3D7_0629100	7098	17328	2807	4291	0	111
PF3D7_0730100	6711	17715	1750	4961	0	483
PF3D7_0525200	22217	2209	20759	1456	2	456
PF3D7_0729700	8845	15581	2054	6791	0	428
PF3D7_1319000	18123	6303	13855	4267	1	856
PF3D7_1308100	2580	21846	2197	383	0	46
PF3D7_1134300	10143	14283	4449	5694	0	1691
PF3D7_1128400	6451	17975	2709	3739	3	61
PF3D7_1325000	1483	22943	1120	363	0	9
PF3D7_1470300	788	23638	122	615	51	69
PF3D7_0507500	9173	15253	4579	4593	1	251
PF3D7_0506200	4412	20014	2431	1977	4	120
PF3D7_1354600	3216	21210	1427	1789	0	123
PF3D7_1341700	1117	23309	498	619	0	37
PF3D7_0812700	2270	22156	351	1919	0	77
PF3D7_1215200	2569	21857	1191	1377	1	47
PF3D7_1239700	7081	17345	4351	2730	0	217
PF3D7_1021300	5705	18721	610	5095	0	154
PF3D7_0113200	9644	14782	2877	6766	1	1861
PF3D7_0507800	23157	1269	22342	815	0	515
PF3D7_1410400	9462	14964	3121	6340	1	744
PF3D7_1344500	3468	20958	2824	643	1	89
PF3D7_1415800	2690	21736	1340	1340	10	86
PF3D7_1237500	12806	11620	7362	5437	7	1079
PF3D7_1037500	5252	19174	3378	1873	1	43
PF3D7_1333700	913	23513	368	545	0	41
PF3D7_0609300	12963	11463	8484	4478	1	470
PF3D7_0708300	7528	16898	3927	3601	0	68
PF3D7_1456100	2109	22317	442	1650	17	223
PF3D7_1112500	6195	18231	1848	4346	1	149
PF3D7_0219300	1701	22725	774	927	0	63
PF3D7_0416600	3676	20750	767	2909	0	48
PF3D7_0102500	13105	11321	8110	4991	4	1101
PF3D7_0907600	6829	17597	3144	3685	0	577
PF3D7_0723800	24363	63	24306	57	0	25
PF3D7_0917100	8809	15617	3446	5359	4	690
PF3D7_1308500	1952	22474	109	1842	1	169
PF3D7_1447800	17558	6868	13315	4242	1	1144
PF3D7_1409400	4819	19607	1540	3279	0	16
PF3D7_0729400	18425	6001	17515	910	0	233
PF3D7_1038700	5472	18954	1800	3672	0	90
PF3D7_0316800	543	23883	248	293	2	4
PF3D7_0706500	9766	14660	3235	6531	0	1070
PF3D7_1232000	5401	19025	2982	2419	0	161
PF3D7_0211200	621	23805	216	405	0	30
PF3D7_1420400	7432	16994	3207	4224	1	332
PF3D7_1122700	728	23698	96	632	0	78
PF3D7_1464400	2112	22314	1699	408	5	59
PF3D7_1250100	19807	4619	16520	3287	0	1270
PF3D7_1429900	9553	14873	3290	6263	0	859
PF3D7_1232200	4081	20345	3054	1027	0	37
PF3D7_0605300	7844	16582	6396	1448	0	6
PF3D7_0424800	4345	20081	982	3288	75	129
PF3D7_1117700	831	23595	535	296	0	3
PF3D7_1205600	3548	20878	1425	2121	2	89
PF3D7_0809600	14033	10393	6438	7594	1	3284
PF3D7_0805400	889	23537	299	590	0	50
PF3D7_1108400	1601	22825	738	863	0	12
PF3D7_0728800	4122	20304	1689	2433	0	272
PF3D7_0915200	2345	22081	708	1637	0	183
PF3D7_1228100	2736	21690	565	2171	0	167
PF3D7_1121000	5870	18556	2135	3735	0	32
PF3D7_1242400	3522	20904	1588	1934	0	202
PF3D7_1220500	4016	20410	378	3638	0	110
PF3D7_0811100	1433	22993	697	736	0	48
PF3D7_1140300	2252	22174	741	1511	0	107
PF3D7_1422800	6382	18044	1272	5110	0	190
PF3D7_1251800	6586	17840	2890	3696	0	456
PF3D7_0603800	12898	11528	7974	4924	0	613
PF3D7_0305600	4739	19687	1992	2747	0	257
PF3D7_1140500	9772	14654	4705	5067	0	787
PF3D7_1431900	5908	18518	2046	3860	2	323
PF3D7_0212300	7580	16846	7210	370	0	7
PF3D7_0408500	10079	14347	8226	1851	2	167
PF3D7_1201700	1971	22455	98	1873	0	72
PF3D7_0911900	4614	19812	1484	3130	0	247
PF3D7_1473900	10366	14060	5949	4417	0	856
PF3D7_1108700	3468	20958	1692	1776	0	120
PF3D7_0416300	8964	15462	6145	2819	0	300
PF3D7_1143800	9867	14559	4931	4934	2	503
PF3D7_0302700	572	23854	99	473	0	33
PF3D7_1461600	8927	15499	4236	4691	0	332
PF3D7_1222800	1917	22509	1123	794	0	53
PF3D7_0629300	22525	1901	21999	519	7	73
PF3D7_0602200	3105	21321	2159	946	0	58
PF3D7_1204000	3301	21125	2359	942	0	82
PF3D7_1241100	9860	14566	6638	3222	0	62
PF3D7_1126600	9655	14771	3716	5939	0	441
PF3D7_1314500	2219	22207	409	1810	0	91
PF3D7_0310900	4264	20162	1294	2969	1	285
PF3D7_1419800	3466	20960	1289	2177	0	120
PF3D7_0723900	7767	16659	2463	5304	0	682
PF3D7_0208600	4052	20374	1983	2069	0	241
PF3D7_1126200	1884	22542	1744	139	1	15
PF3D7_0813300	2638	21788	1781	857	0	55
PF3D7_1112200	3978	20448	3497	481	0	53
PF3D7_1224100	1282	23144	494	788	0	14
PF3D7_0623900	5350	19076	4244	1106	0	59
PF3D7_0306100	4664	19762	712	3949	3	448
PF3D7_0827700	10425	14001	3336	7089	0	1184
PF3D7_0407700	21719	2707	19014	2705	0	247
PF3D7_0701900	19372	5054	16305	2693	374	1227
PF3D7_0630300	14338	10088	9170	5168	0	648
PF3D7_1136100	4232	20194	1742	2490	0	361
PF3D7_1425400	7979	16447	1895	6083	1	887
PF3D7_1212800	1946	22480	688	1231	27	103
PF3D7_1106000	4431	19995	673	3758	0	60
PF3D7_1401300	5069	19357	2233	2836	0	140
PF3D7_1206400	2040	22386	1297	742	1	120
PF3D7_1146300	5246	19180	2016	3230	0	123
PF3D7_1444500	8805	15621	3314	5491	0	756
PF3D7_0516600	14173	10253	10060	4113	0	814
PF3D7_1250000	1632	22794	953	674	5	62
PF3D7_1366200	775	23651	299	471	5	44
PF3D7_0713600	10015	14411	2414	7600	1	784
PF3D7_1359600	16206	8220	12533	3673	0	1425
PF3D7_0924300	2562	21864	1211	1333	18	195
PF3D7_1306900	2548	21878	390	2158	0	205
PF3D7_1250600	4911	19515	2287	2624	0	282
PF3D7_1149300	4945	19481	1980	2965	0	233
PF3D7_1109400	5589	18837	2717	2871	1	182
PF3D7_1338900	9698	14728	3855	5842	1	580
PF3D7_0416200	3406	21020	1613	1793	0	50
PF3D7_0934100	11385	13041	7087	4297	1	415
PF3D7_0217500	7437	16989	6306	1131	0	21
PF3D7_1122800	13140	11286	8406	4734	0	482
PF3D7_1352800	6929	17497	3079	3849	1	271
PF3D7_1131700	1533	22893	1139	394	0	73
PF3D7_1038300	4039	20387	1168	2871	0	114
PF3D7_0110400	1536	22890	758	778	0	54
PF3D7_1345700	4366	20060	3173	1192	1	134
PF3D7_1133400	11744	12682	5724	6020	0	1860
PF3D7_1028000	9552	14874	6023	3529	0	154
PF3D7_1131800	15978	8448	11616	4362	0	1368
PF3D7_1315000	1862	22564	1444	418	0	56
PF3D7_1361900	2306	22120	2068	238	0	12
PF3D7_1364500	5911	18515	4238	1673	0	244
PF3D7_0521100	11028	13398	8017	3010	1	461
PF3D7_1430300	19359	5067	16210	3149	0	567
PF3D7_1243200	1397	23029	514	883	0	42
PF3D7_1466800	9955	14471	5650	4305	0	161
PF3D7_0621500	3919	20507	2866	1053	0	95
PF3D7_0303600	741	23685	125	616	0	75
PF3D7_1034500	11039	13387	5953	5086	0	1453
PF3D7_0515200	2187	22239	1803	383	1	60
PF3D7_0705000	10109	14317	5270	4839	0	372
PF3D7_0507000	2871	21555	2465	404	2	25
PF3D7_0806000	22772	1654	21989	783	0	190
PF3D7_1210700	12796	11630	7744	5052	0	295
PF3D7_1337200	10383	14043	5397	4986	0	844
PF3D7_1311100	6234	18192	2936	3297	1	265
PF3D7_0627600	2474	21952	456	2017	1	185
PF3D7_0819500	3724	20702	1435	2287	2	46
PF3D7_1412200	5945	18481	2148	3797	0	503
PF3D7_0422300	5264	19162	4213	1051	0	6
PF3D7_1320000	11111	13315	5191	5918	2	677
PF3D7_1120200	434	23992	258	176	0	13
PF3D7_1443100	5862	18564	467	5391	4	297
PF3D7_1252700	5611	18815	1828	3783	0	144
PF3D7_1312800	11572	12854	6213	5356	3	1811
PF3D7_1430500	5058	19368	3378	1680	0	112
PF3D7_1201400	14042	10384	8479	5562	1	1910
PF3D7_1134200	10137	14289	4942	5195	0	1198
PF3D7_0525900	2622	21804	1236	1384	2	155
PF3D7_0109700	4059	20367	754	3305	0	37
PF3D7_1237900	20111	4315	16871	3240	0	374
PF3D7_1337300	11400	13026	8398	3000	2	303
PF3D7_0605200	3276	21150	2338	937	1	45
PF3D7_1448000	10878	13548	5941	4931	6	616
PF3D7_1306100	1432	22994	545	887	0	72
PF3D7_0105500	2096	22330	1176	919	1	111
PF3D7_0730500	11168	13258	4760	6408	0	1862
PF3D7_0418600	12567	11859	6541	5994	32	1060
PF3D7_1248700	16053	8373	11653	4400	0	2000
PF3D7_0808000	15748	8678	10923	4818	7	524
PF3D7_1224700	9080	15346	4600	4480	0	650
PF3D7_1228300	18804	5622	16395	2408	1	121
PF3D7_1010600	3625	20801	1527	2098	0	11
PF3D7_0902400	6786	17640	4481	2287	18	174
PF3D7_1335900	11160	13266	5859	5297	4	2764
PF3D7_1201600	4090	20336	165	3925	0	74
PF3D7_1434100	5687	18739	2069	3614	4	213
PF3D7_0304000	8650	15776	5683	2966	1	331
PF3D7_1214100	14743	9683	11615	3128	0	387
PF3D7_1237000	6421	18005	2429	3992	0	324
PF3D7_0513100	2474	21952	1783	691	0	26
PF3D7_1320700	15652	8774	5872	5434	4346	1158
PF3D7_0804800	857	23569	343	514	0	40
PF3D7_0503200	9068	15358	1782	7286	0	682
PF3D7_0914100	15143	9283	8217	6926	0	1125
PF3D7_0804000	10519	13907	5726	4793	0	363
PF3D7_0826200	6684	17742	844	5839	1	367
PF3D7_0602400	6905	17521	4988	1917	0	176
PF3D7_0803000	5279	19147	711	4568	0	426
PF3D7_1343400	9283	15143	4820	4463	0	587
PF3D7_1419900	2155	22271	256	1899	0	127
PF3D7_1145700	7918	16508	1955	5963	0	352
PF3D7_0812400	6124	18302	5663	461	0	9
PF3D7_1328200	11691	12735	6429	5261	1	1390
PF3D7_1426400	3125	21301	2810	315	0	46
PF3D7_1337000	8677	15749	5082	3592	3	384
PF3D7_1432000	6044	18382	3603	2441	0	143
PF3D7_0723700	17171	7255	13890	3274	7	443
PF3D7_1214900	1866	22560	449	1417	0	33
PF3D7_1207500	1391	23035	1130	260	1	37
PF3D7_1467200	9110	15316	5903	3207	0	328
PF3D7_1457600	5366	19060	318	5048	0	408
PF3D7_1110100	6979	17447	2572	4407	0	537
PF3D7_0105800	5039	19387	1567	3472	0	268
PF3D7_0711100	3846	20580	112	3734	0	68
PF3D7_0209600	8160	16266	5930	2230	0	228
PF3D7_1336200	5728	18698	3748	1976	4	154
PF3D7_1439600	503	23923	158	344	1	31
PF3D7_1426900	442	23984	123	319	0	12
PF3D7_1112600	7222	17204	1844	5378	0	361
PF3D7_0622800	10463	13963	5432	5031	0	509
PF3D7_0421900	2363	22063	152	2211	0	36
PF3D7_1317800	1680	22746	1235	445	0	13
PF3D7_0922300	2773	21653	2039	734	0	82
PF3D7_1206100	4602	19824	3534	1068	0	37
PF3D7_1437000	6746	17680	2057	4689	0	197
PF3D7_0518800	2077	22349	1044	1033	0	72
PF3D7_0935200	14094	10332	10049	4045	0	564
PF3D7_1331200	5385	19041	1251	4134	0	194
PF3D7_1242600	5776	18650	2060	3711	5	364
PF3D7_1427200	1195	23231	657	538	0	56
PF3D7_1472200	19074	5352	15058	4016	0	737
PF3D7_0817000	3651	20775	1697	1953	1	80
PF3D7_0508600	6637	17789	2197	4436	4	235
PF3D7_0504000	17147	7279	12924	4222	1	1120
PF3D7_1018100	5264	19162	2552	2712	0	177
PF3D7_1248200	4549	19877	3270	1279	0	141
PF3D7_0822700	15701	8725	12070	3631	0	957
PF3D7_1331600	1556	22870	1022	532	2	44
PF3D7_1218600	6669	17757	4384	2285	0	120
PF3D7_0815800	13729	10697	8212	5515	2	1118
PF3D7_0731700	2854	21572	570	2026	258	81
PF3D7_0916500	3728	20698	1251	2477	0	122
PF3D7_0509300	1312	23114	505	805	2	34
PF3D7_0709500	3176	21250	2069	1107	0	29
PF3D7_0711500	9222	15204	2323	6898	1	273
PF3D7_1251700	4221	20205	1107	3114	0	261
PF3D7_1353700	673	23753	386	287	0	43
PF3D7_1445700	1844	22582	837	1007	0	76
PF3D7_1141400	3146	21280	509	2637	0	167
PF3D7_0908100	4811	19615	1580	3228	3	272
PF3D7_0803700	4210	20216	2092	2118	0	9
PF3D7_1243000	1521	22905	287	1234	0	108
PF3D7_1359800	1620	22806	450	1167	3	59
PF3D7_1333200	10777	13649	5530	5246	1	1218
PF3D7_1363400	7742	16684	1626	6116	0	570
PF3D7_1124400	1525	22901	303	1222	0	37
PF3D7_1323500	6668	17758	1622	5044	2	248
PF3D7_0903200	2111	22315	868	1243	0	10
PF3D7_1420000	9586	14840	5282	4301	3	231
PF3D7_1461400	4568	19858	742	3825	1	43
PF3D7_1105800	1652	22774	714	938	0	21
PF3D7_1035500	12190	12236	8489	3701	0	140
PF3D7_0830500	10038	14388	4293	5745	0	584
PF3D7_0303700	4439	19987	1457	2982	0	198
PF3D7_0509000	2206	22220	1782	424	0	43
PF3D7_1305300	14862	9564	9930	4932	0	1830
PF3D7_1038400	24410	16	24410	0	0	0
PF3D7_0504400	9494	14932	5423	4070	1	273
PF3D7_1024100	16562	7864	12874	3688	0	391
PF3D7_0515900	915	23511	288	627	0	31
PF3D7_1208700	2488	21938	445	2043	0	191
PF3D7_1018700	5606	18820	918	4684	4	445
PF3D7_1457000	4414	20012	3191	1186	37	64
PF3D7_0322300	6543	17883	1123	5420	0	182
PF3D7_1311000	2445	21981	2269	176	0	22
PF3D7_0904100	10467	13959	4547	5919	1	929
PF3D7_1357600	4037	20389	3731	306	0	28
PF3D7_0418000	20576	3850	16768	3808	0	1721
PF3D7_0309600	1162	23264	144	1018	0	20
PF3D7_0602800	8864	15562	730	8134	0	520
PF3D7_0708400	8084	16342	3639	4445	0	98
PF3D7_0603500	2256	22170	1502	754	0	45
PF3D7_1117300	567	23859	153	407	7	21
PF3D7_0515700	2205	22221	712	1493	0	43
PF3D7_0729800	1120	23306	908	212	0	18
PF3D7_1114600	1961	22465	137	1824	0	188
PF3D7_0914900	6712	17714	1078	5633	1	442
PF3D7_1134700	9905	14521	6512	3393	0	288
PF3D7_1019000	19218	5208	16522	2696	0	1024
PF3D7_1316700	5318	19108	2936	2375	7	234
PF3D7_0609500	7590	16836	4984	2606	0	224
PF3D7_0929400	11092	13334	6676	4416	0	467
PF3D7_0401800	21289	3137	18888	2401	0	334
PF3D7_1024800	20070	4356	18022	2048	0	471
PF3D7_1213900	10841	13585	6709	4132	0	521
PF3D7_0102800	4018	20408	787	3231	0	253
PF3D7_1215800	3634	20792	1192	2442	0	211
PF3D7_0513300	3550	20876	957	2593	0	44
PF3D7_0512800	22478	1948	21919	559	0	256
PF3D7_0910500	9556	14870	3300	6256	0	1351
PF3D7_1403900	1138	23288	315	823	0	49
PF3D7_1245000	2509	21917	390	2119	0	208
PF3D7_0726800	576	23850	283	292	1	26
PF3D7_1457800	5534	18892	1266	4263	5	522
PF3D7_1326700	2072	22354	538	1534	0	135
PF3D7_0936600	4324	20102	1562	2762	0	80
PF3D7_1229100	17186	7240	14393	2793	0	1236
PF3D7_0628200	20389	4037	18053	2336	0	528
PF3D7_0317600	2737	21689	1398	1339	0	14
PF3D7_0727600	8753	15673	2409	6344	0	1036
PF3D7_0302200	24406	20	23252	1154	0	4
PF3D7_0721400	2052	22374	831	1221	0	43
PF3D7_0824200	8900	15526	3634	5266	0	500
PF3D7_0529700	19918	4508	19018	900	0	158
PF3D7_1363600	1475	22951	279	1196	0	148
PF3D7_0812500	7428	16998	3904	3524	0	377
PF3D7_1307200	2112	22314	923	1189	0	179
PF3D7_1413300	3368	21058	3214	149	5	28
PF3D7_0819400	4984	19442	463	4521	0	258
PF3D7_0316900	6469	17957	1042	5427	0	214
PF3D7_0204300	6930	17496	1409	5512	9	528
PF3D7_0526800	3307	21119	904	2403	0	169
PF3D7_0820800	10825	13601	5939	4886	0	284
PF3D7_1322500	6035	18391	3409	2626	0	242
PF3D7_0615100	6773	17653	880	5892	1	180
PF3D7_1144100	1968	22458	1552	416	0	14
PF3D7_0914800	3974	20452	131	3843	0	19
PF3D7_0811800	7201	17225	2401	4800	0	193
PF3D7_0515800	2344	22082	28	2316	0	18
PF3D7_0906200	4722	19704	1641	3081	0	265
PF3D7_1356200	1176	23250	68	1108	0	23
PF3D7_0611500	3680	20746	1895	1785	0	54
PF3D7_0806300	13030	11396	8304	4726	0	262
PF3D7_1147200	14716	9710	10211	4503	2	1784
PF3D7_1117400	4412	20014	1368	3044	0	206
PF3D7_1478600	24160	266	23991	169	0	77
PF3D7_1225300	3868	20558	2523	1333	12	148
PF3D7_0311400	16654	7772	10573	6080	1	1399
PF3D7_0724600	10755	13671	4543	6210	2	1050
PF3D7_0913600	11453	12973	6560	4893	0	932
PF3D7_0510100	15319	9107	10208	5110	1	1524
PF3D7_0511000	1233	23193	1101	132	0	18
PF3D7_1450400	9515	14911	2178	7337	0	1514
PF3D7_0514700	20924	3502	18906	2018	0	415
PF3D7_1448400	5394	19032	2694	2700	0	222
PF3D7_1419500	1242	23184	365	877	0	86
PF3D7_0702300	18864	5562	17894	970	0	104
PF3D7_0622100	8492	15934	3059	5428	5	731
PF3D7_1133100	15928	8498	13808	2120	0	300
PF3D7_0929900	1908	22518	1353	555	0	62
PF3D7_0508800	5705	18721	291	5414	0	67
PF3D7_1422900	5787	18639	311	5476	0	115
PF3D7_1469400	5946	18480	1724	4217	5	322
PF3D7_1244400	10340	14086	4039	6301	0	1568
PF3D7_1224200	4923	19503	2842	2079	2	144
PF3D7_1457400	13758	10668	5453	8305	0	2377
PF3D7_0503000	7389	17037	5754	1635	0	80
PF3D7_1343500	4716	19710	3941	775	0	114
PF3D7_0921900	5182	19244	202	4980	0	230
PF3D7_1231700	2598	21828	290	2308	0	22
PF3D7_0923200	6606	17820	5301	1305	0	213
PF3D7_0905200	11746	12680	7844	3900	2	942
PF3D7_1416000	3097	21329	1478	1595	24	86
PF3D7_0220300	3925	20501	1520	2399	6	33
PF3D7_1311300	4321	20105	2458	1863	0	62
PF3D7_1237200	23704	722	23223	481	0	192
PF3D7_1227500	13510	10916	5478	7687	345	2664
PF3D7_1143100	15598	8828	11389	4209	0	1413
PF3D7_1322900	4455	19971	3545	910	0	52
PF3D7_0204000	6519	17907	2043	4470	6	388
PF3D7_1111800	1830	22596	554	1276	0	119
PF3D7_1140600	10569	13857	4780	5787	2	1222
PF3D7_1129000	3715	20711	616	3084	15	79
PF3D7_1405400	8343	16083	3383	4959	1	721
PF3D7_1420600	6740	17686	1618	5061	61	332
PF3D7_0608300	13745	10681	6987	6758	0	1478
PF3D7_0625800	3745	20681	1150	2590	5	355
PF3D7_1468900	5747	18679	1894	3852	1	456
PF3D7_1417900	2013	22413	705	1308	0	56
PF3D7_0802600	21666	2760	19438	2228	0	642
PF3D7_0602000	8042	16384	3057	4985	0	453
PF3D7_0918400	11355	13071	6562	4793	0	444
PF3D7_1251200	6769	17657	2065	4704	0	208
PF3D7_1352100	6469	17957	1563	4906	0	521
PF3D7_0218200	12461	11965	2343	10116	2	447
PF3D7_0618900	4055	20371	725	3329	1	274
PF3D7_0207800	12743	11683	10430	2312	1	379
PF3D7_0520200	6097	18329	2959	3137	1	326
PF3D7_1122600	7684	16742	3400	4284	0	583
PF3D7_0623100	11180	13246	7197	3979	4	395
PF3D7_1025100	16763	7663	13794	2960	9	143
PF3D7_1350300	6477	17949	4786	1688	3	188
PF3D7_1235000	3452	20974	1761	1691	0	126
PF3D7_0935300	1151	23275	847	304	0	17
PF3D7_1313400	5045	19381	646	4399	0	443
PF3D7_1223400	9168	15258	3844	5324	0	227
PF3D7_1443500	4019	20407	1511	2508	0	334
PF3D7_1038900	1727	22699	374	1310	43	37
PF3D7_1218300	5192	19234	355	4837	0	149
PF3D7_0921400	2250	22176	896	1354	0	87
PF3D7_0514900	3613	20813	194	3419	0	216
PF3D7_1135800	1747	22679	296	1451	0	105
PF3D7_0416000	4776	19650	2643	2123	10	145
PF3D7_0628800	12163	12263	9981	2181	1	160
PF3D7_0314800	5215	19211	1126	4088	1	438
PF3D7_0406900	13937	10489	8914	5023	0	1139
PF3D7_0405300	22500	1926	19946	2554	0	1333
PF3D7_1303100	6724	17702	555	6168	1	194
PF3D7_0620700	4780	19646	357	4423	0	170
PF3D7_0805900	2186	22240	1172	1014	0	78
PF3D7_1425700	3003	21423	1494	1509	0	103
PF3D7_1033600	9682	14744	5778	3902	2	401
PF3D7_0827000	12425	12001	7859	4448	118	1452
PF3D7_0713400	6937	17489	1285	5652	0	33
PF3D7_0806400	3135	21291	2909	226	0	42
PF3D7_1209000	1069	23357	365	704	0	76
PF3D7_1447200	8413	16013	3307	5106	0	306
PF3D7_0716000	12970	11456	6881	6089	0	678
PF3D7_0216700	15877	8549	10912	4964	1	448
PF3D7_0519200	5321	19105	2300	3021	0	17
PF3D7_0723600	2507	21919	1745	762	0	57
PF3D7_0901900	5330	19096	1420	3898	12	165
PF3D7_1026900	1999	22427	951	1048	0	64
PF3D7_1437500	3047	21379	218	2829	0	108
PF3D7_0930300	22493	1933	21679	814	0	1276
PF3D7_1442100	964	23462	689	275	0	27
PF3D7_1252300	951	23475	76	875	0	7
PF3D7_1417200	15849	8577	10475	5358	16	1929
PF3D7_1250200	7936	16490	3855	4081	0	284
PF3D7_0807800	8076	16350	3106	4970	0	102
PF3D7_0714200	10586	13840	5306	5275	5	663
PF3D7_1204400	3103	21323	1269	1834	0	167
PF3D7_1344000	8334	16092	4024	4310	0	553
PF3D7_0810000	2343	22083	810	1533	0	7
PF3D7_0911000	3472	20954	1767	1704	1	38
PF3D7_1106800	18018	6408	13963	4055	0	1168
PF3D7_0726050	3669	20757	2083	1576	10	115
PF3D7_1137900	6448	17978	1715	4730	3	841
PF3D7_1215300	1446	22980	758	685	3	7
PF3D7_0809200	9819	14607	2184	7634	1	1439
PF3D7_1107500	1625	22801	982	643	0	62
PF3D7_0308800	2452	21974	1667	785	0	46
PF3D7_0202800	2725	21701	2259	466	0	51
PF3D7_1036800	5888	18538	2169	3682	37	108
PF3D7_0922600	7687	16739	2480	5207	0	71
PF3D7_0910000	9174	15252	2446	6728	0	1065
PF3D7_0102900	5494	18932	1390	4104	0	217
PF3D7_1234400	6278	18148	3904	2374	0	214
PF3D7_1402900	18544	5882	14791	3753	0	491
PF3D7_1338500	6566	17860	2574	3992	0	356
PF3D7_1327700	1206	23220	685	519	2	57
PF3D7_1245600	16313	8113	12508	3805	0	2039
PF3D7_1107000	1695	22731	1069	626	0	49
PF3D7_0813100	4487	19939	1483	3004	0	285
PF3D7_0208700	1579	22847	1046	533	0	39
PF3D7_1309200	6982	17444	3119	3862	1	370
PF3D7_0623300	7589	16837	2836	4753	0	54
PF3D7_0716800	5301	19125	1681	3620	0	14
PF3D7_0105200	2593	21833	1108	1485	0	153
PF3D7_1470000	994	23432	648	346	0	36
PF3D7_1302900	8968	15458	1348	7620	0	814
PF3D7_0722800	5214	19212	4358	856	0	145
PF3D7_1366100	824	23602	450	369	5	20
PF3D7_1470950	736	23690	202	477	57	48
PF3D7_0616100	722	23704	188	534	0	66
PF3D7_0705500	13596	10830	8534	5062	0	1612
PF3D7_1472700	13358	11068	10159	3198	1	323
PF3D7_1145400	7595	16831	3907	3687	1	143
PF3D7_1120600	22756	1670	22112	644	0	493
PF3D7_1226400	6748	17678	677	6002	69	353
PF3D7_0805100	4562	19864	3547	1015	0	124
PF3D7_1142000	4319	20107	325	3994	0	436
PF3D7_1201900	3201	21225	436	2765	0	60
PF3D7_1451900	8017	16409	2853	5161	3	583
PF3D7_0613100	417	24009	214	203	0	19
PF3D7_0609900	15961	8465	12831	3130	0	476
PF3D7_0920400	16223	8203	13434	2788	1	833
PF3D7_1329800	20155	4271	15789	4366	0	489
PF3D7_1417500	2542	21884	1682	860	0	93
PF3D7_1007200	11140	13286	9464	1676	0	100
PF3D7_0512000	2663	21763	2390	273	0	10
PF3D7_1465200	2854	21572	1948	902	4	152
PF3D7_0414100	13943	10483	8580	5362	1	684
PF3D7_0810900	1626	22800	1367	259	0	20
PF3D7_0726500	16976	7450	10994	5981	1	1347
PF3D7_1408200	16860	7566	13102	3757	1	1184
PF3D7_0414400	4216	20210	614	3590	12	153
PF3D7_1339500	1562	22864	1152	409	1	21
PF3D7_1402200	1337	23089	442	895	0	65
PF3D7_0319000	10953	13473	6074	4879	0	366
PF3D7_1447000	2986	21440	1738	1248	0	11
PF3D7_1429500	8718	15708	4322	4394	2	390
PF3D7_1023500	602	23824	177	425	0	14
PF3D7_0210100	2455	21971	2329	125	1	12
PF3D7_0611300	1146	23280	751	395	0	41
PF3D7_1135000	2042	22384	1614	428	0	40
PF3D7_1344600	2709	21717	1260	1449	0	148
PF3D7_0406700	6207	18219	3169	3035	3	323
PF3D7_1031300	14972	9454	10624	4348	0	548
PF3D7_0717900	5993	18433	1662	4331	0	89
PF3D7_0405600	1603	22823	475	1128	0	73
PF3D7_0814000	2482	21944	1152	1330	0	32
PF3D7_1418900	6629	17797	3589	3040	0	308
PF3D7_1236500	1887	22539	109	1778	0	120
PF3D7_1110500	4972	19454	1213	3759	0	321
PF3D7_0516900	2296	22130	1250	1046	0	22
PF3D7_0517800	5584	18842	4053	1531	0	99
PF3D7_1037200	5110	19316	1616	3489	5	245
PF3D7_1419400	13654	10772	6697	6957	0	1129
PF3D7_1031600	17337	7089	12700	4637	0	557
PF3D7_0319200	7090	17336	2230	4860	0	515
PF3D7_0525800	2721	21705	805	1916	0	46
PF3D7_0816100	1640	22786	1048	592	0	42
PF3D7_0603000	10510	13916	4654	5856	0	266
PF3D7_1427600	8131	16295	6721	1410	0	70
PF3D7_1407400	3210	21216	588	2617	5	126
PF3D7_1236300	2507	21919	921	1585	1	164
PF3D7_0630600	8779	15647	2283	6495	1	186
PF3D7_1018000	8010	16416	1542	6468	0	317
PF3D7_0604600	8182	16244	3076	5105	1	861
PF3D7_0624100	2689	21737	1785	889	15	77
PF3D7_0713800	2344	22082	485	1859	0	40
PF3D7_1130700	13076	11350	9456	3619	1	1189
PF3D7_1252500	7769	16657	2874	4122	773	209
PF3D7_1036600	2259	22167	1860	399	0	39
PF3D7_0720600	5196	19230	3624	1572	0	34
PF3D7_0811500	7368	17058	3711	3657	0	278
PF3D7_1036500	9770	14656	6724	2990	56	241
PF3D7_1430700	3306	21120	1989	1316	1	121
PF3D7_0923500	11987	12439	10819	1168	0	34
PF3D7_0315000	1721	22705	1146	575	0	31
PF3D7_1422200	848	23578	130	718	0	62
PF3D7_1457200	1517	22909	179	1338	0	19
PF3D7_1133000	4352	20074	428	3923	1	18
PF3D7_1422000	1356	23070	1129	227	0	9
PF3D7_1024900	18245	6181	15866	2379	0	697
PF3D7_0727700	7740	16686	1519	6221	0	879
PF3D7_1146600	14689	9737	11467	3221	1	771
PF3D7_0410500	4002	20424	1251	2751	0	42
PF3D7_1021700	23226	1200	21248	1976	2	758
PF3D7_1435000	4565	19861	3172	1393	0	169
PF3D7_1233200	14134	10292	7239	6894	1	1934
PF3D7_1439200	8332	16094	4191	4141	0	631
PF3D7_0719300	7387	17039	4018	3369	0	307
PF3D7_1221000	22323	2103	20718	1605	0	569
PF3D7_1141700	2471	21955	1050	1411	10	151
PF3D7_0511900	4396	20030	1218	3177	1	247
PF3D7_1369200	11772	12654	6134	5638	0	1995
PF3D7_1336700	4705	19721	441	4264	0	68
PF3D7_1216200	4568	19858	1454	3114	0	84
PF3D7_1476500	3562	20864	291	3270	1	273
PF3D7_0612300	749	23677	375	374	0	30
PF3D7_0315800	2621	21805	434	2187	0	175
PF3D7_0802000	10395	14031	5281	5114	0	356
PF3D7_1108300	1923	22503	1719	204	0	28
PF3D7_1419000	11106	13320	4815	6285	6	584
PF3D7_1316400	1420	23006	949	459	12	41
PF3D7_0420600	15226	9200	10516	4710	0	292
PF3D7_1115800	2956	21470	534	2422	0	227
PF3D7_0619500	9052	15374	2592	6460	0	722
PF3D7_1121300	10256	14170	5545	4710	1	460
PF3D7_1330000	1298	23128	619	679	0	64
PF3D7_0717200	18817	5609	17763	1054	0	70
PF3D7_1341300	1956	22470	1626	330	0	25
PF3D7_1421200	5565	18861	1489	4076	0	16
PF3D7_0106200	2843	21583	332	2511	0	107
PF3D7_0513500	693	23733	533	160	0	10
PF3D7_0422600	3477	20949	1186	2291	0	24
PF3D7_1113600	8353	16073	3518	4835	0	263
PF3D7_1345400	9808	14618	4809	4998	1	1137
PF3D7_1003200	5675	18751	517	5158	0	38
PF3D7_1139500	4792	19634	2556	2236	0	192
PF3D7_1302100	2744	21682	1674	1070	0	36
PF3D7_1354300	10104	14322	5495	4609	0	453
PF3D7_1433400	19693	4733	15140	4553	0	1878
PF3D7_0210700	3219	21207	247	2972	0	74
PF3D7_0308300	5466	18960	468	4998	0	207
PF3D7_0907000	1881	22545	1118	762	1	34
PF3D7_1124200	3472	20954	1871	1600	1	149
PF3D7_0102300	1806	22620	857	948	1	44
PF3D7_0304500	1600	22826	1258	342	0	23
PF3D7_0103100	15292	9134	10146	5136	10	1146
PF3D7_0114000	20885	3541	18785	2083	17	246
PF3D7_1037700	896	23530	649	247	0	8
PF3D7_1011300	8075	16351	6979	1096	0	164
PF3D7_1449600	5828	18598	1302	4526	0	323
PF3D7_1221600	4800	19626	1236	3564	0	251
PF3D7_0914500	10895	13531	4045	6850	0	1890
PF3D7_1139200	3244	21182	1805	1439	0	164
PF3D7_0424600	6553	17873	1632	4920	1	125
PF3D7_0908300	3738	20688	2844	894	0	79
PF3D7_0525400	2805	21621	606	2192	7	195
PF3D7_1423600	5270	19156	4742	528	0	15
PF3D7_0522300	3314	21112	1791	1523	0	67
PF3D7_1137600	5979	18447	585	5394	0	540
PF3D7_1431800	5427	18999	1973	3432	22	439
PF3D7_0114750	683	23743	522	153	8	16
PF3D7_0936800	3444	20982	1617	1822	5	129
PF3D7_1310000	1250	23176	544	706	0	89
PF3D7_0909200	7811	16615	3822	3988	1	170
PF3D7_0718100	12208	12218	7852	4356	0	724
PF3D7_1122900	17469	6957	13937	3532	0	972
PF3D7_1440000	11846	12580	6325	5521	0	1662
PF3D7_0804300	22442	1984	20745	1696	1	250
PF3D7_1216600	8136	16290	1307	6828	1	798
PF3D7_0513400	5220	19206	2664	2555	1	49
PF3D7_0518200	485	23941	102	383	0	28
PF3D7_1433000	627	23799	478	147	2	11
PF3D7_0318700	2198	22228	76	2122	0	68
PF3D7_1453300	449	23977	251	198	0	8
PF3D7_1226000	6090	18336	2610	3480	0	304
PF3D7_0721600	2769	21657	282	2487	0	15
PF3D7_0816500	1370	23056	799	571	0	17
PF3D7_0715000	8617	15809	6037	2580	0	89
PF3D7_1368300	3372	21054	2197	1171	4	105
PF3D7_1035800	23310	1116	22968	342	0	43
PF3D7_0509400	20594	3832	10141	4436	6017	1414
PF3D7_1440100	5172	19254	1504	3667	1	526
PF3D7_1347000	2424	22002	848	1574	2	92
PF3D7_0705400	7632	16794	6533	1097	2	69
PF3D7_1317200	17424	7002	14228	3194	2	1246
PF3D7_1346400	14429	9997	10099	4330	0	3002
PF3D7_0621200	1522	22904	994	525	3	30
PF3D7_0817200	12052	12374	6896	5154	2	393
PF3D7_1337900	2860	21566	121	2739	0	146
PF3D7_0706100	12608	11818	7879	4728	1	556
PF3D7_1479000	9353	15073	4199	5020	134	787
PF3D7_1445400	10152	14274	5282	4870	0	383
PF3D7_0212200	4824	19602	4468	355	1	62
PF3D7_1365500	3574	20852	2567	1007	0	105
PF3D7_0505000	23189	1237	22677	512	0	551
PF3D7_0422200	21294	3132	10867	10422	5	1872
PF3D7_1405500	3894	20532	536	3358	0	320
PF3D7_1318800	5367	19059	2776	2591	0	44
PF3D7_0202500	1240	23186	981	259	0	30
PF3D7_1251100	2083	22343	380	1703	0	109
PF3D7_0905000	2584	21842	1150	1427	7	140
PF3D7_1024200	878	23548	437	441	0	46
PF3D7_1104600	6672	17754	1895	4776	1	526
PF3D7_0909900	6944	17482	3042	3899	3	513
PF3D7_1446200	5933	18493	4127	1798	8	124
PF3D7_1402400	2907	21519	333	2574	0	297
PF3D7_0917300	3334	21092	1228	2106	0	47
PF3D7_0716200	13172	11254	9671	3501	0	472
PF3D7_0722500	4234	20192	2544	1690	0	93
PF3D7_0409200	4749	19677	3247	1501	1	104
PF3D7_1132800	2106	22320	415	1691	0	31
PF3D7_1314800	3829	20597	224	3604	1	76
PF3D7_0709700	6365	18061	1607	4758	0	66
PF3D7_1305900	3080	21346	1264	1805	11	251
PF3D7_0220200	1671	22755	742	929	0	22
PF3D7_1454700	4975	19451	4035	940	0	77
PF3D7_1330100	788	23638	117	671	0	50
PF3D7_0828100	7964	16462	2339	5625	0	930
PF3D7_0505600	1974	22452	381	1593	0	145
PF3D7_1025400	19723	4703	17273	2450	0	506
PF3D7_1351600	5661	18765	3741	1920	0	91
PF3D7_1404500	6170	18256	3907	2263	0	185
PF3D7_1402700	6650	17776	3009	3641	0	267
PF3D7_1321300	15793	8633	11268	4515	10	1782
PF3D7_1409000	9834	14592	6395	3439	0	330
PF3D7_1008400	3167	21259	1738	1429	0	15
PF3D7_0215700	8751	15675	6191	2560	0	110
PF3D7_1449800	936	23490	102	834	0	88
PF3D7_1442700	13604	10822	7983	5618	3	2139
PF3D7_1037400	7290	17136	1441	5848	1	862
PF3D7_1129700	724	23702	163	561	0	39
PF3D7_1209600	3555	20871	1231	2324	0	267
PF3D7_1206900	5559	18867	2687	2868	4	400
PF3D7_1335300	24410	16	24410	0	0	0
PF3D7_0414800	894	23532	288	598	8	95
PF3D7_1447900	13181	11245	8310	4869	2	383
PF3D7_1023100	22064	2362	20285	1778	1	400
PF3D7_0530400	12494	11932	6485	6008	1	1664
PF3D7_1222700	448	23978	249	199	0	21
PF3D7_1208100	14193	10233	8308	5884	1	2681
PF3D7_1455900	3554	20872	1658	1896	0	114
PF3D7_1107900	8483	15943	3393	5089	1	782
PF3D7_1362700	24336	90	24167	169	0	52
PF3D7_1462800	5796	18630	3256	2539	1	24
PF3D7_1135500	2007	22419	1048	943	16	122
PF3D7_1143200	3790	20636	861	2929	0	158
PF3D7_0619700	5458	18968	1002	4456	0	194
PF3D7_0711000	9632	14794	2733	6899	0	345
PF3D7_1419700	5462	18964	1863	3599	0	180
PF3D7_0609600	11278	13148	5366	5902	10	1170
PF3D7_1103500	8339	16087	5602	2736	1	199
PF3D7_1207800	12228	12198	8271	3953	4	877
PF3D7_1144700	4433	19993	3696	737	0	85
PF3D7_1463300	4077	20349	2519	1558	0	122
PF3D7_1308400	20208	4218	16508	3700	0	2170
PF3D7_0408300	4600	19826	2896	1703	1	140
PF3D7_1232800	3518	20908	1697	1820	1	45
PF3D7_0304800	7825	16601	1496	6329	0	749
PF3D7_0923100	2411	22015	535	1876	0	76
PF3D7_0728500	2272	22154	1497	775	0	81
PF3D7_1008000	19007	5419	14621	4386	0	1111
PF3D7_0629000	2785	21641	2474	311	0	38
PF3D7_0618500	1368	23058	664	704	0	28
PF3D7_0831000	3754	20672	1171	2581	2	283
PF3D7_1470800	6415	18011	2298	4117	0	370
PF3D7_0721900	1804	22622	1592	212	0	13
PF3D7_0913200	2464	21962	1034	1430	0	108
PF3D7_1001700	6100	18326	646	4858	596	115
PF3D7_0917600	8788	15638	5662	3126	0	211
PF3D7_1241300	4783	19643	795	3988	0	229
PF3D7_1369600	9575	14851	5079	4496	0	358
PF3D7_1139600	6691	17735	1041	5647	3	531
PF3D7_1116600	9209	15217	5998	3208	3	251
PF3D7_1021100	10420	14006	4859	5560	1	1093
PF3D7_1409900	6181	18245	2039	4141	1	239
PF3D7_1430800	1138	23288	550	588	0	22
PF3D7_1031000	1270	23156	286	984	0	32
PF3D7_0612700	3481	20945	1060	2418	3	149
PF3D7_1403600	2504	21922	1009	1495	0	67
PF3D7_1001400	8094	16332	3050	5044	0	361
PF3D7_1342900	21941	2485	19845	2096	0	838
PF3D7_0809500	3457	20969	911	2546	0	16
PF3D7_0215600	13370	11056	11363	2007	0	164
PF3D7_1216700	9426	15000	5203	4222	1	429
PF3D7_0517000	1111	23315	732	379	0	11
PF3D7_1025200	9678	14748	8911	767	0	82
PF3D7_0415700	7878	16548	2712	5166	0	109
PF3D7_1415200	1614	22812	1422	190	2	24
PF3D7_1208300	1278	23148	803	475	0	60
PF3D7_1008200	2544	21882	576	1968	0	79
PF3D7_1214500	2797	21629	2010	786	1	78
PF3D7_0306500	4656	19770	3919	737	0	79
PF3D7_0509900	1487	22939	610	877	0	71
PF3D7_1426800	15164	9262	11765	3399	0	530
PF3D7_1118300	14563	9863	10487	4075	1	484
PF3D7_0107800	10144	14282	3918	6221	5	896
PF3D7_1420700	8078	16348	4382	3696	0	434
PF3D7_1144900	767	23659	275	492	0	13
PF3D7_0317500	17782	6644	14071	3710	1	1262
PF3D7_1451700	1779	22647	1602	177	0	6
PF3D7_0703600	6427	17999	4845	1582	0	46
PF3D7_1119000	4149	20277	884	3265	0	117
PF3D7_1432300	11756	12670	6290	5466	0	1233
PF3D7_1431200	13583	10843	9030	4553	0	1597
PF3D7_0521900	12401	12025	8260	4141	0	796
PF3D7_1443400	7504	16922	2050	5453	1	488
PF3D7_1251400	3559	20867	963	2594	2	201
PF3D7_0908800	3538	20888	1006	2532	0	243
PF3D7_1303300	4319	20107	234	4082	3	206
PF3D7_1324300	23641	785	22895	745	1	354
PF3D7_0307700	19155	5271	16620	2534	1	610
PF3D7_0114500	9350	15076	1940	6671	739	217
PF3D7_1217200	13178	11248	7506	5671	1	668
PF3D7_1314600	4584	19842	1796	2788	0	95
PF3D7_1450800	5453	18973	2855	2598	0	195
PF3D7_1344300	10091	14335	3143	6932	16	1094
PF3D7_0403800	5995	18431	1404	4580	11	424
PF3D7_0317800	7443	16983	6306	1137	0	90
PF3D7_1473200	7609	16817	3051	4558	0	376
PF3D7_1405600	1909	22517	435	1473	1	21
PF3D7_0614200	10281	14145	5760	4521	0	538
PF3D7_0519600	16699	7727	13611	3084	4	337
PF3D7_1429600	2815	21611	1578	1236	1	47
PF3D7_1208000	909	23517	524	384	1	32
PF3D7_0907700	3136	21290	958	2178	0	41
PF3D7_1221800	5892	18534	2955	2937	0	156
PF3D7_0825900	6802	17624	2690	4112	0	353
PF3D7_0624000	4435	19991	3588	847	0	16
PF3D7_1348500	1051	23375	183	868	0	41
PF3D7_1019700	24011	415	23652	359	0	100
PF3D7_1332600	7675	16751	3283	4392	0	267
PF3D7_1405100	13004	11422	9356	3632	16	419
PF3D7_1201800	846	23580	52	793	1	79
PF3D7_1329000	14942	9484	11171	3771	0	618
PF3D7_1416500	5895	18531	2520	3375	0	59
PF3D7_1033000	8050	16376	2356	5692	2	260
PF3D7_1022400	7220	17206	5112	2108	0	156
PF3D7_1017900	6492	17934	3526	2966	0	93
PF3D7_0914000	14949	9477	10417	4530	2	1358
PF3D7_1453600	8665	15761	3067	5597	1	1394
PF3D7_1106700	9011	15415	4744	4267	0	393
PF3D7_1248000	2898	21528	1372	1526	0	116
PF3D7_1245800	15533	8893	13372	2161	0	168
PF3D7_1145200	11542	12884	6071	5471	0	2159
PF3D7_1219000	20188	4238	18656	1478	54	604
PF3D7_0703000	12446	11980	6991	5452	3	1429
PF3D7_1002800	8511	15915	2220	6291	0	1290
PF3D7_0710100	8496	15930	2112	6384	0	241
PF3D7_0812600	561	23865	307	254	0	12
PF3D7_0937100	13836	10590	1093	7042	5701	265
PF3D7_0813900	2423	22003	1833	590	0	4
PF3D7_0624900	5586	18840	3545	2041	0	141
PF3D7_0514300	14884	9542	9678	5206	0	762
PF3D7_1246400	4514	19912	375	4139	0	41
PF3D7_0301200	4619	19807	2045	2573	1	130
PF3D7_0501300	12886	11540	8951	3935	0	285
PF3D7_0824500	4128	20298	278	3850	0	199
PF3D7_1456900	1378	23048	585	793	0	59
PF3D7_1030000	3966	20460	3664	301	1	38
PF3D7_1344800	3201	21225	1586	1613	2	151
PF3D7_1346100	4163	20263	2801	1360	2	15
PF3D7_0909700	7702	16724	2069	5632	1	651
PF3D7_0419200	613	23813	363	250	0	33
PF3D7_0617800	301	24125	104	197	0	2
PF3D7_1407500	2290	22136	1806	484	0	56
PF3D7_0935100	768	23658	693	75	0	7
PF3D7_0931700	9117	15309	5013	4104	0	322
PF3D7_1215400	6981	17445	3898	3083	0	258
PF3D7_1453400	7882	16544	3567	4314	1	909
PF3D7_1441600	4376	20050	1643	2717	16	238
PF3D7_1013900	5519	18907	1510	4008	1	384
PF3D7_0323200	3638	20788	1079	2559	0	183
PF3D7_1362900	23337	1089	21901	1436	0	253
PF3D7_0611900	1757	22669	1174	582	1	22
PF3D7_0915800	3243	21183	268	2975	0	84
PF3D7_0301000	8970	15456	3929	4976	65	274
PF3D7_0625600	5540	18886	2150	3390	0	86
PF3D7_0810300	5724	18702	1069	4655	0	77
PF3D7_0103600	12802	11624	4433	8367	2	3693
PF3D7_1130600	13225	11201	6729	6496	0	488
PF3D7_0915700	4164	20262	513	3650	1	59
PF3D7_1212600	1663	22763	1221	441	1	54
PF3D7_0317900	6613	17813	5171	1442	0	164
PF3D7_0710300	5939	18487	925	5014	0	38
PF3D7_0505500	9873	14553	6695	3177	1	252
PF3D7_0214000	4217	20209	3214	1002	1	94
PF3D7_0306000	666	23760	293	370	3	33
PF3D7_0202300	4461	19965	1301	1108	2052	99
PF3D7_1410300	21406	3020	19772	1634	0	760
PF3D7_1250700	813	23613	454	359	0	45
PF3D7_0307200	2326	22100	1554	772	0	45
PF3D7_1469700	1252	23174	52	1190	10	77
PF3D7_1441700	2637	21789	423	2214	0	167
PF3D7_1310300	848	23578	246	602	0	63
PF3D7_0615500	9249	15177	2152	7095	2	122
PF3D7_0321200	7106	17320	1227	5879	0	111
PF3D7_1435800	4372	20054	1311	3061	0	198
PF3D7_1466300	8927	15499	4756	4171	0	359
PF3D7_1007600	403	24023	113	290	0	29
PF3D7_0613600	17548	6878	15240	2306	2	330
PF3D7_0522600	3782	20644	450	3332	0	48
PF3D7_0818400	1196	23230	409	787	0	25
PF3D7_1355100	8001	16425	6662	1339	0	70
PF3D7_1124300	5144	19282	2538	2606	0	218
PF3D7_1002600	4418	20008	452	3966	0	330
PF3D7_0935500	6290	18136	1640	4533	117	94
PF3D7_1131300	8172	16254	1008	7164	0	382
PF3D7_0425100	8564	15862	2446	6116	2	191
PF3D7_0303400	4322	20104	2554	1768	0	112
PF3D7_0416900	18018	6408	14061	3957	0	320
PF3D7_1229400	1773	22653	1194	579	0	20
PF3D7_1025500	23546	880	22766	779	1	632
PF3D7_0614800	8020	16406	2430	4650	940	219
PF3D7_0508900	23612	814	22580	1032	0	471
PF3D7_1349800	2180	22246	782	1398	0	150
PF3D7_0710900	6357	18069	1333	5024	0	190
PF3D7_0929300	12187	12239	8273	3914	0	342
PF3D7_1438400	18800	5626	13629	5171	0	1660
PF3D7_1337700	5253	19173	2505	2746	2	190
PF3D7_0708200	9115	15311	2738	6377	0	623
PF3D7_1460600	1741	22685	457	1283	1	12
PF3D7_1014100	10109	14317	4651	5458	0	695
PF3D7_1340500	6672	17754	961	5711	0	938
PF3D7_1340000	12852	11574	9439	3413	0	474
PF3D7_0408100	9867	14559	4605	5261	1	571
PF3D7_1478100	7428	16998	2061	5364	3	158
PF3D7_1340600	5310	19116	1433	3877	0	423
PF3D7_1245200	16458	7968	12995	3463	0	1027
PF3D7_1477300	5876	18550	1849	4027	0	174
PF3D7_0716300	8581	15845	2805	5776	0	225
PF3D7_0506500	22702	1724	21312	1390	0	684
PF3D7_1119600	9976	14450	6434	3537	5	338
PF3D7_1222400	17760	6666	14539	3215	6	865
PF3D7_1459200	7723	16703	1327	6392	4	950
PF3D7_0527300	3578	20848	643	2935	0	91
PF3D7_0419800	969	23457	94	875	0	60
PF3D7_1011100	7257	17169	2998	4258	1	515
PF3D7_1431700	2099	22327	1723	371	5	29
PF3D7_1454300	5136	19290	416	4718	2	496
PF3D7_1434200	1314	23112	871	443	0	6
PF3D7_0417300	11296	13130	9829	1466	1	61
PF3D7_0627500	3148	21278	1145	2003	0	21
PF3D7_0308900	12652	11774	8184	4468	0	604
PF3D7_0815100	11202	13224	6174	5028	0	696
PF3D7_1205400	7996	16430	1675	6244	77	1089
PF3D7_0520100	7508	16918	2099	5409	0	264
PF3D7_1235600	6407	18019	3407	3000	0	29
PF3D7_1123800	8591	15835	3424	5167	0	450
PF3D7_1449700	7304	17122	1713	5590	1	1001
PF3D7_1403100	12030	12396	5763	6267	0	1540
PF3D7_1353100	6460	17966	1296	5050	114	149
PF3D7_1126800	9327	15099	2322	6994	11	1416
PF3D7_1029900	13929	10497	8279	5649	1	638
PF3D7_0803500	22400	2026	20622	1778	0	242
PF3D7_0622200	6269	18157	2466	3802	1	343
PF3D7_1471400	5931	18495	1137	4794	0	199
PF3D7_0306800	6266	18160	5175	1091	0	59
PF3D7_0415600	1382	23044	774	608	0	45
PF3D7_0609200	2526	21900	705	1821	0	165
PF3D7_0612600	3961	20465	2335	1626	0	159
PF3D7_0706200	996	23430	578	417	1	43
PF3D7_0314100	2314	22112	1556	758	0	42
PF3D7_0908700	4253	20173	2152	2097	4	185
PF3D7_0526900	4993	19433	2341	2650	2	77
PF3D7_0316400	7756	16670	4475	3281	0	361
PF3D7_1229800	16815	7611	13308	3505	2	1340
PF3D7_0315100	930	23496	703	227	0	13
PF3D7_1202800	2353	22073	1598	751	4	76
PF3D7_0823200	2296	22130	514	1782	0	26
PF3D7_1360100	1759	22667	800	959	0	42
PF3D7_1345900	1750	22676	1174	576	0	62
PF3D7_1407600	12922	11504	8101	4819	2	1781
PF3D7_0519400	4182	20244	954	3228	0	19
PF3D7_1356800	13769	10657	8557	5206	6	2833
PF3D7_1472800	2831	21595	1477	1349	5	174
PF3D7_0404600	22289	2137	20033	2252	4	1372
PF3D7_0821100	9253	15173	5884	3369	0	327
PF3D7_0219800	4228	20198	700	3528	0	139
PF3D7_0722100	2479	21947	1373	1105	1	120
PF3D7_1432900	2202	22224	1420	782	0	46
PF3D7_1348300	9572	14854	4596	4976	0	599
PF3D7_0911200	1195	23231	400	789	6	53
PF3D7_0829000	20118	4308	15255	4863	0	1052
PF3D7_1123700	2273	22153	1841	432	0	56
PF3D7_0622000	1362	23064	605	757	0	81
PF3D7_1036400	24229	197	24148	81	0	37
PF3D7_0316200	15008	9418	9190	5818	0	2467
PF3D7_1342100	7641	16785	4576	3064	1	224
PF3D7_0715300	4387	20039	2731	1656	0	116
PF3D7_0721000	23753	673	23223	530	0	331
PF3D7_1005000	7529	16897	2280	5248	1	544
PF3D7_0719500	2059	22367	659	1393	7	87
PF3D7_1425800	13290	11136	6234	7056	0	489
PF3D7_0604900	419	24007	237	180	2	24
PF3D7_1454900	4771	19655	236	4535	0	29
PF3D7_0516400	3099	21327	911	2187	1	94
PF3D7_0322100	10904	13522	8646	2246	12	218
PF3D7_1438500	6255	18171	3765	2490	0	304
PF3D7_1010400	12808	11618	7510	4265	1033	150
PF3D7_1361300	3934	20492	1816	2118	0	130
PF3D7_1327800	5579	18847	2926	2653	0	76
PF3D7_0219600	6047	18379	3475	2572	0	213
PF3D7_0407400	523	23903	34	489	0	60
PF3D7_1431400	8565	15861	3506	5057	2	509
PF3D7_1237700	819	23607	304	515	0	33
PF3D7_0510800	6131	18295	4631	1500	0	137
PF3D7_1432500	4185	20241	2204	1981	0	131
PF3D7_0627200	4530	19896	2426	2104	0	63
PF3D7_0219500	2160	22266	537	1622	1	89
PF3D7_0912700	1207	23219	799	408	0	47
PF3D7_0523900	1129	23297	605	524	0	55
PF3D7_1013800	3911	20515	1177	2732	2	249
PF3D7_0630100	7527	16899	2277	5247	3	425
PF3D7_1134600	10131	14295	3561	6569	1	1631
PF3D7_1428100	5162	19264	805	4355	2	389
PF3D7_1014700	4543	19883	1527	3012	4	34
PF3D7_0308600	3761	20665	2440	1321	0	129
PF3D7_0323100	7936	16490	1447	6488	1	947
PF3D7_1411100	4699	19727	1099	3600	0	39
PF3D7_0823000	10245	14181	4792	5449	4	1145
PF3D7_1429300	9783	14643	5850	3932	1	84
PF3D7_0524500	872	23554	227	645	0	39
PF3D7_1335600	1862	22564	1130	732	0	77
PF3D7_0815000	4580	19846	3178	1402	0	13
PF3D7_0110500	22904	1522	21787	1117	0	377
PF3D7_1216400	10896	13530	6361	4533	2	480
PF3D7_1339000	1617	22809	557	1056	4	136
PF3D7_0718400	1614	22812	1296	318	0	12
PF3D7_0302100	11721	12705	6550	5171	0	514
PF3D7_1206200	8885	15541	7020	1865	0	211
PF3D7_1304000	6153	18273	2263	3890	0	483
PF3D7_1460800	5591	18835	1665	3926	0	280
PF3D7_0808450	1176	23250	433	743	0	21
PF3D7_1311900	4803	19623	3866	937	0	44
PF3D7_1136400	9263	15163	4329	4934	0	599
PF3D7_1213300	4509	19917	3236	1269	4	66
PF3D7_1238800	6034	18392	1707	4327	0	230
PF3D7_1358200	14075	10351	8365	5710	0	1641
PF3D7_0711400	8283	16143	984	7299	0	508
PF3D7_1038100	8862	15564	4053	4808	1	498
PF3D7_0407600	12533	11893	7853	4680	0	735
PF3D7_1320100	3495	20931	2513	982	0	50
PF3D7_1008700	3943	20483	987	2955	1	7
PF3D7_0608310	5805	18621	2014	3791	0	102
PF3D7_1401900	5693	18733	2516	3176	1	179
PF3D7_1120500	5870	18556	4220	1616	34	239
PF3D7_1228600	13577	10849	11008	2568	1	404
PF3D7_0626000	8648	15778	2667	5981	0	998
PF3D7_0204600	11128	13298	6252	4874	2	677
PF3D7_1033800	3353	21073	1593	1759	1	207
PF3D7_1232900	3254	21172	2406	848	0	94
PF3D7_1104200	11857	12569	6778	5078	1	480
PF3D7_1022700	830	23596	533	297	0	19
PF3D7_0502800	1363	23063	111	1252	0	47
PF3D7_1205900	9514	14912	5446	4068	0	381
PF3D7_1406900	2879	21547	2076	802	1	99
PF3D7_0917700	2578	21848	1211	1366	1	123
PF3D7_0707900	1882	22544	774	1108	0	51
PF3D7_1238000	1281	23145	1115	166	0	17
PF3D7_0105300	1268	23158	693	575	0	51
PF3D7_1415600	7165	17261	1392	5773	0	1153
PF3D7_0714400	1577	22849	496	1081	0	62
PF3D7_0715200	18015	6411	13195	3923	897	1005
PF3D7_0522900	9842	14584	3738	6103	1	1122
PF3D7_1231900	7023	17403	2168	4852	3	510
PF3D7_1036700	1576	22850	841	735	0	50
PF3D7_1250400	7931	16495	1838	6093	0	736
PF3D7_0707500	8682	15744	2647	6035	0	1196
PF3D7_0626700	3780	20646	1670	2109	1	87
PF3D7_1147400	1846	22580	1724	122	0	17
PF3D7_0721700	4159	20267	2929	1230	0	109
PF3D7_0113800	24124	302	23955	157	12	118
PF3D7_1353500	1622	22804	209	1413	0	87
PF3D7_1132700	2765	21661	2026	739	0	76
PF3D7_1218400	3056	21370	1500	1556	0	59
PF3D7_1304500	1604	22822	268	1336	0	69
PF3D7_1140200	9489	14937	3982	5505	2	387
PF3D7_1310500	2447	21979	622	1823	2	80
PF3D7_0111000	14219	10207	9596	4611	12	742
PF3D7_0934000	5486	18940	2189	3296	1	173
PF3D7_0603300	6394	18032	5194	1199	1	138
PF3D7_0703200	18939	5487	15823	3116	0	1816
PF3D7_1031200	2950	21476	147	2803	0	62
PF3D7_1362100	2460	21966	1123	1336	1	67
PF3D7_1343300	6123	18303	1829	4294	0	412
PF3D7_0530500	6807	17619	1908	4893	6	614
PF3D7_1249700	13389	11037	7537	4312	1540	366
PF3D7_0822800	3177	21249	497	2680	0	149
PF3D7_0217400	1206	23220	656	550	0	51
PF3D7_0623700	9381	15045	4319	5062	0	618
PF3D7_0504500	8135	16291	7576	558	1	55
PF3D7_0108300	18638	5788	16041	2597	0	972
PF3D7_1104000	5625	18801	3885	1737	3	235
PF3D7_1110200	11798	12628	5519	5539	740	619
PF3D7_0313900	14189	10237	6931	7258	0	1064
PF3D7_1210200	9127	15299	2813	6314	0	1137
PF3D7_0912900	2210	22216	1273	937	0	48
PF3D7_0411800	23955	471	23723	232	0	186
PF3D7_1306000	7993	16433	1390	6603	0	1478
PF3D7_0615200	5745	18681	1963	3780	2	164
PF3D7_1120800	627	23799	67	560	0	19
PF3D7_1312900	9755	14671	4540	5215	0	623
PF3D7_0520900	4338	20088	3361	976	1	67
PF3D7_0936100	1911	22515	277	1633	1	107
PF3D7_1312100	9617	14809	2254	7284	79	837
PF3D7_1239600	4986	19440	1810	3176	0	126
PF3D7_0912800	8118	16308	2705	5398	15	575
PF3D7_1116900	4455	19971	1650	2804	1	28
PF3D7_0306200	3102	21324	2058	1044	0	134
PF3D7_0628400	3609	20817	2740	867	2	91
PF3D7_1033500	8899	15527	6406	2493	0	296
PF3D7_1409600	8890	15536	2881	6009	0	690
PF3D7_1003000	11210	13216	2783	8415	12	619
PF3D7_0405500	3196	21230	1815	1379	2	155
PF3D7_1435100	3051	21375	1451	1600	0	147
PF3D7_1132100	7206	17220	1450	5755	1	840
PF3D7_0630400	6337	18089	726	5611	0	120
PF3D7_1468200	2206	22220	484	1722	0	169
PF3D7_0806100	12215	12211	6746	5469	0	1209
PF3D7_1010700	5531	18895	4628	903	0	32
PF3D7_0820400	3621	20805	875	2742	4	271
PF3D7_0403100	5059	19367	3012	2047	0	298
PF3D7_1430400	13658	10768	9283	4375	0	341
PF3D7_0621800	1492	22934	1123	367	2	21
PF3D7_0622500	3170	21256	750	2420	0	217
PF3D7_0709900	15376	9050	10678	4697	1	1104
PF3D7_0620100	304	24122	65	239	0	19
PF3D7_1135300	3912	20514	644	3268	0	111
PF3D7_1359300	5911	18515	2154	3757	0	504
PF3D7_0615000	2037	22389	966	1071	0	74
PF3D7_1405900	17578	6848	15192	2386	0	556
PF3D7_0623400	1954	22472	506	1448	0	91
PF3D7_1022500	6904	17522	5437	1467	0	61
PF3D7_1368800	12916	11510	6614	6297	5	1972
PF3D7_1412800	4931	19495	3765	1166	0	49
PF3D7_1111600	6578	17848	1506	5072	0	371
PF3D7_0909400	6689	17737	2904	3785	0	463
PF3D7_0529900	2704	21722	2095	608	1	25
PF3D7_1127600	2832	21594	2161	671	0	17
PF3D7_1217300	18666	5760	16695	1966	5	201
PF3D7_1406100	10456	13970	4318	6138	0	1163
PF3D7_1315100	5462	18964	2446	3016	0	61
PF3D7_1466400	5911	18515	736	5175	0	260
PF3D7_1200900	4146	20280	848	3207	91	109
PF3D7_1035200	24400	26	24389	11	0	3
PF3D7_0508300	1700	22726	939	761	0	49
PF3D7_1458000	6708	17718	1275	5433	0	502
PF3D7_1368000	1598	22828	1255	342	1	33
PF3D7_1222000	4246	20180	1059	3187	0	269
PF3D7_1360000	1733	22693	1240	493	0	30
PF3D7_0106600	5000	19426	408	4591	1	137
PF3D7_1024500	936	23490	257	679	0	109
PF3D7_0409400	6946	17480	2780	4165	1	186
PF3D7_0912100	5289	19137	2910	2303	76	256
PF3D7_0721800	472	23954	165	307	0	19
PF3D7_0111600	1246	23180	189	1057	0	89
PF3D7_1207900	3428	20998	1386	2031	11	214
PF3D7_1131600	14940	9486	10294	4645	1	1383
PF3D7_1232400	6497	17929	1712	4775	10	230
PF3D7_1456400	7537	16889	1381	6156	0	1100
PF3D7_0502500	3728	20698	654	3074	0	283
PF3D7_1332100	4967	19459	1882	3076	9	284
PF3D7_0205800	650	23776	438	212	0	10
PF3D7_0721100	1255	23171	804	451	0	40
PF3D7_1302300	2653	21773	249	2404	0	43
PF3D7_1411300	6506	17920	1699	4807	0	391
PF3D7_0305000	4617	19809	3286	1330	1	121
PF3D7_0705100	18383	6043	13969	4414	0	727
PF3D7_0403900	11401	13025	5389	6012	0	756
PF3D7_1132500	11308	13118	4927	6380	1	1071
PF3D7_0805700	7731	16695	4156	3575	0	453
PF3D7_1413400	4994	19432	1300	3694	0	320
PF3D7_1135100	6610	17816	1626	4884	100	408
PF3D7_0612900	9305	15121	2506	6737	62	254
PF3D7_1125600	1335	23091	344	991	0	30
PF3D7_0618600	2834	21592	1076	1758	0	65
PF3D7_1332200	10638	13788	6308	4330	0	791
PF3D7_0524900	23332	1094	20493	2839	0	93
PF3D7_0110100	21404	3022	19172	2232	0	178
PF3D7_0933400	1960	22466	946	1014	0	69
PF3D7_1422500	5543	18883	1457	4083	3	101
PF3D7_1108900	3525	20901	674	2850	1	289
PF3D7_0518000	4403	20023	1223	3180	0	98
PF3D7_0608200	2156	22270	1278	877	1	48
PF3D7_0208100	13907	10519	7847	6060	0	981
PF3D7_0628100	18364	6062	15282	3082	0	1350
PF3D7_1345600	5575	18851	2184	3391	0	262
PF3D7_0622900	12929	11497	8032	4897	0	889
PF3D7_0210500	8222	16204	4132	4090	0	528
PF3D7_0401600	12613	11813	6772	5841	0	1197
PF3D7_1453000	5800	18626	977	4823	0	643
PF3D7_0310400	8173	16253	4672	3501	0	388
PF3D7_0308700	5318	19108	3218	2099	1	258
PF3D7_1028300	2796	21630	658	2134	4	155
PF3D7_1118000	3303	21123	292	3010	1	23
PF3D7_0512100	1837	22589	805	1032	0	39
PF3D7_0617000	1948	22478	1111	837	0	66
PF3D7_1236700	3308	21118	791	2516	1	226
PF3D7_0205000	12563	11863	5670	6891	2	334
PF3D7_0210400	634	23792	392	242	0	21
PF3D7_1429700	2676	21750	1607	1062	7	61
PF3D7_0109200	2158	22268	1577	581	0	39
PF3D7_1004000	1718	22708	902	816	0	31
PF3D7_0406200	2956	21470	464	2492	0	29
PF3D7_0722700	545	23881	372	173	0	19
PF3D7_1368200	6704	17722	4962	1742	0	55
PF3D7_0629200	1315	23111	600	715	0	33
PF3D7_0501500	4417	20009	3314	1103	0	60
PF3D7_1419200	3939	20487	1685	2252	2	246
PF3D7_0513900	1005	23421	335	670	0	96
PF3D7_1026100	1491	22935	706	784	1	54
PF3D7_0501600	5524	18902	1458	4066	0	57
PF3D7_1450200	1167	23259	540	627	0	53
PF3D7_0315700	4502	19924	2877	1625	0	165
PF3D7_0829500	17138	7288	6288	10850	0	2046
PF3D7_1302000	6344	18082	4128	2214	2	68
PF3D7_1350200	1558	22868	1314	244	0	11
PF3D7_0402300	14783	9643	8681	6101	1	4614
PF3D7_0815700	2810	21616	1403	1407	0	128
PF3D7_0618300	1173	23253	419	754	0	19
PF3D7_1119800	589	23837	192	397	0	22
PF3D7_0927800	5975	18451	3132	2843	0	27
PF3D7_0506800	10401	14025	6551	3850	0	453
PF3D7_0931100	14386	10040	10680	3706	0	253
PF3D7_0814900	1815	22611	839	976	0	23
PF3D7_0826100	17626	6800	12085	5541	0	3044
PF3D7_0702900	2637	21789	1731	905	1	44
PF3D7_1230600	3649	20777	3296	353	0	24
PF3D7_1133300	1206	23220	716	490	0	46
PF3D7_1420500	11580	12846	7587	3993	0	418
PF3D7_0926000	12615	11811	6661	5944	10	695
PF3D7_0410800	16117	8309	11269	4847	1	1373
PF3D7_1126900	5352	19074	710	4642	0	12
PF3D7_0616900	8268	16158	3507	4761	0	848
PF3D7_1247600	4271	20155	1706	2563	2	183
PF3D7_1360500	18565	5861	8530	10035	0	1328
PF3D7_1230000	22218	2208	18132	4085	1	490
PF3D7_1037100	6235	18191	3284	2951	0	185
PF3D7_1133700	9381	15045	4086	5295	0	374
PF3D7_1448100	2237	22189	598	1639	0	85
PF3D7_0106700	20719	3707	19220	1498	1	629
PF3D7_0919500	7599	16827	2783	4633	183	256
PF3D7_0815600	2795	21631	2114	681	0	20
PF3D7_0802100	14646	9780	9122	5524	0	1951
PF3D7_1217700	15869	8557	8653	7216	0	278
PF3D7_0413500	5179	19247	1225	3954	0	25
PF3D7_0802300	9932	14494	5075	4857	0	464
PF3D7_0717500	3236	21190	2310	926	0	24
PF3D7_0813200	3492	20934	2202	1290	0	82
PF3D7_1232700	8377	16049	3920	4456	1	178
PF3D7_1406200	12842	11584	7538	5304	0	1177
PF3D7_0801500	3692	20734	1752	1940	0	173
PF3D7_1450500	15185	9241	10895	4290	0	1505
PF3D7_1226500	18765	5661	12531	6234	0	866
PF3D7_0527400	3769	20657	761	2340	668	103
PF3D7_1144500	1325	23101	372	944	9	103
PF3D7_1426300	5438	18988	4178	1259	1	95
PF3D7_0530200	2252	22174	646	1600	6	149
PF3D7_0723400	9548	14878	4911	4634	3	800
PF3D7_1013600	9357	15069	3455	5902	0	1239
PF3D7_1330800	7612	16814	4259	3352	1	262
PF3D7_0724100	11346	13080	6842	4504	0	558
PF3D7_0809250	1949	22477	323	1626	0	35
PF3D7_1426600	8998	15428	2540	6458	0	1055
PF3D7_1444600	2824	21602	2217	607	0	58
PF3D7_1420300	6527	17899	4479	2048	0	125
PF3D7_1336000	4097	20329	2850	1239	8	52
PF3D7_1470200	2265	22161	660	1605	0	55
PF3D7_1037900	2171	22255	903	1268	0	53
PF3D7_1313100	10669	13757	3344	7322	3	2168
PF3D7_1418000	1841	22585	1227	614	0	37
PF3D7_0928000	1867	22559	1491	376	0	31
PF3D7_1031500	10730	13696	8030	2700	0	410
PF3D7_0208200	1411	23015	447	961	3	61
PF3D7_1435300	14051	10375	10363	3688	0	836
PF3D7_1127800	17615	6811	9227	8388	0	457
PF3D7_0903500	10764	13662	4354	6410	0	1081
PF3D7_1210500	3270	21156	1101	2168	1	214
PF3D7_0211300	2361	22065	1818	543	0	59
PF3D7_1428500	9466	14960	3534	5932	0	919
PF3D7_1140100	1374	23052	724	650	0	4
PF3D7_1319400	7718	16708	2157	5561	0	345
PF3D7_1005900	3930	20496	2540	1390	0	209
PF3D7_1013100	6831	17595	1978	4852	1	629
PF3D7_0407300	3670	20756	58	3611	1	183
PF3D7_0925200	4265	20161	777	3488	0	188
PF3D7_0621700	13102	11324	8487	4606	9	563
PF3D7_1364600	11972	12454	7792	4180	0	370
PF3D7_1142300	11493	12933	6391	5102	0	1178
PF3D7_1116200	1972	22454	1079	892	1	61
PF3D7_1414700	9760	14666	3342	6384	34	1040
PF3D7_1148800	8562	15864	4640	3922	0	152
PF3D7_0605100	3435	20991	1770	1665	0	161
PF3D7_1009600	14924	9502	10410	4514	0	146
PF3D7_0307100	1593	22833	758	835	0	17
PF3D7_1017500	534	23892	194	340	0	9
PF3D7_0822100	1098	23328	236	860	2	79
PF3D7_1425600	24404	22	13688	4371	6345	5
PF3D7_0827200	15225	9201	11569	3654	2	751
PF3D7_0619200	9633	14793	4597	5036	0	659
PF3D7_1307000	1131	23295	390	741	0	94
PF3D7_0624800	7979	16447	1759	5821	399	469
PF3D7_1221900	9951	14475	4768	5180	3	537
PF3D7_1019500	7567	16859	5644	1923	0	186
PF3D7_1006700	11710	12716	10473	1237	0	90
PF3D7_1310200	1469	22957	458	1011	0	63
PF3D7_1122200	2818	21608	1466	1352	0	138
PF3D7_1428900	14179	10247	9165	5014	0	427
PF3D7_0419900	23366	1060	22270	1094	2	760
PF3D7_1142700	6002	18424	1193	4801	8	535
PF3D7_1002500	820	23606	400	420	0	39
PF3D7_0508700	9539	14887	4722	4817	0	637
PF3D7_1426700	8298	16128	3188	5109	1	250
PF3D7_1455800	9716	14710	6156	3560	0	408
PF3D7_0408200	3202	21224	851	2351	0	305
PF3D7_0933100	8689	15737	2612	6077	0	405
PF3D7_1243400	4035	20391	308	3727	0	308
PF3D7_0923900	2099	22327	1369	730	0	19
PF3D7_1241700	2411	22015	1659	752	0	25
PF3D7_0615900	22264	2162	18513	3751	0	730
PF3D7_0831500	2015	22411	443	1565	7	134
PF3D7_0509500	16718	7708	14220	2498	0	89
PF3D7_1438700	3159	21267	1673	1486	0	49
PF3D7_0730300	8422	16004	2278	6142	2	718
PF3D7_1440800	5934	18492	1272	4662	0	264
PF3D7_1307100	10086	14340	6012	4074	0	471
PF3D7_1367300	5139	19287	3254	1885	0	128
PF3D7_1361700	2161	22265	1351	790	20	85
PF3D7_1137700	3803	20623	740	3063	0	445
PF3D7_1143500	9587	14839	3969	5618	0	766
PF3D7_1305200	1721	22705	482	1239	0	129
PF3D7_0602700	7715	16711	541	7173	1	265
PF3D7_0418200	3562	20864	665	2897	0	47
PF3D7_0414500	2578	21848	1247	1330	1	29
PF3D7_0808400	5909	18517	975	4933	1	69
PF3D7_0507600	7089	17337	3179	3910	0	272
PF3D7_1463900	8507	15919	3994	4512	1	438
PF3D7_0825100	969	23457	361	603	5	47
PF3D7_1139800	9732	14694	3998	5734	0	1334
PF3D7_0114700	12091	12335	1726	7290	3075	548
PF3D7_0731800	7880	16546	1459	6421	0	236
PF3D7_1427000	8818	15608	4690	4128	0	471
PF3D7_1356000	7611	16815	890	6702	19	1197
PF3D7_0916400	15223	9203	9748	5472	3	3118
PF3D7_1349400	6832	17594	3506	3318	8	144
PF3D7_1331400	5770	18656	2271	3494	5	156
PF3D7_1125000	2015	22411	1044	970	1	76
PF3D7_1454800	2074	22352	793	1280	1	60
PF3D7_0818900	9853	14573	7887	1966	0	11
PF3D7_0630200	1049	23377	576	465	8	28
PF3D7_1211900	11194	13232	6456	4737	1	462
PF3D7_1102300	16607	7819	13328	3279	0	144
PF3D7_0727300	8187	16239	1764	6423	0	675
PF3D7_0513800	1202	23224	307	895	0	10
PF3D7_0406000	3928	20498	1102	2826	0	223
PF3D7_1358100	7062	17364	2447	4615	0	400
PF3D7_1330300	3953	20473	525	3428	0	149
PF3D7_1316800	4658	19768	3280	1378	0	120
PF3D7_1442200	8170	16256	4567	3603	0	528
PF3D7_0519800	7795	16631	5415	2379	1	210
PF3D7_0920100	2674	21752	1053	1621	0	120
PF3D7_0311100	10570	13856	6188	4381	1	380
PF3D7_0801000	24088	338	23452	634	2	60
PF3D7_1334300	13588	10838	9850	3738	0	230
PF3D7_1303000	4385	20041	561	3824	0	41
PF3D7_1364900	5166	19260	3332	1834	0	91
PF3D7_1125800	8045	16381	3769	4276	0	185
PF3D7_1317500	419	24007	178	241	0	14
PF3D7_0827900	9066	15360	5684	3381	1	72
PF3D7_0918000	1504	22922	448	1056	0	67
PF3D7_0109600	1173	23253	695	475	3	45
PF3D7_0514100	16648	7778	13450	3198	0	535
PF3D7_1343900	6689	17737	2960	3729	0	325
PF3D7_1023900	14001	10425	9247	4721	33	1016
PF3D7_1326800	1369	23057	269	1100	0	177
PF3D7_1360400	1729	22697	402	1327	0	208
PF3D7_0506300	7622	16804	5204	2395	23	177
PF3D7_0913400	1313	23113	934	379	0	38
PF3D7_1243800	4192	20234	3295	897	0	114
PF3D7_1126500	16014	8412	10955	5059	0	654
PF3D7_0527100	1401	23025	928	473	0	8
PF3D7_0604300	9795	14631	4083	5712	0	622
PF3D7_1403500	5040	19386	2404	2633	3	119
PF3D7_0806700	24240	186	23952	288	0	126
PF3D7_0214100	13213	11213	9791	3422	0	432
PF3D7_1351300	2961	21465	601	2279	81	294
PF3D7_0928500	2525	21901	1027	1493	5	64
PF3D7_1032300	6977	17449	1015	5961	1	517
PF3D7_0521800	7087	17339	5732	1355	0	151
PF3D7_0108700	21465	2961	18094	3368	3	482
PF3D7_1431100	1550	22876	428	1122	0	61
PF3D7_1335000	4520	19906	2947	1565	8	183
PF3D7_0718000	22883	1543	20241	1342	1300	524
PF3D7_1133900	10948	13478	6435	4513	0	676
PF3D7_0824600	1261	23165	517	744	0	62
PF3D7_0802200	1051	23375	379	663	9	54
PF3D7_0310600	1653	22773	340	1313	0	65
PF3D7_0521500	2257	22169	696	1561	0	184
PF3D7_1226700	3056	21370	751	2305	0	210
PF3D7_1473600	576	23850	208	366	2	17
PF3D7_0302800	3913	20513	459	3454	0	176
PF3D7_1214000	869	23557	488	381	0	35
PF3D7_1205300	3742	20684	1624	2118	0	181
PF3D7_0923700	3401	21025	2381	1020	0	110
PF3D7_0932300	5467	18959	3144	2323	0	114
PF3D7_0521300	19429	4997	5991	13438	0	280
PF3D7_0606500	4071	20355	1283	2787	1	233
PF3D7_1452900	2114	22312	506	1608	0	111
PF3D7_1429400	23540	886	23023	517	0	334
PF3D7_0826500	10094	14332	5718	4357	19	551
PF3D7_1425200	1660	22766	537	1122	1	102
PF3D7_0905700	7253	17173	2214	5039	0	101
PF3D7_1449300	8863	15563	3396	5464	3	532
PF3D7_1401600	3363	21063	766	2594	3	291
PF3D7_1435500	2276	22150	904	1372	0	102
PF3D7_1316100	9881	14545	4105	5776	0	978
PF3D7_1035900	24072	354	23967	105	0	10
PF3D7_1405000	5555	18871	2678	2877	0	366
PF3D7_0506700	16295	8131	13202	3093	0	522
PF3D7_0612400	769	23657	370	399	0	52
PF3D7_1244700	2714	21712	717	1997	0	80
PF3D7_1353900	1876	22550	802	1073	1	24
PF3D7_1246200	1617	22809	1037	580	0	3
PF3D7_1457100	7169	17257	2311	4854	4	687
PF3D7_1402800	18705	5721	14493	4212	0	1270
PF3D7_0924400	14237	10189	10691	3546	0	706
PF3D7_1365600	5864	18562	3183	2678	3	356
PF3D7_0709000	6168	18258	3535	2633	0	128
PF3D7_0716100	14760	9666	10213	4547	0	300
PF3D7_1476800	2773	21653	328	2389	56	135
PF3D7_0404000	590	23836	92	498	0	23
PF3D7_1330600	3443	20983	1697	1746	0	97
PF3D7_1107600	10048	14378	3808	6240	0	714
PF3D7_1439300	10597	13829	4125	6470	2	1096
PF3D7_0933200	3753	20673	3072	681	0	39
PF3D7_1117600	1496	22930	1282	213	1	42
PF3D7_1362300	1923	22503	155	1767	1	61
PF3D7_1028200	3093	21333	856	2237	0	56
PF3D7_1462100	7889	16537	1995	5891	3	677
PF3D7_1440900	4897	19529	1832	2851	214	103
PF3D7_1364200	11676	12750	5012	6663	1	1689
PF3D7_0415200	18108	6318	14718	3390	0	1520
PF3D7_1347100	7452	16974	5126	2326	0	145
PF3D7_0933000	3956	20470	707	3249	0	325
PF3D7_1465300	7367	17059	3629	3738	0	546
PF3D7_1213200	4102	20324	2301	1801	0	121
PF3D7_1339600	4825	19601	298	4527	0	490
PF3D7_0919900	22602	1824	21202	1400	0	705
PF3D7_0828400	6915	17511	1118	5795	2	512
PF3D7_1220600	2640	21786	511	2129	0	135
PF3D7_0513700	7354	17072	4096	3258	0	247
PF3D7_0927300	7513	16913	6451	1062	0	139
PF3D7_0215300	9559	14867	4239	5319	1	448
PF3D7_0629500	5571	18855	2688	2882	1	113
PF3D7_1319900	12742	11684	5690	7051	1	1317
PF3D7_1002100	14299	10127	12173	2126	0	84
PF3D7_1363700	5888	18538	2769	3119	0	403
PF3D7_0915600	1635	22791	275	1360	0	158
PF3D7_0906300	2056	22370	221	1831	4	272
PF3D7_1141100	12210	12216	6711	5497	2	1689
PF3D7_0500800	22917	1509	21236	1681	0	93
PF3D7_1356400	6596	17830	2650	3945	1	548
PF3D7_1445200	11043	13383	7104	3938	1	510
PF3D7_0820700	8304	16122	4429	3873	2	177
PF3D7_0416700	398	24028	278	120	0	11
PF3D7_1351900	10246	14180	5318	4927	1	192
PF3D7_0726600	3506	20920	688	2818	0	348
PF3D7_1225200	10597	13829	5789	4808	0	395
PF3D7_0112200	8333	16093	5300	3023	10	210
PF3D7_0930200	6663	17763	4145	2517	1	311
PF3D7_0404400	3282	21144	1524	1757	1	94
PF3D7_1308000	6101	18325	1054	5047	0	371
PF3D7_0317200	10154	14272	6236	3918	0	681
PF3D7_0607200	2770	21656	542	2228	0	85
PF3D7_1402500	1093	23333	656	437	0	46
PF3D7_0908500	12603	11823	7162	5438	3	1527
PF3D7_1122300	1858	22568	355	1503	0	62
PF3D7_0601900	790	23636	352	363	75	19
PF3D7_1309400	21111	3315	18756	2353	2	841
PF3D7_1323400	2161	22265	1452	709	0	36
PF3D7_0919200	732	23694	225	505	2	34
PF3D7_1207600	7725	16701	3718	4004	3	266
PF3D7_0810200	4571	19855	1153	3413	5	201
PF3D7_0211500	10762	13664	6513	4249	0	370
PF3D7_0402600	8614	15812	3703	4504	407	524
PF3D7_1227800	7948	16478	4678	3269	1	306
PF3D7_0505200	3426	21000	1362	2064	0	233
PF3D7_0210600	3205	21221	2077	1128	0	81
PF3D7_0931500	2034	22392	1005	1027	2	53
PF3D7_0221400	9369	15057	4349	4201	819	135
PF3D7_1321000	6891	17535	4242	2649	0	204
PF3D7_0507700	2815	21611	1233	1582	0	114
PF3D7_1476200	5568	18858	1190	4376	2	285
PF3D7_0416500	1071	23355	412	659	0	56
PF3D7_0406600	599	23827	192	407	0	39
PF3D7_0107600	14801	9625	10694	4102	5	943
PF3D7_1407300	7073	17353	3422	3650	1	295
PF3D7_0514600	6083	18343	5090	993	0	26
PF3D7_1353300	9931	14495	3967	5964	0	1641
PF3D7_1026600	19606	4820	17153	2451	2	660
PF3D7_1325700	690	23736	274	416	0	40
PF3D7_0202200	1556	22870	500	1016	40	86
PF3D7_1006000	8109	16317	5297	2812	0	191
PF3D7_1129400	3995	20431	1171	2822	2	272
PF3D7_0913900	9810	14616	3688	6122	0	1013
PF3D7_0724700	19061	5365	10379	8681	1	1031
PF3D7_1321600	6613	17813	4543	2069	1	175
PF3D7_0922400	6956	17470	4582	2374	0	218
PF3D7_0906400	5271	19155	1763	3508	0	554
PF3D7_0808300	6125	18301	768	5355	2	40
PF3D7_1105700	5899	18527	2226	3673	0	137
PF3D7_1419300	1822	22604	179	1643	0	45
PF3D7_1327600	392	24034	87	305	0	14
PF3D7_1437600	6471	17955	3088	3382	1	466
PF3D7_1304700	2488	21938	1183	1305	0	138
PF3D7_1211400	2437	21989	1727	710	0	12
PF3D7_1024700	3731	20695	717	3014	0	186
PF3D7_1012400	3667	20759	3311	325	31	4
PF3D7_0902300	4418	20008	2442	1975	1	162
PF3D7_1219900	1880	22546	1001	878	1	65
PF3D7_1454100	1319	23107	978	341	0	47
PF3D7_0618700	1887	22539	708	1179	0	119
PF3D7_1452100	5731	18695	5334	396	1	79
PF3D7_0507400	716	23710	375	341	0	41
PF3D7_1443800	3589	20837	1132	2455	2	183
PF3D7_0823300	11940	12486	7713	4227	0	547
PF3D7_0519100	826	23600	516	310	0	15
PF3D7_1034200	1149	23277	426	717	6	81
PF3D7_0821200	2360	22066	1687	673	0	86
PF3D7_0813600	2643	21783	340	2303	0	123
PF3D7_0932700	16859	7567	13504	3351	4	461
PF3D7_1428600	2358	22068	648	1710	0	91
PF3D7_1220300	10161	14265	3146	7015	0	1490
PF3D7_1326900	12292	12134	7849	4443	0	442
PF3D7_1119100	4537	19889	1734	2802	1	98
PF3D7_0724000	11150	13276	2431	8718	1	747
PF3D7_0906600	4925	19501	1362	3561	2	354
PF3D7_1305100	3326	21100	329	2997	0	165
PF3D7_1365300	7096	17330	1617	5479	0	505
PF3D7_0935000	1635	22791	1017	617	1	48
PF3D7_1231600	9075	15351	5238	3784	53	300
PF3D7_1247800	6422	18004	4947	1474	1	148
PF3D7_1036300	20549	3877	16518	4030	1	402
PF3D7_1361000	7028	17398	2575	4452	1	416
PF3D7_1450300	6091	18335	1549	4542	0	485
PF3D7_1025800	381	24045	327	54	0	6
PF3D7_1404100	1182	23244	761	421	0	8
PF3D7_0215100	3390	21036	1631	1759	0	42
PF3D7_0914400	1629	22797	837	792	0	20
PF3D7_0830300	9931	14495	4160	5770	1	1003
PF3D7_0902800	8315	16111	4932	3382	1	469
PF3D7_0506000	2030	22396	624	1403	3	96
PF3D7_1033700	6164	18262	4059	2104	1	92
PF3D7_0911400	8864	15562	2873	5990	1	558
PF3D7_1456300	1977	22449	301	1675	1	216
PF3D7_0506400	2882	21544	2600	282	0	36
PF3D7_1134800	3686	20740	2192	1493	1	81
PF3D7_1028400	10762	13664	8256	2505	1	170
PF3D7_0610000	2159	22267	1491	667	1	45
PF3D7_0612800	8744	15682	2739	6005	0	215
PF3D7_1247100	1587	22839	531	1056	0	145
PF3D7_1361600	4072	20354	995	3077	0	56
PF3D7_1433700	9474	14952	3939	5533	2	1233
PF3D7_1402300	5129	19297	1955	3174	0	187
PF3D7_0515000	11973	12453	6868	5098	7	377
PF3D7_0608600	4735	19691	1163	3572	0	114
PF3D7_1118400	1353	23073	632	718	3	32
PF3D7_1221100	4286	20140	1228	3058	0	113
PF3D7_1415500	9707	14719	5927	3779	1	539
PF3D7_1214300	2058	22368	737	1320	1	142
PF3D7_1462200	308	24118	153	155	0	13
PF3D7_1111300	1902	22524	847	1052	3	88
PF3D7_0723000	2458	21968	1861	596	1	55
PF3D7_1136000	19582	4844	16380	3200	2	1576
PF3D7_1238500	23088	1338	22363	711	14	557
PF3D7_0708700	3747	20679	926	2820	1	52
PF3D7_1215500	1638	22788	1531	107	0	10
PF3D7_0626300	5285	19141	2608	2677	0	117
PF3D7_0604100	9661	14765	4009	5652	0	1185
PF3D7_1337400	7419	17007	4265	3154	0	306
PF3D7_1029300	14515	9911	8972	5543	0	417
PF3D7_0212400	20432	3994	17247	3185	0	1939
PF3D7_1330500	17517	6909	15926	1591	0	169
PF3D7_0807900	4559	19867	874	3685	0	62
PF3D7_0318500	17333	7093	10698	6635	0	1758
PF3D7_0215400	17983	6443	11531	6452	0	200
PF3D7_1020000	5325	19101	2322	2993	10	126
PF3D7_0424100	5792	18634	1341	4450	1	171
PF3D7_1309700	11505	12921	5211	6291	3	1802
PF3D7_1027300	4813	19613	1254	3559	0	243
PF3D7_1456800	5242	19184	2145	3097	0	128
PF3D7_1202400	3078	21348	1573	1505	0	29
PF3D7_1307700	6825	17601	1158	5665	2	995
PF3D7_1466000	4905	19521	3458	1447	0	99
PF3D7_0603200	4942	19484	2673	2268	1	134
PF3D7_0403400	19860	4566	16930	2913	17	2169
PF3D7_1326000	2064	22362	1472	591	1	39
PF3D7_1471200	6214	18212	3889	2325	0	51
PF3D7_0703900	22171	2255	20185	1985	1	1543
PF3D7_0529000	8620	15806	3613	5007	0	130
PF3D7_0305200	21953	2473	20447	1506	0	153
PF3D7_1338100	2765	21661	867	1898	0	107
PF3D7_1455700	8601	15825	4911	3686	4	435
PF3D7_0827100	10260	14166	3692	6564	4	1200
PF3D7_1343000	3932	20494	988	2943	1	64
PF3D7_0932900	1021	23405	142	879	0	74
PF3D7_1206300	22844	1582	21078	1766	0	440
PF3D7_1357900	2770	21656	1637	1133	0	114
PF3D7_0707600	1756	22670	401	1355	0	73
PF3D7_1413600	3609	20817	406	3203	0	354
PF3D7_0811400	4104	20322	3344	760	0	44
PF3D7_1331300	2018	22408	898	1098	22	23
PF3D7_1139700	2776	21650	1264	1511	1	133
PF3D7_0215800	7064	17362	3098	3964	2	296
PF3D7_0216900	16688	7738	12689	3999	0	454
PF3D7_0319700	12606	11820	6643	5963	0	1523
PF3D7_1368400	3028	21398	1652	1368	8	77
PF3D7_1118700	6651	17775	2877	3772	2	229
PF3D7_0217800	2087	22339	1583	504	0	4
PF3D7_1246800	2468	21958	736	1732	0	39
PF3D7_0803600	14049	10377	6953	7093	3	848
PF3D7_1403400	9264	15162	4429	4835	0	425
PF3D7_1009900	7914	16512	3479	4435	0	280
PF3D7_1145800	8760	15666	1095	7665	0	1389
PF3D7_1102900	5477	18949	688	4073	716	136
PF3D7_0928200	7664	16762	1570	6094	0	953
PF3D7_1303600	749	23677	431	318	0	38
PF3D7_1311700	1412	23014	103	1305	4	39
PF3D7_0704700	9786	14640	2145	7641	0	943
PF3D7_0731100	8033	16393	5245	2784	4	263
PF3D7_1305400	5396	19030	842	4554	0	473
PF3D7_1318300	24386	40	24360	26	0	19
PF3D7_0826600	1537	22889	522	1013	2	48
PF3D7_1426000	1224	23202	847	377	0	9
PF3D7_1439000	1447	22979	438	1009	0	86
PF3D7_0411700	1991	22435	201	1789	1	86
PF3D7_1447600	2197	22229	227	1970	0	48
PF3D7_0709800	3906	20520	3056	850	0	13
PF3D7_1353600	1034	23392	673	361	0	8
PF3D7_0807000	1412	23014	1018	394	0	32
PF3D7_1244800	4880	19546	3873	1007	0	57
PF3D7_1016300	14092	10334	12022	2070	0	64
PF3D7_1142100	13915	10511	7778	6136	1	2011
PF3D7_1107300	16253	8173	11245	5008	0	1915
PF3D7_0311800	15341	9085	12909	2432	0	81
PF3D7_1468100	15100	9326	10390	4705	5	1136
PF3D7_1146900	1257	23169	575	682	0	53
PF3D7_1351200	11471	12955	5479	5983	9	922
PF3D7_1009100	6521	17905	816	5700	5	463
PF3D7_1122100	3205	21221	2502	703	0	118
PF3D7_1345100	1632	22794	700	932	0	33
PF3D7_0611800	17771	6655	14318	3453	0	1159
PF3D7_1309500	1525	22901	473	1052	0	79
PF3D7_0607000	9692	14734	5719	3973	0	131
PF3D7_1447300	1194	23232	844	350	0	18
PF3D7_0718700	3296	21130	1675	1621	0	176
PF3D7_0406400	5356	19070	2815	2539	2	49
PF3D7_0813700	16594	7832	11769	4824	1	498
PF3D7_1205700	1130	23296	156	973	1	92
PF3D7_1124600	2576	21850	1055	1520	1	76
PF3D7_1011000	1370	23056	892	476	2	16
PF3D7_0313200	1016	23410	446	569	1	64
PF3D7_1223800	2384	22042	400	1983	1	60
PF3D7_0207100	15723	8703	10888	4835	0	673
PF3D7_0113100	16684	7742	11044	5563	77	3657
PF3D7_1321200	1442	22984	943	499	0	6
PF3D7_0626800	3439	20987	2514	925	0	22
PF3D7_0702000	12681	11745	7325	5353	3	176
PF3D7_1401400	1893	22533	200	1685	8	61
PF3D7_1408600	1827	22599	422	1405	0	29
PF3D7_0829200	1125	23301	476	649	0	9
PF3D7_0807500	1068	23358	523	545	0	32
PF3D7_0528200	8008	16418	5067	2939	2	71
PF3D7_0423700	3334	21092	123	3211	0	49
PF3D7_0419600	2249	22177	817	1432	0	57
PF3D7_0804500	23521	905	22866	655	0	529
PF3D7_1367400	7159	17267	1999	5160	0	720
PF3D7_1425900	2465	21961	1248	1216	1	72
PF3D7_1038800	8083	16343	3704	4377	2	430
PF3D7_0530000	572	23854	43	519	10	64
PF3D7_0827800	20482	3944	15176	5306	0	1414
PF3D7_0930900	1275	23151	487	788	0	77
PF3D7_1102500	9407	15019	3906	5501	0	425
PF3D7_0722200	9900	14526	6295	3605	0	302
PF3D7_1412500	3646	20780	631	3014	1	9
PF3D7_0422700	3097	21329	2400	697	0	24
PF3D7_1028700	6204	18222	1282	4922	0	419
PF3D7_1312600	6937	17489	3909	3018	10	91
PF3D7_0308500	2099	22327	1632	463	4	39
PF3D7_1214700	674	23752	224	450	0	34
PF3D7_0525100	8286	16140	2746	5539	1	434
PF3D7_0524600	1369	23057	231	1138	0	85
PF3D7_0313500	10542	13884	6399	4142	1	528
PF3D7_1138200	1638	22788	788	849	1	55
PF3D7_0933600	3662	20764	2868	794	0	60
PF3D7_0310800	485	23941	93	392	0	21
PF3D7_0904400	846	23580	143	703	0	38
PF3D7_1203900	2553	21873	1592	961	0	3
PF3D7_1119300	2258	22168	734	1523	1	64
PF3D7_0919300	1237	23189	507	730	0	43
PF3D7_0219100	3546	20880	1458	2084	4	183
PF3D7_1143900	6815	17611	3329	3485	1	152
PF3D7_1244900	7888	16538	1598	6277	13	466
PF3D7_0931200	830	23596	207	623	0	33
PF3D7_0800800	6294	18132	1590	4696	8	153
PF3D7_0420300	17208	7218	11837	5368	3	2601
PF3D7_1303700	8176	16250	2460	5715	1	968
PF3D7_0802900	731	23695	387	343	1	29
PF3D7_1028800	1542	22884	963	579	0	29
PF3D7_1136900	11111	13315	5723	5388	0	976
PF3D7_1233900	6323	18103	2042	4281	0	611
PF3D7_1035400	18793	5633	14141	3202	1450	49
PF3D7_1328300	2507	21919	1518	989	0	79
PF3D7_1436500	6832	17594	3148	3684	0	186
PF3D7_0507100	5890	18536	4035	1854	1	47
PF3D7_0914200	3783	20643	2057	1725	1	57
PF3D7_1146000	6186	18240	3324	2860	2	374
PF3D7_1223600	11872	12554	8623	3249	0	488
PF3D7_0104300	21316	3110	18669	2647	0	1345
PF3D7_0911300	13086	11340	7424	5661	1	2690
PF3D7_1454400	7642	16784	3157	4485	0	320
PF3D7_0517400	11582	12844	7296	4277	9	378
PF3D7_1449000	7266	17160	589	6677	0	422
PF3D7_1007500	1671	22755	1166	503	2	64
PF3D7_1333100	17441	6985	14707	2733	1	360
PF3D7_1215900	7385	17041	1044	6341	0	300
PF3D7_0928800	10869	13557	6382	4487	0	415
PF3D7_1432200	10398	14028	4227	6171	0	928
PF3D7_0504300	2526	21900	1847	679	0	109
PF3D7_0207600	18486	5940	16926	1537	23	426
PF3D7_0920500	2701	21725	2026	675	0	34
PF3D7_1314300	3155	21271	1449	1705	1	135
PF3D7_0306400	5193	19233	4102	1091	0	93
PF3D7_0932500	4750	19676	2177	2569	4	231
PF3D7_0420200	7927	16499	981	6946	0	478
PF3D7_0924100	8370	16056	5461	2908	1	370
PF3D7_0317700	23651	775	22089	1562	0	157
PF3D7_1223000	2249	22177	1024	1225	0	46
PF3D7_0530900	16579	7847	12238	4341	0	1287
PF3D7_0831600	15503	8923	10086	5320	97	1554
PF3D7_0922100	10533	13893	4472	6059	2	1191
PF3D7_0810100	451	23975	191	253	7	21
PF3D7_0621400	6357	18069	2254	4103	0	282
PF3D7_0801600	679	23747	126	553	0	26
PF3D7_0824900	10306	14120	3395	6895	16	664
PF3D7_1417700	1688	22738	818	870	0	66
PF3D7_0605400	4237	20189	3946	291	0	49
PF3D7_0802700	3473	20953	2213	1260	0	149
PF3D7_1234700	10251	14175	5571	4679	1	566
PF3D7_1308600	8537	15889	1645	6890	2	1530
PF3D7_1474200	17016	7410	11497	5490	29	3288
PF3D7_0529300	5533	18893	478	5055	0	114
PF3D7_1323000	1867	22559	1073	794	0	92
PF3D7_1105000	308	24118	118	190	0	1
PF3D7_0708800	6689	17737	3727	2962	0	106
PF3D7_0925000	3115	21311	1457	1658	0	80
PF3D7_0816400	1867	22559	751	1116	0	26
PF3D7_1331700	8170	16256	6373	1794	3	224
PF3D7_1411600	4739	19687	1790	2949	0	318
PF3D7_1004100	13248	11178	1546	11699	3	603
PF3D7_1334800	2719	21707	1983	736	0	95
PF3D7_1445900	3071	21355	870	2200	1	39
PF3D7_1318100	1370	23056	673	697	0	49
PF3D7_0614500	880	23546	350	530	0	14
PF3D7_1015400	6312	18114	4205	2106	1	424
PF3D7_1213700	902	23524	582	320	0	19
PF3D7_0929800	2187	22239	2060	127	0	15
PF3D7_1459900	712	23714	120	592	0	49
PF3D7_1229700	748	23678	552	196	0	28
PF3D7_1307600	5939	18487	1972	3967	0	164
PF3D7_0924700	3300	21126	286	3014	0	178
PF3D7_1320400	2209	22217	336	1873	0	151
PF3D7_1327200	2621	21805	303	2313	5	132
PF3D7_1456600	1783	22643	572	1211	0	80
PF3D7_1114100	994	23432	351	643	0	56
PF3D7_0303000	5339	19087	2647	2624	68	247
PF3D7_1368500	4472	19954	1578	2894	0	401
PF3D7_0220700	4661	19765	356	3767	538	109
PF3D7_0621350	1415	23011	908	499	8	45
PF3D7_1334100	6739	17687	1930	4808	1	375
PF3D7_1110900	4530	19896	585	3941	4	368
PF3D7_1033100	14644	9782	9225	5418	1	3107
PF3D7_1357700	8856	15570	4227	4629	0	802
PF3D7_1320200	3299	21127	906	2362	31	201
PF3D7_1430200	3904	20522	2224	1680	0	198
PF3D7_1009400	4231	20195	2402	1827	2	153
PF3D7_1214200	1690	22736	832	855	3	107
PF3D7_1230900	15151	9275	11711	3440	0	344
PF3D7_0914600	2737	21689	1164	1573	0	21
PF3D7_1341200	1852	22574	1580	272	0	24
PF3D7_0413600	5067	19359	4035	1032	0	10
PF3D7_1305800	2244	22182	995	1249	0	154
PF3D7_0317100	7759	16667	2071	5688	0	458
PF3D7_0729000	518	23908	234	284	0	38
PF3D7_1403300	9289	15137	2289	6861	139	667
PF3D7_0404700	18694	5732	17021	1663	10	308
PF3D7_1322700	3895	20531	2358	1536	1	121
PF3D7_0830900	5373	19053	558	4507	308	116
PF3D7_1226600	3885	20541	248	3636	1	14
PF3D7_1252600	4897	19529	692	4205	0	57
PF3D7_1229600	21691	2735	19955	1735	1	452
PF3D7_0918300	1591	22835	688	902	1	59
PF3D7_1143400	1595	22831	1265	330	0	4
PF3D7_1213800	7039	17387	4652	2386	1	174
PF3D7_1121800	9487	14939	5837	3650	0	543
PF3D7_0703800	19927	4499	17686	2241	0	332
PF3D7_1461900	8014	16412	4553	3461	0	469
PF3D7_0902000	7225	17201	1002	6222	1	339
PF3D7_1123000	15638	8788	8670	6967	1	1270
PF3D7_1450100	3297	21129	1938	1358	1	69
PF3D7_1450600	4743	19683	647	4096	0	337
PF3D7_1467500	6864	17562	3780	3074	10	152
PF3D7_0702200	2871	21555	685	2185	1	104
PF3D7_0820900	10533	13893	3538	6994	1	2502
PF3D7_1439500	11503	12923	5470	6033	0	836
PF3D7_1407700	5100	19326	1647	3452	1	144
PF3D7_1217800	453	23973	209	244	0	16
PF3D7_1210600	6404	18022	1429	4975	0	567
PF3D7_0218300	4373	20053	2049	2323	1	159
PF3D7_0209000	17111	7315	11020	6091	0	3551
PF3D7_1220900	638	23788	114	524	0	23
PF3D7_0303800	5236	19190	2878	2357	1	209
PF3D7_0904900	14904	9522	10150	4748	6	1985
PF3D7_1209100	4892	19534	529	4363	0	672
PF3D7_1243100	2104	22322	1065	1039	0	133
PF3D7_0414900	6521	17905	3934	2587	0	15
PF3D7_1008900	1345	23081	716	629	0	37
PF3D7_0417200	4608	19818	1825	2783	0	31
PF3D7_1461700	1180	23246	771	407	2	51
PF3D7_0321600	5940	18486	1786	4154	0	353
PF3D7_1302800	4151	20275	398	3753	0	19
PF3D7_0322000	1331	23095	461	870	0	17
PF3D7_0907400	7314	17112	2645	4669	0	407
PF3D7_0320100	1591	22835	1248	343	0	21
PF3D7_1032500	1101	23325	574	527	0	35
PF3D7_1126300	11316	13110	7591	3724	1	343
PF3D7_1320900	1073	23353	380	693	0	32
PF3D7_0307500	8060	16366	5300	2760	0	115
PF3D7_0322900	3139	21287	2331	807	1	12
PF3D7_1208900	8960	15466	3954	5006	0	431
PF3D7_1471900	14994	9432	10165	4828	1	1355
PF3D7_1324200	6202	18224	3435	2767	0	220
PF3D7_1459600	7936	16490	4577	3359	0	456
PF3D7_1352700	10444	13982	3534	6910	0	1898
PF3D7_0618400	4178	20248	1803	2375	0	276
PF3D7_0903600	7790	16636	2093	5697	0	377
PF3D7_1438600	3331	21095	585	2746	0	58
PF3D7_1223300	7614	16812	5013	2601	0	264
PF3D7_1225500	5686	18740	2546	3140	0	134
PF3D7_1232100	6693	17733	4615	2078	0	76
PF3D7_0619400	9746	14680	8209	1537	0	26
PF3D7_1235200	6344	18082	3469	2875	0	314
PF3D7_0727100	18314	6112	14687	3626	1	789
PF3D7_0703500	13136	11290	8139	4997	0	917
PF3D7_0622400	1585	22841	1277	308	0	40
PF3D7_1341600	5175	19251	2024	3151	0	363
PF3D7_1227100	8055	16371	3544	4511	0	435
PF3D7_0906890	1750	22676	1109	637	4	71
PF3D7_1113100	625	23801	104	521	0	24
PF3D7_0506100	2886	21540	2388	498	0	46
PF3D7_1107100	5202	19224	2503	2696	3	307
PF3D7_0206100	2063	22363	1114	949	0	72
PF3D7_1134000	9674	14752	6314	3360	0	59
PF3D7_0606600	20199	4227	18572	1627	0	1391
PF3D7_0629400	2899	21527	1257	1636	6	148
PF3D7_1248800	1552	22874	978	574	0	37
PF3D7_1225700	6844	17582	2704	4140	0	527
PF3D7_1423100	3810	20616	2141	1668	1	166
PF3D7_0616400	16741	7685	12521	4220	0	1598
PF3D7_1208800	11055	13371	5900	5152	3	741
PF3D7_1010500	2019	22407	1504	515	0	44
PF3D7_1352000	19422	5004	17333	2089	0	1030
PF3D7_0409300	10102	14324	5885	4217	0	573
PF3D7_1351100	1678	22748	1079	598	1	52
PF3D7_0827500	1929	22497	797	1132	0	90
PF3D7_1226100	2393	22033	595	1798	0	105
PF3D7_0528900	2759	21667	2007	752	0	127
PF3D7_1437200	4227	20199	2921	1306	0	57
PF3D7_1118200	13729	10697	9883	3846	0	398
PF3D7_0602100	11407	13019	6538	4869	0	447
PF3D7_0507300	8302	16124	2944	5354	4	851
PF3D7_1325100	6362	18064	4740	1622	0	39
PF3D7_1202500	9257	15169	3987	5270	0	736
PF3D7_1204200	6895	17531	3453	3440	2	311
PF3D7_0103300	8277	16149	874	7403	0	898
