gene_id	c_exc_s	c_inc_s	c_missing	c_het_calls	c_stop_codon	c_unq_h
PVP01_0613500	101	1165	10	90	0	11
PVP01_0819200	245	1021	28	216	0	42
PVP01_0624100	422	844	84	314	23	82
PVP01_1138200	142	1124	10	131	0	12
PVP01_1463900	62	1204	7	54	0	7
PVP01_1216400	251	1015	30	220	0	16
PVP01_1102300	169	1097	9	159	0	6
PVP01_0946300	449	817	113	336	0	48
PVP01_0906800	218	1048	20	197	0	9
PVP01_0105700	847	419	623	223	0	218
PVP01_0108100	175	1091	12	162	0	12
PVP01_0305000	138	1128	12	125	0	17
PVP01_1309900	709	557	482	226	0	225
PVP01_0618500	193	1073	16	176	0	14
PVP01_1320200	891	375	698	192	0	115
PVP01_0216000	513	753	200	312	0	168
PVP01_1262300	152	1114	17	134	0	9
PVP01_0106100	87	1179	7	79	0	5
PVP01_1258100	12	1254	5	6	0	5
PVP01_1111700	43	1223	9	33	0	4
PVP01_1459300	238	1028	40	197	0	47
PVP01_0810900	117	1149	17	99	0	3
PVP01_0813100	222	1044	14	207	0	36
PVP01_1127000	155	1111	9	145	0	19
PVP01_1233900	258	1008	10	247	0	37
PVP01_0907900	279	987	40	238	0	25
PVP01_1029300	436	830	167	268	0	189
PVP01_0824300	299	967	39	259	0	23
PVP01_0416100	185	1081	10	174	0	7
PVP01_1428900	148	1118	7	140	0	9
PVP01_1203300	24	1242	8	15	0	7
PVP01_0714200	57	1209	8	48	0	6
PVP01_1245800	599	667	294	304	0	56
PVP01_0928100	129	1137	114	14	0	6
PVP01_1224000	667	599	422	244	0	72
PVP01_0726900	131	1135	16	114	0	4
PVP01_1027300	715	551	484	230	0	69
PVP01_1025000	67	1199	15	51	0	5
PVP01_0618100	189	1077	17	171	0	32
PVP01_0709300	120	1146	9	110	0	15
PVP01_0611900	179	1087	16	162	0	4
PVP01_1105300	123	1143	20	102	0	23
PVP01_1303100	20	1246	18	1	0	1
PVP01_1004900	115	1151	10	104	0	19
PVP01_0516300	359	907	76	263	19	51
PVP01_1006600	116	1150	12	103	0	20
PVP01_0814400	611	655	350	260	0	205
PVP01_0926800	714	552	494	219	0	148
PVP01_1307800	48	1218	11	36	0	14
PVP01_1260100	244	1022	34	209	0	26
PVP01_1203000	215	1051	13	201	0	8
PVP01_1105900	88	1178	5	82	0	3
PVP01_1147400	14	1252	4	9	0	4
PVP01_1227400	397	869	111	285	0	62
PVP01_0104000	781	485	558	222	0	60
PVP01_1141000	230	1036	56	173	0	20
PVP01_1236700	678	588	416	261	0	221
PVP01_1433600	104	1162	5	98	0	3
PVP01_1421600	52	1214	13	38	0	10
PVP01_0724900	226	1040	68	157	0	16
PVP01_0530400	19	1247	6	12	0	5
PVP01_0720600	367	899	61	305	0	117
PVP01_1211600	91	1175	5	85	0	19
PVP01_1433400	31	1235	4	26	0	3
PVP01_0423400	1233	33	1081	152	0	27
PVP01_1341400	143	1123	29	113	0	26
PVP01_0605100	13	1253	3	9	0	1
PVP01_1426100	120	1146	5	114	0	6
PVP01_1012700	167	1099	8	158	0	17
PVP01_1122700	133	1133	11	121	0	5
PVP01_0939200	121	1145	50	70	0	5
PVP01_0701800	385	881	49	335	0	140
PVP01_0315300	77	1189	10	66	0	1
PVP01_1309400	349	917	66	282	0	109
PVP01_1469500	415	851	85	329	0	262
PVP01_1320600	532	734	335	196	0	58
PVP01_0531100	47	1219	12	34	0	5
PVP01_0728400	101	1165	14	86	0	10
PVP01_0711700	672	594	463	208	0	47
PVP01_1252000	126	1140	10	115	0	9
PVP01_1013500	112	1154	10	101	0	16
PVP01_1025400	334	932	169	163	1	21
PVP01_0717700	154	1112	12	141	0	4
PVP01_1340500	114	1152	5	108	0	12
PVP01_0418100	201	1065	97	103	0	11
PVP01_1417900	400	866	214	185	0	14
PVP01_0610900	193	1073	141	51	0	8
PVP01_0932900	375	891	52	322	0	149
PVP01_0614900	132	1134	24	107	0	14
PVP01_1454900	87	1179	16	70	0	20
PVP01_1412400	155	1111	9	145	0	4
PVP01_1109300	355	911	51	303	0	113
PVP01_0620300	322	944	93	228	0	61
PVP01_1201900	168	1098	16	151	0	16
PVP01_1120300	46	1220	3	42	0	17
PVP01_1259100	992	274	865	126	0	125
PVP01_0115800	738	528	383	290	65	199
PVP01_1202700	253	1013	46	206	0	47
PVP01_0105900	35	1231	6	28	0	1
PVP01_1232000	352	914	96	255	0	72
PVP01_1326400	160	1106	13	146	0	20
PVP01_1335800	248	1018	17	230	0	39
PVP01_1240400	508	758	257	250	0	153
PVP01_1271000	209	1057	11	197	0	14
PVP01_1254700	79	1187	7	71	0	16
PVP01_1318000	705	561	480	224	0	102
PVP01_1252200	22	1244	3	18	0	10
PVP01_1006500	32	1234	3	28	0	7
PVP01_0923700	965	301	769	195	0	108
PVP01_0519600	279	987	101	177	0	29
PVP01_1115600	45	1221	17	27	0	4
PVP01_0942500	193	1073	17	175	0	13
PVP01_1142400	520	746	246	273	0	15
PVP01_1233200	181	1085	3	177	0	6
PVP01_1211800	18	1248	9	8	0	3
PVP01_1421500	490	776	84	404	1	70
PVP01_1137200	77	1189	7	69	0	9
PVP01_1267900	372	894	85	286	0	151
PVP01_1032900	160	1106	9	150	0	18
PVP01_0512400	11	1255	7	3	0	1
PVP01_0114300	302	964	65	236	0	55
PVP01_1405000	310	956	72	236	1	22
PVP01_1311100	359	907	91	267	0	68
PVP01_1021300	76	1190	8	67	0	3
PVP01_0609600	319	947	131	187	0	35
PVP01_1416300	306	960	220	85	0	6
PVP01_1006200	202	1064	35	166	0	38
PVP01_0925300	68	1198	14	53	0	12
PVP01_1011600	18	1248	3	14	0	7
PVP01_0938300	249	1017	15	233	0	33
PVP01_1107300	183	1083	8	174	0	13
PVP01_0207600	216	1050	91	123	1	21
PVP01_0729600	23	1243	5	17	0	6
PVP01_1450800	204	1062	94	109	0	27
PVP01_1312700	19	1247	8	10	0	10
PVP01_0914200	216	1050	19	196	0	24
PVP01_1320300	345	921	148	196	0	35
PVP01_1017300	378	888	76	301	0	65
PVP01_1018600	546	720	167	378	0	145
PVP01_1209100	118	1148	16	101	0	17
PVP01_1244800	13	1253	2	10	0	4
PVP01_0109100	306	960	37	268	0	36
PVP01_0712400	413	853	138	274	0	71
PVP01_1012300	13	1253	3	9	0	4
PVP01_0905800	127	1139	22	104	0	1
PVP01_1411800	310	956	31	278	0	79
PVP01_1319800	59	1207	10	48	0	13
PVP01_0113000	115	1151	30	84	0	8
PVP01_0421400	343	923	127	215	0	38
PVP01_1007700	84	1182	43	40	0	13
PVP01_1466600	38	1228	6	30	1	7
PVP01_0601900	518	748	307	208	2	59
PVP01_1003400	298	968	26	271	0	67
PVP01_0706100	281	985	30	250	0	59
PVP01_1237100	53	1213	2	50	0	7
PVP01_1106800	9	1257	2	6	0	1
PVP01_0832900	735	531	514	220	0	62
PVP01_0724700	1	1265	0	0	0	2
PVP01_1221900	62	1204	20	41	0	4
PVP01_1334900	132	1134	70	61	0	5
PVP01_1260800	111	1155	13	97	0	22
PVP01_1455200	537	729	187	349	0	214
PVP01_0732800	550	716	215	334	0	78
PVP01_1309100	203	1063	28	174	0	15
PVP01_0719000	394	872	107	286	0	60
PVP01_1254600	480	786	292	187	0	67
PVP01_0711550	16	1250	1	14	0	3
PVP01_0319900	360	906	61	298	0	61
PVP01_1263800	201	1065	17	183	0	33
PVP01_0615700	255	1011	76	178	0	29
PVP01_1401600	91	1175	32	58	0	11
PVP01_0615100	77	1189	5	71	0	8
PVP01_0521400	63	1203	12	50	0	6
PVP01_1224400	95	1171	23	71	0	18
PVP01_0917000	280	986	144	135	0	15
PVP01_0421200	256	1010	20	235	0	40
PVP01_0211100	912	354	590	321	0	104
PVP01_0815500	276	990	78	197	0	59
PVP01_0717000	458	808	242	215	0	55
PVP01_1307600	344	922	33	310	0	130
PVP01_1453100	270	996	65	204	0	21
PVP01_1310600	131	1135	38	92	0	7
PVP01_1452600	197	1069	17	179	0	22
PVP01_0516200	160	1106	28	131	0	24
PVP01_0835500	304	962	28	272	3	86
PVP01_1102400	314	952	39	274	0	60
PVP01_0518100	484	782	261	223	0	47
PVP01_0407500	220	1046	60	159	0	11
PVP01_1236900	166	1100	28	137	0	29
PVP01_0601200	294	972	22	271	0	39
PVP01_1023900	736	530	482	253	0	299
PVP01_1313900	384	882	87	296	0	98
PVP01_0531400	118	1148	51	66	0	6
PVP01_0928500	767	499	525	241	0	162
PVP01_0621300	479	787	162	316	0	189
PVP01_1122000	97	1169	10	86	0	4
PVP01_1015500	376	890	81	294	0	35
PVP01_1111100	91	1175	43	47	0	7
PVP01_0729800	385	881	138	246	0	70
PVP01_0422100	382	884	94	287	0	160
PVP01_0202100	212	1054	54	157	0	26
PVP01_0305300	402	864	153	248	0	85
PVP01_0531700	64	1202	6	57	0	7
PVP01_1425600	199	1067	16	182	0	32
PVP01_1309800	203	1063	16	185	1	32
PVP01_1202200	232	1034	27	204	0	18
PVP01_0927600	15	1251	0	14	0	4
PVP01_0931800	178	1088	10	167	0	14
PVP01_1009600	270	996	60	209	0	32
PVP01_0714100	280	986	37	242	0	4
PVP01_1136300	345	921	161	183	0	55
PVP01_1443000	193	1073	16	176	0	10
PVP01_1407700	350	916	169	180	0	24
PVP01_1018900	1036	230	955	80	0	104
PVP01_1132200	357	909	91	265	0	90
PVP01_0911500	94	1172	9	84	0	5
PVP01_0513000	598	668	322	275	0	26
PVP01_1409000	188	1078	17	170	0	32
PVP01_1245300	46	1220	5	40	0	10
PVP01_1469900	152	1114	14	137	0	10
PVP01_1450700	631	635	429	201	0	66
PVP01_1228100	932	334	801	130	0	154
PVP01_1318800	444	822	142	301	0	132
PVP01_0531600	61	1205	8	52	0	1
PVP01_1306800	46	1220	11	34	0	13
PVP01_1205700	62	1204	5	56	0	8
PVP01_0947400	538	728	222	315	0	375
PVP01_0722600	298	968	75	222	0	39
PVP01_1413800	286	980	29	256	0	68
PVP01_1246200	98	1168	10	87	0	2
PVP01_1408500	109	1157	13	95	0	21
PVP01_1410000	16	1250	4	11	0	7
PVP01_1257300	836	430	606	230	0	49
PVP01_0906700	52	1214	5	46	0	9
PVP01_1114000	107	1159	11	95	0	17
PVP01_0912600	172	1094	22	149	0	36
PVP01_0505100	111	1155	7	103	0	1
PVP01_0709200	286	980	204	81	0	23
PVP01_1248000	87	1179	8	78	0	14
PVP01_0930100	606	660	415	190	0	32
PVP01_0421000	840	426	648	191	0	283
PVP01_1256800	80	1186	9	70	0	11
PVP01_1336300	97	1169	24	72	0	18
PVP01_1267000	591	675	166	424	0	129
PVP01_0111700	120	1146	12	107	0	10
PVP01_1339300	874	392	682	191	0	89
PVP01_1228700	768	498	580	186	1	253
PVP01_1205600	349	917	151	197	0	21
PVP01_1465600	72	1194	6	65	0	5
PVP01_0905700	907	359	322	311	273	165
PVP01_1460600	27	1239	4	22	0	3
PVP01_0310300	367	899	69	297	0	133
PVP01_0941200	348	918	53	294	0	120
PVP01_0837200	257	1009	20	236	0	24
PVP01_0209300	48	1218	9	38	0	16
PVP01_0916900	38	1228	6	31	0	6
PVP01_0320500	159	1107	21	137	0	33
PVP01_1032100	39	1227	3	35	0	3
PVP01_0708400	388	878	132	255	0	60
PVP01_1011300	145	1121	0	144	0	7
PVP01_0713500	16	1250	1	14	0	1
PVP01_0929500	244	1022	35	208	0	12
PVP01_0509100	140	1126	14	125	0	4
PVP01_1108300	270	996	37	232	0	38
PVP01_1304200	245	1021	18	226	0	38
PVP01_1216900	58	1208	7	50	0	7
PVP01_0915800	170	1096	50	119	0	9
PVP01_0908600	709	557	463	244	1	195
PVP01_0522000	126	1140	7	118	0	2
PVP01_0105000	678	588	64	613	0	100
PVP01_0816900	164	1102	10	153	0	20
PVP01_1027500	675	591	333	341	0	290
PVP01_1271200	222	1044	18	203	0	32
PVP01_0712100	296	970	68	227	0	24
PVP01_0317800	566	700	352	213	0	74
PVP01_0411000	1100	166	1018	82	0	48
PVP01_0946800	37	1229	10	26	0	15
PVP01_0936800	93	1173	44	48	0	4
PVP01_0521000	210	1056	34	175	0	15
PVP01_1400800	464	802	300	161	2	24
PVP01_1243300	47	1219	6	40	0	11
PVP01_1122600	129	1137	78	50	0	20
PVP01_0813300	326	940	35	290	0	54
PVP01_0908800	574	692	245	328	0	56
PVP01_1234000	194	1072	15	178	0	21
PVP01_1238800	413	853	80	332	0	193
PVP01_0414700	600	666	244	355	0	202
PVP01_1408600	298	968	31	266	0	71
PVP01_0621600	274	992	20	253	0	36
PVP01_1270500	325	941	143	181	0	48
PVP01_0830200	124	1142	7	116	0	9
PVP01_1011200	101	1165	10	90	0	12
PVP01_0309200	241	1025	11	229	0	29
PVP01_0922500	83	1183	24	58	0	16
PVP01_1326800	259	1007	26	232	0	30
PVP01_0714000	121	1145	8	112	0	18
PVP01_1421800	210	1056	19	190	0	45
PVP01_0212800	303	963	37	265	0	53
PVP01_1125300	210	1056	28	181	0	18
PVP01_1225000	1037	229	898	138	0	157
PVP01_1346700	303	963	25	277	0	60
PVP01_1343900	253	1013	11	241	0	15
PVP01_1248400	295	971	43	251	0	110
PVP01_0503400	209	1057	21	187	0	22
PVP01_0118200	843	423	636	206	0	149
PVP01_0714400	751	515	485	266	0	71
PVP01_1444500	88	1178	8	79	0	8
PVP01_0203400	291	975	47	243	0	27
PVP01_0316300	28	1238	9	18	0	4
PVP01_1016500	426	840	130	295	0	36
PVP01_1462800	205	1061	19	185	0	12
PVP01_1449600	376	890	57	318	0	165
PVP01_0923000	256	1010	32	223	0	35
PVP01_0922100	139	1127	16	122	0	17
PVP01_1302100	21	1245	9	11	0	7
PVP01_0908400	629	637	298	331	0	125
PVP01_0104100	432	834	83	348	0	339
PVP01_1103600	168	1098	11	156	0	13
PVP01_1463700	352	914	47	300	4	113
PVP01_1224200	65	1201	14	50	0	18
PVP01_0711300	100	1166	3	96	0	5
PVP01_1117500	198	1068	33	164	0	35
PVP01_1335400	171	1095	9	161	0	16
PVP01_1264300	602	664	282	319	0	201
PVP01_0910700	8	1258	1	6	0	3
PVP01_1204600	12	1254	1	10	0	2
PVP01_0319300	50	1216	14	34	1	8
PVP01_1315000	965	301	643	321	0	222
PVP01_1407000	143	1123	10	132	0	12
PVP01_0416200	324	942	154	169	0	26
PVP01_1409400	1050	216	932	117	0	152
PVP01_1457900	1096	170	976	119	0	107
PVP01_0803300	64	1202	0	63	0	1
PVP01_0305500	214	1052	9	204	0	7
PVP01_0706300	107	1159	20	86	0	5
PVP01_1030700	341	925	83	257	0	40
PVP01_1218900	368	898	119	248	0	120
PVP01_0815400	117	1149	6	110	0	24
PVP01_0530800	30	1236	16	13	0	1
PVP01_0943500	70	1196	4	65	0	17
PVP01_0831400	115	1151	12	102	0	5
PVP01_1249800	291	975	38	252	0	95
PVP01_1319700	174	1092	11	162	0	17
PVP01_1206900	384	882	46	337	0	177
PVP01_0937000	141	1125	17	123	0	40
PVP01_1446900	974	292	910	63	0	129
PVP01_1434600	126	1140	16	109	0	24
PVP01_1032800	151	1115	15	135	0	34
PVP01_0205000	339	927	218	120	0	12
PVP01_0734200	228	1038	31	196	0	33
PVP01_0520000	101	1165	20	80	0	7
PVP01_0947700	26	1240	8	17	0	5
PVP01_0724000	140	1126	12	127	0	8
PVP01_1309600	269	997	25	211	32	49
PVP01_1334200	461	805	209	251	0	160
PVP01_0618300	427	839	167	259	0	64
PVP01_1338200	415	851	150	264	0	9
PVP01_1433700	116	1150	4	111	0	5
PVP01_1327100	102	1164	6	95	0	15
PVP01_0204800	157	1109	20	136	0	8
PVP01_0913100	333	933	49	283	0	99
PVP01_1143000	221	1045	92	128	0	7
PVP01_1108900	244	1022	19	224	0	77
PVP01_1144800	445	821	134	310	0	226
PVP01_1220600	689	577	538	151	0	96
PVP01_0206800	419	847	94	324	0	156
PVP01_0731400	385	881	87	297	0	78
PVP01_1108100	7	1259	0	6	0	2
PVP01_0726400	91	1175	9	81	0	4
PVP01_1012600	309	957	73	235	0	115
PVP01_0212500	33	1233	4	28	0	5
PVP01_1234700	102	1164	8	93	0	7
PVP01_0717200	98	1168	18	79	0	27
PVP01_1442200	162	1104	18	143	0	37
PVP01_1119300	22	1244	6	15	0	3
PVP01_1020000	169	1097	53	115	0	16
PVP01_1227300	91	1175	16	74	0	16
PVP01_0504200	322	944	22	298	1	60
PVP01_0732500	312	954	39	272	0	36
PVP01_1440500	208	1058	26	181	0	17
PVP01_0320600	421	845	101	319	0	168
PVP01_0943100	294	972	12	281	0	30
PVP01_0306800	49	1217	8	40	0	11
PVP01_0107600	189	1077	33	155	0	35
PVP01_0513500	730	536	285	444	0	136
PVP01_1248500	122	1144	9	112	0	5
PVP01_0732000	504	762	231	272	0	84
PVP01_0806900	168	1098	20	147	0	29
PVP01_1261200	318	948	32	285	0	88
PVP01_1022700	445	821	154	290	0	90
PVP01_1263400	324	942	56	267	0	100
PVP01_1123600	145	1121	21	123	0	22
PVP01_1021900	37	1229	7	29	0	10
PVP01_0318300	299	967	44	254	0	41
PVP01_1435100	78	1188	2	75	0	7
PVP01_1120700	204	1062	18	185	0	28
PVP01_1419900	332	934	114	217	0	67
PVP01_0602000	114	1152	14	99	0	10
PVP01_0423100	236	1030	71	164	0	37
PVP01_1262400	79	1187	4	74	0	10
PVP01_0816700	177	1089	19	157	0	6
PVP01_0311800	372	894	147	224	0	66
PVP01_1223300	15	1251	4	10	0	2
PVP01_1470000	291	975	35	255	0	49
PVP01_0606700	687	579	561	125	0	43
PVP01_0811100	33	1233	6	26	0	5
PVP01_0801600	1256	10	1240	16	0	6
PVP01_1266300	938	328	635	302	0	23
PVP01_0608000	295	971	25	269	0	53
PVP01_0531300	219	1047	15	203	0	27
PVP01_1004800	289	977	27	261	0	31
PVP01_0529900	299	967	106	192	0	21
PVP01_0948200	126	1140	25	100	0	9
PVP01_0817100	431	835	110	320	0	79
PVP01_0413500	231	1035	31	199	0	64
PVP01_0832100	411	855	84	326	0	173
PVP01_1242700	272	994	27	244	0	66
PVP01_1235800	207	1059	34	172	0	29
PVP01_1226000	177	1089	59	117	0	35
PVP01_1021100	352	914	61	290	0	133
PVP01_0703600	307	959	28	278	0	92
PVP01_0524000	200	1066	22	176	1	15
PVP01_1029000	933	333	781	151	0	176
PVP01_0920500	1099	167	986	112	0	114
PVP01_0802700	84	1182	7	76	0	7
PVP01_0519000	449	817	201	247	0	96
PVP01_0705200	205	1061	15	189	0	32
PVP01_1209300	147	1119	9	137	0	10
PVP01_0706700	552	714	270	282	0	171
PVP01_0514800	127	1139	18	108	0	12
PVP01_0717600	64	1202	12	51	0	10
PVP01_1266900	470	796	248	221	0	66
PVP01_1346100	277	989	24	252	0	33
PVP01_1250700	165	1101	44	120	0	41
PVP01_0116900	244	1022	84	159	0	10
PVP01_0307300	84	1182	6	77	0	7
PVP01_1415400	48	1218	11	36	0	7
PVP01_1308900	63	1203	4	58	0	8
PVP01_1308500	277	989	24	252	0	42
PVP01_0210800	304	962	37	266	0	110
PVP01_1461300	694	572	407	286	0	86
PVP01_0215000	292	974	31	260	0	56
PVP01_0813600	320	946	35	284	0	66
PVP01_1450900	732	534	495	230	6	50
PVP01_1266500	164	1102	22	140	1	14
PVP01_1251600	211	1055	23	187	0	31
PVP01_0104500	977	289	805	171	0	111
PVP01_0801800	1173	93	1138	35	0	43
PVP01_0109000	38	1228	3	34	0	7
PVP01_0821400	274	992	189	84	0	14
PVP01_0707500	316	950	55	260	0	77
PVP01_0734100	896	370	826	69	0	148
PVP01_1255300	116	1150	9	106	0	3
PVP01_0729400	431	835	102	328	0	269
PVP01_0205700	40	1226	19	20	0	9
PVP01_1259400	9	1257	3	5	0	8
PVP01_1439800	298	968	38	259	0	55
PVP01_1329900	665	601	373	291	0	76
PVP01_0405700	111	1155	7	103	0	9
PVP01_0820600	11	1255	6	4	0	3
PVP01_1030500	43	1223	10	32	0	1
PVP01_0923600	518	748	157	360	0	268
PVP01_0802500	623	643	404	217	1	196
PVP01_1261500	18	1248	7	10	0	5
PVP01_0822200	282	984	37	244	0	35
PVP01_1418800	298	968	70	227	0	46
PVP01_1239500	208	1058	25	182	0	20
PVP01_0925000	85	1181	12	72	0	3
PVP01_0509000	32	1234	4	27	0	7
PVP01_0408900	412	854	111	300	0	127
PVP01_1110200	365	901	47	317	0	107
PVP01_1334700	210	1056	83	126	0	14
PVP01_0606300	919	347	778	140	0	215
PVP01_1115300	79	1187	8	70	0	6
PVP01_0103500	38	1228	2	35	0	7
PVP01_1326000	143	1123	99	43	0	15
PVP01_0937200	368	898	92	275	0	65
PVP01_1263200	167	1099	7	159	0	11
PVP01_0705300	77	1189	3	73	0	7
PVP01_1439300	336	930	67	268	0	79
PVP01_0114800	476	790	173	302	0	123
PVP01_0907200	47	1219	3	43	0	9
PVP01_1438800	259	1007	24	234	0	32
PVP01_0528200	113	1153	31	81	0	9
PVP01_0916300	124	1142	11	112	0	15
PVP01_0705000	195	1071	23	171	0	14
PVP01_0106500	181	1085	131	49	0	18
PVP01_0209900	300	966	48	251	0	32
PVP01_0611200	273	993	23	249	0	42
PVP01_0806700	258	1008	117	140	0	17
PVP01_1229000	254	1012	213	40	0	3
PVP01_0519900	27	1239	3	23	0	3
PVP01_1242200	318	948	50	267	0	44
PVP01_0214500	195	1071	13	181	0	26
PVP01_0408000	533	733	231	301	0	125
PVP01_0942400	1259	7	11	131	1116	1
PVP01_0904700	27	1239	3	23	0	9
PVP01_1316400	413	853	143	269	0	76
PVP01_1258900	145	1121	15	129	0	22
PVP01_1307900	306	960	57	248	0	56
PVP01_1270300	642	624	346	295	0	349
PVP01_1318400	221	1045	10	210	0	9
PVP01_1213900	261	1005	25	235	0	22
PVP01_1305700	318	948	37	280	0	69
PVP01_0210100	363	903	51	311	0	123
PVP01_1020400	29	1237	6	22	0	4
PVP01_0409300	217	1049	33	183	0	13
PVP01_1460500	142	1124	13	128	0	24
PVP01_0835100	639	627	359	279	0	280
PVP01_0936700	193	1073	8	184	0	9
PVP01_0211000	205	1061	23	181	0	45
PVP01_0944900	119	1147	13	105	0	28
PVP01_0947900	398	868	77	320	0	142
PVP01_0917700	440	826	161	278	0	29
PVP01_1114600	7	1259	1	5	0	1
PVP01_0908500	184	1082	24	159	0	45
PVP01_1253700	2	1264	1	0	0	1
PVP01_1109900	119	1147	9	109	0	4
PVP01_0406800	390	876	92	297	0	156
PVP01_0824600	43	1223	5	37	0	7
PVP01_1317600	255	1011	43	211	0	27
PVP01_1111300	309	957	47	261	0	49
PVP01_1409900	350	916	40	309	0	97
PVP01_1247100	115	1151	20	94	0	6
PVP01_0926600	64	1202	3	60	0	5
PVP01_1255800	376	890	60	315	0	155
PVP01_0731300	250	1016	36	213	0	26
PVP01_1107700	288	978	26	261	0	39
PVP01_1404300	571	695	427	143	0	208
PVP01_1125000	23	1243	8	14	0	2
PVP01_1337600	193	1073	23	169	0	33
PVP01_1007300	260	1006	44	215	0	69
PVP01_0912300	7	1259	2	4	0	2
PVP01_1230700	201	1065	18	182	0	20
PVP01_0613200	393	873	114	278	0	72
PVP01_1326500	255	1011	22	232	0	19
PVP01_0703800	245	1021	33	211	0	37
PVP01_0622200	357	909	46	310	0	52
PVP01_1404400	354	912	39	314	0	125
PVP01_1125600	126	1140	5	120	0	9
PVP01_0312900	236	1030	23	212	0	33
PVP01_0909000	27	1239	6	20	0	8
PVP01_1315200	181	1085	12	168	0	9
PVP01_0511900	244	1022	18	225	0	31
PVP01_0834700	644	622	447	196	0	362
PVP01_1235300	44	1222	12	31	0	13
PVP01_1429200	170	1096	10	159	0	7
PVP01_0204400	107	1159	10	96	0	5
PVP01_1235500	273	993	26	246	0	69
PVP01_0801700	250	1016	12	237	0	22
PVP01_0210000	176	1090	15	160	0	34
PVP01_0308200	198	1068	18	179	0	37
PVP01_1437800	680	586	265	414	0	182
PVP01_1414200	26	1240	13	12	0	8
PVP01_1438100	165	1101	4	160	0	7
PVP01_0807600	62	1204	10	51	0	9
PVP01_1469300	11	1255	7	3	0	2
PVP01_0525200	406	860	186	219	0	33
PVP01_0810800	22	1244	4	17	0	2
PVP01_1413500	8	1258	2	5	0	2
PVP01_1240000	307	959	81	225	0	68
PVP01_0114400	184	1082	35	148	0	36
PVP01_1310100	122	1144	23	98	0	19
PVP01_0117000	386	880	94	291	0	41
PVP01_0824800	737	529	470	266	0	186
PVP01_1237800	313	953	89	223	0	14
PVP01_0313300	173	1093	16	156	0	7
PVP01_0414400	295	971	33	261	0	80
PVP01_0806000	31	1235	3	27	0	11
PVP01_1115100	512	754	142	369	0	268
PVP01_1444700	407	859	122	284	0	107
PVP01_0728100	150	1116	9	140	0	13
PVP01_1468100	185	1081	23	161	0	14
PVP01_1241900	102	1164	10	91	0	16
PVP01_1322700	361	905	118	242	0	79
PVP01_1455300	798	468	561	236	0	82
PVP01_1342600	836	430	667	168	0	102
PVP01_0923200	426	840	126	299	0	130
PVP01_0524700	184	1082	12	171	0	33
PVP01_0810100	42	1224	10	31	0	3
PVP01_1326300	457	809	135	321	0	69
PVP01_0507100	427	839	186	240	0	118
PVP01_1109800	116	1150	6	109	0	4
PVP01_0620600	296	970	65	230	0	60
PVP01_1424500	71	1195	12	58	0	9
PVP01_1431200	245	1021	26	218	0	51
PVP01_0215300	11	1255	2	8	0	2
PVP01_0505400	472	794	169	302	0	168
PVP01_0831000	567	699	291	275	0	162
PVP01_1450000	1122	144	992	129	0	108
PVP01_1252300	88	1178	7	80	0	8
PVP01_1145400	353	913	225	127	0	11
PVP01_0708200	542	724	262	279	0	76
PVP01_1141900	236	1030	73	162	0	21
PVP01_1319400	207	1059	27	179	0	27
PVP01_1201400	86	1180	8	77	0	16
PVP01_1212300	47	1219	14	32	0	5
PVP01_0907800	84	1182	17	66	0	3
PVP01_0410300	907	359	722	184	0	120
PVP01_1026200	561	705	276	284	0	162
PVP01_1129200	251	1015	22	228	0	55
PVP01_0617400	301	965	51	249	0	72
PVP01_1257000	112	1154	65	46	0	1
PVP01_0313600	321	945	61	259	0	82
PVP01_0718300	484	782	196	287	0	203
PVP01_0806300	25	1241	3	21	0	3
PVP01_0528700	108	1158	17	90	0	13
PVP01_0517600	333	933	63	269	0	53
PVP01_0828100	570	696	270	299	0	131
PVP01_1239900	386	880	74	311	0	147
PVP01_0909200	46	1220	10	35	0	2
PVP01_1034200	297	969	41	255	0	33
PVP01_1402100	251	1015	17	233	0	24
PVP01_0116300	404	862	155	248	0	88
PVP01_1465000	73	1193	10	62	0	5
PVP01_1026600	17	1249	7	9	0	8
PVP01_1019800	704	562	419	284	0	77
PVP01_0608300	854	412	698	155	0	221
PVP01_0515600	980	286	818	161	0	26
PVP01_1453900	402	864	76	325	0	266
PVP01_1456500	822	444	532	289	0	22
PVP01_0802400	228	1038	7	220	0	32
PVP01_0704500	597	669	306	290	0	177
PVP01_0118900	163	1103	23	139	0	24
PVP01_0208000	15	1251	6	8	0	5
PVP01_0817200	9	1257	1	7	0	2
PVP01_0935700	285	981	35	249	0	57
PVP01_1221400	141	1125	26	114	0	4
PVP01_0805300	727	539	568	157	1	52
PVP01_0826700	493	773	343	149	0	59
PVP01_1320000	501	765	174	326	0	283
PVP01_1138100	4	1262	0	3	0	1
PVP01_0708100	265	1001	53	211	0	26
PVP01_1218500	159	1107	14	144	0	9
PVP01_1340000	263	1003	37	225	0	35
PVP01_1459700	304	962	49	254	0	40
PVP01_0317300	34	1232	3	30	0	3
PVP01_0520800	10	1256	6	3	0	4
PVP01_1267800	257	1009	29	227	0	58
PVP01_1242300	473	793	141	318	13	252
PVP01_1110600	17	1249	4	12	0	5
PVP01_1234200	199	1067	20	178	0	16
PVP01_0935500	321	945	84	236	0	61
PVP01_0617800	200	1066	55	144	0	37
PVP01_1125200	26	1240	6	19	0	8
PVP01_0701900	324	942	33	290	0	91
PVP01_0619100	225	1041	40	184	0	25
PVP01_0804500	144	1122	15	128	0	17
PVP01_0731700	248	1018	104	143	0	30
PVP01_1443600	51	1215	13	37	0	7
PVP01_0731000	293	973	67	225	0	47
PVP01_1131400	281	985	33	247	0	62
PVP01_1223100	423	843	130	292	0	94
PVP01_0207700	546	720	314	231	0	82
PVP01_1451600	318	948	71	244	2	49
PVP01_1450100	782	484	568	213	0	204
PVP01_1452300	426	840	131	294	0	160
PVP01_1336800	260	1006	32	227	0	45
PVP01_0509900	303	963	25	277	0	50
PVP01_0509300	709	557	399	309	0	176
PVP01_1241000	699	567	289	409	0	330
PVP01_0915900	410	856	148	261	0	53
PVP01_1402300	173	1093	13	159	0	18
PVP01_1470500	254	1012	33	220	0	11
PVP01_0914700	196	1070	42	153	0	19
PVP01_1317000	297	969	40	256	0	34
PVP01_1448400	573	693	334	238	0	55
PVP01_1228500	63	1203	29	33	0	6
PVP01_0714700	178	1088	19	158	0	14
PVP01_1133100	126	1140	14	111	0	27
PVP01_0710400	101	1165	13	87	0	16
PVP01_0113100	235	1031	150	84	0	2
PVP01_0610700	655	611	428	226	0	382
PVP01_0503900	244	1022	23	220	0	20
PVP01_0946700	231	1035	26	204	0	32
PVP01_0616900	118	1148	38	79	0	22
PVP01_0916450	87	1179	30	56	0	20
PVP01_0507000	135	1131	2	132	0	11
PVP01_0810300	340	926	65	274	0	110
PVP01_1261700	282	984	31	250	0	41
PVP01_1020600	262	1004	117	144	0	4
PVP01_0922400	332	934	45	286	0	87
PVP01_0216700	166	1100	20	145	0	21
PVP01_1017100	36	1230	8	27	0	1
PVP01_0309900	62	1204	8	53	0	10
PVP01_1006300	258	1008	100	157	0	32
PVP01_0216500	166	1100	7	158	0	18
PVP01_1412600	422	844	159	262	0	56
PVP01_1339100	301	965	32	268	0	10
PVP01_1020200	297	969	33	263	0	26
PVP01_1446000	392	874	74	317	0	84
PVP01_1442600	225	1041	15	209	0	39
PVP01_1316800	136	1130	9	126	0	11
PVP01_0117400	182	1084	25	156	0	12
PVP01_0821200	479	787	165	313	0	71
PVP01_0729200	134	1132	13	120	0	19
PVP01_1402700	148	1118	14	133	0	16
PVP01_1124600	204	1062	19	184	0	15
PVP01_0829300	243	1023	30	212	0	60
PVP01_0207500	116	1150	29	86	0	14
PVP01_0903900	162	1104	27	134	0	6
PVP01_0910200	257	1009	47	209	0	21
PVP01_1445800	303	963	52	250	0	57
PVP01_0725600	14	1252	2	11	0	4
PVP01_0602700	158	1108	16	141	0	4
PVP01_0908700	433	833	162	270	0	215
PVP01_0709400	51	1215	11	39	0	11
PVP01_0820400	877	389	630	246	0	35
PVP01_0319800	804	462	568	235	0	72
PVP01_0929400	273	993	24	241	7	48
PVP01_1125700	1066	200	976	90	0	111
PVP01_0941400	1011	255	868	142	0	161
PVP01_0415300	319	947	103	210	5	40
PVP01_1429500	279	987	91	187	0	31
PVP01_0938700	273	993	20	252	0	59
PVP01_1118100	220	1046	57	162	0	2
PVP01_0935100	430	836	122	305	2	206
PVP01_1443700	213	1053	35	177	0	37
PVP01_1242000	25	1241	2	22	0	6
PVP01_1106000	38	1228	1	36	0	7
PVP01_1253100	318	948	73	244	0	85
PVP01_1319100	976	290	819	156	0	152
PVP01_1308000	342	924	95	246	0	76
PVP01_0935800	249	1017	20	147	81	16
PVP01_1458200	128	1138	10	117	0	12
PVP01_1244900	286	980	22	263	0	52
PVP01_0926100	289	977	56	232	0	17
PVP01_1449100	341	925	81	259	0	50
PVP01_1314400	122	1144	19	102	0	22
PVP01_0909700	162	1104	22	139	0	40
PVP01_0518200	404	862	163	240	0	45
PVP01_0710500	371	895	99	271	0	92
PVP01_1440800	1252	14	1213	39	0	13
PVP01_0506400	182	1084	14	167	0	18
PVP01_1110100	9	1257	0	8	0	1
PVP01_1214900	288	978	84	203	0	50
PVP01_0703100	27	1239	3	23	0	4
PVP01_1217500	292	974	35	256	0	55
PVP01_1137000	950	316	362	279	308	33
PVP01_0727000	74	1192	17	56	0	7
PVP01_1104000	81	1185	12	68	0	8
PVP01_1313200	314	952	44	269	0	101
PVP01_1419200	340	926	70	268	1	79
PVP01_0905500	66	1200	15	50	0	7
PVP01_1413000	96	1170	3	92	0	13
PVP01_0207400	502	764	272	229	0	52
PVP01_0605400	485	781	139	345	0	93
PVP01_1446300	132	1134	10	121	0	13
PVP01_1032700	241	1025	15	225	0	45
PVP01_0520300	60	1206	10	49	0	13
PVP01_1252100	20	1246	2	17	0	6
PVP01_0413200	246	1020	29	216	0	58
PVP01_1005900	119	1147	20	98	0	12
PVP01_1221700	131	1135	47	83	0	8
PVP01_1441500	702	564	402	299	0	65
PVP01_1434700	175	1091	11	163	0	14
PVP01_1303700	169	1097	8	160	0	11
PVP01_1211500	328	938	112	215	0	23
PVP01_0204300	116	1150	10	105	0	4
PVP01_0823000	561	705	325	235	0	66
PVP01_1103400	16	1250	2	13	0	1
PVP01_0735100	318	948	14	303	0	71
PVP01_0818000	328	938	78	249	0	73
PVP01_1434500	702	564	390	312	0	88
PVP01_0319000	257	1009	29	227	0	41
PVP01_1432500	3	1263	0	2	0	2
PVP01_1454000	340	926	40	299	0	48
PVP01_1138900	283	983	40	242	0	41
PVP01_1005000	174	1092	13	159	1	30
PVP01_0415200	370	896	154	215	0	26
PVP01_1210800	232	1034	21	210	0	40
PVP01_1413700	446	820	112	333	0	187
PVP01_0904500	248	1018	14	233	0	6
PVP01_0520400	329	937	148	180	0	22
PVP01_0212600	111	1155	12	98	0	35
PVP01_1414400	529	737	304	224	0	76
PVP01_0527600	56	1210	5	50	0	9
PVP01_1444300	204	1062	10	193	0	22
PVP01_0721100	137	1129	14	122	0	21
PVP01_1460000	23	1243	4	18	0	5
PVP01_1214200	301	965	36	264	0	22
PVP01_1314100	66	1200	4	61	0	7
PVP01_1440400	130	1136	13	116	0	18
PVP01_1429800	48	1218	7	40	0	7
PVP01_0604300	501	765	207	293	0	165
PVP01_0504000	254	1012	20	233	0	53
PVP01_0827200	344	922	229	114	0	30
PVP01_1034300	177	1089	16	160	0	11
PVP01_1311200	40	1226	23	16	0	7
PVP01_1268600	431	835	90	340	0	267
PVP01_1112500	214	1052	7	206	0	9
PVP01_1240200	95	1171	35	59	0	8
PVP01_0711600	65	1201	8	56	0	12
PVP01_0831300	315	951	39	275	0	46
PVP01_1233400	364	902	128	235	0	61
PVP01_1204300	970	296	847	122	0	86
PVP01_1203900	251	1015	72	178	0	40
PVP01_0720400	240	1026	47	192	0	18
PVP01_1436200	224	1042	41	182	0	35
PVP01_0510400	102	1164	7	94	0	7
PVP01_0317600	21	1245	4	16	0	4
PVP01_0807300	21	1245	1	19	0	2
PVP01_1254000	219	1047	21	197	0	48
PVP01_0816800	384	882	37	346	0	312
PVP01_0912400	334	932	45	288	0	89
PVP01_0532200	213	1053	91	121	0	26
PVP01_1256400	202	1064	25	176	0	31
PVP01_1267600	161	1105	5	155	0	9
PVP01_0213800	529	737	183	345	0	399
PVP01_0928600	428	838	86	341	0	36
PVP01_1342000	117	1149	3	113	0	4
PVP01_1342100	435	831	101	333	0	134
PVP01_0921900	530	736	228	301	0	157
PVP01_0729300	207	1059	23	183	0	29
PVP01_0905200	113	1153	13	99	0	17
PVP01_0912000	247	1019	16	230	0	41
PVP01_1333200	67	1199	4	62	0	15
PVP01_1123300	116	1150	4	111	0	14
PVP01_0315100	452	814	138	313	0	120
PVP01_0921700	552	714	256	295	0	98
PVP01_1329800	422	844	145	276	0	90
PVP01_0306600	283	983	82	200	0	19
PVP01_1125800	400	866	153	246	0	62
PVP01_1124100	226	1040	40	185	0	27
PVP01_1304100	725	541	376	348	0	221
PVP01_0611700	62	1204	5	56	0	2
PVP01_0508500	53	1213	8	44	0	15
PVP01_0906100	323	943	16	306	0	56
PVP01_0609400	70	1196	6	63	0	5
PVP01_0304200	837	429	586	250	0	110
PVP01_0815000	513	753	241	271	0	312
PVP01_1340700	78	1188	8	69	0	19
PVP01_1137400	1063	203	911	151	0	101
PVP01_1316100	832	434	604	226	1	293
PVP01_1124500	236	1030	16	219	0	29
PVP01_0705100	336	930	74	261	0	32
PVP01_1218300	145	1121	9	135	0	13
PVP01_1202800	538	728	325	212	0	177
PVP01_1230900	134	1132	17	116	0	4
PVP01_0818400	504	762	144	359	0	267
PVP01_1202400	343	923	32	310	0	77
PVP01_1260200	95	1171	5	89	0	5
PVP01_1458500	1176	90	1097	79	0	57
PVP01_1470200	871	395	671	199	0	68
PVP01_0724800	292	974	170	121	0	38
PVP01_0726800	152	1114	39	112	0	14
PVP01_0706900	89	1177	6	82	0	3
PVP01_0405000	1237	29	1215	21	0	11
PVP01_0531900	708	558	583	124	0	48
PVP01_0212700	226	1040	22	203	0	34
PVP01_0709700	46	1220	8	37	0	11
PVP01_1219100	242	1024	31	210	0	39
PVP01_0805500	121	1145	17	103	0	5
PVP01_1457700	43	1223	1	41	0	8
PVP01_1119500	113	1153	16	96	0	14
PVP01_1101400	287	979	84	171	31	45
PVP01_1332100	258	1008	17	237	3	28
PVP01_0722300	475	791	260	214	0	37
PVP01_0405900	383	883	36	346	0	30
PVP01_0826900	112	1154	25	86	0	5
PVP01_0710200	184	1082	22	161	0	47
PVP01_1334000	154	1112	30	123	0	60
PVP01_0905400	297	969	59	237	0	56
PVP01_0613900	30	1236	9	20	0	8
PVP01_1411300	37	1229	5	31	0	5
PVP01_0413000	229	1037	41	187	0	36
PVP01_1333500	903	363	708	194	0	126
PVP01_0207800	55	1211	17	37	0	2
PVP01_0411600	17	1249	14	2	0	2
PVP01_0212100	1148	118	1050	98	0	94
PVP01_1218600	210	1056	11	198	0	36
PVP01_0104900	452	814	166	285	0	184
PVP01_0725900	298	968	60	229	8	68
PVP01_0617100	300	966	46	253	0	72
PVP01_1428500	241	1025	63	177	0	29
PVP01_1015400	348	918	88	259	0	60
PVP01_1265800	10	1256	5	4	0	1
PVP01_1131100	265	1001	31	233	0	41
PVP01_0118000	155	1111	20	134	0	10
PVP01_0813700	469	797	180	288	0	141
PVP01_0838200	462	804	236	224	1	45
PVP01_1338300	69	1197	8	60	0	2
PVP01_1334400	984	282	833	150	0	120
PVP01_0104200	550	716	210	340	0	205
PVP01_1136600	33	1233	7	25	0	6
PVP01_0837300	235	1031	26	208	0	10
PVP01_1301200	148	1118	15	132	0	17
PVP01_0113400	92	1174	74	17	0	4
PVP01_1340300	623	643	227	395	0	363
PVP01_1433300	205	1061	9	195	0	12
PVP01_1108500	174	1092	13	160	0	41
PVP01_0928000	98	1168	17	80	0	15
PVP01_1335200	368	898	74	293	0	134
PVP01_0507300	411	855	141	269	0	139
PVP01_0305400	214	1052	50	163	0	38
PVP01_0729100	559	707	243	315	0	141
PVP01_0905100	727	539	512	214	0	188
PVP01_1315900	17	1249	11	5	0	2
PVP01_1248600	322	944	33	288	0	91
PVP01_0916800	293	973	90	202	0	16
PVP01_0616400	236	1030	68	167	0	49
PVP01_0719700	529	737	215	313	0	304
PVP01_1316500	4	1262	2	1	0	1
PVP01_0511600	289	977	45	243	0	82
PVP01_1469200	468	798	167	300	0	152
PVP01_1256000	464	802	267	196	0	68
PVP01_0716500	129	1137	5	123	0	7
PVP01_0206700	984	282	866	117	0	131
PVP01_0934100	140	1126	7	132	0	7
PVP01_1032200	102	1164	3	98	0	17
PVP01_0821100	63	1203	6	56	0	2
PVP01_0603300	91	1175	10	80	0	21
PVP01_0909900	724	542	502	221	0	191
PVP01_0107700	398	868	71	326	0	181
PVP01_1113900	614	652	373	240	0	282
PVP01_1335000	175	1091	8	166	0	3
PVP01_0105200	388	878	102	285	0	82
PVP01_1345600	258	1008	9	248	0	31
PVP01_1446400	190	1076	46	143	0	30
PVP01_0318800	235	1031	24	210	0	29
PVP01_1345800	255	1011	25	229	0	45
PVP01_1323600	558	708	337	219	1	100
PVP01_0826300	588	678	320	267	0	129
PVP01_1466700	397	869	75	319	2	88
PVP01_1328700	365	901	121	243	0	55
PVP01_1435300	243	1023	67	175	0	15
PVP01_1467200	393	873	59	333	0	183
PVP01_0510500	263	1003	24	238	0	52
PVP01_1450200	365	901	56	308	0	78
PVP01_0940400	103	1163	7	95	0	14
PVP01_0411400	244	1022	19	224	0	48
PVP01_1342500	513	753	187	325	0	224
PVP01_0721800	239	1027	19	219	0	47
PVP01_1009200	21	1245	2	18	0	3
PVP01_0812000	49	1217	8	40	0	12
PVP01_1217200	490	776	200	289	0	263
PVP01_0111400	311	955	43	267	0	54
PVP01_0921000	264	1002	101	162	0	17
PVP01_0112400	485	781	196	288	0	182
PVP01_1403900	12	1254	2	9	0	6
PVP01_1405500	338	928	34	303	0	67
PVP01_0209500	285	981	90	194	0	16
PVP01_1011900	17	1249	10	6	0	3
PVP01_1468600	221	1045	57	163	0	32
PVP01_0529600	725	541	519	203	2	239
PVP01_0105500	762	504	632	129	0	65
PVP01_0517400	52	1214	8	43	0	2
PVP01_0412600	182	1084	10	171	0	2
PVP01_1445200	21	1245	5	15	0	8
PVP01_0717400	192	1074	60	131	0	5
PVP01_1139500	733	533	462	270	0	70
PVP01_1262600	187	1079	15	171	0	26
PVP01_1021000	140	1126	23	116	0	24
PVP01_0602800	460	806	236	223	0	68
PVP01_1313800	589	677	355	233	0	43
PVP01_0915200	240	1026	17	222	0	19
PVP01_1265900	168	1098	22	145	0	7
PVP01_0603100	305	961	37	267	0	33
PVP01_1449700	14	1252	1	12	0	1
PVP01_1139300	507	759	222	284	0	237
PVP01_0939900	530	736	325	203	1	144
PVP01_1249900	38	1228	6	31	0	6
PVP01_0418900	247	1019	36	210	0	13
PVP01_1432000	61	1205	5	55	0	10
PVP01_1118000	47	1219	5	41	0	5
PVP01_0933100	26	1240	3	22	0	6
PVP01_0718400	296	970	82	213	0	28
PVP01_0931500	514	752	204	309	0	165
PVP01_1111600	159	1107	58	100	0	20
PVP01_1110900	220	1046	24	195	0	25
PVP01_0801100	490	776	225	264	0	177
PVP01_0312100	273	993	27	245	0	37
PVP01_1454400	100	1166	10	89	0	24
PVP01_0833500	41	1225	3	37	0	5
PVP01_0515500	261	1005	19	241	0	12
PVP01_0526500	306	960	137	168	0	13
PVP01_0933900	463	803	178	284	0	128
PVP01_1437400	117	1149	10	106	0	9
PVP01_0410500	415	851	147	267	0	70
PVP01_0422700	431	835	237	194	0	56
PVP01_0938900	223	1043	24	198	0	55
PVP01_0715300	64	1202	8	55	0	19
PVP01_1006700	15	1251	6	8	0	3
PVP01_1124300	253	1013	9	243	0	39
PVP01_1137700	136	1130	15	120	0	16
PVP01_1255000	1018	248	901	116	0	95
PVP01_0412400	1159	107	1105	53	0	92
PVP01_0938800	26	1240	9	16	0	4
PVP01_1451500	977	289	885	91	0	92
PVP01_1247200	216	1050	35	180	0	12
PVP01_0815900	208	1058	28	179	0	8
PVP01_1467700	100	1166	9	90	0	7
PVP01_1403400	361	905	56	304	0	104
PVP01_0934400	671	595	394	275	1	52
PVP01_1223700	961	305	876	84	0	138
PVP01_1300900	170	1096	14	155	0	5
PVP01_1139800	250	1016	182	67	0	4
PVP01_1342800	432	834	73	357	1	241
PVP01_0523500	412	854	269	140	2	24
PVP01_1240800	59	1207	21	37	0	11
PVP01_0914300	329	937	130	198	0	32
PVP01_0722700	593	673	297	295	0	115
PVP01_0623900	37	1229	11	25	0	8
PVP01_1463200	77	1189	11	65	0	1
PVP01_1415200	151	1115	8	142	0	16
PVP01_1464800	258	1008	148	109	0	21
PVP01_1448500	245	1021	146	98	0	21
PVP01_1126800	412	854	142	269	0	74
PVP01_1222000	229	1037	30	198	0	19
PVP01_1010400	137	1129	20	116	0	9
PVP01_1446100	171	1095	25	145	0	20
PVP01_0314000	358	908	71	286	0	91
PVP01_1314900	255	1011	73	181	0	33
PVP01_1453700	57	1209	16	40	0	4
PVP01_0824200	233	1033	88	144	0	28
PVP01_0946400	401	865	263	137	0	27
PVP01_0114200	573	693	315	257	0	212
PVP01_0723100	418	848	142	275	0	152
PVP01_1237300	288	978	29	258	0	48
PVP01_0516900	9	1257	3	5	0	4
PVP01_0701500	31	1235	8	22	0	3
PVP01_0611800	912	354	637	273	1	165
PVP01_0702400	285	981	118	166	0	23
PVP01_0720200	958	308	757	200	0	124
PVP01_1411000	53	1213	4	48	0	12
PVP01_1416000	69	1197	8	54	6	4
PVP01_1469800	388	878	125	262	0	57
PVP01_1266800	158	1108	15	142	0	18
PVP01_1145800	389	877	185	203	0	33
PVP01_1133000	6	1260	4	1	0	4
PVP01_0923300	84	1182	10	73	0	14
PVP01_0118700	191	1075	22	168	0	32
PVP01_1448200	739	527	440	298	0	102
PVP01_0905300	186	1080	14	171	0	31
PVP01_1461200	370	896	102	267	0	59
PVP01_0520200	160	1106	32	127	0	11
PVP01_0817800	956	310	749	206	0	109
PVP01_0910000	265	1001	66	198	0	18
PVP01_1145600	296	970	38	257	0	29
PVP01_0318000	538	728	286	251	0	85
PVP01_0825500	125	1141	27	97	0	17
PVP01_1012400	250	1016	14	235	0	23
PVP01_1246700	300	966	25	274	0	50
PVP01_0941600	355	911	39	315	0	135
PVP01_1445700	1007	259	874	133	0	169
PVP01_0828500	157	1109	34	122	0	13
PVP01_0211900	265	1001	20	244	0	39
PVP01_1123800	73	1193	5	67	0	6
PVP01_0308500	176	1090	38	137	0	18
PVP01_1318600	103	1163	13	88	1	8
PVP01_1256300	325	941	98	226	0	60
PVP01_0726700	378	888	182	192	3	44
PVP01_0619500	67	1199	13	53	0	11
PVP01_0711000	390	876	124	265	0	131
PVP01_0945300	219	1047	42	176	0	15
PVP01_1027400	162	1104	27	134	0	17
PVP01_1205100	160	1106	6	153	0	10
PVP01_1343700	655	611	373	281	0	72
PVP01_0730900	125	1141	26	98	0	5
PVP01_1424300	339	927	69	269	0	116
PVP01_1249400	116	1150	14	101	0	8
PVP01_1253600	495	771	195	299	0	224
PVP01_0117300	96	1170	12	83	0	12
PVP01_0838300	163	1103	14	148	0	19
PVP01_0926500	278	988	17	260	0	57
PVP01_1338800	131	1135	52	78	0	9
PVP01_1101500	393	873	81	272	39	103
PVP01_1009100	171	1095	18	152	0	26
PVP01_0944200	388	878	55	294	38	90
PVP01_1254900	82	1184	11	70	0	14
PVP01_0815700	88	1178	38	49	0	3
PVP01_0836000	163	1103	12	150	0	4
PVP01_0314800	39	1227	6	32	0	13
PVP01_1417600	285	981	29	255	0	71
PVP01_0802300	49	1217	10	38	0	9
PVP01_1030800	351	915	116	234	0	60
PVP01_0307600	988	278	842	145	0	68
PVP01_1305300	155	1111	35	119	0	17
PVP01_0931300	384	882	129	254	0	72
PVP01_0731500	539	727	360	178	0	112
PVP01_0933800	3	1263	0	2	0	1
PVP01_0945800	295	971	25	269	0	37
PVP01_0527400	888	378	722	166	0	215
PVP01_0510100	298	968	56	241	0	47
PVP01_1317800	67	1199	12	54	0	12
PVP01_1328000	178	1088	24	153	0	19
PVP01_1233500	313	953	37	275	0	94
PVP01_0503500	318	948	30	287	0	17
PVP01_1330900	75	1191	20	54	0	4
PVP01_0527500	400	866	117	282	0	50
PVP01_1442400	217	1049	18	198	0	16
PVP01_1205400	113	1153	25	87	0	14
PVP01_1205200	193	1073	53	139	0	24
PVP01_0602200	285	981	29	255	0	33
PVP01_0317000	564	702	314	249	0	67
PVP01_0509800	229	1037	30	198	0	18
PVP01_1213100	38	1228	12	25	0	9
PVP01_0707200	227	1039	58	165	3	26
PVP01_0712000	372	894	141	230	0	79
PVP01_1243200	39	1227	0	38	0	6
PVP01_1426300	40	1226	2	37	0	2
PVP01_1461000	513	753	224	287	1	98
PVP01_1412700	61	1205	18	42	0	10
PVP01_1241700	268	998	17	250	0	48
PVP01_1249500	515	751	191	323	0	350
PVP01_1438200	6	1260	4	1	0	2
PVP01_1226800	29	1237	0	28	0	4
PVP01_1116300	253	1013	44	208	0	52
PVP01_0620100	697	569	409	287	0	192
PVP01_1309700	262	1004	94	167	0	54
PVP01_0315600	698	568	443	254	0	279
PVP01_1258500	1248	18	1223	25	0	14
PVP01_1468400	93	1173	5	87	0	6
PVP01_0529300	768	498	562	205	0	288
PVP01_0202300	1040	226	845	194	0	63
PVP01_0838100	158	1108	40	117	0	15
PVP01_0932700	357	909	161	195	0	53
PVP01_0209700	33	1233	8	24	0	8
PVP01_0702600	175	1091	20	154	0	27
PVP01_0526700	181	1085	26	154	0	16
PVP01_1330700	36	1230	7	28	0	13
PVP01_0213300	410	856	90	319	0	107
PVP01_1314500	125	1141	18	106	0	22
PVP01_0415000	132	1134	8	123	0	3
PVP01_1240700	112	1154	22	89	0	12
PVP01_1315500	60	1206	6	53	0	6
PVP01_1449400	179	1087	11	167	0	18
PVP01_1416700	217	1049	7	209	0	25
PVP01_1116600	247	1019	12	234	0	10
PVP01_0724400	95	1171	52	42	0	2
PVP01_0702500	307	959	31	275	0	57
PVP01_1313100	415	851	141	273	0	108
PVP01_1029400	53	1213	9	43	0	8
PVP01_0917300	323	943	31	291	0	45
PVP01_1323300	69	1197	6	62	0	2
PVP01_1466800	1014	252	737	276	0	52
PVP01_0925700	21	1245	2	18	0	5
PVP01_0313900	1115	151	1048	66	0	72
PVP01_0816300	248	1018	21	226	0	39
PVP01_1336600	14	1252	5	8	0	1
PVP01_1032300	112	1154	13	98	0	19
PVP01_0606600	182	1084	25	156	0	30
PVP01_1325500	410	856	104	305	0	119
PVP01_1013900	123	1143	8	114	0	2
PVP01_1209400	1059	207	878	180	0	54
PVP01_0302100	295	971	23	271	0	13
PVP01_0214300	599	667	224	375	0	157
PVP01_1236100	593	673	443	149	0	28
PVP01_1246800	48	1218	7	40	0	6
PVP01_0821900	503	763	186	314	2	61
PVP01_1321600	29	1237	3	25	0	2
PVP01_0608400	176	1090	24	151	0	13
PVP01_0920600	1259	7	1253	6	0	5
PVP01_0722800	205	1061	14	190	0	22
PVP01_0307900	311	955	29	281	0	101
PVP01_1222600	206	1060	13	192	0	27
PVP01_0812300	68	1198	14	53	0	9
PVP01_0715100	127	1139	8	118	0	4
PVP01_1458100	260	1006	15	240	4	42
PVP01_0837500	101	1165	9	91	0	18
PVP01_0612000	206	1060	15	190	0	19
PVP01_0732700	451	815	185	265	0	64
PVP01_1225700	35	1231	15	18	1	9
PVP01_0411900	21	1245	4	16	0	4
PVP01_0508600	117	1149	10	106	0	24
PVP01_1324000	267	999	70	196	0	18
PVP01_1238000	247	1019	41	205	0	41
PVP01_1258200	178	1088	10	167	0	17
PVP01_1312000	128	1138	9	118	0	5
PVP01_0833200	40	1226	4	35	0	1
PVP01_1129800	302	964	63	238	0	34
PVP01_0314200	199	1067	23	175	0	3
PVP01_1230400	305	961	157	145	2	19
PVP01_1344800	39	1227	2	30	6	6
PVP01_1465200	172	1094	41	130	0	11
PVP01_1111000	127	1139	16	110	0	22
PVP01_1228900	27	1239	13	13	0	4
PVP01_1119100	223	1043	35	187	0	23
PVP01_0214600	340	926	70	269	0	55
PVP01_1456600	482	784	140	341	0	114
PVP01_0208400	20	1246	5	14	0	4
PVP01_1325900	349	917	42	306	0	69
PVP01_1421900	744	522	507	236	0	166
PVP01_0704200	358	908	43	314	0	114
PVP01_0723300	41	1225	4	36	0	4
PVP01_0724300	656	610	360	295	0	115
PVP01_1115200	15	1251	2	12	0	6
PVP01_0611300	156	1110	23	132	0	11
PVP01_0616300	88	1178	10	77	0	7
PVP01_1458600	184	1082	80	103	0	25
PVP01_1146300	332	934	33	298	0	89
PVP01_1457300	608	658	297	310	0	262
PVP01_0818200	36	1230	4	31	0	5
PVP01_1257900	256	1010	71	184	0	57
PVP01_1447400	523	743	272	250	0	184
PVP01_1439900	232	1034	22	209	0	17
PVP01_0814600	467	799	249	217	0	181
PVP01_1401200	190	1076	19	170	0	14
PVP01_1245500	12	1254	1	10	0	1
PVP01_0828000	360	906	92	267	0	80
PVP01_1111500	192	1074	15	176	0	20
PVP01_1146900	815	451	545	269	0	171
PVP01_1251200	245	1021	27	216	1	70
PVP01_1438000	321	945	42	278	0	33
PVP01_1141700	99	1167	20	78	0	28
PVP01_1205500	843	423	693	149	0	90
PVP01_1147200	154	1112	11	142	0	12
PVP01_0928800	335	931	71	263	0	62
PVP01_1452100	151	1115	31	119	0	21
PVP01_1246400	118	1148	31	86	0	8
PVP01_0615800	127	1139	16	110	0	18
PVP01_1033800	136	1130	19	116	0	24
PVP01_1447600	259	1007	32	226	0	16
PVP01_0719200	90	1176	12	77	0	3
PVP01_1450300	224	1042	41	182	0	6
PVP01_0114700	300	966	34	265	0	14
PVP01_0947600	689	577	340	348	0	330
PVP01_0816500	269	997	58	210	0	41
PVP01_1432200	142	1124	9	132	0	8
PVP01_0918300	43	1223	3	39	0	1
PVP01_0318200	101	1165	23	77	0	14
PVP01_0714300	43	1223	11	31	0	13
PVP01_0917100	304	962	58	245	0	16
PVP01_0518400	158	1108	23	134	0	17
PVP01_1236600	122	1144	34	87	0	6
PVP01_0802800	420	846	94	325	0	126
PVP01_0620800	943	323	737	205	0	37
PVP01_0619800	15	1251	2	12	0	4
PVP01_1013700	375	891	54	320	0	41
PVP01_0420300	467	799	169	297	0	32
PVP01_0805400	245	1021	23	221	0	42
PVP01_0306400	103	1163	13	89	0	14
PVP01_1107200	33	1233	9	23	0	3
PVP01_1331200	34	1232	8	25	0	7
PVP01_0723900	405	861	229	175	0	12
PVP01_1434900	67	1199	4	62	0	12
PVP01_1216600	220	1046	23	196	0	8
PVP01_0105300	339	927	64	274	0	78
PVP01_1427100	85	1181	2	82	0	10
PVP01_0622400	4	1262	2	1	0	1
PVP01_0605800	447	819	136	310	0	176
PVP01_1339800	166	1100	22	143	0	22
PVP01_1438500	131	1135	7	123	0	20
PVP01_0727500	228	1038	76	151	0	12
PVP01_1008200	193	1073	19	173	0	19
PVP01_1468800	161	1105	14	146	0	37
PVP01_0114600	211	1055	42	168	0	15
PVP01_0817900	134	1132	13	120	0	20
PVP01_0408700	354	912	70	283	0	110
PVP01_0303000	229	1037	30	198	0	18
PVP01_1454700	44	1222	10	33	0	10
PVP01_0118300	775	491	522	252	0	305
PVP01_0409100	100	1166	24	75	0	19
PVP01_0828800	833	433	638	194	0	184
PVP01_0517900	1234	32	1224	9	0	11
PVP01_1441200	144	1122	6	137	0	11
PVP01_1439100	304	962	43	260	0	30
PVP01_0912500	604	662	382	221	0	56
PVP01_1249300	276	990	36	239	0	38
PVP01_1118200	153	1113	5	147	0	6
PVP01_0310400	225	1041	31	193	0	15
PVP01_1033100	365	901	40	324	0	27
PVP01_0623400	139	1127	14	124	0	16
PVP01_0717300	712	554	475	236	0	39
PVP01_1010600	8	1258	1	6	0	1
PVP01_1310300	214	1052	15	198	0	18
PVP01_0942300	155	1111	4	150	0	5
PVP01_1305600	349	917	117	231	0	57
PVP01_1419400	1048	218	1004	44	0	12
PVP01_1124800	100	1166	13	86	0	11
PVP01_0611100	469	797	179	289	0	136
PVP01_0508900	17	1249	7	9	0	5
PVP01_1003000	232	1034	11	220	0	19
PVP01_1342300	199	1067	16	179	3	36
PVP01_0727300	412	854	62	239	110	34
PVP01_0606000	358	908	79	278	0	65
PVP01_0911600	148	1118	46	101	0	15
PVP01_1222900	400	866	147	252	0	41
PVP01_0942100	125	1141	5	119	0	9
PVP01_1346600	46	1220	4	41	0	11
PVP01_1410400	652	614	389	262	0	123
PVP01_0529400	603	663	333	269	0	351
PVP01_1257100	175	1091	57	117	0	22
PVP01_1420700	273	993	28	244	0	73
PVP01_1446700	166	1100	18	147	0	25
PVP01_1131000	175	1091	11	163	0	8
PVP01_1009000	254	1012	37	216	0	34
PVP01_0712700	382	884	143	238	0	56
PVP01_1011000	404	862	121	282	0	130
PVP01_1345400	167	1099	30	136	0	32
PVP01_1128000	60	1206	12	47	0	12
PVP01_0506900	120	1146	8	111	0	12
PVP01_1340800	408	858	92	315	0	164
PVP01_1308600	316	950	44	271	0	61
PVP01_1264100	418	848	68	349	0	306
PVP01_1262500	382	884	46	335	0	64
PVP01_1007800	178	1088	21	156	0	41
PVP01_1133600	359	907	175	183	0	47
PVP01_1243900	296	970	28	267	0	58
PVP01_1404600	267	999	28	238	0	72
PVP01_0110500	413	853	136	276	0	40
PVP01_0917600	850	416	572	277	0	65
PVP01_0114000	647	619	443	203	0	74
PVP01_1015000	123	1143	19	103	0	14
PVP01_1421000	115	1151	8	106	0	19
PVP01_1263300	9	1257	3	5	0	3
PVP01_1322900	44	1222	13	30	0	6
PVP01_1445100	257	1009	22	234	0	41
PVP01_0826800	311	955	74	236	0	40
PVP01_0111200	587	679	388	198	0	93
PVP01_0818700	304	962	24	279	0	31
PVP01_0715600	173	1093	19	153	0	22
PVP01_1026400	1006	260	824	115	66	97
PVP01_0604200	1196	70	1129	67	0	54
PVP01_1206300	117	1149	8	108	0	8
PVP01_0102700	120	1146	32	87	0	2
PVP01_0533000	643	623	336	306	0	40
PVP01_1269200	230	1036	18	211	0	48
PVP01_1032400	430	836	97	332	0	176
PVP01_1453800	207	1059	18	188	0	24
PVP01_0920200	359	907	42	316	0	56
PVP01_0944800	11	1255	3	7	0	4
PVP01_1132400	274	992	33	240	0	30
PVP01_1144000	14	1252	2	11	0	4
PVP01_0933200	361	905	45	314	1	138
PVP01_0945000	57	1209	12	44	0	1
PVP01_1341800	291	975	75	215	0	11
PVP01_0112700	491	775	207	283	0	127
PVP01_0416600	168	1098	19	147	1	7
PVP01_0925200	206	1060	69	136	0	14
PVP01_0530600	164	1102	25	138	0	15
PVP01_1304600	506	760	202	303	0	117
PVP01_0725400	273	993	56	216	0	28
PVP01_1426000	292	974	52	239	0	52
PVP01_1414300	211	1055	19	191	0	54
PVP01_0719400	10	1256	6	3	0	2
PVP01_1137300	337	929	179	152	5	16
PVP01_0723000	515	751	283	231	0	126
PVP01_1448300	130	1136	39	90	0	16
PVP01_1328300	514	752	355	158	0	31
PVP01_1301500	149	1117	9	139	0	11
PVP01_1235400	175	1091	13	161	0	14
PVP01_1320500	790	476	587	202	0	72
PVP01_1338000	249	1017	30	218	0	33
PVP01_1408200	253	1013	18	234	0	27
PVP01_0423300	54	1212	9	44	0	14
PVP01_0316500	46	1220	23	22	0	7
PVP01_1137100	20	1246	6	13	0	4
PVP01_0602600	28	1238	16	11	0	8
PVP01_1263100	181	1085	20	159	1	23
PVP01_0712300	342	924	80	261	0	85
PVP01_1143500	127	1139	8	118	0	17
PVP01_1226900	312	954	29	282	0	27
PVP01_1232400	726	540	522	202	1	304
PVP01_0909600	66	1200	6	59	0	11
PVP01_0104600	290	976	15	274	0	40
PVP01_1211300	109	1157	14	94	0	12
PVP01_1321000	227	1039	40	186	0	9
PVP01_0713300	485	781	182	302	0	116
PVP01_1445300	321	945	53	267	0	57
PVP01_0530500	94	1172	15	78	0	13
PVP01_0603900	366	900	127	238	0	68
PVP01_0517300	181	1085	24	156	0	31
PVP01_0308700	468	798	201	266	0	47
PVP01_1262100	36	1230	4	31	0	15
PVP01_0525300	251	1015	23	227	0	37
PVP01_0618200	454	812	138	315	0	94
PVP01_0605700	203	1063	25	177	0	23
PVP01_0602500	1014	252	810	177	27	119
PVP01_1132900	192	1074	22	169	0	17
PVP01_1342400	662	604	375	286	0	31
PVP01_1447500	83	1183	68	14	0	4
PVP01_0418300	317	949	152	164	0	33
PVP01_1264600	466	800	129	336	0	303
PVP01_1430000	177	1089	20	156	0	8
PVP01_1433200	27	1239	2	24	0	3
PVP01_0521900	84	1182	7	76	0	6
PVP01_1303800	214	1052	26	187	0	40
PVP01_0606800	262	1004	19	242	0	38
PVP01_1339000	198	1068	30	167	0	18
PVP01_1231800	178	1088	73	104	0	5
PVP01_1209800	176	1090	18	157	0	21
PVP01_1237200	994	272	706	287	0	167
PVP01_1423300	839	427	672	166	0	158
PVP01_1028900	924	342	707	216	0	121
PVP01_1412200	273	993	118	154	0	13
PVP01_1119800	596	670	270	325	0	430
PVP01_1007250	53	1213	4	48	0	3
PVP01_1102900	216	1050	12	203	0	24
PVP01_1414900	337	929	44	292	0	105
PVP01_1269900	15	1251	0	14	0	5
PVP01_0946900	46	1220	5	40	0	13
PVP01_0305100	589	677	302	287	0	222
PVP01_0918500	629	637	150	478	0	189
PVP01_0715900	302	964	18	283	0	34
PVP01_1412900	181	1085	12	168	0	3
PVP01_1127800	417	849	134	282	0	153
PVP01_0525900	47	1219	14	32	0	8
PVP01_0818800	236	1030	50	185	0	11
PVP01_0406900	175	1091	11	163	0	38
PVP01_1104700	187	1079	12	174	0	34
PVP01_1266700	474	792	223	250	0	94
PVP01_0906200	1265	1	1265	0	0	1
PVP01_1420300	260	1006	37	222	0	52
PVP01_1439200	14	1252	7	6	0	5
PVP01_1312400	26	1240	8	17	0	7
PVP01_1103900	97	1169	11	85	0	4
PVP01_1467900	317	949	59	257	0	96
PVP01_1007500	40	1226	12	27	0	13
PVP01_0308800	77	1189	8	68	0	12
PVP01_1410500	61	1205	7	53	0	10
PVP01_0608800	189	1077	27	161	0	33
PVP01_1238100	144	1122	9	134	0	1
PVP01_1207800	221	1045	46	174	0	18
PVP01_0304300	338	928	26	311	0	118
PVP01_0608600	58	1208	34	23	0	5
PVP01_0108900	99	1167	10	86	2	21
PVP01_1251800	16	1250	2	13	0	2
PVP01_0111500	82	1184	25	56	0	13
PVP01_1202600	72	1194	12	59	0	12
PVP01_0517700	611	655	363	247	0	66
PVP01_1117300	189	1077	15	173	0	14
PVP01_0716300	266	1000	18	247	0	5
PVP01_1410800	47	1219	10	36	0	11
PVP01_1145900	337	929	68	268	0	46
PVP01_1405800	158	1108	2	155	0	3
PVP01_1104500	162	1104	12	149	0	12
PVP01_0410400	55	1211	5	49	0	14
PVP01_0827300	134	1132	11	122	0	11
PVP01_1410600	47	1219	4	42	0	12
PVP01_1141300	932	334	716	215	0	220
PVP01_0517800	41	1225	17	23	0	5
PVP01_1328600	192	1074	16	175	0	25
PVP01_1027200	401	865	86	314	0	65
PVP01_1028100	139	1127	46	92	0	11
PVP01_0419400	245	1021	24	220	0	23
PVP01_0407800	427	839	135	289	2	194
PVP01_0925900	154	1112	8	145	0	27
PVP01_0309700	210	1056	38	171	0	11
PVP01_1346800	332	934	70	261	0	12
PVP01_1341600	59	1207	12	46	0	3
PVP01_1211200	167	1099	16	150	0	39
PVP01_1419000	153	1113	10	142	0	11
PVP01_0942600	188	1078	9	178	0	32
PVP01_0409600	470	796	294	175	0	51
PVP01_0527800	21	1245	6	14	0	4
PVP01_0601600	1021	245	945	75	0	91
PVP01_1302000	102	1164	17	84	0	20
PVP01_0406500	72	1194	13	58	0	1
PVP01_1128800	119	1147	11	107	0	14
PVP01_1146400	117	1149	6	110	0	16
PVP01_0609700	165	1101	21	143	0	27
PVP01_1005400	220	1046	18	201	0	26
PVP01_1449200	295	971	40	254	0	65
PVP01_0834600	281	985	62	218	0	40
PVP01_1269700	90	1176	7	82	0	2
PVP01_1455400	81	1185	27	53	0	15
PVP01_0518800	170	1096	86	83	0	5
PVP01_0528300	144	1122	11	132	0	17
PVP01_0116700	1066	200	900	165	0	117
PVP01_0405300	261	1005	35	225	0	62
PVP01_1408100	147	1119	9	137	0	14
PVP01_1135400	276	990	25	250	0	43
PVP01_0916000	189	1077	8	180	0	16
PVP01_1344900	80	1186	9	70	0	6
PVP01_1247000	161	1105	15	145	0	6
PVP01_0807900	187	1079	10	176	0	21
PVP01_0918400	314	952	36	277	0	39
PVP01_0311700	107	1159	8	98	0	14
PVP01_0612800	25	1241	6	18	0	2
PVP01_0822600	431	835	157	273	0	67
PVP01_0608500	10	1256	3	6	0	2
PVP01_1469600	192	1074	9	177	5	20
PVP01_1215800	298	968	47	249	1	56
PVP01_1207400	382	884	222	159	0	10
PVP01_1465300	166	1100	9	156	0	17
PVP01_1268200	326	940	93	232	0	67
PVP01_0607100	1004	262	734	270	0	91
PVP01_1136500	336	930	104	231	0	33
PVP01_0514100	368	898	112	255	0	29
PVP01_0811900	327	939	27	299	0	64
PVP01_0215100	330	936	205	124	0	28
PVP01_0421100	415	851	118	296	0	97
PVP01_0115300	5	1261	2	2	0	1
PVP01_1340600	296	970	24	271	0	36
PVP01_1203500	255	1011	88	166	0	40
PVP01_1109200	404	862	155	248	0	110
PVP01_0724200	77	1189	8	68	0	3
PVP01_0820200	216	1050	144	71	0	3
PVP01_1462200	291	975	28	262	0	35
PVP01_1308100	90	1176	13	76	0	15
PVP01_0309300	961	305	811	148	1	95
PVP01_1231300	258	1008	39	218	0	26
PVP01_0943400	188	1078	23	164	0	38
PVP01_0215800	342	924	52	287	2	94
PVP01_0202200	382	884	185	196	0	34
PVP01_1121400	775	491	613	161	0	286
PVP01_1440100	262	1004	20	241	0	34
PVP01_1321500	151	1115	8	142	0	5
PVP01_1022500	1243	23	1222	20	0	23
PVP01_1303500	58	1208	4	53	0	1
PVP01_0813800	27	1239	8	17	1	6
PVP01_1025200	87	1179	11	75	0	9
PVP01_1140500	51	1215	3	47	0	11
PVP01_1406000	102	1164	14	87	0	22
PVP01_1409500	364	902	113	250	0	38
PVP01_0315900	92	1174	15	76	0	12
PVP01_0526100	79	1187	6	72	0	5
PVP01_1403800	190	1076	19	170	0	42
PVP01_1444100	605	661	346	258	0	45
PVP01_0704000	314	952	36	277	0	80
PVP01_0820700	69	1197	10	58	0	11
PVP01_1241400	7	1259	3	3	0	2
PVP01_1135200	832	434	615	216	0	134
PVP01_1455800	33	1233	6	26	0	4
PVP01_1133200	313	953	47	265	0	163
PVP01_0907000	192	1074	34	157	0	29
PVP01_1339700	174	1092	17	156	0	14
PVP01_0814700	493	773	170	322	0	290
PVP01_1212200	187	1079	16	170	0	9
PVP01_1421100	230	1036	32	197	0	36
PVP01_0205500	40	1226	7	32	0	9
PVP01_0828900	674	592	395	278	0	101
PVP01_1422600	282	984	37	244	0	84
PVP01_0831600	173	1093	15	157	0	12
PVP01_0825900	415	851	71	343	0	191
PVP01_1260700	762	504	581	181	0	169
PVP01_0806200	153	1113	19	133	0	20
PVP01_0316800	135	1131	31	103	0	12
PVP01_0922700	123	1143	16	106	0	12
PVP01_1323700	835	431	649	186	0	194
PVP01_1247400	406	860	104	301	0	80
PVP01_1229200	765	501	437	327	0	231
PVP01_1304700	103	1163	35	67	0	8
PVP01_1251100	282	984	26	255	0	68
PVP01_0735200	1221	45	1114	107	0	36
PVP01_1431700	145	1121	11	133	0	16
PVP01_0835200	225	1041	36	187	1	32
PVP01_0715800	280	986	41	231	7	119
PVP01_1018300	1030	236	953	76	0	97
PVP01_1108700	19	1247	5	13	0	8
PVP01_0602400	240	1026	17	222	0	23
PVP01_0932200	364	902	83	280	0	111
PVP01_0705800	87	1179	9	77	0	22
PVP01_0117800	785	481	623	161	0	66
PVP01_0512300	232	1034	19	212	0	45
PVP01_0824400	688	578	323	364	0	107
PVP01_0907400	345	921	74	270	0	118
PVP01_0532300	117	1149	14	102	0	8
PVP01_0833600	148	1118	18	129	0	6
PVP01_0622000	247	1019	24	222	0	25
PVP01_0920800	59	1207	5	53	0	2
PVP01_0623500	484	782	161	322	0	167
PVP01_1146500	887	379	524	363	0	51
PVP01_1318900	230	1036	26	203	0	20
PVP01_1015100	45	1221	8	36	0	14
PVP01_1104600	533	733	260	272	0	103
PVP01_0303300	51	1215	3	47	0	4
PVP01_0623200	246	1020	29	216	0	23
PVP01_1016000	181	1085	14	166	0	13
PVP01_0947100	107	1159	6	100	0	12
PVP01_1315300	42	1224	3	38	0	3
PVP01_1333300	342	924	80	261	0	91
PVP01_0601400	816	450	675	140	0	33
PVP01_0733200	33	1233	4	28	0	5
PVP01_0612500	58	1208	14	43	0	3
PVP01_1423400	276	990	37	238	0	35
PVP01_0916700	429	837	103	325	0	188
PVP01_0204100	837	429	616	220	0	149
PVP01_1224100	44	1222	12	31	0	2
PVP01_0834300	62	1204	6	55	0	11
PVP01_1318700	140	1126	17	122	0	22
PVP01_0604800	349	917	114	234	0	93
PVP01_0115700	113	1153	12	100	0	8
PVP01_0822400	831	435	658	172	0	154
PVP01_0420200	241	1025	45	195	0	45
PVP01_1030400	433	833	98	334	0	65
PVP01_1119900	19	1247	7	11	0	5
PVP01_0810200	71	1195	9	61	0	23
PVP01_1247700	402	864	104	297	0	73
PVP01_0527900	45	1221	8	36	0	7
PVP01_0915600	781	485	485	295	0	198
PVP01_0708300	11	1255	3	7	0	2
PVP01_1316900	971	295	757	213	0	120
PVP01_1270800	336	930	50	285	0	144
PVP01_1126200	52	1214	10	41	0	6
PVP01_0925800	196	1070	17	178	0	19
PVP01_0527700	414	852	110	303	0	98
PVP01_0410000	380	886	111	268	0	93
PVP01_1146600	35	1231	6	28	0	10
PVP01_1259600	101	1165	0	100	0	8
PVP01_0415600	63	1203	30	32	0	6
PVP01_1017600	190	1076	12	177	0	17
PVP01_1343300	299	967	23	275	0	40
PVP01_0734600	294	972	50	243	0	64
PVP01_0507600	44	1222	11	32	0	3
PVP01_0310200	438	828	141	296	0	86
PVP01_0606400	361	905	87	273	0	49
PVP01_1209900	426	840	152	273	0	110
PVP01_0118500	726	540	523	203	0	170
PVP01_0727100	29	1237	18	10	0	3
PVP01_1256700	240	1026	28	211	0	53
PVP01_1231600	137	1129	8	128	0	14
PVP01_1130100	229	1037	19	209	0	2
PVP01_1313700	113	1153	8	104	0	17
PVP01_1327900	30	1236	6	23	0	2
PVP01_1225800	231	1035	44	186	0	23
PVP01_0111950	117	1149	20	96	0	7
PVP01_0513100	83	1183	13	69	0	17
PVP01_0118100	614	652	281	332	0	272
PVP01_1432700	908	358	725	165	18	13
PVP01_1261800	240	1026	20	219	0	47
PVP01_1101600	157	1109	11	145	0	27
PVP01_0314400	475	791	228	247	0	46
PVP01_0504300	121	1145	10	110	0	7
PVP01_1343400	926	340	761	164	0	223
PVP01_0206900	53	1213	5	47	0	2
PVP01_0943800	654	612	378	275	0	205
PVP01_0803500	607	659	324	282	0	186
PVP01_1034400	1225	41	1186	38	0	14
PVP01_0605200	774	492	549	224	0	26
PVP01_1322300	317	949	189	127	0	63
PVP01_1139600	362	904	134	227	0	63
PVP01_1427600	130	1136	3	126	0	2
PVP01_0711400	30	1236	9	20	0	6
PVP01_0422500	380	886	83	295	1	182
PVP01_1016100	740	526	541	198	0	112
PVP01_1015200	714	552	512	201	0	268
PVP01_0809000	133	1133	12	120	0	8
PVP01_1252700	194	1072	22	171	0	45
PVP01_1427200	869	397	714	154	0	44
PVP01_0812200	238	1028	21	216	0	23
PVP01_0818600	170	1096	35	134	0	39
PVP01_0406700	193	1073	11	181	0	31
PVP01_0602300	277	989	63	213	0	31
PVP01_0314700	33	1233	18	14	0	6
PVP01_1429400	31	1235	16	14	0	5
PVP01_0615200	305	961	100	204	0	31
PVP01_0808800	134	1132	15	118	0	10
PVP01_1255200	126	1140	14	111	0	14
PVP01_1454800	261	1005	54	205	1	42
PVP01_1145700	307	959	46	260	0	18
PVP01_1109400	179	1087	11	167	0	13
PVP01_0941100	49	1217	6	42	0	10
PVP01_0709900	1052	214	985	66	0	34
PVP01_1459500	147	1119	22	124	0	25
PVP01_0727200	1258	8	1241	17	0	7
PVP01_0832000	90	1176	19	70	0	6
PVP01_0930300	509	757	207	301	0	107
PVP01_1129100	288	978	30	257	0	44
PVP01_0819600	107	1159	3	103	0	3
PVP01_1414100	249	1017	30	218	0	42
PVP01_1139700	367	899	105	261	0	49
PVP01_1238500	38	1228	6	31	0	17
PVP01_1254300	108	1158	41	66	0	17
PVP01_1247300	345	921	37	307	0	91
PVP01_0807400	381	885	117	263	0	67
PVP01_0519400	371	895	196	174	0	35
PVP01_1310500	482	784	205	276	0	106
PVP01_0516000	102	1164	25	76	0	18
PVP01_1318300	214	1052	26	187	0	28
PVP01_0612400	201	1065	24	176	0	30
PVP01_1147800	264	1002	26	237	0	30
PVP01_0931700	629	637	394	234	0	172
PVP01_0610800	21	1245	4	16	0	3
PVP01_1302500	16	1250	3	12	0	4
PVP01_1105000	42	1224	39	2	0	2
PVP01_0519700	303	963	168	134	0	3
PVP01_0114500	338	928	51	286	0	62
PVP01_0816200	206	1060	14	191	0	23
PVP01_1466100	242	1024	24	217	0	36
PVP01_0834200	11	1255	4	6	0	8
PVP01_0405200	297	969	21	273	2	35
PVP01_0607000	507	759	197	309	0	124
PVP01_0529100	218	1048	59	158	0	27
PVP01_1329500	1011	255	811	199	0	150
PVP01_0607500	91	1175	24	66	0	5
PVP01_1104800	190	1076	14	175	0	31
PVP01_1033700	151	1115	58	92	0	28
PVP01_1212500	17	1249	2	14	0	9
PVP01_1009500	35	1231	7	27	0	3
PVP01_0110400	908	358	615	292	0	241
PVP01_1456100	47	1219	15	31	0	9
PVP01_0941700	441	825	95	345	0	310
PVP01_1122900	124	1142	1	122	0	11
PVP01_1455600	414	852	82	331	0	224
PVP01_0707400	163	1103	41	121	0	48
PVP01_0938000	116	1150	2	113	0	19
PVP01_1436300	148	1118	8	139	0	4
PVP01_0613800	225	1041	26	198	0	29
PVP01_0519300	314	952	37	276	0	65
PVP01_0827400	5	1261	2	2	0	2
PVP01_1027000	96	1170	15	80	0	11
PVP01_0307100	899	367	544	354	0	153
PVP01_1462300	440	826	176	263	0	130
PVP01_1269600	237	1029	57	179	0	42
PVP01_1107600	688	578	395	292	0	286
PVP01_1466400	423	843	220	202	0	59
PVP01_0915100	240	1026	27	212	0	49
PVP01_1022000	35	1231	21	13	0	6
PVP01_0319700	381	885	71	309	0	118
PVP01_1123900	222	1044	76	145	0	24
PVP01_0115100	96	1170	8	87	0	7
PVP01_0930500	241	1025	20	220	0	19
PVP01_0923500	832	434	596	235	0	291
PVP01_1026500	418	848	204	213	0	22
PVP01_0928900	106	1160	17	88	0	10
PVP01_0213600	404	862	82	321	0	206
PVP01_1138400	156	1110	21	134	0	13
PVP01_0932800	333	933	90	242	0	64
PVP01_1129900	269	997	38	230	0	48
PVP01_0117100	800	466	620	179	0	61
PVP01_0706200	29	1237	6	22	0	2
PVP01_0722900	393	873	72	320	0	165
PVP01_1303200	80	1186	26	53	0	10
PVP01_1314700	66	1200	4	61	0	4
PVP01_0830700	248	1018	25	222	0	18
PVP01_0109500	263	1003	94	168	0	22
PVP01_1204000	101	1165	6	94	0	13
PVP01_0618800	194	1072	30	163	0	15
PVP01_0803600	418	848	167	250	0	57
PVP01_1245000	635	631	300	334	0	248
PVP01_0933400	165	1101	25	139	0	31
PVP01_0110800	734	532	645	88	0	19
PVP01_0317900	616	650	315	300	0	82
PVP01_0818300	404	862	91	312	0	71
PVP01_1444000	331	935	51	279	0	57
PVP01_0320000	317	949	83	233	0	34
PVP01_0912800	62	1204	5	56	0	2
PVP01_1238900	790	476	502	287	0	186
PVP01_0215900	192	1074	25	166	0	33
PVP01_0523700	158	1108	12	145	0	16
PVP01_1137900	83	1183	8	74	0	9
PVP01_1032600	277	989	19	257	0	26
PVP01_1008300	357	909	47	309	0	130
PVP01_0921500	73	1193	12	60	0	6
PVP01_0420900	258	1008	102	155	0	9
PVP01_0110900	181	1085	15	165	0	13
PVP01_0616000	202	1064	51	150	0	27
PVP01_0837600	660	606	388	271	0	174
PVP01_1207700	448	818	278	169	0	36
PVP01_1113700	1030	236	133	896	0	55
PVP01_0801300	139	1127	10	128	0	19
PVP01_1464400	286	980	23	262	0	51
PVP01_0208200	137	1129	14	122	0	19
PVP01_0802900	10	1256	6	3	0	1
PVP01_1447100	279	987	56	222	0	46
PVP01_0708000	544	722	167	376	0	11
PVP01_0505000	140	1126	14	125	0	16
PVP01_1133900	218	1048	29	188	0	31
PVP01_1117600	289	977	60	228	0	54
PVP01_0513200	333	933	74	258	0	54
PVP01_0934700	1132	134	1019	110	2	50
PVP01_1405400	38	1228	8	29	0	8
PVP01_1218200	150	1116	106	43	0	8
PVP01_1450500	35	1231	14	20	0	5
PVP01_0920000	985	281	868	116	0	162
PVP01_1247600	215	1051	117	97	0	6
PVP01_1145500	441	825	147	293	0	92
PVP01_0915000	190	1076	35	154	0	2
PVP01_1222100	165	1101	23	141	0	20
PVP01_1341300	159	1107	8	150	0	14
PVP01_0930000	522	744	213	308	0	165
PVP01_1213600	128	1138	4	123	0	2
PVP01_0807200	20	1246	2	17	0	5
PVP01_1259200	464	802	197	266	0	136
PVP01_0516600	548	718	304	243	0	112
PVP01_1002700	478	788	94	383	0	372
PVP01_1223500	498	768	246	251	0	99
PVP01_1412800	318	948	70	247	0	27
PVP01_1144200	256	1010	123	132	0	23
PVP01_0521300	101	1165	5	95	0	11
PVP01_0418200	415	851	90	324	0	153
PVP01_0213200	448	818	260	187	0	56
PVP01_1027100	254	1012	38	215	0	26
PVP01_1252800	321	945	31	289	0	77
PVP01_0209100	985	281	767	218	0	161
PVP01_0710600	156	1110	12	143	0	15
PVP01_0524500	359	907	16	244	98	28
PVP01_1327400	16	1250	3	12	0	8
PVP01_0810500	273	993	20	252	0	29
PVP01_0302800	337	929	61	274	1	85
PVP01_1466200	140	1126	33	106	0	22
PVP01_1310200	344	922	86	257	0	67
PVP01_0106000	67	1199	16	50	0	13
PVP01_0320100	37	1229	7	29	0	2
PVP01_0103700	591	675	304	286	0	182
PVP01_1269400	67	1199	13	53	0	19
PVP01_1134400	395	871	100	294	0	84
PVP01_1334800	295	971	27	267	0	63
PVP01_1102600	664	602	428	235	0	305
PVP01_0304400	228	1038	11	216	0	28
PVP01_1209700	33	1233	3	29	0	7
PVP01_0609000	254	1012	31	222	0	54
PVP01_1255500	27	1239	0	26	0	3
PVP01_0203000	289	977	65	223	0	82
PVP01_0910800	28	1238	3	24	0	4
PVP01_1419100	37	1229	4	32	0	11
PVP01_0208300	390	876	116	272	1	165
PVP01_1221000	92	1174	6	85	0	10
PVP01_0834800	177	1089	13	163	0	3
PVP01_0105600	159	1107	10	143	5	17
PVP01_1267100	51	1215	16	34	0	5
PVP01_0825000	8	1258	1	6	0	2
PVP01_0421900	168	1098	18	149	0	35
PVP01_0202000	853	413	689	163	0	191
PVP01_0709500	32	1234	7	24	0	10
PVP01_1337400	270	996	29	240	0	46
PVP01_0919400	969	297	52	271	645	22
PVP01_1318100	446	820	199	246	0	51
PVP01_1263700	24	1242	1	22	0	2
PVP01_0717100	332	934	38	293	0	97
PVP01_0810000	224	1042	73	150	0	32
PVP01_0617600	25	1241	5	19	0	3
PVP01_1102500	588	678	329	258	0	83
PVP01_1218800	650	616	451	198	0	43
PVP01_0411100	474	792	250	222	1	74
PVP01_1265000	7	1259	1	5	0	3
PVP01_0937300	304	962	37	266	0	51
PVP01_1123200	162	1104	22	139	0	11
PVP01_1228800	1037	229	931	105	0	120
PVP01_0523100	607	659	455	151	0	20
PVP01_1232600	252	1014	25	226	0	40
PVP01_1308800	105	1161	14	90	0	11
PVP01_1232700	194	1072	12	181	0	32
PVP01_0412300	152	1114	33	118	0	11
PVP01_0516800	99	1167	15	83	0	18
PVP01_0118600	61	1205	2	58	0	4
PVP01_0830400	173	1093	38	134	0	12
PVP01_1227100	890	376	653	236	0	115
PVP01_1305500	70	1196	8	61	0	19
PVP01_1346400	246	1020	22	223	0	44
PVP01_0305900	45	1221	2	42	0	2
PVP01_1014700	211	1055	36	174	0	6
PVP01_1330000	170	1096	16	153	0	33
PVP01_0511200	178	1088	23	154	0	8
PVP01_1108000	292	974	28	263	0	36
PVP01_1259900	69	1197	7	61	0	6
PVP01_0407200	17	1249	4	12	0	1
PVP01_1313400	1024	242	744	279	0	86
PVP01_1132700	362	904	60	301	0	101
PVP01_1405300	201	1065	7	193	0	28
PVP01_1420900	20	1246	6	13	0	6
PVP01_1010100	145	1121	15	129	0	10
PVP01_1448800	33	1233	10	22	0	6
PVP01_1131300	197	1069	42	154	0	5
PVP01_1109100	376	890	82	293	0	103
PVP01_1330800	980	286	699	280	0	116
PVP01_1416800	207	1059	43	163	0	33
PVP01_1317900	480	786	298	181	0	103
PVP01_1243100	72	1194	14	57	0	9
PVP01_0204600	617	649	425	191	0	128
PVP01_0205600	175	1091	15	159	0	5
PVP01_0523000	1120	146	901	219	0	23
PVP01_0409200	440	826	184	255	0	82
PVP01_0825700	43	1223	6	36	0	2
PVP01_1207300	90	1176	15	74	0	4
PVP01_0529700	662	604	463	198	0	64
PVP01_0834100	404	862	144	259	0	77
PVP01_1104900	338	928	105	232	0	20
PVP01_1127400	1265	1	91	325	849	1
PVP01_1005600	73	1193	5	67	0	8
PVP01_0521800	1160	106	1018	141	0	32
PVP01_1129600	21	1245	3	17	0	2
PVP01_1456300	129	1137	19	109	0	22
PVP01_0508200	899	367	655	243	0	255
PVP01_0420100	628	638	319	308	0	124
PVP01_0305800	764	502	636	127	0	135
PVP01_0718000	282	984	40	241	0	37
PVP01_1013100	1085	181	935	149	0	50
PVP01_1457500	180	1086	47	132	0	14
PVP01_0415500	83	1183	28	54	0	11
PVP01_1033900	1265	1	1265	0	0	1
PVP01_0930700	25	1241	0	24	0	2
PVP01_0408200	198	1068	16	181	0	29
PVP01_1410900	146	1120	8	137	0	16
PVP01_1030200	144	1122	9	134	0	1
PVP01_1202000	290	976	36	253	0	58
PVP01_0821500	273	993	22	250	0	57
PVP01_0508000	135	1131	18	116	0	34
PVP01_1213000	123	1143	16	106	0	18
PVP01_1207200	127	1139	20	106	0	16
PVP01_0715400	956	310	736	218	1	99
PVP01_1254100	111	1155	4	106	0	10
PVP01_1244200	115	1151	8	106	0	19
PVP01_0808900	33	1233	3	29	0	2
PVP01_0924200	153	1113	18	134	0	31
PVP01_1132300	354	912	131	222	0	12
PVP01_1267300	110	1156	19	90	0	22
PVP01_0206400	295	971	76	218	0	46
PVP01_0411700	28	1238	8	19	0	6
PVP01_1341900	36	1230	4	31	0	5
PVP01_0733400	174	1092	25	148	0	21
PVP01_1267400	78	1188	3	74	0	2
PVP01_1451900	96	1170	25	70	0	9
PVP01_0320700	362	904	56	298	7	108
PVP01_1212700	225	1041	21	203	0	32
PVP01_0412200	234	1032	18	215	0	29
PVP01_0319600	662	604	267	282	112	175
PVP01_0730800	424	842	135	288	0	70
PVP01_0803000	58	1208	7	50	0	11
PVP01_0720800	280	986	23	256	0	24
PVP01_0933500	44	1222	7	36	0	9
PVP01_0720000	238	1028	34	203	0	27
PVP01_0510000	206	1060	44	161	0	26
PVP01_1403700	41	1225	4	36	0	3
PVP01_1336400	86	1180	5	80	0	2
PVP01_0302600	595	671	232	362	0	377
PVP01_1023300	184	1082	27	156	0	18
PVP01_0837900	139	1127	8	130	0	27
PVP01_1140800	76	1190	21	54	0	9
PVP01_1256100	87	1179	11	75	0	13
PVP01_1134900	299	967	31	267	0	90
PVP01_1427500	55	1211	7	47	0	10
PVP01_1445600	496	770	212	283	0	86
PVP01_1246500	26	1240	3	22	0	1
PVP01_0111100	280	986	67	212	0	37
PVP01_0315500	274	992	46	227	0	22
PVP01_1437700	255	1011	62	192	0	39
PVP01_1142900	649	617	415	233	0	103
PVP01_1132800	218	1048	23	194	0	42
PVP01_0103200	452	814	113	338	0	162
PVP01_1263600	213	1053	33	179	0	28
PVP01_1417800	676	590	379	296	0	90
PVP01_1244000	63	1203	10	52	0	4
PVP01_1470300	216	1050	24	191	0	29
PVP01_0609900	828	438	688	139	0	34
PVP01_1445900	726	540	495	230	0	64
PVP01_1203100	950	316	838	111	0	102
PVP01_0208800	359	907	156	202	0	49
PVP01_0522300	270	996	31	238	0	43
PVP01_1216000	373	893	86	286	0	38
PVP01_0904400	164	1102	15	148	0	14
PVP01_0916200	183	1083	7	175	0	21
PVP01_1327500	96	1170	5	90	0	4
PVP01_1008400	90	1176	22	67	0	14
PVP01_0108500	273	993	34	238	0	73
PVP01_0928700	575	691	261	313	0	280
PVP01_0609100	521	745	188	332	0	277
PVP01_1239200	247	1019	79	167	0	58
PVP01_0935300	413	853	125	287	0	121
PVP01_0621700	139	1127	11	127	0	6
PVP01_0940600	355	911	326	28	0	9
PVP01_1464300	99	1167	11	87	0	9
PVP01_0119200	363	903	47	315	0	231
PVP01_0303200	573	693	396	176	0	208
PVP01_0716600	83	1183	8	74	0	9
PVP01_0836600	42	1224	9	32	0	6
PVP01_1313600	124	1142	5	118	0	9
PVP01_0931400	796	470	481	314	1	95
PVP01_0109800	56	1210	9	46	0	9
PVP01_1456900	233	1033	15	217	0	28
PVP01_1211400	340	926	70	269	0	83
PVP01_0734000	16	1250	7	8	0	4
PVP01_0820500	675	591	350	324	0	166
PVP01_1449300	28	1238	6	21	0	1
PVP01_0721400	57	1209	21	35	0	11
PVP01_0924800	72	1194	11	60	0	12
PVP01_1315800	485	781	171	313	0	179
PVP01_1256900	90	1176	17	72	0	4
PVP01_1408000	248	1018	22	225	0	69
PVP01_0930600	224	1042	23	200	0	51
PVP01_0605300	31	1235	5	25	0	6
PVP01_0809400	190	1076	13	176	0	28
PVP01_1144300	370	896	62	307	0	123
PVP01_1262700	192	1074	57	134	0	24
PVP01_0727800	248	1018	25	222	0	54
PVP01_1138700	10	1256	3	6	0	1
PVP01_0724500	348	918	73	274	0	106
PVP01_1133300	641	625	404	235	1	200
PVP01_0912900	504	762	198	305	0	145
PVP01_1330600	125	1141	7	117	0	9
PVP01_0826500	221	1045	54	166	0	23
PVP01_1142700	50	1216	12	37	0	5
PVP01_0918100	192	1074	25	166	0	16
PVP01_0945100	313	953	47	265	0	93
PVP01_0803900	702	564	434	267	0	286
PVP01_0819400	225	1041	76	148	0	7
PVP01_1112700	115	1151	15	99	0	7
PVP01_0947200	375	891	47	295	32	114
PVP01_0115000	307	959	39	267	0	73
PVP01_0408600	132	1134	22	109	0	25
PVP01_1142200	394	872	87	306	0	99
PVP01_0317700	412	854	182	229	0	43
PVP01_1244500	318	948	35	282	0	53
PVP01_0915700	14	1252	4	9	0	7
PVP01_1128300	159	1107	28	121	9	7
PVP01_0919900	83	1183	12	70	0	2
PVP01_1411500	149	1117	9	139	0	14
PVP01_1214500	391	875	108	280	2	92
PVP01_1028800	669	597	416	253	0	77
PVP01_1310800	938	328	682	255	0	97
PVP01_1014300	319	947	113	205	0	60
PVP01_0920300	1247	19	730	232	284	6
PVP01_1319200	276	990	41	234	0	35
PVP01_0608200	155	1111	19	135	0	24
PVP01_1260500	651	615	406	244	0	227
PVP01_0817400	73	1193	17	55	0	12
PVP01_1117000	325	941	107	217	0	46
PVP01_0505500	38	1228	2	35	0	1
PVP01_0946000	16	1250	6	9	0	2
PVP01_0812500	76	1190	21	54	0	3
PVP01_1127600	215	1051	20	194	0	28
PVP01_0316200	15	1251	10	4	0	2
PVP01_0837700	614	652	343	270	0	94
PVP01_0312200	291	975	41	249	0	23
PVP01_0532700	208	1058	22	185	0	8
PVP01_0515000	315	951	27	287	0	86
PVP01_1117700	144	1122	10	133	0	17
PVP01_1430600	199	1067	44	154	0	14
PVP01_1422200	28	1238	15	12	0	3
PVP01_1301300	239	1027	13	225	0	50
PVP01_1325300	916	350	631	284	0	167
PVP01_0730700	27	1239	1	25	0	6
PVP01_0932100	290	976	41	248	0	37
PVP01_0909400	189	1077	10	178	0	19
PVP01_1208800	219	1047	30	188	0	51
PVP01_0527000	971	295	827	143	0	40
PVP01_1417700	142	1124	6	135	0	20
PVP01_1102800	421	845	76	344	0	242
PVP01_1216200	265	1001	28	236	0	61
PVP01_0823300	27	1239	5	21	0	1
PVP01_1434400	71	1195	9	61	0	8
PVP01_1210300	115	1151	22	92	0	18
PVP01_1427300	657	609	339	318	0	61
PVP01_1138000	104	1162	12	90	1	9
PVP01_0728200	159	1107	38	120	0	24
PVP01_0819500	212	1054	183	28	0	9
PVP01_0524300	229	1037	32	196	0	25
PVP01_1440600	862	404	656	205	0	228
PVP01_0619300	88	1178	8	79	0	11
PVP01_1464000	228	1038	24	203	0	44
PVP01_0606100	157	1109	43	113	0	1
PVP01_1126300	205	1061	15	189	0	18
PVP01_1269000	108	1158	3	104	0	3
PVP01_1344300	310	956	46	263	0	25
PVP01_1311400	233	1033	74	158	0	16
PVP01_1016200	110	1156	10	99	0	16
PVP01_1024500	225	1041	28	196	0	26
PVP01_1232100	172	1094	25	146	0	24
PVP01_1304300	46	1220	5	40	0	11
PVP01_1308700	175	1091	18	156	0	31
PVP01_1115000	16	1250	2	13	0	3
PVP01_1462000	254	1012	28	225	0	56
PVP01_0833800	292	974	159	132	0	23
PVP01_0414600	59	1207	19	39	0	5
PVP01_1331100	166	1100	38	127	0	8
PVP01_1018500	229	1037	105	122	1	40
PVP01_0607300	53	1213	11	41	0	7
PVP01_1204200	177	1089	11	165	0	7
PVP01_0927300	821	445	642	178	0	54
PVP01_1017400	727	539	497	229	0	125
PVP01_0202500	212	1054	21	190	0	14
PVP01_0733300	167	1099	27	139	0	13
PVP01_1017900	370	896	112	257	0	65
PVP01_1435900	85	1181	16	68	0	8
PVP01_0109900	541	725	297	243	0	87
PVP01_1225900	435	831	224	210	0	32
PVP01_1237500	195	1071	8	186	0	12
PVP01_1118600	121	1145	20	100	0	12
PVP01_1225100	221	1045	26	194	0	16
PVP01_0835700	65	1201	8	56	0	9
PVP01_1446800	948	318	698	249	0	91
PVP01_0948700	985	281	863	121	0	53
PVP01_0105800	359	907	48	310	0	103
PVP01_0725700	481	785	187	293	0	113
PVP01_0606500	259	1007	20	238	0	45
PVP01_1109500	210	1056	18	191	0	41
PVP01_1114900	413	853	197	215	0	2
PVP01_1413900	2	1264	0	1	0	1
PVP01_1415800	251	1015	15	235	0	11
PVP01_1021200	154	1112	13	140	0	10
PVP01_1413300	100	1166	10	89	0	15
PVP01_0108400	8	1258	1	6	0	3
PVP01_1465500	220	1046	60	159	0	24
PVP01_1113800	213	1053	54	158	0	33
PVP01_0944500	250	1016	23	226	0	19
PVP01_0511700	183	1083	15	167	0	6
PVP01_0943000	336	930	37	298	0	69
PVP01_1103300	164	1102	33	130	0	20
PVP01_0525000	1167	99	1164	1	1	1
PVP01_1406800	150	1116	33	116	0	19
PVP01_0817300	19	1247	9	9	0	4
PVP01_0114900	218	1048	9	208	0	11
PVP01_1335500	276	990	29	246	0	36
PVP01_0930200	302	964	29	272	0	62
PVP01_0404200	284	982	32	251	0	40
PVP01_1004200	278	988	32	245	0	63
PVP01_0934200	397	869	45	351	0	243
PVP01_0508100	442	824	210	231	0	73
PVP01_0615000	913	353	746	166	0	156
PVP01_1305800	270	996	19	250	0	14
PVP01_0945400	71	1195	25	45	0	10
PVP01_1463800	194	1072	18	175	0	20
PVP01_1337100	173	1093	12	160	0	38
PVP01_1468300	101	1165	15	85	0	25
PVP01_0704800	224	1042	27	196	0	33
PVP01_0418600	30	1236	3	26	0	2
PVP01_0911400	48	1218	5	42	0	3
PVP01_1452700	472	794	171	300	0	114
PVP01_1455000	134	1132	23	110	0	21
PVP01_0409000	864	402	601	262	0	151
PVP01_1453400	453	813	129	323	0	215
PVP01_1319500	1016	250	825	190	0	70
PVP01_0911700	291	975	44	246	0	40
PVP01_0112900	172	1094	7	164	0	1
PVP01_0107400	588	678	235	351	1	204
PVP01_1140300	641	625	572	68	0	25
PVP01_0728700	213	1053	24	188	0	44
PVP01_1253900	315	951	53	261	0	52
PVP01_1245400	158	1108	14	143	0	8
PVP01_1235100	318	948	35	282	0	69
PVP01_1425700	53	1213	3	49	0	8
PVP01_1321300	170	1096	29	140	0	12
PVP01_0812100	229	1037	42	186	0	60
PVP01_1427700	641	625	428	212	0	104
PVP01_0611600	582	684	376	205	0	86
PVP01_0506500	106	1160	30	75	0	9
PVP01_1217300	321	945	38	282	0	57
PVP01_1402000	166	1100	14	151	0	8
PVP01_1403300	27	1239	1	25	0	8
PVP01_1136000	8	1258	2	5	0	6
PVP01_0732900	44	1222	14	29	0	6
PVP01_0412100	473	793	177	295	0	98
PVP01_1214100	27	1239	12	14	0	2
PVP01_1407800	210	1056	16	193	0	17
PVP01_1402400	445	821	66	378	0	344
PVP01_0721600	132	1134	7	124	0	9
PVP01_1218100	3	1263	0	2	0	4
PVP01_1449000	366	900	150	215	0	34
PVP01_1210100	365	901	74	290	0	85
PVP01_1209600	101	1165	16	84	0	26
PVP01_0815100	168	1098	11	155	1	22
PVP01_0817000	80	1186	7	72	0	26
PVP01_0819100	1001	265	844	156	0	119
PVP01_0203600	276	990	86	189	0	18
PVP01_0110000	955	311	840	114	0	121
PVP01_1303900	23	1243	6	16	0	6
PVP01_0929700	143	1123	32	110	0	11
PVP01_1028700	390	876	120	269	0	74
PVP01_0728500	315	951	84	230	0	46
PVP01_0519200	156	1110	40	115	0	4
PVP01_1429000	1018	248	846	171	0	39
PVP01_0410200	101	1165	12	88	0	17
PVP01_1420800	279	987	67	211	0	56
PVP01_0943300	99	1167	6	92	0	6
PVP01_0939600	54	1212	12	41	0	6
PVP01_1231100	299	967	81	217	0	27
PVP01_1322600	576	690	470	105	0	29
PVP01_0811400	278	988	56	221	0	34
PVP01_1345100	280	986	22	257	0	61
PVP01_1455100	84	1182	22	61	0	17
PVP01_1004700	29	1237	5	23	0	11
PVP01_0720300	56	1210	9	46	0	5
PVP01_0603800	416	850	112	303	0	104
PVP01_1415700	36	1230	12	23	0	4
PVP01_1029800	345	921	46	298	0	42
PVP01_0713600	212	1054	19	192	0	29
PVP01_0702100	45	1221	6	38	0	1
PVP01_1451300	236	1030	72	163	0	9
PVP01_0814200	409	857	147	261	0	93
PVP01_0702900	2	1264	0	1	0	6
PVP01_0311400	299	967	116	182	0	35
PVP01_1304000	47	1219	19	27	0	8
PVP01_1423100	5	1261	2	2	0	1
PVP01_0721000	262	1004	18	243	0	11
PVP01_0308600	725	541	426	299	0	57
PVP01_1115900	453	813	143	309	0	187
PVP01_0811700	148	1118	12	135	0	32
PVP01_1420600	244	1022	26	217	0	45
PVP01_1141800	851	415	261	589	1	27
PVP01_1445400	906	360	639	244	23	130
PVP01_0922300	224	1042	21	202	0	13
PVP01_1437200	168	1098	64	103	0	8
PVP01_1303000	28	1238	12	15	0	1
PVP01_1021800	952	314	862	90	0	24
PVP01_0806100	279	987	30	248	0	67
PVP01_1025600	285	981	76	208	0	32
PVP01_0914100	139	1127	2	136	0	4
PVP01_1121900	259	1007	56	202	0	32
PVP01_1406600	138	1128	14	123	0	15
PVP01_0714900	193	1073	44	148	0	7
PVP01_0533100	265	1001	22	242	0	21
PVP01_1325700	1202	64	1163	39	0	20
PVP01_0203500	55	1211	9	45	0	5
PVP01_0718800	667	599	340	326	0	190
PVP01_1430300	26	1240	3	22	0	4
PVP01_0718600	206	1060	24	181	0	41
PVP01_1331000	30	1236	6	23	0	5
PVP01_1016400	139	1127	10	128	0	8
PVP01_0821600	1073	193	951	121	0	145
PVP01_0833000	261	1005	12	248	0	17
PVP01_1232900	396	870	81	314	0	68
PVP01_0940100	621	645	372	248	0	259
PVP01_1322500	795	471	542	252	0	253
PVP01_1449500	213	1053	28	184	0	34
PVP01_1322000	253	1013	36	216	0	38
PVP01_1430700	455	811	133	321	0	333
PVP01_0307200	333	933	26	306	0	25
PVP01_1407200	184	1082	11	172	0	46
PVP01_0926400	588	678	385	200	2	25
PVP01_0519100	514	752	423	90	0	8
PVP01_1432400	7	1259	3	3	0	1
PVP01_1114200	374	892	55	318	0	111
PVP01_0924700	678	588	441	236	0	262
PVP01_1319300	454	812	308	145	0	31
PVP01_0800600	438	828	54	363	20	255
PVP01_0420000	325	941	48	276	0	66
PVP01_1264700	164	1102	14	149	0	10
PVP01_1026800	507	759	296	210	0	74
PVP01_0413800	108	1158	10	97	0	5
PVP01_0313100	320	946	56	263	0	19
PVP01_0917400	282	984	51	230	0	13
PVP01_1027700	268	998	106	161	0	30
PVP01_1411700	117	1149	7	109	0	15
PVP01_0420800	312	954	41	270	0	54
PVP01_1428800	254	1012	15	238	0	62
PVP01_0831900	202	1064	39	162	0	28
PVP01_1121600	180	1086	7	172	0	18
PVP01_1134000	193	1073	7	185	0	17
PVP01_0713700	250	1016	16	233	0	44
PVP01_0510600	37	1229	0	36	0	6
PVP01_0416500	990	276	868	121	0	187
PVP01_0214000	123	1143	11	111	0	16
PVP01_0303800	106	1160	12	93	0	24
PVP01_0419600	36	1230	5	30	0	3
PVP01_1441000	80	1186	18	61	0	7
PVP01_1024100	758	508	610	148	0	171
PVP01_1113400	138	1128	9	128	0	30
PVP01_1226100	121	1145	18	102	0	9
PVP01_1446500	747	519	582	164	0	33
PVP01_1007600	702	564	625	76	0	18
PVP01_1438300	25	1241	7	16	1	7
PVP01_0944100	12	1254	2	9	0	3
PVP01_1101300	1217	49	1158	59	0	30
PVP01_0315000	508	758	326	181	0	35
PVP01_1221500	477	789	163	313	0	169
PVP01_0724600	680	586	398	281	0	259
PVP01_0320400	570	696	249	320	0	357
PVP01_1109700	51	1215	3	47	0	2
PVP01_0803700	254	1012	79	174	0	22
PVP01_1467400	65	1201	7	57	0	5
PVP01_1431300	615	651	436	178	0	19
PVP01_1406500	58	1208	15	42	0	11
PVP01_1257200	38	1228	6	31	0	6
PVP01_1266000	245	1021	20	224	0	26
PVP01_1405900	335	931	40	294	0	121
PVP01_1020700	440	826	129	310	0	189
PVP01_1447800	24	1242	12	11	0	5
PVP01_1119400	255	1011	28	226	0	40
PVP01_1232500	804	462	584	220	0	197
PVP01_0921400	86	1180	11	74	0	5
PVP01_0603200	229	1037	27	201	0	28
PVP01_0933300	356	910	47	308	0	122
PVP01_0830900	321	945	90	230	0	40
PVP01_1416500	207	1059	61	145	0	23
PVP01_0119400	260	1006	17	242	0	29
PVP01_0918000	178	1088	64	114	0	17
PVP01_1345200	27	1239	11	15	0	6
PVP01_0823900	574	692	275	298	0	303
PVP01_0515800	687	579	456	230	0	14
PVP01_0948800	437	829	112	324	0	72
PVP01_1314200	567	699	264	302	0	157
PVP01_1433000	26	1240	8	16	1	10
PVP01_1105700	565	701	239	325	0	295
PVP01_1114300	15	1251	2	12	0	2
PVP01_0623600	382	884	39	342	0	137
PVP01_0729500	122	1144	26	95	0	20
PVP01_1247500	341	925	95	245	0	12
PVP01_1266100	154	1112	2	151	0	23
PVP01_1256200	243	1023	19	223	0	53
PVP01_1440300	251	1015	22	228	0	21
PVP01_1023800	194	1072	36	157	0	28
PVP01_1254200	119	1147	7	111	0	11
PVP01_0701700	510	756	196	313	0	297
PVP01_1305400	717	549	468	248	0	174
PVP01_1019100	400	866	85	314	0	109
PVP01_1028600	936	330	804	132	0	35
PVP01_1029100	86	1180	43	42	0	1
PVP01_1130600	376	890	241	134	0	30
PVP01_1229400	99	1167	35	63	0	1
PVP01_1250600	228	1038	53	174	0	34
PVP01_0106200	363	903	46	317	0	34
PVP01_0918200	109	1157	12	96	0	8
PVP01_1024800	276	990	83	192	0	23
PVP01_0716400	117	1149	11	105	0	9
PVP01_1428700	509	757	259	249	0	184
PVP01_1206600	133	1133	4	128	0	9
PVP01_0520500	215	1051	44	170	0	19
PVP01_0619400	230	1036	16	213	0	44
PVP01_1030300	349	917	30	318	0	19
PVP01_0808200	268	998	56	211	0	29
PVP01_1019400	85	1181	29	55	0	20
PVP01_1332900	28	1238	3	24	0	5
PVP01_1203800	383	883	114	268	0	93
PVP01_1443300	543	723	279	263	0	187
PVP01_1425000	121	1145	41	78	1	10
PVP01_0212200	611	655	307	303	0	224
PVP01_0422300	24	1242	1	22	0	6
PVP01_1009700	38	1228	5	32	0	10
PVP01_1444200	719	547	533	185	0	50
PVP01_0528900	136	1130	20	115	0	22
PVP01_0508300	399	867	82	316	0	75
PVP01_1140700	399	867	87	299	12	104
PVP01_0208500	402	864	140	261	0	45
PVP01_1131200	48	1218	8	39	0	1
PVP01_0934800	156	1110	15	140	0	8
PVP01_1301400	193	1073	22	170	0	21
PVP01_1322100	76	1190	6	69	0	8
PVP01_0525700	420	846	143	276	0	104
PVP01_0514500	549	717	227	321	0	152
PVP01_1024400	374	892	148	225	0	42
PVP01_1454500	307	959	55	251	0	37
PVP01_0505900	141	1125	7	133	0	8
PVP01_0727700	153	1113	84	68	0	7
PVP01_0731100	141	1125	36	104	0	19
PVP01_0726500	91	1175	18	72	0	2
PVP01_1240500	577	689	302	274	0	51
PVP01_1422300	457	809	287	169	0	40
PVP01_0213900	215	1051	36	178	0	45
PVP01_1239000	15	1251	5	9	0	3
PVP01_0111600	329	937	36	292	0	64
PVP01_0818500	660	606	410	249	0	158
PVP01_0809300	210	1056	9	200	0	34
PVP01_1410100	19	1247	1	17	0	2
PVP01_0914400	205	1061	14	190	0	34
PVP01_0711900	106	1160	16	89	0	26
PVP01_0506800	527	739	177	349	0	157
PVP01_1012500	145	1121	23	121	0	19
PVP01_0726300	137	1129	9	127	0	11
PVP01_1225300	220	1046	18	201	0	24
PVP01_0104800	500	766	152	347	0	348
PVP01_0602900	505	761	127	272	105	35
PVP01_0503800	1138	128	814	323	0	15
PVP01_1264800	296	970	38	257	0	58
PVP01_1124700	530	736	175	354	0	177
PVP01_1404200	112	1154	6	105	0	14
PVP01_1017500	135	1131	45	89	0	15
PVP01_1328400	664	602	416	247	0	105
PVP01_1336900	192	1074	9	182	0	16
PVP01_1312300	200	1066	26	173	0	6
PVP01_0316000	79	1187	18	60	0	12
PVP01_1203600	343	923	103	239	0	75
PVP01_1405100	620	646	458	161	0	111
PVP01_1334500	28	1238	6	21	0	3
PVP01_0511800	243	1023	164	78	0	2
PVP01_0911800	300	966	54	245	0	39
PVP01_0913500	835	431	626	208	0	88
PVP01_0516400	81	1185	16	64	0	25
PVP01_1311000	907	359	770	136	0	1
PVP01_0525100	1244	22	1208	36	0	7
PVP01_0703400	59	1207	6	52	0	15
PVP01_0805000	66	1200	9	56	0	19
PVP01_0607900	107	1159	13	93	0	9
PVP01_1317500	540	726	334	205	0	34
PVP01_0118400	412	854	146	265	0	74
PVP01_1025800	143	1123	81	61	0	17
PVP01_0807500	329	937	41	287	0	137
PVP01_0939800	1066	200	913	152	0	63
PVP01_1340400	67	1199	5	61	0	3
PVP01_1216800	101	1165	17	83	0	16
PVP01_0817700	396	870	172	191	32	29
PVP01_1270100	298	968	20	277	0	98
PVP01_0707000	415	851	119	295	0	162
PVP01_1139900	990	276	807	182	0	217
PVP01_0414800	1	1265	0	0	0	1
PVP01_1008700	221	1045	19	201	0	36
PVP01_1140200	411	855	226	184	0	6
PVP01_1136700	111	1155	6	104	0	5
PVP01_1408800	1129	137	975	153	0	28
PVP01_1145100	790	476	620	169	0	112
PVP01_1130400	91	1175	8	82	0	11
PVP01_1223400	298	968	103	194	0	38
PVP01_1135500	848	418	702	145	0	76
PVP01_0604600	13	1253	4	8	0	1
PVP01_1205000	105	1161	9	95	0	2
PVP01_1012100	252	1014	30	221	0	33
PVP01_1004000	31	1235	8	22	0	5
PVP01_1120600	318	948	30	287	0	84
PVP01_0422200	39	1227	9	29	0	10
PVP01_0506700	375	891	114	259	1	55
PVP01_0608100	54	1212	27	26	0	2
PVP01_0808000	190	1076	13	176	0	20
PVP01_0620900	802	464	556	245	0	30
PVP01_1220500	139	1127	23	115	0	22
PVP01_1133800	409	857	127	281	0	41
PVP01_1134200	368	898	66	301	0	77
PVP01_0830100	245	1021	80	164	0	31
PVP01_0913900	58	1208	6	51	0	5
PVP01_1137600	218	1048	23	194	0	41
PVP01_0718100	41	1225	6	34	0	14
PVP01_0804700	221	1045	22	198	0	44
PVP01_1013300	58	1208	24	33	0	4
PVP01_1401400	503	763	222	280	0	212
PVP01_1458000	472	794	162	309	0	39
PVP01_1432600	272	994	51	220	0	16
PVP01_1139100	513	753	207	305	0	171
PVP01_1222300	319	947	50	267	1	78
PVP01_1407400	461	805	111	349	0	293
PVP01_1343600	108	1158	12	95	0	9
PVP01_1230200	151	1115	28	122	0	13
PVP01_0315200	254	1012	40	213	0	19
PVP01_1262800	17	1249	4	12	0	2
PVP01_0822300	295	971	110	184	0	13
PVP01_0721200	55	1211	20	34	0	14
PVP01_1005300	125	1141	8	116	0	16
PVP01_0733000	47	1219	15	31	0	13
PVP01_1007100	468	798	291	176	0	44
PVP01_1441300	260	1006	26	233	0	17
PVP01_0807700	634	632	317	316	0	212
PVP01_0528100	355	911	164	190	0	28
PVP01_1230600	572	694	316	255	0	113
PVP01_0109200	329	937	163	165	0	49
PVP01_1243500	107	1159	11	95	0	10
PVP01_1412500	85	1181	6	78	0	1
PVP01_0733700	258	1008	33	224	0	16
PVP01_1417300	38	1228	6	31	0	8
PVP01_1438600	379	887	73	305	0	143
PVP01_1322200	1227	39	1146	80	0	18
PVP01_0937500	452	814	223	228	0	66
PVP01_0614500	334	932	114	219	0	46
PVP01_0733600	577	689	295	281	0	100
PVP01_0710900	167	1099	67	99	0	28
PVP01_1446600	415	851	134	280	0	124
PVP01_1444900	190	1076	24	165	0	27
PVP01_0731900	368	898	173	194	0	12
PVP01_1224900	614	652	459	154	0	32
PVP01_0413700	145	1121	13	131	0	9
PVP01_0202600	1008	258	878	129	0	59
PVP01_1432300	171	1095	13	157	0	18
PVP01_1023000	114	1152	9	104	0	1
PVP01_0705500	7	1259	3	3	0	4
PVP01_1216100	247	1019	79	167	0	33
PVP01_1337000	125	1141	7	117	0	10
PVP01_1323900	900	366	794	105	0	144
PVP01_1129300	173	1093	9	163	0	17
PVP01_1212100	11	1255	0	10	0	1
PVP01_1320900	841	425	630	210	0	120
PVP01_0510900	194	1072	24	169	0	20
PVP01_0937800	364	902	50	313	0	164
PVP01_1228600	344	922	58	280	5	124
PVP01_1403200	29	1237	5	23	0	6
PVP01_0937400	125	1141	85	39	0	1
PVP01_1107900	261	1005	27	233	0	65
PVP01_0110100	191	1075	15	175	0	10
PVP01_0522500	258	1008	26	231	0	27
PVP01_1140000	378	888	86	290	1	79
PVP01_0314100	5	1261	4	0	0	1
PVP01_0719800	275	991	24	250	0	25
PVP01_0512500	450	816	348	101	0	8
PVP01_1431400	201	1065	13	187	0	7
PVP01_1467000	290	976	103	186	0	32
PVP01_0305600	45	1221	12	32	0	4
PVP01_0804100	427	839	180	246	0	55
PVP01_0824000	146	1120	17	128	0	19
PVP01_1217400	315	951	24	290	0	45
PVP01_0939700	644	622	405	238	0	136
PVP01_0817600	479	787	175	303	0	171
PVP01_1418100	825	441	569	255	0	175
PVP01_1413600	152	1114	2	149	0	12
PVP01_0730200	40	1226	6	33	0	6
PVP01_1454600	73	1193	12	60	0	10
PVP01_1463500	68	1198	6	61	0	7
PVP01_1012200	204	1062	16	187	0	45
PVP01_1312600	179	1087	51	127	0	6
PVP01_0827700	460	806	203	256	0	25
PVP01_1226200	513	753	214	298	0	154
PVP01_1208000	272	994	26	245	0	70
PVP01_0941900	27	1239	1	25	0	5
PVP01_1021400	879	387	789	89	0	136
PVP01_1468000	225	1041	17	207	0	70
PVP01_1464900	322	944	105	216	0	30
PVP01_0305200	12	1254	2	9	0	2
PVP01_0615600	121	1145	7	113	0	18
PVP01_0809200	560	706	386	173	0	56
PVP01_0520600	332	934	47	284	0	67
PVP01_0611500	318	948	42	275	0	73
PVP01_1217600	147	1119	17	129	0	4
PVP01_0914600	343	923	75	267	0	35
PVP01_0836100	310	956	28	281	0	36
PVP01_1416400	38	1228	11	26	0	3
PVP01_0706400	162	1104	9	152	0	12
PVP01_1142300	942	324	822	119	0	112
PVP01_1341200	48	1218	2	45	0	6
PVP01_0307500	285	981	30	254	0	59
PVP01_0112500	278	988	128	149	0	7
PVP01_0733100	177	1089	9	167	0	8
PVP01_1411900	138	1128	8	129	0	7
PVP01_1250800	179	1087	11	167	0	21
PVP01_0614000	128	1138	17	110	0	23
PVP01_1201700	75	1191	15	59	0	6
PVP01_1209200	195	1071	9	185	0	15
PVP01_1464200	363	903	145	217	0	18
PVP01_1120400	126	1140	10	115	0	20
PVP01_0834000	479	787	194	284	0	44
PVP01_0116400	113	1153	18	94	0	6
PVP01_0105400	323	943	43	279	0	109
PVP01_0110300	865	401	640	224	0	199
PVP01_0831500	272	994	41	230	0	43
PVP01_0212000	660	606	420	239	0	180
PVP01_1235900	56	1210	10	45	0	5
PVP01_1106400	291	975	57	231	2	37
PVP01_0908100	463	803	145	317	0	334
PVP01_0725200	398	868	131	266	0	54
PVP01_1146700	100	1166	13	86	0	6
PVP01_1116800	247	1019	11	235	0	15
PVP01_0925600	32	1234	14	17	0	4
PVP01_1414700	513	753	192	320	0	328
PVP01_0507200	565	701	280	284	0	186
PVP01_1236800	40	1226	31	8	0	5
PVP01_1208900	191	1075	34	156	0	5
PVP01_1126600	1048	218	766	281	0	103
PVP01_0621100	83	1183	13	69	0	7
PVP01_1243700	494	772	118	375	0	433
PVP01_1265100	6	1260	0	5	0	3
PVP01_1340200	73	1193	11	61	0	10
PVP01_0918900	443	823	129	313	0	87
PVP01_1205300	630	636	254	373	2	240
PVP01_1346900	203	1063	15	187	0	24
PVP01_1448100	748	518	608	137	2	38
PVP01_0214400	221	1045	19	196	5	28
PVP01_1420400	4	1262	1	2	0	2
PVP01_0812400	20	1246	4	15	0	1
PVP01_0422900	325	941	131	192	1	51
PVP01_1326100	187	1079	30	156	0	40
PVP01_1116900	249	1017	30	218	0	56
PVP01_0906000	203	1063	40	162	0	37
PVP01_1247900	203	1063	11	191	0	15
PVP01_1303600	310	956	61	248	0	20
PVP01_0210900	65	1201	14	50	0	4
PVP01_1430900	240	1026	19	220	0	35
PVP01_0732600	436	830	229	206	0	38
PVP01_1223200	284	982	25	258	0	33
PVP01_1264900	2	1264	0	1	0	1
PVP01_1431100	199	1067	11	187	0	30
PVP01_0216600	112	1154	8	102	1	12
PVP01_0819000	77	1189	15	61	0	10
PVP01_0809500	68	1198	12	55	0	11
PVP01_0423000	323	943	65	257	0	64
PVP01_1017200	702	564	537	164	0	255
PVP01_0303400	452	814	94	357	0	468
PVP01_1029600	284	982	27	256	0	25
PVP01_1122100	12	1254	5	6	0	4
PVP01_0802100	305	961	20	238	46	44
PVP01_1470100	73	1193	5	67	0	13
PVP01_0717900	163	1103	16	146	0	23
PVP01_1227600	55	1211	10	44	0	16
PVP01_0726600	203	1063	48	154	0	27
PVP01_1428300	223	1043	33	189	0	23
PVP01_1424900	163	1103	23	139	0	29
PVP01_1341100	467	799	134	332	0	220
PVP01_1323200	223	1043	19	203	0	4
PVP01_0704600	143	1123	7	135	0	2
PVP01_1401500	262	1004	27	222	12	28
PVP01_0623800	532	734	68	463	0	207
PVP01_1248800	8	1258	2	5	0	4
PVP01_1460800	321	945	77	243	0	44
PVP01_1336100	108	1158	21	86	0	8
PVP01_0509500	397	869	98	298	0	137
PVP01_0420700	16	1250	6	9	0	3
PVP01_1249700	50	1216	1	48	0	1
PVP01_1244400	1259	7	1230	28	0	7
PVP01_0826000	234	1032	73	161	0	28
PVP01_1007900	86	1180	30	55	0	13
PVP01_0823500	94	1172	17	76	0	8
PVP01_0733500	82	1184	13	68	0	2
PVP01_1134800	897	369	762	134	0	159
PVP01_1316200	273	993	14	258	0	14
PVP01_0113600	420	846	144	275	0	36
PVP01_0209200	384	882	164	219	0	68
PVP01_1240900	47	1219	18	28	0	1
PVP01_1332700	377	889	50	326	0	173
PVP01_0830000	1046	220	986	59	0	153
PVP01_1204100	188	1078	23	164	0	27
PVP01_1259500	87	1179	11	69	6	7
PVP01_0619200	112	1154	4	107	0	9
PVP01_1018100	17	1249	0	15	1	2
PVP01_0823100	110	1156	5	104	0	7
PVP01_0718500	207	1059	55	151	0	18
PVP01_1030600	207	1059	16	190	0	14
PVP01_0911200	965	301	774	190	0	80
PVP01_0528800	449	817	97	351	0	233
PVP01_0531000	683	583	439	243	0	148
PVP01_1236300	298	968	35	262	0	27
PVP01_1118700	118	1148	20	97	0	19
PVP01_0927400	321	945	54	266	0	78
PVP01_0610500	297	969	44	252	0	77
PVP01_1342700	54	1212	46	7	0	2
PVP01_1206200	157	1109	17	139	0	23
PVP01_1338900	134	1132	16	117	0	11
PVP01_1313300	1253	13	1240	12	0	11
PVP01_0813500	310	956	56	253	0	53
PVP01_1255100	437	829	229	207	0	48
PVP01_1333400	375	891	49	325	0	90
PVP01_1206500	616	650	368	247	0	72
PVP01_0732400	66	1200	12	53	0	12
PVP01_0302300	361	905	29	331	0	42
PVP01_1460200	98	1168	13	84	0	19
PVP01_1104400	43	1223	5	37	0	8
PVP01_0108300	42	1224	4	37	0	7
PVP01_0732100	173	1093	45	127	0	28
PVP01_1439400	185	1081	11	173	0	17
PVP01_0806600	35	1231	10	24	0	6
PVP01_0607200	746	520	524	221	0	167
PVP01_1119200	525	741	231	293	0	146
PVP01_0806800	8	1258	2	4	1	3
PVP01_0709000	691	575	477	213	0	108
PVP01_1143400	259	1007	61	197	0	26
PVP01_0727900	303	963	39	263	0	50
PVP01_1238600	144	1122	10	133	0	12
PVP01_1309000	277	989	37	239	0	34
PVP01_0522200	271	995	51	219	0	34
PVP01_0315700	87	1179	49	37	0	6
PVP01_1141200	366	900	58	307	0	26
PVP01_1435800	55	1211	2	52	0	5
PVP01_0715000	152	1114	34	117	0	20
PVP01_0313500	594	672	427	166	0	70
PVP01_0603500	571	695	339	231	0	81
PVP01_0812900	324	942	99	224	0	65
PVP01_1463100	128	1138	26	101	0	21
PVP01_1442700	217	1049	13	203	0	12
PVP01_1022900	20	1246	4	15	0	5
PVP01_0815800	66	1200	26	39	0	14
PVP01_1269800	143	1123	31	111	0	8
PVP01_1112900	428	838	84	343	0	311
PVP01_1323800	48	1218	10	37	0	16
PVP01_0703300	600	666	357	242	0	134
PVP01_0505800	278	988	39	238	0	40
PVP01_0406300	283	983	32	250	0	29
PVP01_1420100	381	885	125	255	0	66
PVP01_1134500	333	933	98	234	0	41
PVP01_0945700	251	1015	25	225	0	64
PVP01_1119700	301	965	105	195	0	47
PVP01_1131900	217	1049	55	161	0	18
PVP01_0513300	229	1037	37	191	0	14
PVP01_0526600	216	1050	36	179	0	24
PVP01_1408900	216	1050	19	196	0	32
PVP01_1327600	340	926	71	268	0	94
PVP01_0729700	317	949	49	267	0	29
PVP01_0922600	138	1128	18	119	0	10
PVP01_0829100	635	631	418	216	0	54
PVP01_0603600	192	1074	37	154	0	23
PVP01_0412000	249	1017	91	157	0	20
PVP01_0528600	11	1255	3	7	0	3
PVP01_1003600	423	843	56	366	0	149
PVP01_1268900	80	1186	6	73	0	6
PVP01_1331300	906	360	670	235	0	227
PVP01_1237700	111	1155	11	99	0	7
PVP01_1323100	69	1197	8	60	0	8
PVP01_0621000	53	1213	7	45	0	7
PVP01_1416900	89	1177	15	73	0	11
PVP01_1441600	451	815	191	259	0	38
PVP01_1144500	129	1137	14	114	0	18
PVP01_1424400	102	1164	16	85	0	19
PVP01_1407600	155	1111	11	143	0	24
PVP01_1014400	1044	222	903	140	0	113
PVP01_1023200	231	1035	31	199	0	27
PVP01_0104700	346	920	33	312	0	111
PVP01_1245600	29	1237	2	26	0	5
PVP01_1101700	238	1028	21	216	0	21
PVP01_1422900	78	1188	5	72	0	6
PVP01_0318600	223	1043	59	163	0	19
PVP01_0405800	42	1224	3	38	0	1
PVP01_1438900	88	1178	8	79	0	11
PVP01_0211200	527	739	238	288	0	227
PVP01_1135700	68	1198	18	49	0	12
PVP01_1245200	280	986	38	241	0	37
PVP01_1433500	25	1241	3	21	0	2
PVP01_0312800	217	1049	56	160	0	13
PVP01_1337800	37	1229	5	31	0	5
PVP01_1224600	772	494	543	228	0	112
PVP01_1106900	11	1255	1	9	0	4
PVP01_1314600	138	1128	12	120	5	18
PVP01_1028400	201	1065	10	190	0	19
PVP01_1123000	484	782	137	346	0	37
PVP01_0804200	38	1228	7	30	0	4
PVP01_0616500	282	984	77	204	0	60
PVP01_1326700	252	1014	22	229	0	24
PVP01_1004400	11	1255	2	8	0	2
PVP01_1434000	99	1167	1	97	0	5
PVP01_0939300	36	1230	8	27	0	7
PVP01_0605600	734	532	402	331	0	43
PVP01_1337300	206	1060	17	188	0	26
PVP01_0947800	482	784	166	315	0	264
PVP01_1402500	28	1238	4	23	0	10
PVP01_0802600	1066	200	884	181	0	100
PVP01_0518900	164	1102	13	150	0	12
PVP01_0313400	372	894	85	286	0	71
PVP01_0406400	1185	81	1072	112	0	61
PVP01_1226600	51	1215	28	22	0	10
PVP01_1021700	54	1212	9	44	0	9
PVP01_1321200	250	1016	64	185	0	47
PVP01_0404900	209	1057	13	195	0	27
PVP01_1325400	267	999	94	172	1	12
PVP01_1201600	339	927	122	216	0	15
PVP01_1204900	137	1129	11	125	0	13
PVP01_1319000	157	1109	26	130	0	39
PVP01_1260600	133	1133	17	115	0	14
PVP01_1125500	58	1208	8	49	0	5
PVP01_0515200	49	1217	2	46	0	11
PVP01_1202300	109	1157	7	101	0	14
PVP01_1143600	21	1245	4	16	0	3
PVP01_0829900	1167	99	935	231	0	38
PVP01_0110200	17	1249	8	8	0	3
PVP01_0706000	65	1201	11	53	0	11
PVP01_0913300	163	1103	16	146	0	9
PVP01_0217000	101	1165	16	84	0	19
PVP01_1210200	111	1155	10	100	0	15
PVP01_0802200	290	976	164	125	0	14
PVP01_0808700	205	1061	8	196	0	43
PVP01_0414000	165	1101	14	150	0	16
PVP01_0213100	81	1185	30	50	0	5
PVP01_1300800	115	1151	18	96	0	17
PVP01_1226700	35	1231	10	24	0	11
PVP01_1252400	172	1094	20	151	0	10
PVP01_0529800	803	463	574	228	0	187
PVP01_0929800	161	1105	18	142	0	20
PVP01_1034000	1045	221	985	60	0	15
PVP01_0416700	656	610	417	238	0	208
PVP01_1118800	211	1055	18	192	0	39
PVP01_1271400	760	506	551	208	0	47
PVP01_0409500	198	1068	28	169	0	30
PVP01_0942900	100	1166	16	83	0	15
PVP01_1026100	71	1195	21	46	3	4
PVP01_0719300	286	980	48	237	0	37
PVP01_0918700	38	1228	1	36	0	1
PVP01_1462500	146	1120	5	140	0	5
PVP01_1021600	157	1109	13	143	0	24
PVP01_0919700	205	1061	36	164	4	20
PVP01_1426700	98	1168	13	84	0	6
PVP01_0707300	262	1004	24	237	0	25
PVP01_1466500	20	1246	1	18	0	4
PVP01_1307500	334	932	40	293	0	115
PVP01_0710300	98	1168	29	68	0	16
PVP01_1301800	354	912	87	266	0	91
PVP01_1264500	272	994	42	229	0	31
PVP01_1250500	691	575	183	507	0	66
PVP01_1316700	176	1090	22	153	0	24
PVP01_1265400	170	1096	10	159	0	23
PVP01_1327700	5	1261	1	3	0	3
PVP01_0506300	266	1000	37	228	0	55
PVP01_0943900	162	1104	12	149	0	12
PVP01_1232200	572	694	322	249	0	35
PVP01_0614800	278	988	30	247	0	60
PVP01_0616600	402	864	156	245	0	55
PVP01_0304000	532	734	181	350	0	451
PVP01_0516700	249	1017	45	203	0	12
PVP01_1009800	327	939	36	290	0	90
PVP01_0921200	1232	34	1153	78	0	28
PVP01_1006800	130	1136	13	116	0	15
PVP01_0412500	1202	64	904	297	0	56
PVP01_0604900	492	774	192	299	0	87
PVP01_0603550	124	1142	20	103	0	14
PVP01_0823800	71	1195	23	47	0	6
PVP01_0808500	62	1204	8	53	0	15
PVP01_0708600	209	1057	27	181	0	12
PVP01_1434100	20	1246	2	17	0	1
PVP01_0205800	101	1165	29	71	0	17
PVP01_0706800	163	1103	15	147	0	8
PVP01_1407500	151	1115	5	145	0	7
PVP01_1241200	242	1024	17	224	0	25
PVP01_0524400	149	1117	10	135	3	31
PVP01_0619000	114	1152	71	42	0	2
PVP01_1465400	33	1233	1	31	0	5
PVP01_1270200	19	1247	4	14	0	5
PVP01_0511500	224	1042	8	215	0	10
PVP01_1221300	65	1201	12	52	0	12
PVP01_1136800	41	1225	4	35	1	9
PVP01_1454200	757	509	531	225	0	22
PVP01_1315100	285	981	60	224	0	51
PVP01_1018200	256	1010	44	211	0	13
PVP01_1456200	15	1251	6	8	0	3
PVP01_1252500	157	1109	6	150	0	6
PVP01_1130900	207	1059	44	162	0	23
PVP01_0109700	767	499	512	254	0	141
PVP01_1238400	391	875	138	252	0	58
PVP01_0944600	194	1072	7	186	0	37
PVP01_1306300	377	889	38	338	0	175
PVP01_0419900	237	1029	23	213	0	27
PVP01_1458900	208	1058	79	128	0	46
PVP01_1257800	71	1195	55	14	1	4
PVP01_0945600	103	1163	6	96	0	1
PVP01_1123700	126	1140	17	108	0	39
PVP01_1106300	537	729	391	145	0	32
PVP01_1452400	229	1037	32	196	0	13
PVP01_1426600	338	928	111	226	0	70
PVP01_1124400	140	1126	17	122	0	10
PVP01_0521700	719	547	407	310	1	174
PVP01_1467600	45	1221	11	33	0	4
PVP01_0413100	289	977	39	249	0	20
PVP01_1437600	126	1140	44	81	0	8
PVP01_0106800	170	1096	14	155	0	35
PVP01_0419500	566	700	368	197	0	46
PVP01_1258000	176	1090	14	161	0	14
PVP01_0837100	351	915	55	295	0	131
PVP01_0404800	130	1136	16	111	2	35
PVP01_0810700	117	1149	41	75	0	3
PVP01_0306900	428	838	114	313	0	130
PVP01_0938100	186	1080	20	165	0	28
PVP01_0512900	47	1219	17	29	0	4
PVP01_0518700	1265	1	1265	0	0	1
PVP01_1228000	172	1094	109	62	0	12
PVP01_1129400	11	1255	2	8	0	6
PVP01_0210200	96	1170	9	86	0	9
PVP01_0304900	130	1136	3	126	0	17
PVP01_0412800	1121	145	1085	35	0	38
PVP01_1024000	607	659	334	272	0	62
PVP01_0512600	21	1245	13	7	0	3
PVP01_1207900	76	1190	29	46	0	13
PVP01_1127700	103	1163	11	91	0	5
PVP01_1029200	555	711	229	325	0	371
PVP01_1311800	355	911	39	315	0	85
PVP01_1430100	112	1154	12	99	0	18
PVP01_1022300	50	1216	4	45	0	13
PVP01_0303500	173	1093	10	162	0	16
PVP01_0913400	285	981	47	237	0	18
PVP01_1428000	119	1147	15	103	0	25
PVP01_0408800	135	1131	33	101	0	10
PVP01_1337700	229	1037	21	207	0	27
PVP01_1431500	38	1228	9	28	0	2
PVP01_0833700	106	1160	6	99	0	10
PVP01_1443800	384	882	232	151	0	32
PVP01_1327000	20	1246	2	17	0	3
PVP01_0312700	277	989	135	141	0	6
PVP01_1426750	120	1146	7	112	0	8
PVP01_0503600	253	1013	19	233	0	22
PVP01_1134700	162	1104	14	147	0	21
PVP01_0205400	113	1153	10	102	0	13
PVP01_0721900	448	818	116	331	0	180
PVP01_1113200	80	1186	19	60	0	1
PVP01_1239700	170	1096	54	115	0	38
PVP01_0521200	220	1046	74	145	0	36
PVP01_0102600	89	1177	8	80	0	3
PVP01_1332800	155	1111	19	135	0	22
PVP01_0529200	132	1134	7	124	0	13
PVP01_0613600	299	967	75	223	0	61
PVP01_0946200	234	1032	28	205	0	42
PVP01_1120200	840	426	609	230	0	61
PVP01_0723600	314	952	69	244	0	35
PVP01_0525800	628	638	393	234	0	117
PVP01_0704400	408	858	49	358	0	272
PVP01_0711200	300	966	40	259	0	93
PVP01_0620000	191	1075	21	169	0	12
PVP01_1443900	521	745	215	305	0	108
PVP01_0509400	792	474	454	337	0	146
PVP01_0620700	1103	163	1021	80	1	69
PVP01_0716700	110	1156	13	96	0	6
PVP01_1143200	79	1187	7	71	0	16
PVP01_1427800	225	1041	7	217	0	1
PVP01_0938200	444	822	136	307	0	195
PVP01_0943600	403	863	37	303	62	122
PVP01_1236400	48	1218	5	42	0	6
PVP01_1450600	303	963	145	157	0	14
PVP01_1014900	411	855	199	211	0	31
PVP01_1329600	43	1223	0	42	0	3
PVP01_1242600	210	1056	20	189	0	16
PVP01_1128100	196	1070	19	176	0	32
PVP01_1008100	54	1212	0	53	0	10
PVP01_1419300	157	1109	21	135	0	13
PVP01_0205900	263	1003	93	169	0	15
PVP01_0920400	51	1215	17	32	1	7
PVP01_0838000	93	1173	9	83	0	16
PVP01_0804900	69	1197	8	60	0	5
PVP01_1433100	194	1072	32	161	0	20
PVP01_1453500	388	878	126	261	0	120
PVP01_1270600	231	1035	22	208	0	19
PVP01_1214000	92	1174	1	90	0	5
PVP01_0513400	796	470	609	187	0	86
PVP01_1103800	90	1176	6	83	0	3
PVP01_0519500	458	808	170	287	0	132
PVP01_0801400	100	1166	13	86	0	18
PVP01_0830300	491	775	197	285	8	225
PVP01_1464700	321	945	55	251	14	25
PVP01_1458800	71	1195	4	66	0	2
PVP01_0905600	74	1192	22	51	0	12
PVP01_0405500	247	1019	92	154	0	20
PVP01_1214700	78	1188	10	67	0	12
PVP01_1437900	336	930	37	298	0	54
PVP01_0608700	26	1240	1	24	0	3
PVP01_0407900	111	1155	22	88	0	16
PVP01_1421300	31	1235	3	27	0	7
PVP01_0836300	77	1189	15	61	0	10
PVP01_0707100	129	1137	16	112	0	25
PVP01_0419300	95	1171	8	86	0	3
PVP01_1120000	206	1060	20	185	0	30
PVP01_1017800	19	1247	7	11	0	1
PVP01_1025700	176	1090	48	127	0	10
PVP01_0715200	3	1263	1	1	0	2
PVP01_1462100	75	1191	35	39	0	10
PVP01_0523200	220	1046	22	197	0	29
PVP01_1127500	101	1165	7	92	1	12
PVP01_1132000	564	702	341	222	0	179
PVP01_1232300	807	459	645	161	0	141
PVP01_0510300	254	1012	34	219	0	65
PVP01_0831200	345	921	107	237	0	50
PVP01_0919300	245	1021	28	216	0	31
PVP01_0809600	135	1131	13	121	0	8
PVP01_0926200	54	1212	2	51	0	4
PVP01_0904600	639	627	295	343	0	398
PVP01_0722400	52	1214	7	44	0	1
PVP01_1030100	238	1028	17	220	0	28
PVP01_1128900	82	1184	11	70	0	25
PVP01_0407300	143	1123	44	98	0	22
PVP01_0720700	111	1155	6	104	0	4
PVP01_0927200	596	670	306	289	0	117
PVP01_0801500	213	1053	18	194	0	37
PVP01_0720900	880	386	383	496	0	61
PVP01_0512200	196	1070	22	173	0	25
PVP01_1235000	45	1221	10	34	0	13
PVP01_1445500	350	916	59	290	0	109
PVP01_0504400	301	965	30	270	0	108
PVP01_1271500	306	960	102	182	21	24
PVP01_0214100	88	1178	8	79	0	10
PVP01_1311500	256	1010	86	169	0	60
PVP01_0413400	151	1115	25	125	0	15
PVP01_1255400	1265	1	1200	23	42	1
PVP01_1032000	184	1082	11	172	0	9
PVP01_1449800	293	973	69	223	0	27
PVP01_1222400	146	1120	12	133	0	7
PVP01_1133500	761	505	526	234	0	152
PVP01_0213700	21	1245	4	16	0	2
PVP01_0711100	29	1237	5	23	0	6
PVP01_1436500	197	1069	37	159	0	29
PVP01_1239300	64	1202	9	54	0	21
PVP01_1328900	354	912	292	61	0	19
PVP01_0728000	66	1200	15	50	0	11
PVP01_0919000	79	1187	11	67	0	13
PVP01_0422000	418	848	85	331	1	249
PVP01_0906300	54	1212	15	38	0	8
PVP01_1453300	286	980	43	242	0	50
PVP01_1030000	405	861	54	350	0	263
PVP01_1234100	234	1032	93	140	0	36
PVP01_0826600	396	870	144	251	0	56
PVP01_0206500	63	1203	22	40	0	11
PVP01_1457000	71	1195	8	62	0	9
PVP01_1435200	413	853	205	207	0	40
PVP01_0319100	630	636	379	250	0	170
PVP01_0728900	1234	32	1209	24	0	13
PVP01_0828300	287	979	103	183	0	49
PVP01_1230300	1053	213	839	213	0	172
PVP01_1130300	283	983	32	249	1	57
PVP01_1442100	123	1143	15	107	0	6
PVP01_1135600	327	939	40	286	0	68
PVP01_0905000	369	897	40	328	0	114
PVP01_1134100	172	1094	11	160	0	20
PVP01_1114500	331	935	113	217	0	75
PVP01_0705900	143	1123	18	124	0	25
PVP01_1462900	84	1182	4	79	0	16
PVP01_0614700	198	1068	11	186	0	14
PVP01_1320400	149	1117	23	125	0	10
PVP01_1244700	329	937	32	296	0	84
PVP01_0111900	161	1105	32	128	0	23
PVP01_0832600	558	708	279	268	10	107
PVP01_1210400	1045	221	422	425	197	20
PVP01_1111400	492	774	161	328	2	226
PVP01_1446200	68	1198	8	59	0	8
PVP01_0526000	179	1087	8	170	0	19
PVP01_1132100	181	1085	7	173	0	10
PVP01_1425300	225	1041	16	208	0	43
PVP01_0929000	103	1163	15	87	0	5
PVP01_1424600	7	1259	2	4	0	2
PVP01_0612200	527	739	247	279	0	81
PVP01_0942000	351	915	37	313	0	79
PVP01_0810400	76	1190	3	72	0	3
PVP01_1015800	427	839	186	240	0	82
PVP01_0314900	70	1196	37	32	0	5
PVP01_1251700	9	1257	5	3	0	1
PVP01_0103400	535	731	215	319	0	176
PVP01_0614200	411	855	92	318	0	97
PVP01_0409800	232	1034	58	173	0	5
PVP01_0210400	749	517	475	273	0	250
PVP01_0726100	673	593	436	236	0	120
PVP01_1107500	163	1103	15	147	0	19
PVP01_0719600	182	1084	25	156	0	18
PVP01_0319400	486	780	214	271	0	85
PVP01_0926700	368	898	88	279	0	65
PVP01_1335300	435	831	175	259	0	83
PVP01_0808300	204	1062	49	154	0	33
PVP01_1242900	313	953	24	288	0	62
PVP01_0723200	252	1014	56	195	0	33
PVP01_0622100	22	1244	3	18	0	1
PVP01_0515400	298	968	56	241	0	2
PVP01_1437000	367	899	51	315	0	131
PVP01_0524200	342	924	31	310	0	36
PVP01_0215600	533	733	229	303	0	224
PVP01_0406600	455	811	258	196	0	39
PVP01_0916400	50	1216	10	39	0	9
PVP01_1024900	350	916	56	292	1	52
PVP01_0205300	272	994	20	251	0	24
PVP01_1430800	15	1251	2	12	0	3
PVP01_1128200	122	1144	37	84	0	25
PVP01_1111900	6	1260	1	4	0	5
PVP01_1265200	182	1084	11	170	0	13
PVP01_0112600	662	604	465	196	0	116
PVP01_1417100	142	1124	10	131	0	8
PVP01_1009900	241	1025	28	212	0	7
PVP01_0829400	139	1127	4	134	0	3
PVP01_0811200	192	1074	17	174	0	27
PVP01_1422700	272	994	75	196	0	30
PVP01_1337900	445	821	140	304	0	122
PVP01_0316700	864	402	686	177	0	190
PVP01_1422100	409	857	106	302	0	175
PVP01_1329400	356	910	57	298	0	34
PVP01_1331600	318	948	22	295	0	71
PVP01_1420200	238	1028	91	146	0	36
PVP01_1306600	80	1186	6	73	0	4
PVP01_1345900	329	937	27	301	0	61
PVP01_0945500	323	943	55	267	0	62
PVP01_1448900	312	954	106	205	0	33
PVP01_1440000	213	1053	18	194	0	32
PVP01_0821000	239	1027	13	225	0	66
PVP01_0808600	195	1071	30	164	0	10
PVP01_1458400	240	1026	19	220	0	58
PVP01_1105600	467	799	201	265	0	121
PVP01_0515900	913	353	823	89	0	71
PVP01_0104300	802	464	409	393	0	284
PVP01_1417200	21	1245	6	14	0	5
PVP01_0709600	360	906	102	258	0	46
PVP01_1120500	44	1222	3	40	0	10
PVP01_1320100	102	1164	28	73	0	21
PVP01_0613400	190	1076	78	110	1	29
PVP01_1223900	223	1043	15	207	0	15
PVP01_1261400	333	933	60	272	0	99
PVP01_1460300	21	1245	3	17	0	4
PVP01_1229300	69	1197	12	56	0	12
PVP01_1245700	250	1016	25	224	0	45
PVP01_0619700	190	1076	15	174	0	40
PVP01_0702800	36	1230	1	34	0	6
PVP01_1337500	352	914	44	307	0	99
PVP01_0823600	189	1077	21	167	0	17
PVP01_1226500	17	1249	12	4	0	8
PVP01_0523800	120	1146	11	108	0	10
PVP01_1418300	149	1117	22	126	0	10
PVP01_0836900	165	1101	9	155	0	2
PVP01_1415600	326	940	191	134	0	26
PVP01_1401700	91	1175	27	63	0	6
PVP01_0618700	170	1096	16	153	0	39
PVP01_0216800	1146	120	1063	68	15	22
PVP01_1457600	277	989	67	209	0	51
PVP01_0316900	355	911	62	292	0	128
PVP01_1319900	244	1022	38	205	0	55
PVP01_1263500	221	1045	16	204	0	34
PVP01_1249200	358	908	55	302	0	125
PVP01_0205100	47	1219	33	13	0	4
PVP01_1202500	291	975	24	264	2	37
PVP01_0522100	90	1176	12	77	0	13
PVP01_1465100	127	1139	10	116	0	9
PVP01_0103900	107	1159	6	100	0	8
PVP01_1146000	201	1065	23	177	0	40
PVP01_1236000	672	594	382	290	0	102
PVP01_0407400	438	828	198	239	0	108
PVP01_0616700	1031	235	872	158	0	66
PVP01_1321100	902	364	767	134	0	40
PVP01_1138300	281	985	39	241	0	62
PVP01_1431800	284	982	19	264	0	39
PVP01_0923100	574	692	286	287	0	124
PVP01_1219000	90	1176	10	79	0	10
PVP01_1460900	54	1212	8	45	0	12
PVP01_0937100	689	577	329	359	0	37
PVP01_1421700	69	1197	21	47	0	8
PVP01_1461700	161	1105	12	148	0	18
PVP01_1215100	611	655	214	396	0	231
PVP01_0915300	243	1023	26	216	0	41
PVP01_1419500	195	1071	18	176	0	29
PVP01_1269300	379	887	71	307	0	185
PVP01_1029500	105	1161	14	90	0	10
PVP01_0504900	439	827	96	342	0	323
PVP01_1460100	44	1222	5	38	0	13
PVP01_0404600	1045	221	814	229	1	48
PVP01_0527100	139	1127	16	122	0	32
PVP01_1470400	891	375	74	816	0	13
PVP01_0911900	25	1241	4	20	0	6
PVP01_1017000	11	1255	3	7	0	2
PVP01_1418500	253	1013	34	218	0	49
PVP01_0734400	116	1150	8	107	0	20
PVP01_1463300	370	896	52	317	0	160
PVP01_1457100	371	895	109	261	0	35
PVP01_0516500	879	387	695	163	20	67
PVP01_0614400	346	920	41	304	0	65
PVP01_0511000	403	863	124	278	0	93
PVP01_1436400	114	1152	4	109	0	18
PVP01_0527200	219	1047	127	91	0	20
PVP01_1113100	78	1188	2	75	0	1
PVP01_0518300	235	1031	18	216	0	21
PVP01_1136900	717	549	494	222	0	85
PVP01_1443100	19	1247	4	14	0	2
PVP01_0203300	27	1239	3	23	0	3
PVP01_0735000	568	698	260	307	0	218
PVP01_0204200	138	1128	7	130	0	13
PVP01_0304500	395	871	94	300	0	179
PVP01_1466300	96	1170	6	89	0	16
PVP01_0734900	307	959	20	286	0	57
PVP01_0606200	145	1121	13	131	0	11
PVP01_1242400	39	1227	6	32	0	8
PVP01_1227900	1024	242	943	80	0	92
PVP01_0604000	638	628	399	238	0	118
PVP01_0721300	567	699	240	326	0	353
PVP01_0108800	239	1027	42	196	0	54
PVP01_1215000	6	1260	1	4	0	1
PVP01_0943200	44	1222	6	37	0	1
PVP01_1320700	184	1082	93	90	0	21
PVP01_0703500	404	862	97	306	0	74
PVP01_1415300	5	1261	1	3	0	2
PVP01_0815600	447	819	265	181	0	23
PVP01_1140100	179	1087	16	162	0	10
PVP01_0112000	134	1132	18	115	0	16
PVP01_1229500	99	1167	12	86	0	4
PVP01_0304700	1265	1	1265	0	0	1
PVP01_0117600	766	500	587	178	0	195
PVP01_1250400	403	863	62	340	0	194
PVP01_0533200	585	681	353	231	0	37
PVP01_0713200	82	1184	7	74	0	3
PVP01_1251000	94	1172	43	50	0	17
PVP01_0944300	287	979	33	253	0	36
PVP01_1231700	156	1110	98	57	0	9
PVP01_0836200	342	924	64	277	0	76
PVP01_1236500	13	1253	4	8	0	6
PVP01_1407100	44	1222	20	23	0	19
PVP01_1402900	595	671	445	149	0	42
PVP01_0612100	986	280	792	178	15	189
PVP01_1111800	15	1251	5	9	0	3
PVP01_0812800	435	831	283	152	0	134
PVP01_0721500	165	1101	13	151	0	8
PVP01_0207300	493	773	135	357	0	385
PVP01_1264400	1164	102	1077	86	0	57
PVP01_1268500	334	932	92	241	0	78
PVP01_1233800	90	1176	3	86	0	12
PVP01_0507400	391	875	174	216	0	79
PVP01_0914500	44	1222	9	33	1	15
PVP01_0510700	190	1076	11	178	0	26
PVP01_1011700	66	1200	4	61	0	10
PVP01_0716800	633	633	435	197	0	100
PVP01_0730100	39	1227	18	20	0	9
PVP01_1210700	291	975	27	263	0	51
PVP01_1329200	184	1082	61	122	0	15
PVP01_0814500	45	1221	6	38	0	4
PVP01_0420500	305	961	38	266	0	114
PVP01_1109600	442	824	148	293	0	160
PVP01_0830600	20	1246	2	17	0	2
PVP01_0609300	1016	250	753	262	0	90
PVP01_1267500	583	683	331	251	0	177
PVP01_1427900	140	1126	10	129	0	12
PVP01_1132500	364	902	81	282	0	94
PVP01_1422500	88	1178	8	79	0	4
PVP01_1002800	407	859	52	354	0	136
PVP01_1339900	326	940	68	257	0	54
PVP01_1144600	158	1108	24	133	0	42
PVP01_1145200	166	1100	20	145	0	28
PVP01_1341700	349	917	35	313	0	82
PVP01_1239800	321	945	46	274	0	98
PVP01_0811800	172	1094	9	162	0	11
PVP01_1242800	313	953	35	277	0	60
PVP01_0603000	308	958	36	271	0	61
PVP01_0613000	293	973	104	188	0	13
PVP01_1251500	98	1168	9	88	0	8
PVP01_0413900	261	1005	40	220	0	59
PVP01_0207200	715	551	566	148	0	81
PVP01_1346200	216	1050	8	207	0	5
PVP01_1230000	395	871	125	269	0	99
PVP01_1003200	464	802	78	364	21	82
PVP01_0320300	1171	95	1126	44	0	66
PVP01_1122400	855	411	643	211	0	177
PVP01_1136200	1265	1	1265	0	0	1
PVP01_0942700	255	1011	13	241	0	55
PVP01_1456700	327	939	77	246	3	52
PVP01_1306200	342	924	46	295	0	57
PVP01_1133400	178	1088	31	146	0	6
PVP01_0730300	96	1170	36	59	0	10
PVP01_1231400	13	1253	5	7	0	2
PVP01_1026900	123	1143	19	103	0	9
PVP01_0204000	82	1184	38	43	0	9
PVP01_1336000	90	1176	17	72	0	16
PVP01_1125400	41	1225	13	27	0	13
PVP01_1140600	271	995	25	245	0	33
PVP01_0506100	440	826	221	218	0	76
PVP01_0822000	141	1125	8	132	0	7
PVP01_1141600	259	1007	47	211	0	10
PVP01_0510200	223	1043	9	213	0	11
PVP01_1310400	408	858	96	311	0	154
PVP01_1211900	1035	231	774	261	0	169
PVP01_0804400	99	1167	9	89	0	3
PVP01_1312500	331	935	172	158	0	31
PVP01_0526400	520	746	320	199	0	60
PVP01_1104300	348	918	28	319	0	112
PVP01_1223000	141	1125	12	128	0	6
PVP01_1441900	88	1178	5	82	0	2
PVP01_0905900	46	1220	17	28	0	1
PVP01_0612900	181	1085	11	169	0	6
PVP01_1237600	113	1153	14	98	0	18
PVP01_1459800	74	1192	4	69	0	2
PVP01_0622500	273	993	28	244	0	97
PVP01_0507500	300	966	37	262	0	90
PVP01_0939400	580	686	252	327	0	247
PVP01_1248700	10	1256	2	7	0	4
PVP01_0940200	164	1102	11	152	0	19
PVP01_1016700	72	1194	5	66	0	3
PVP01_1333100	176	1090	41	134	0	17
PVP01_0312500	483	783	220	262	0	116
PVP01_0927700	201	1065	21	179	0	21
PVP01_0313800	1043	223	956	86	0	132
PVP01_0522600	306	960	30	275	0	70
PVP01_1130700	422	844	128	293	0	61
PVP01_1014600	255	1011	44	210	0	30
PVP01_1123500	381	885	122	258	0	50
PVP01_1234500	248	1018	65	182	0	11
PVP01_0106300	538	728	208	328	1	128
PVP01_1415100	1075	191	720	355	0	104
PVP01_1439600	211	1055	28	182	0	36
PVP01_0310500	736	530	516	219	0	115
PVP01_0508800	208	1058	33	174	0	34
PVP01_1437100	37	1229	10	26	0	11
PVP01_0937700	114	1152	16	97	0	9
PVP01_1326200	211	1055	20	190	0	21
PVP01_0931900	380	886	77	302	0	64
PVP01_1121000	29	1237	7	21	0	7
PVP01_0727600	579	687	424	154	0	101
PVP01_0707800	36	1230	2	33	0	4
PVP01_1456400	412	854	114	297	0	139
PVP01_1310900	152	1114	14	137	0	5
PVP01_1211100	72	1194	9	62	0	11
PVP01_1333700	17	1249	1	15	0	3
PVP01_0210700	164	1102	6	157	0	8
PVP01_0919200	249	1017	111	137	0	27
PVP01_1302300	378	888	40	337	0	75
PVP01_0711800	126	1140	7	118	0	10
PVP01_1103100	132	1134	8	123	0	16
PVP01_0306700	19	1247	3	15	0	7
PVP01_0917900	13	1253	3	9	0	3
PVP01_0320800	403	863	65	337	0	140
PVP01_0913700	57	1209	13	43	0	21
PVP01_1316300	388	878	145	242	0	66
PVP01_1212900	155	1111	22	132	0	5
PVP01_1455700	351	915	94	256	0	62
PVP01_1443500	428	838	215	212	0	20
PVP01_0310600	305	961	34	270	0	69
PVP01_1307300	424	842	72	351	0	437
PVP01_0805800	90	1176	50	39	0	5
PVP01_0826100	65	1201	27	37	0	3
PVP01_0937600	303	963	25	277	0	26
PVP01_0410600	413	853	68	344	0	247
PVP01_0910900	307	959	92	214	0	50
PVP01_1419800	220	1046	13	206	0	33
PVP01_0808100	110	1156	7	102	0	3
PVP01_0524600	440	826	22	150	267	25
PVP01_0318400	19	1247	8	10	0	3
PVP01_0209000	254	1012	45	208	0	35
PVP01_0704300	248	1018	11	236	0	28
PVP01_1003900	26	1240	4	21	0	7
PVP01_0217100	260	1006	21	219	19	31
PVP01_1422400	132	1134	16	115	0	25
PVP01_1238200	418	848	90	327	0	221
PVP01_1110300	93	1173	8	84	0	11
PVP01_0622700	241	1025	14	226	0	25
PVP01_0709800	404	862	103	300	0	261
PVP01_1143800	371	895	98	272	0	33
PVP01_0820800	461	805	180	280	0	97
PVP01_0524100	112	1154	7	104	0	13
PVP01_1430950	4	1262	2	1	0	3
PVP01_0805900	63	1203	0	62	0	2
PVP01_0832300	1008	258	786	221	0	179
PVP01_0922800	246	1020	21	221	3	24
PVP01_1024600	945	321	836	109	0	185
PVP01_1005800	13	1253	1	11	0	3
PVP01_0317500	131	1135	18	112	0	5
PVP01_0610300	234	1032	31	202	0	18
PVP01_0938400	220	1046	26	193	0	23
PVP01_1107400	279	987	71	207	0	30
PVP01_0514200	86	1180	22	63	0	17
PVP01_0311500	269	997	62	206	0	29
PVP01_1228200	230	1036	19	210	0	28
PVP01_1009400	132	1134	6	125	0	8
PVP01_1007400	129	1137	13	115	0	11
PVP01_0206300	632	634	398	233	0	123
PVP01_1435000	152	1114	18	133	0	3
PVP01_1459200	31	1235	14	15	1	5
PVP01_1028300	277	989	80	196	0	46
PVP01_0940300	243	1023	18	224	0	53
PVP01_1257400	110	1156	8	101	0	16
PVP01_1123400	99	1167	20	78	0	13
PVP01_0404300	934	332	764	169	0	60
PVP01_0823200	215	1051	15	199	0	16
PVP01_0311300	465	801	189	275	0	84
PVP01_0207000	189	1077	10	178	0	10
PVP01_1406100	210	1056	14	195	0	14
PVP01_1142600	106	1160	7	98	0	18
PVP01_0611000	39	1227	6	32	0	6
PVP01_1117200	49	1217	10	38	0	9
PVP01_1016900	521	745	267	253	0	96
PVP01_0925500	484	782	186	297	0	186
PVP01_1422000	45	1221	0	44	0	1
PVP01_1344400	89	1177	5	83	0	9
PVP01_1436800	110	1156	11	98	0	13
PVP01_1300600	246	1020	10	235	0	5
PVP01_1024200	462	804	201	260	0	152
PVP01_0206200	99	1167	13	85	0	9
PVP01_0701400	118	1148	8	109	0	4
PVP01_0727400	267	999	24	242	0	23
PVP01_1401100	872	394	39	260	572	30
PVP01_1122300	80	1186	8	71	0	11
PVP01_0601800	346	920	59	247	39	43
PVP01_1140400	169	1097	13	155	0	2
PVP01_1228300	202	1064	20	181	0	35
PVP01_0829700	652	614	440	211	0	209
PVP01_1455900	19	1247	5	13	0	1
PVP01_0202550	69	1197	5	63	0	9
PVP01_0904300	290	976	24	265	0	31
PVP01_1306500	567	699	303	263	0	40
PVP01_0820300	71	1195	4	66	0	13
PVP01_0306300	597	669	401	195	0	36
PVP01_0108200	425	841	170	254	0	43
PVP01_0936900	755	511	370	385	0	185
PVP01_0714800	577	689	204	372	0	156
PVP01_1329100	268	998	19	248	0	55
PVP01_1028000	153	1113	14	138	0	13
PVP01_0948000	13	1253	2	10	0	2
PVP01_1421400	23	1243	6	16	0	2
PVP01_1329000	144	1122	16	127	0	17
PVP01_1307200	675	591	450	224	0	290
PVP01_1260300	49	1217	6	42	0	6
PVP01_1310000	191	1075	18	172	0	18
PVP01_1270900	179	1087	18	160	0	23
PVP01_0215500	11	1255	1	9	0	1
PVP01_1227200	47	1219	9	37	0	19
PVP01_1345000	386	880	53	332	0	137
PVP01_1445000	190	1076	56	133	0	11
PVP01_0410800	544	722	276	267	0	73
PVP01_0924400	344	922	56	287	0	68
PVP01_1247800	746	520	578	167	0	27
PVP01_0506600	506	760	238	267	0	351
PVP01_1244100	93	1173	8	84	0	4
PVP01_0917800	678	588	262	414	1	132
PVP01_0111000	10	1256	3	6	0	3
PVP01_0906500	99	1167	46	52	0	9
PVP01_0203100	17	1249	9	7	0	5
PVP01_1019200	537	729	223	313	0	192
PVP01_1122800	60	1206	5	54	0	8
PVP01_1212600	566	700	232	333	0	76
PVP01_1015600	55	1211	8	46	0	8
PVP01_1258800	311	955	52	258	0	72
PVP01_1465700	311	955	79	231	0	60
PVP01_0822700	331	935	27	303	0	25
PVP01_1321800	257	1009	10	246	0	22
PVP01_1261900	291	975	40	250	0	52
PVP01_0507800	476	790	204	271	0	97
PVP01_0115600	222	1044	51	170	0	35
PVP01_0312600	40	1226	6	33	0	1
PVP01_0523400	253	1013	70	182	0	35
PVP01_1403500	172	1094	6	165	0	12
PVP01_1444800	176	1090	12	163	0	9
PVP01_0929300	427	839	164	262	0	39
PVP01_1324100	255	1011	21	233	0	49
PVP01_1222800	99	1167	5	93	0	1
PVP01_1126700	662	604	456	205	0	41
PVP01_1467800	21	1245	8	12	0	6
PVP01_1239100	111	1155	3	107	0	3
PVP01_0318900	201	1065	19	181	0	33
PVP01_1026000	324	942	25	298	0	34
PVP01_1215300	20	1246	1	18	0	4
PVP01_1339400	261	1005	23	237	0	32
PVP01_0307400	349	917	58	290	0	104
PVP01_0948100	285	981	24	260	0	75
PVP01_1305000	320	946	44	275	0	69
PVP01_1413400	330	936	70	259	0	76
PVP01_0827800	149	1117	41	107	0	15
PVP01_0604400	26	1240	13	12	0	8
PVP01_0206100	202	1064	18	182	1	33
PVP01_1029700	67	1199	8	58	0	11
PVP01_0826400	247	1019	73	173	0	52
PVP01_0932500	104	1162	12	91	0	15
PVP01_0920900	256	1010	13	242	0	22
PVP01_1004100	435	831	152	282	0	197
PVP01_0308000	294	972	77	216	0	74
PVP01_1120900	33	1233	8	24	0	7
PVP01_0829000	438	828	161	276	0	121
PVP01_1412300	29	1237	6	22	0	7
PVP01_1411100	316	950	43	272	0	66
PVP01_1459600	357	909	95	261	0	23
PVP01_1016800	276	990	191	84	0	17
PVP01_1424800	75	1191	0	74	0	6
PVP01_0423600	156	1110	27	128	0	33
PVP01_1423500	32	1234	9	22	0	5
PVP01_1410300	164	1102	37	126	0	34
PVP01_0712600	91	1175	45	45	0	7
PVP01_0832800	129	1137	20	108	0	25
PVP01_1219200	376	890	62	313	0	178
PVP01_0712900	442	824	127	314	0	180
PVP01_0114100	49	1217	13	35	0	23
PVP01_1147100	19	1247	4	14	0	2
PVP01_0528000	932	334	811	120	0	114
PVP01_1215900	227	1039	55	171	0	36
PVP01_0531200	52	1214	7	44	0	4
PVP01_0806400	141	1125	13	127	0	22
PVP01_1419700	283	983	56	226	0	43
PVP01_0622300	25	1241	8	16	0	12
PVP01_1317300	1109	157	986	122	0	90
PVP01_1258400	37	1229	3	33	0	5
PVP01_1240600	449	817	144	304	0	254
PVP01_1302600	330	936	27	302	0	61
PVP01_0106400	5	1261	0	4	0	3
PVP01_1439700	191	1075	35	155	0	39
PVP01_0938600	162	1104	40	121	0	18
PVP01_0405100	248	1018	12	235	0	32
PVP01_0112100	78	1188	15	62	0	10
PVP01_0617900	187	1079	14	172	0	11
PVP01_1145000	221	1045	35	185	0	23
PVP01_1122200	193	1073	9	183	0	37
PVP01_0320900	96	1170	2	93	0	4
PVP01_1126000	132	1134	36	95	0	19
PVP01_0924000	105	1161	13	91	0	12
PVP01_1415500	120	1146	6	113	0	14
PVP01_0907300	706	560	475	230	0	121
PVP01_0825200	228	1038	19	208	0	32
PVP01_1464100	269	997	19	249	0	17
PVP01_1016600	199	1067	24	174	0	21
PVP01_1124200	321	945	42	278	0	86
PVP01_0801200	147	1119	23	123	0	18
PVP01_1268300	56	1210	19	36	0	12
PVP01_1312900	269	997	26	242	0	13
PVP01_1135000	458	808	166	291	0	56
PVP01_1302900	27	1239	4	22	0	4
PVP01_1338500	270	996	31	238	0	37
PVP01_0831700	174	1092	12	161	0	9
PVP01_1146100	246	1020	29	216	0	50
PVP01_0621200	235	1031	17	217	0	22
PVP01_0622600	2	1264	0	1	0	2
PVP01_1323400	365	901	140	225	0	26
PVP01_0411300	698	568	387	310	0	176
PVP01_0808400	28	1238	5	22	0	2
PVP01_0834500	70	1196	13	56	0	2
PVP01_1202100	420	846	77	342	0	153
PVP01_1453200	10	1256	3	6	0	3
PVP01_1258700	546	720	184	361	0	123
PVP01_0605900	368	898	85	282	0	86
PVP01_0416000	127	1139	7	119	0	11
PVP01_1105200	105	1161	18	86	0	20
PVP01_0823700	312	954	114	197	0	40
PVP01_1011400	19	1247	2	16	0	3
PVP01_0940800	18	1248	10	7	0	2
PVP01_1017700	218	1048	20	197	0	36
PVP01_1259300	114	1152	23	90	0	9
PVP01_1108200	180	1086	19	147	13	35
PVP01_0115200	332	934	38	293	0	85
PVP01_0415100	391	875	216	174	0	27
PVP01_1002900	545	721	102	443	0	350
PVP01_0526200	14	1252	3	10	0	1
PVP01_0115400	325	941	130	194	0	45
PVP01_0810600	58	1208	6	51	0	8
PVP01_0909500	266	1000	25	240	0	25
PVP01_0734300	1126	140	928	195	2	86
PVP01_1005700	223	1043	27	195	0	8
PVP01_0834900	324	942	49	274	0	51
PVP01_1208700	88	1178	6	81	0	1
PVP01_0112800	976	290	875	99	1	156
PVP01_0532000	105	1161	12	92	0	6
PVP01_1426400	43	1223	2	40	0	2
PVP01_1013800	169	1097	49	119	0	26
PVP01_1324800	186	1080	6	179	0	8
PVP01_1207000	57	1209	29	27	0	11
PVP01_0918600	127	1139	10	116	0	8
PVP01_0929200	326	940	143	182	0	11
PVP01_0912700	120	1146	14	105	0	19
PVP01_0804300	287	979	41	245	0	73
PVP01_1215400	1	1265	0	0	0	4
PVP01_0828200	183	1083	69	113	0	1
PVP01_1255600	317	949	62	254	0	88
PVP01_1451700	962	304	818	143	0	232
PVP01_0924900	268	998	34	233	0	32
PVP01_1333000	50	1216	20	29	0	6
PVP01_1206400	651	615	327	323	0	381
PVP01_1403000	151	1115	15	135	0	14
PVP01_1121200	126	1140	26	99	0	18
PVP01_0709100	72	1194	22	49	0	1
PVP01_1451000	73	1193	49	23	0	6
PVP01_1317200	412	854	144	267	0	75
PVP01_1218700	450	816	180	269	0	109
PVP01_1331700	596	670	312	283	0	304
PVP01_0513600	266	1000	25	240	0	21
PVP01_0115900	792	474	564	227	0	34
PVP01_0505600	1051	215	941	109	0	39
PVP01_1024700	145	1121	21	123	0	12
PVP01_0701200	475	791	81	393	0	315
PVP01_1258600	190	1076	15	174	0	24
PVP01_1442900	464	802	152	311	0	131
PVP01_0819800	576	690	249	326	0	251
PVP01_1121800	279	987	21	257	0	41
PVP01_0514900	205	1061	33	160	11	37
PVP01_1326600	483	783	183	299	0	204
PVP01_1465800	933	333	725	193	14	158
PVP01_1141500	152	1114	15	136	0	21
PVP01_0315400	58	1208	7	50	0	4
PVP01_0308100	257	1009	52	204	0	19
PVP01_0411800	100	1166	34	65	0	1
PVP01_1459900	55	1211	16	38	0	6
PVP01_1010800	38	1228	9	28	0	9
PVP01_1402800	29	1237	13	15	0	4
PVP01_0413300	98	1168	5	92	0	12
PVP01_1206000	352	914	45	306	0	119
PVP01_0913000	212	1054	14	197	0	25
PVP01_0619600	665	601	460	204	0	103
PVP01_0615300	198	1068	55	142	0	22
PVP01_1012900	229	1037	35	193	0	37
PVP01_0105100	54	1212	10	43	0	12
PVP01_0936200	258	1008	22	232	3	27
PVP01_1329700	229	1037	12	216	0	18
PVP01_0104400	382	884	60	321	0	78
PVP01_0924500	36	1230	6	29	0	4
PVP01_1334600	2	1264	0	1	0	1
PVP01_0926900	12	1254	5	6	0	2
PVP01_0723400	168	1098	112	55	0	3
PVP01_0707600	328	938	78	249	0	48
PVP01_0721700	252	1014	32	219	0	33
PVP01_1339200	279	987	29	249	0	40
PVP01_0935000	363	903	69	293	0	117
PVP01_1208600	38	1228	2	35	0	10
PVP01_0837400	242	1024	87	154	0	26
PVP01_0911000	253	1013	82	170	0	45
PVP01_1316000	318	948	36	281	0	28
PVP01_0523300	237	1029	16	220	0	8
PVP01_0617500	115	1151	10	104	0	12
PVP01_1444400	1011	255	884	126	0	58
PVP01_0106700	951	315	724	226	0	178
PVP01_1138800	335	931	73	261	0	45
PVP01_0604500	617	649	353	263	0	259
PVP01_0116500	138	1128	27	110	0	1
PVP01_1402600	279	987	30	248	0	34
PVP01_0419800	571	695	246	323	1	159
PVP01_1230800	428	838	125	302	0	119
PVP01_0610400	54	1212	8	45	0	18
PVP01_0409400	292	974	34	257	0	44
PVP01_1336700	286	980	54	231	0	53
PVP01_1016300	283	983	28	254	0	8
PVP01_1235200	405	861	127	277	0	123
PVP01_0108700	282	984	41	240	0	9
PVP01_1108400	59	1207	8	50	0	10
PVP01_0605500	731	535	489	241	0	69
PVP01_1115500	311	955	50	260	0	52
PVP01_1443400	955	311	790	164	0	131
PVP01_0836700	447	819	105	341	0	256
PVP01_1119600	100	1166	6	89	4	4
PVP01_0416400	907	359	725	181	0	221
PVP01_0821800	372	894	70	301	0	73
PVP01_1225200	114	1152	9	104	0	11
PVP01_1263900	179	1087	19	159	0	29
PVP01_0614100	403	863	171	231	0	56
PVP01_0107500	473	793	195	277	0	102
PVP01_0618400	14	1252	4	9	0	4
PVP01_1334100	33	1233	3	29	0	5
PVP01_1011100	50	1216	4	45	0	1
PVP01_1118900	345	921	109	235	0	38
PVP01_0525500	271	995	13	251	6	40
PVP01_0617700	161	1105	17	143	0	13
PVP01_1204800	124	1142	16	107	0	19
PVP01_1113300	317	949	36	280	0	113
PVP01_0913200	51	1215	4	46	0	7
PVP01_0914900	83	1183	2	80	0	5
PVP01_1226400	480	786	173	306	0	202
PVP01_0316600	117	1149	29	87	0	11
PVP01_1221100	545	721	356	188	0	253
PVP01_1014500	61	1205	2	58	0	2
PVP01_1033200	310	956	53	256	0	51
PVP01_1114700	124	1142	18	105	0	11
PVP01_0936000	261	1005	48	211	1	65
PVP01_0835800	8	1258	6	1	0	1
PVP01_0904800	317	949	23	293	0	46
PVP01_0514400	27	1239	11	15	0	2
PVP01_1416200	246	1020	49	196	0	33
PVP01_1326900	171	1095	38	132	0	13
PVP01_1125100	203	1063	10	192	0	19
PVP01_1435500	292	974	20	271	0	45
PVP01_0822800	732	534	435	296	0	298
PVP01_1464500	164	1102	14	149	0	12
PVP01_0705700	394	872	143	249	1	72
PVP01_1440200	316	950	114	201	0	60
PVP01_1229100	351	915	48	302	0	127
PVP01_1205800	152	1114	14	137	0	27
PVP01_1103200	750	516	533	216	0	253
PVP01_0827000	270	996	22	247	0	40
PVP01_1452200	878	388	623	254	0	201
PVP01_0405600	18	1248	5	12	0	6
PVP01_1401000	174	1092	23	150	0	17
PVP01_0116100	444	822	215	228	0	53
PVP01_1143700	130	1136	26	103	0	3
PVP01_0928300	262	1004	115	146	0	6
PVP01_0522400	16	1250	1	14	0	2
PVP01_1259800	330	936	91	238	0	55
PVP01_1014200	81	1185	3	77	0	9
PVP01_0946500	376	890	99	276	0	68
PVP01_0939000	507	759	211	295	0	220
PVP01_1121700	642	624	391	250	0	61
PVP01_1309500	53	1213	3	49	0	5
PVP01_1303300	336	930	81	254	0	97
PVP01_1459100	224	1042	64	159	0	41
PVP01_1327300	312	954	142	169	0	52
PVP01_1321900	174	1092	25	148	0	6
PVP01_1208100	230	1036	29	200	0	17
PVP01_1251900	180	1086	31	147	1	22
PVP01_0601700	133	1133	22	110	0	22
PVP01_1441100	276	990	12	263	0	41
PVP01_0521600	427	839	271	154	1	23
PVP01_0119500	574	692	310	263	0	51
PVP01_0702300	15	1251	2	12	0	1
PVP01_0414100	118	1148	16	101	0	32
PVP01_0531800	653	613	431	221	0	114
PVP01_0204500	573	693	298	274	0	219
PVP01_1441400	202	1064	88	113	0	14
PVP01_1252900	13	1253	5	7	0	5
PVP01_0934900	148	1118	10	137	0	11
PVP01_0312300	159	1107	34	124	0	19
PVP01_0423200	812	454	606	194	11	62
PVP01_1458700	78	1188	5	72	0	8
PVP01_1227800	967	299	793	173	0	173
PVP01_1328200	1030	236	977	52	0	131
PVP01_0947000	175	1091	22	151	1	18
PVP01_0108600	86	1180	2	83	0	9
PVP01_0932400	532	734	158	365	8	339
PVP01_0504100	248	1018	19	228	0	31
PVP01_1002600	248	1018	14	233	0	7
PVP01_0316400	874	392	696	177	0	152
PVP01_1312200	92	1174	13	78	0	10
PVP01_0613700	352	914	112	239	0	24
PVP01_0520100	291	975	145	145	0	2
PVP01_1126500	384	882	144	239	0	50
PVP01_0211800	176	1090	19	156	0	26
PVP01_0715500	379	887	125	253	0	73
PVP01_1113500	27	1239	20	6	0	4
PVP01_1306400	82	1184	11	70	0	5
PVP01_0111800	318	948	58	259	0	77
PVP01_1260400	30	1236	5	24	0	1
PVP01_1210600	222	1044	18	203	0	53
PVP01_1434200	190	1076	11	178	0	25
PVP01_0119300	111	1155	9	101	0	22
PVP01_1335100	188	1078	18	169	0	21
PVP01_0313700	118	1148	16	83	18	18
PVP01_0831100	106	1160	20	85	0	7
PVP01_1304400	129	1137	12	116	0	15
PVP01_1302400	163	1103	8	154	0	12
PVP01_0211600	579	687	402	176	0	179
PVP01_0108000	309	957	98	210	0	47
PVP01_1418900	154	1112	2	151	0	9
PVP01_0421500	330	936	47	282	0	40
PVP01_0941800	490	776	178	309	2	269
PVP01_0103600	271	995	16	254	0	47
PVP01_0803400	35	1231	4	30	0	6
PVP01_1005100	60	1206	3	56	0	4
PVP01_0521100	188	1078	47	140	0	22
PVP01_1135900	133	1133	17	115	0	5
PVP01_0833100	43	1223	16	26	0	3
PVP01_0804800	375	891	68	306	0	105
PVP01_0922000	137	1129	15	121	0	19
PVP01_0912200	29	1237	4	24	0	11
PVP01_1134300	217	1049	28	188	0	35
PVP01_0508400	706	560	456	249	0	175
PVP01_0211400	330	936	60	269	0	43
PVP01_1427000	93	1173	19	73	0	7
PVP01_1307400	144	1122	72	71	0	8
PVP01_1408700	767	499	670	96	0	29
PVP01_0809700	69	1197	13	55	0	12
PVP01_0607600	94	1172	22	67	4	18
PVP01_0718900	13	1253	5	7	0	3
PVP01_0941500	895	371	761	133	0	120
PVP01_0714600	792	474	594	197	0	99
PVP01_0314500	205	1061	16	188	0	11
PVP01_0917200	288	978	39	248	0	46
PVP01_0732200	473	793	289	183	0	75
PVP01_1233100	132	1134	21	110	0	25
PVP01_1244600	15	1251	1	13	0	1
PVP01_0518600	265	1001	67	197	0	19
PVP01_1254500	27	1239	8	18	0	7
PVP01_0623100	927	339	768	158	0	55
PVP01_0408100	252	1014	26	225	0	48
PVP01_1335700	962	304	780	181	0	31
PVP01_0924100	369	897	70	298	0	85
PVP01_0730500	72	1194	10	61	0	4
PVP01_1335600	2	1264	1	0	0	1
PVP01_0936500	1020	246	862	157	0	100
PVP01_1117100	259	1007	34	222	2	54
PVP01_1347000	134	1132	9	124	0	3
PVP01_1127300	540	726	311	228	0	38
PVP01_1332200	104	1162	4	99	0	6
PVP01_1204700	141	1125	9	131	0	16
PVP01_0513800	1242	24	1235	7	0	8
PVP01_0734700	216	1050	28	186	1	24
PVP01_1011800	260	1006	33	226	0	64
PVP01_1343100	625	641	242	382	0	57
PVP01_1121500	16	1250	3	12	0	5
PVP01_1267700	396	870	71	311	13	163
PVP01_1018000	214	1052	8	205	0	8
PVP01_0919100	703	563	472	230	0	83
PVP01_0803800	31	1235	8	22	0	5
PVP01_0315800	368	898	217	150	0	26
PVP01_0621800	314	952	50	263	0	95
PVP01_1346000	691	575	405	285	0	129
PVP01_0717800	150	1116	14	135	0	14
PVP01_1457800	436	830	210	225	0	45
PVP01_1447200	572	694	308	263	0	153
PVP01_0309000	69	1197	17	51	0	9
PVP01_0800900	653	613	437	201	14	82
PVP01_1144700	15	1251	2	12	0	1
PVP01_1110500	211	1055	12	197	1	8
PVP01_0713000	6	1260	5	0	0	2
PVP01_0103300	102	1164	17	84	0	7
PVP01_1208500	16	1250	3	12	0	10
PVP01_1264000	330	936	39	290	0	115
PVP01_1246100	25	1241	6	18	0	2
PVP01_1442800	309	957	35	273	0	45
PVP01_1266600	444	822	170	273	0	110
PVP01_1028500	326	940	39	286	0	30
PVP01_0317400	261	1005	91	169	0	34
PVP01_1332300	810	456	363	446	0	218
PVP01_0408500	340	926	47	292	0	134
PVP01_0811300	79	1187	25	53	0	2
PVP01_1331400	32	1234	3	28	0	5
PVP01_0610000	334	932	47	286	0	90
PVP01_0616100	161	1105	11	149	0	14
PVP01_0614300	682	584	470	211	0	50
PVP01_0906400	259	1007	20	238	0	32
PVP01_0720100	470	796	199	270	0	157
PVP01_1436100	271	995	63	207	0	41
PVP01_0415900	416	850	81	334	0	218
PVP01_0623700	150	1116	14	135	0	9
PVP01_0116800	703	563	576	126	0	78
PVP01_1451800	373	893	103	269	0	68
PVP01_1012000	358	908	60	295	2	149
PVP01_1234900	617	649	379	237	0	136
PVP01_0835400	413	853	144	268	0	119
PVP01_0204900	446	820	226	219	0	54
PVP01_0520900	197	1069	19	177	0	26
PVP01_1437300	209	1057	11	197	0	10
PVP01_1406700	112	1154	11	100	0	19
PVP01_0422800	1207	59	1146	60	0	30
PVP01_1344700	14	1252	0	13	0	1
PVP01_0214700	26	1240	12	13	0	2
PVP01_0109600	402	864	87	314	0	188
PVP01_0107800	266	1000	97	168	0	20
PVP01_1343800	320	946	52	267	0	66
PVP01_0610600	483	783	92	390	0	157
PVP01_0609200	231	1035	48	182	0	42
PVP01_0811600	45	1221	2	42	0	10
PVP01_1302700	339	927	39	299	0	112
PVP01_1426800	265	1001	29	235	0	53
PVP01_0532400	437	829	78	358	0	364
PVP01_1340900	173	1093	5	167	0	7
PVP01_1144900	469	797	192	276	0	180
PVP01_0921300	553	713	299	253	0	153
PVP01_1119000	251	1015	99	151	0	23
PVP01_0624400	283	983	39	243	0	50
PVP01_1245900	222	1044	54	167	0	20
PVP01_1313000	135	1131	12	122	0	17
PVP01_0932300	123	1143	11	111	0	13
PVP01_1402200	540	726	331	208	0	38
PVP01_1265700	445	821	105	339	0	375
PVP01_0116000	794	472	581	212	0	310
PVP01_0618000	431	835	132	298	0	127
PVP01_1306900	914	352	738	175	0	56
PVP01_0311000	202	1064	25	176	0	19
PVP01_1204500	157	1109	12	144	0	22
PVP01_1112600	259	1007	57	201	0	34
PVP01_1221200	195	1071	91	103	0	13
PVP01_1248100	393	873	111	281	0	93
PVP01_1238700	780	486	628	151	0	287
PVP01_0118800	233	1033	30	202	0	53
PVP01_1249000	420	846	81	338	0	238
PVP01_1407300	132	1134	10	121	0	1
PVP01_0703900	44	1222	6	37	0	4
PVP01_1268000	509	757	218	290	0	31
PVP01_1253500	244	1022	27	216	0	49
PVP01_1139400	254	1012	39	214	0	69
PVP01_1307100	215	1051	16	198	0	9
PVP01_0725300	635	631	398	236	0	152
PVP01_0807000	486	780	347	138	0	28
PVP01_1142000	363	903	124	238	0	30
PVP01_1464600	261	1005	37	223	0	37
PVP01_0815300	269	997	30	238	0	44
PVP01_1404900	323	943	28	294	0	80
PVP01_0906900	154	1112	17	136	0	19
PVP01_0211300	660	606	351	308	0	208
PVP01_1248300	415	851	114	300	0	113
PVP01_1250000	22	1244	9	12	0	9
PVP01_0504800	220	1046	9	210	0	15
PVP01_1331900	119	1147	14	104	0	20
PVP01_1428600	268	998	27	240	0	46
PVP01_1117800	20	1246	4	15	0	4
PVP01_1448700	150	1116	15	134	0	21
PVP01_0931600	211	1055	70	140	0	15
PVP01_0307700	1185	81	1150	35	0	14
PVP01_1221800	334	932	34	296	3	60
PVP01_0837000	351	915	46	304	0	100
PVP01_0933700	16	1250	3	12	0	7
PVP01_1449900	5	1261	0	4	0	2
PVP01_1124900	532	734	153	378	0	240
PVP01_0906600	95	1171	55	39	0	9
PVP01_1034100	178	1088	10	167	0	9
PVP01_0805700	474	792	395	78	0	18
PVP01_1224300	222	1044	19	202	0	12
PVP01_1003100	96	1170	9	86	0	4
PVP01_0907700	30	1236	5	24	0	6
PVP01_1429300	167	1099	19	147	0	15
PVP01_1113600	158	1108	11	146	0	16
PVP01_1423700	195	1071	13	181	0	37
PVP01_0615900	135	1131	5	129	0	13
PVP01_0821700	222	1044	35	186	0	33
PVP01_1135100	410	856	221	188	0	106
PVP01_1344100	371	895	147	223	0	30
PVP01_0701300	90	1176	4	85	0	6
PVP01_0728800	414	852	83	330	0	200
PVP01_0309100	917	349	612	305	0	43
PVP01_0716000	259	1007	35	223	0	24
PVP01_1113000	162	1104	27	134	0	4
PVP01_1271300	201	1065	26	174	0	9
PVP01_1217800	277	989	69	207	0	36
PVP01_0214900	41	1225	4	35	1	7
PVP01_0416300	78	1188	13	64	0	9
PVP01_0704700	318	948	19	298	0	59
PVP01_0927800	125	1141	8	116	0	12
PVP01_1143300	406	860	92	313	0	134
PVP01_1103700	71	1195	3	67	0	11
PVP01_0304600	210	1056	26	181	2	23
PVP01_0806500	62	1204	24	37	0	1
PVP01_1311300	335	931	95	239	0	36
PVP01_0703000	971	295	792	178	0	91
PVP01_0712800	140	1126	27	112	0	7
PVP01_1142800	351	915	105	245	0	32
PVP01_0415800	747	519	282	464	0	229
PVP01_0407000	136	1130	10	125	0	11
PVP01_1425900	203	1063	12	190	0	25
PVP01_1411400	255	1011	18	236	0	69
PVP01_0718200	537	729	107	429	0	88
PVP01_1405700	350	916	40	309	0	103
PVP01_0946600	306	960	138	167	0	29
PVP01_1441800	366	900	59	306	0	111
PVP01_0702700	385	881	52	332	0	204
PVP01_1135800	423	843	147	275	0	85
PVP01_1412100	270	996	34	235	0	42
PVP01_0908300	46	1220	6	39	0	7
PVP01_1311700	38	1228	16	21	0	8
PVP01_1033000	377	889	51	325	0	85
PVP01_0729900	95	1171	5	89	0	3
PVP01_1432800	9	1257	2	6	0	4
PVP01_1308200	595	671	258	336	0	50
PVP01_1270400	305	961	34	270	0	72
PVP01_0944000	93	1173	46	46	0	12
PVP01_0904900	118	1148	16	101	0	24
PVP01_1248200	362	904	169	192	0	7
PVP01_0109300	189	1077	63	125	0	10
PVP01_1423000	677	589	417	259	0	310
PVP01_0723500	155	1111	21	133	0	10
PVP01_0708700	546	720	282	263	0	210
PVP01_1027800	174	1092	10	163	0	10
PVP01_1265600	85	1181	8	76	0	6
PVP01_1021500	261	1005	43	217	0	63
PVP01_0522700	422	844	224	197	0	43
PVP01_0313200	552	714	295	256	0	53
PVP01_1447700	1123	143	972	149	1	48
PVP01_1461800	95	1171	18	76	0	7
PVP01_1322800	301	965	35	265	0	51
PVP01_1426200	76	1190	12	63	0	8
PVP01_0532600	211	1055	19	191	0	13
PVP01_0613100	259	1007	40	218	0	40
PVP01_0813000	118	1148	7	110	0	5
PVP01_1240100	81	1185	3	77	0	4
PVP01_1268100	8	1258	1	6	0	3
PVP01_0210600	343	923	35	307	0	150
PVP01_0113900	397	869	139	257	0	34
PVP01_0623000	263	1003	15	247	0	40
PVP01_1203200	90	1176	12	77	0	14
PVP01_0312000	341	925	119	221	0	54
PVP01_0407100	326	940	49	276	0	47
PVP01_1227500	808	458	634	173	0	58
PVP01_0708500	307	959	78	228	0	80
PVP01_1026700	498	768	194	303	0	179
PVP01_1415000	216	1050	16	199	0	35
PVP01_0617200	390	876	83	306	0	121
PVP01_1029900	102	1164	11	90	0	5
PVP01_1315400	158	1108	11	146	0	17
PVP01_0512800	55	1211	22	32	0	4
PVP01_1112000	375	891	125	249	0	95
PVP01_1329300	206	1060	31	174	0	28
PVP01_0718700	99	1167	6	92	0	18
PVP01_1260000	44	1222	6	37	0	3
PVP01_0216200	449	817	104	344	0	401
PVP01_0927100	235	1031	204	30	0	17
PVP01_1231200	112	1154	27	84	0	8
PVP01_1234800	48	1218	5	42	0	2
PVP01_1463000	222	1044	21	200	0	31
PVP01_0730600	97	1169	15	81	0	14
PVP01_1136100	142	1124	89	47	5	4
PVP01_1338400	73	1193	8	64	0	9
PVP01_0206600	139	1127	16	122	0	19
PVP01_0526800	641	625	393	247	0	354
PVP01_1426900	118	1148	23	94	0	15
PVP01_1024300	413	853	216	195	1	24
PVP01_0710800	71	1195	7	63	0	8
PVP01_1418700	11	1255	2	8	0	2
PVP01_1262000	125	1141	7	117	0	20
PVP01_0214800	781	485	545	235	0	236
PVP01_1243600	86	1180	6	79	0	7
PVP01_0720500	264	1002	69	194	0	39
PVP01_1460400	9	1257	5	3	0	2
PVP01_1130200	627	639	356	270	0	219
PVP01_1432900	331	935	35	295	0	98
PVP01_1269100	453	813	122	330	0	434
PVP01_0923400	364	902	67	296	0	103
PVP01_1112300	446	820	92	353	0	227
PVP01_1117900	18	1248	3	14	0	1
PVP01_1104100	188	1078	13	174	0	17
PVP01_0908000	220	1046	31	188	0	25
PVP01_0511300	859	407	706	152	0	74
PVP01_1304800	58	1208	8	49	0	10
PVP01_1106500	50	1216	3	46	0	9
PVP01_0217200	316	950	49	263	3	41
PVP01_0216900	1084	182	914	169	0	62
PVP01_0705600	404	862	72	331	0	179
PVP01_0209400	607	659	410	196	0	57
PVP01_0930800	48	1218	19	28	0	4
PVP01_0518500	162	1104	31	130	0	4
PVP01_0109400	354	912	128	225	0	91
PVP01_1243400	164	1102	12	151	0	24
PVP01_1434800	195	1071	15	179	0	27
PVP01_1303400	224	1042	30	193	0	44
PVP01_1423200	155	1111	53	101	0	27
PVP01_1010200	215	1051	18	196	0	46
PVP01_1332600	145	1121	12	132	0	17
PVP01_0113300	557	709	323	233	0	127
PVP01_0609800	113	1153	18	94	0	24
PVP01_0516100	338	928	91	245	1	62
PVP01_1022600	216	1050	26	189	0	67
PVP01_0602100	169	1097	16	152	0	55
PVP01_1409800	236	1030	126	109	0	13
PVP01_0809100	295	971	21	205	68	31
PVP01_1233300	330	936	31	298	0	72
PVP01_1339500	626	640	344	281	0	100
PVP01_0411200	94	1172	16	77	0	1
PVP01_1010700	196	1070	15	180	0	67
PVP01_1225600	195	1071	37	157	0	26
PVP01_0800700	441	825	80	360	0	341
PVP01_1454750	31	1235	2	28	0	7
PVP01_1323500	679	587	470	208	0	76
PVP01_0701100	522	744	160	342	19	294
PVP01_0820000	235	1031	41	193	0	26
PVP01_0935200	35	1231	8	26	0	3
PVP01_1010500	124	1142	14	109	0	5
PVP01_0814100	147	1119	106	40	0	10
PVP01_1203700	198	1068	99	98	0	4
PVP01_1004500	406	860	67	338	0	127
PVP01_1328800	427	839	86	340	0	216
PVP01_1241300	278	988	20	257	0	89
PVP01_1208200	34	1232	8	25	0	5
PVP01_0512700	411	855	73	337	0	17
PVP01_0312400	211	1055	38	172	0	15
PVP01_1257600	315	951	48	266	0	101
PVP01_1126400	331	935	68	262	0	63
PVP01_0407600	7	1259	3	3	0	4
PVP01_1302800	328	938	125	202	0	44
PVP01_1144400	527	739	217	309	0	332
PVP01_0924300	153	1113	14	138	0	4
PVP01_1271100	328	938	32	291	4	111
PVP01_0515700	671	595	449	221	0	46
PVP01_1433900	481	785	306	174	0	35
PVP01_1315600	454	812	106	346	1	220
PVP01_1429900	207	1059	45	161	0	23
PVP01_0216100	5	1261	0	4	0	2
PVP01_1110400	40	1226	2	37	0	4
PVP01_0116200	669	597	382	286	0	148
PVP01_1254400	603	663	283	319	0	282
PVP01_0917500	82	1184	8	73	0	6
PVP01_0941300	416	850	66	349	0	288
PVP01_0919500	134	1132	30	103	0	13
PVP01_0522800	126	1140	25	100	0	14
PVP01_1425800	234	1032	23	210	0	39
PVP01_1116200	394	872	184	209	0	76
PVP01_0414500	23	1243	6	16	0	5
PVP01_1466000	195	1071	14	180	0	6
PVP01_1027600	68	1198	20	47	0	7
PVP01_0213000	432	834	169	262	0	72
PVP01_0306500	100	1166	15	84	0	7
PVP01_1107100	238	1028	13	224	0	5
PVP01_1222500	446	820	173	272	0	75
PVP01_0116600	718	548	476	241	0	183
PVP01_1317700	148	1118	14	133	0	3
PVP01_0907600	660	606	390	269	0	198
PVP01_1206100	304	962	31	272	0	34
PVP01_0621400	555	711	270	284	0	86
PVP01_1014000	459	807	226	232	0	29
PVP01_0412900	89	1177	17	71	0	11
PVP01_0825100	35	1231	8	26	0	5
PVP01_1126900	38	1228	8	29	0	3
PVP01_0705400	109	1157	10	98	0	12
PVP01_0825800	218	1048	30	187	0	28
PVP01_1425100	315	951	76	238	0	48
PVP01_1425400	130	1136	6	123	0	1
PVP01_0724100	43	1223	4	38	0	3
PVP01_1220700	227	1039	14	212	0	43
PVP01_1468500	184	1082	19	164	0	25
PVP01_1404100	121	1145	5	115	0	4
PVP01_1411600	86	1180	11	74	0	3
PVP01_0829500	39	1227	7	31	0	8
PVP01_1255700	117	1149	14	102	0	10
PVP01_0713400	328	938	33	294	0	84
PVP01_1007000	94	1172	51	42	0	12
PVP01_1409100	20	1246	0	19	0	9
PVP01_1218400	272	994	138	133	0	23
PVP01_0112200	199	1067	23	175	0	27
PVP01_1344000	407	859	125	281	0	101
PVP01_1229600	153	1113	25	127	0	5
PVP01_1131500	453	813	181	271	0	88
PVP01_0814000	346	920	47	298	0	93
PVP01_0927900	74	1192	6	67	0	4
PVP01_0205200	185	1081	40	144	0	40
PVP01_1213400	25	1241	6	18	0	2
PVP01_1462400	45	1221	8	36	0	4
PVP01_0303700	314	952	23	290	0	24
PVP01_1213200	339	927	73	265	0	52
PVP01_1128400	352	914	76	275	0	79
PVP01_0722500	351	915	49	301	0	94
PVP01_0919600	243	1023	38	204	0	23
PVP01_0507700	207	1059	108	98	0	18
PVP01_1467100	47	1219	4	42	0	4
PVP01_0913800	589	677	253	335	0	424
PVP01_0928200	215	1051	24	190	0	19
PVP01_1301000	345	921	99	244	1	65
PVP01_1437500	221	1045	37	183	0	41
PVP01_1139200	27	1239	5	21	0	1
PVP01_0832400	1250	16	1246	4	0	2
PVP01_0207900	247	1019	48	198	0	51
PVP01_1025500	559	707	251	307	0	247
PVP01_1265300	113	1153	10	102	0	28
PVP01_1143900	37	1229	9	27	0	4
PVP01_0833900	65	1201	5	59	0	13
PVP01_1435400	207	1059	3	203	0	19
PVP01_0532800	141	1125	11	129	0	27
PVP01_0616200	46	1220	8	37	0	12
PVP01_1234400	454	812	160	293	0	102
PVP01_0943700	279	987	14	264	0	28
PVP01_0414900	7	1259	4	2	0	2
PVP01_0404500	424	842	213	210	0	37
PVP01_1222700	149	1117	30	118	0	12
PVP01_1223800	439	827	108	330	0	71
PVP01_1019900	168	1098	51	116	0	19
PVP01_1147000	252	1014	26	225	0	32
PVP01_1241500	1028	238	973	54	0	29
PVP01_1410200	251	1015	69	181	0	32
PVP01_1211700	69	1197	18	50	0	4
PVP01_1120800	227	1039	22	204	0	22
PVP01_1137500	2	1264	1	0	0	1
PVP01_1410700	432	834	114	317	0	125
PVP01_1425200	204	1062	8	195	0	6
PVP01_1204400	248	1018	40	207	0	42
PVP01_1246000	291	975	47	243	0	64
PVP01_1413450	61	1205	2	58	0	4
PVP01_0611400	472	794	294	177	0	38
PVP01_1234600	480	786	180	299	0	133
PVP01_0941000	68	1198	6	61	0	20
PVP01_1452900	271	995	53	217	0	25
PVP01_0321100	138	1128	14	123	0	6
PVP01_1345700	405	861	102	302	0	163
PVP01_1207100	287	979	28	258	0	49
PVP01_0514700	345	921	180	164	0	29
PVP01_0408300	868	398	688	179	0	160
PVP01_1429700	286	980	48	237	0	9
PVP01_1423600	83	1183	18	64	0	13
PVP01_0511400	711	555	514	196	0	125
PVP01_0704900	556	710	341	214	0	38
PVP01_1116000	143	1123	8	134	0	16
PVP01_1328100	222	1044	24	197	0	20
PVP01_0835300	45	1221	6	38	0	3
PVP01_1012800	326	940	39	286	0	101
PVP01_1129000	234	1032	69	164	0	27
PVP01_0814900	268	998	27	240	0	34
PVP01_0420600	105	1161	10	94	0	17
PVP01_0813200	451	815	218	232	0	62
PVP01_0835900	318	948	38	279	0	97
PVP01_0924600	271	995	82	188	0	13
PVP01_0939500	284	982	20	263	0	34
PVP01_1468200	198	1068	38	159	0	14
PVP01_0821300	254	1012	26	227	0	22
PVP01_1114400	159	1107	18	140	0	19
PVP01_1451100	344	922	160	183	0	26
PVP01_1141400	305	961	66	238	0	38
PVP01_1346500	325	941	17	307	0	18
PVP01_1442300	163	1103	5	157	0	2
PVP01_0418700	466	800	187	278	0	137
PVP01_0725800	362	904	104	257	0	25
PVP01_0410700	93	1173	19	73	0	8
PVP01_1004600	65	1201	8	56	0	15
PVP01_0514600	289	977	42	246	0	47
PVP01_1452000	707	559	567	139	0	191
PVP01_1146200	205	1061	13	191	0	28
PVP01_1118500	27	1239	6	20	0	2
PVP01_1424700	210	1056	16	193	0	14
PVP01_1340100	198	1068	11	186	0	19
PVP01_1306700	411	855	199	211	0	26
PVP01_1114100	267	999	14	252	0	10
PVP01_0936400	182	1084	12	169	0	22
PVP01_0506000	233	1033	11	221	0	23
PVP01_1120100	185	1081	25	159	0	47
PVP01_0919800	224	1042	82	141	0	9
PVP01_1306100	641	625	352	288	0	234
PVP01_1230100	443	823	149	293	0	74
PVP01_1429600	37	1229	16	20	0	3
PVP01_1013000	58	1208	3	54	0	3
PVP01_0824500	1259	7	1243	15	0	4
PVP01_1457400	51	1215	1	49	0	5
PVP01_0822100	114	1152	12	101	0	13
PVP01_0942200	126	1140	16	109	0	25
PVP01_1019300	35	1231	9	25	0	6
PVP01_0305700	50	1216	6	43	0	3
PVP01_0935600	159	1107	12	146	0	10
PVP01_1107800	401	865	84	316	0	179
PVP01_0836500	111	1155	14	96	0	10
PVP01_0923800	358	908	126	231	0	45
PVP01_1311900	239	1027	41	197	0	47
PVP01_1452800	892	374	652	239	0	103
PVP01_0310700	389	877	99	289	0	131
PVP01_0719900	169	1097	11	157	0	13
PVP01_0505300	150	1116	17	132	0	4
PVP01_0926300	8	1258	6	1	0	3
PVP01_0208900	309	957	30	278	0	44
PVP01_1448600	22	1244	11	10	0	3
PVP01_1217700	289	977	40	248	0	88
PVP01_1240300	70	1196	3	66	0	5
PVP01_0203800	322	944	108	212	1	22
PVP01_1224800	260	1006	63	196	0	27
PVP01_1003500	464	802	128	322	13	211
PVP01_1262200	69	1197	9	59	0	5
PVP01_1261100	168	1098	13	154	0	4
PVP01_1427400	1	1265	0	0	0	1
PVP01_1229800	504	762	323	180	0	12
PVP01_0823400	94	1172	25	68	0	6
PVP01_1256500	366	900	58	307	0	201
PVP01_1248900	197	1069	13	183	0	30
PVP01_1018700	185	1081	50	134	0	7
PVP01_0505200	15	1251	4	10	0	5
PVP01_0827900	48	1218	20	27	0	6
PVP01_1115400	49	1217	14	34	0	4
PVP01_1246600	171	1095	34	136	0	26
PVP01_1411200	21	1245	3	17	0	3
PVP01_0946100	199	1067	23	175	0	15
PVP01_1235600	196	1070	33	162	0	3
PVP01_0816400	475	791	199	275	0	96
PVP01_1143100	414	852	80	333	0	224
PVP01_0920700	25	1241	6	18	0	2
PVP01_1307700	63	1203	2	60	0	1
PVP01_1342900	266	1000	68	197	0	42
PVP01_1022800	233	1033	16	216	0	25
PVP01_0309800	215	1051	19	195	0	16
PVP01_0615500	144	1122	11	132	0	9
PVP01_0805600	214	1052	36	177	0	16
PVP01_1257700	232	1034	17	214	0	44
PVP01_1409600	310	956	42	267	0	59
PVP01_1461100	251	1015	42	208	0	48
PVP01_1441700	1110	156	982	127	0	114
PVP01_0913600	81	1185	12	66	2	14
PVP01_0203700	132	1134	11	120	0	13
PVP01_1110000	68	1198	4	63	0	9
PVP01_1006400	65	1201	11	53	0	11
PVP01_0927000	277	989	56	220	0	50
PVP01_0909300	66	1200	15	50	0	8
PVP01_1020300	609	657	308	300	0	47
PVP01_0714500	51	1215	5	45	0	6
PVP01_0607700	183	1083	15	167	0	27
PVP01_1426500	59	1207	8	50	0	12
PVP01_0621500	171	1095	10	160	0	35
PVP01_0422600	189	1077	30	158	0	11
PVP01_0929900	103	1163	18	84	0	9
PVP01_1003700	392	874	78	313	0	54
PVP01_1344500	73	1193	3	69	0	12
PVP01_1231500	11	1255	0	10	0	2
PVP01_0505700	343	923	47	295	0	94
PVP01_0819300	11	1255	3	7	0	1
PVP01_1403100	33	1233	13	19	0	8
PVP01_1428400	374	892	152	221	0	54
PVP01_1130500	515	751	263	251	0	83
PVP01_1465900	126	1140	3	122	0	7
PVP01_1305200	119	1147	17	101	0	6
PVP01_1131600	44	1222	9	34	0	1
PVP01_1415900	208	1058	42	165	0	13
PVP01_0532500	267	999	19	196	51	49
PVP01_1400900	1179	87	504	675	0	21
PVP01_1018400	246	1020	38	207	0	44
PVP01_1317400	194	1072	150	43	0	3
PVP01_0512100	428	838	86	336	5	154
PVP01_1325800	464	802	320	141	2	21
PVP01_1225500	498	768	197	300	0	90
PVP01_1263000	89	1177	46	42	0	10
PVP01_0809900	415	851	78	336	0	260
PVP01_0414300	272	994	52	219	0	22
PVP01_0920100	193	1073	26	166	0	12
PVP01_1255900	252	1014	12	239	0	5
PVP01_0513700	293	973	48	244	0	17
PVP01_1461500	377	889	73	303	0	111
PVP01_0940900	348	918	53	295	0	26
PVP01_1112400	87	1179	4	82	0	17
PVP01_0819900	110	1156	6	103	0	5
PVP01_1201800	289	977	24	264	0	57
PVP01_1440700	174	1092	17	156	0	11
PVP01_1451250	238	1028	135	102	0	4
PVP01_1453000	91	1175	14	76	0	5
PVP01_1214400	165	1101	10	154	0	27
PVP01_1425500	98	1168	4	93	0	5
PVP01_1267200	16	1250	9	6	0	3
PVP01_0419200	253	1013	38	214	0	30
PVP01_0117900	343	923	57	285	0	64
PVP01_1241800	94	1172	0	93	0	11
PVP01_1129500	511	755	310	201	0	107
PVP01_1015300	374	892	86	287	0	106
PVP01_0107900	664	602	430	233	0	193
PVP01_0308400	87	1179	16	70	0	20
PVP01_1318500	167	1099	5	161	0	5
PVP01_1331800	93	1173	4	88	0	17
PVP01_1014100	751	515	438	312	0	145
PVP01_1026300	308	958	47	260	0	35
PVP01_1420000	100	1166	13	86	0	19
PVP01_0618600	456	810	204	251	0	52
PVP01_0208600	161	1105	12	148	0	14
PVP01_0420400	315	951	45	269	0	20
PVP01_0524900	1013	253	951	61	0	6
PVP01_0926000	380	886	84	295	0	72
PVP01_1336500	387	879	61	325	0	211
PVP01_1142500	17	1249	5	11	0	5
PVP01_1221600	533	733	335	197	0	124
PVP01_1264200	184	1082	6	177	0	12
PVP01_1456800	180	1086	11	168	0	17
PVP01_0613300	33	1233	6	26	0	11
PVP01_1106700	270	996	22	247	0	56
PVP01_1136400	321	945	58	262	0	80
PVP01_1147600	646	620	168	477	0	26
PVP01_1103500	247	1019	30	216	0	41
PVP01_1461600	314	952	33	280	0	84
PVP01_0935400	943	323	771	172	0	162
PVP01_1307000	182	1084	18	163	0	17
PVP01_0211500	218	1048	14	203	0	25
PVP01_0929100	414	852	105	308	0	122
PVP01_1430200	6	1260	1	4	0	1
PVP01_0805100	58	1208	13	44	0	15
PVP01_0945900	631	635	317	313	0	112
PVP01_1313500	292	974	22	269	0	16
PVP01_1117400	32	1234	13	18	0	2
PVP01_1332000	9	1257	2	6	0	6
PVP01_1146800	417	849	152	264	0	78
PVP01_1448000	992	274	735	256	0	98
PVP01_0731200	273	993	74	196	2	30
PVP01_1216500	48	1218	0	47	0	7
PVP01_1428200	452	814	209	242	0	147
PVP01_0837800	167	1099	10	156	0	25
PVP01_1112100	10	1256	2	7	0	3
PVP01_0723800	278	988	44	233	0	21
PVP01_1111200	211	1055	17	193	0	19
PVP01_0215200	298	968	80	217	0	56
PVP01_0512000	70	1196	2	67	0	3
PVP01_1420500	387	879	81	305	0	157
PVP01_0912100	217	1049	7	209	0	20
PVP01_0523900	220	1046	12	207	0	31
PVP01_1306000	685	581	487	197	0	101
PVP01_1413100	373	893	55	317	0	108
PVP01_0209600	82	1184	23	58	0	24
PVP01_0829800	686	580	438	247	0	127
PVP01_1409300	6	1260	4	1	0	1
PVP01_0729000	315	951	42	272	0	62
PVP01_1416600	734	532	525	208	0	53
PVP01_1250100	244	1022	10	233	0	4
PVP01_0702200	324	942	32	291	0	80
PVP01_1454100	85	1181	18	66	0	27
PVP01_1468700	234	1032	29	204	0	77
PVP01_0916500	176	1090	35	140	0	6
PVP01_1019000	192	1074	12	179	0	27
PVP01_1428100	92	1174	8	83	0	7
PVP01_0624000	235	1031	28	206	0	26
PVP01_0310100	495	771	197	297	0	127
PVP01_0824900	754	512	536	218	0	105
PVP01_0904200	441	825	58	380	2	196
PVP01_0814800	41	1225	6	34	0	2
PVP01_0409700	56	1210	4	50	1	7
PVP01_1008000	53	1213	6	46	0	9
PVP01_0814300	243	1023	32	210	0	46
PVP01_0623300	42	1224	18	23	0	10
PVP01_0309600	336	930	66	269	0	86
PVP01_0508700	48	1218	4	43	0	6
PVP01_0832200	269	997	96	172	0	36
PVP01_0103100	127	1139	6	120	0	7
PVP01_1318200	548	718	323	224	0	67
PVP01_0311600	246	1020	15	230	0	36
PVP01_1320800	134	1132	54	79	0	15
PVP01_1019700	441	825	239	201	0	62
PVP01_0710700	172	1094	26	145	0	23
PVP01_1345500	364	902	57	306	0	107
PVP01_1244300	323	943	66	256	0	79
PVP01_1140900	808	458	631	177	0	52
PVP01_1109000	348	918	48	299	0	102
PVP01_1468900	220	1046	22	197	0	52
PVP01_0415400	249	1017	73	175	0	49
PVP01_0942800	452	814	139	312	0	135
PVP01_1022100	371	895	91	277	2	67
PVP01_1008800	907	359	775	131	0	99
PVP01_0939350	56	1210	2	53	0	4
PVP01_1315700	428	838	79	348	0	208
PVP01_1321700	160	1106	11	148	0	10
PVP01_0934600	318	948	62	255	0	40
PVP01_0719100	213	1053	22	190	0	31
PVP01_0202400	172	1094	28	143	0	23
PVP01_0320200	211	1055	36	174	0	19
PVP01_1314000	144	1122	39	104	0	20
PVP01_1250900	228	1038	27	200	0	40
PVP01_1440900	29	1237	2	26	0	3
PVP01_1328500	356	910	83	272	0	45
PVP01_0930400	171	1095	9	161	0	19
PVP01_0731600	1022	244	967	54	0	19
PVP01_0612700	170	1096	18	151	0	11
PVP01_1145300	640	626	341	298	0	303
PVP01_1262900	559	707	217	341	0	343
PVP01_1106600	234	1032	17	216	0	42
PVP01_1020800	19	1247	10	8	0	3
PVP01_1270700	851	415	676	174	0	79
PVP01_1226300	30	1236	15	14	0	6
PVP01_1339600	34	1232	6	27	0	4
PVP01_0713900	301	965	66	234	0	74
PVP01_1139000	103	1163	22	80	0	5
PVP01_0936600	25	1241	5	19	0	3
PVP01_1418400	107	1159	9	97	0	3
PVP01_1338700	280	986	19	260	0	23
PVP01_1257500	564	702	368	195	0	134
PVP01_1333900	120	1146	11	108	0	10
PVP01_1010900	251	1015	27	223	0	58
PVP01_0110700	83	1183	14	68	0	9
PVP01_0530300	91	1175	48	40	2	13
PVP01_0922900	38	1228	10	27	0	3
PVP01_1308400	459	807	137	321	0	120
PVP01_1414000	448	818	101	346	0	261
PVP01_0525400	212	1054	20	191	0	26
PVP01_1436000	383	883	73	309	0	65
PVP01_0422400	172	1094	11	160	0	21
PVP01_0807800	598	668	307	290	0	295
PVP01_1238300	41	1225	8	32	0	5
PVP01_1217000	274	992	13	248	12	17
PVP01_0111300	134	1132	13	120	0	25
PVP01_1142100	107	1159	17	89	0	10
PVP01_1231900	402	864	147	254	0	35
PVP01_0712200	32	1234	1	30	0	5
PVP01_1237900	865	401	744	120	0	85
PVP01_1110800	418	848	115	302	0	147
PVP01_0707700	87	1179	24	62	0	21
PVP01_0601300	259	1007	23	235	0	51
PVP01_0829600	195	1071	11	183	0	13
PVP01_0925100	154	1112	20	133	0	28
PVP01_1430400	424	842	154	269	0	37
PVP01_1300700	322	944	60	261	0	56
PVP01_1258300	143	1123	11	131	0	20
PVP01_1470600	77	1189	10	66	0	11
PVP01_0604100	943	323	806	136	0	74
PVP01_1404500	10	1256	0	9	0	2
PVP01_0730400	205	1061	23	181	0	46
PVP01_1408400	22	1244	0	21	0	6
PVP01_1003300	238	1028	9	228	0	30
PVP01_0615400	659	607	343	315	0	103
PVP01_1209000	250	1016	34	215	0	56
PVP01_0413600	72	1194	37	34	0	9
PVP01_1332500	234	1032	39	194	0	31
PVP01_1268400	64	1202	2	61	0	5
PVP01_0214200	43	1223	6	36	0	4
PVP01_1324700	39	1227	17	21	0	5
PVP01_0801000	276	990	77	198	0	37
PVP01_0944400	264	1002	22	241	0	62
PVP01_1256600	805	461	636	169	0	132
PVP01_1438400	190	1076	21	168	0	22
PVP01_1108800	292	974	56	235	0	29
PVP01_0513900	199	1067	15	183	0	40
PVP01_0722200	256	1010	9	246	0	30
PVP01_1020900	153	1113	14	138	0	9
PVP01_0603700	43	1223	23	19	0	2
PVP01_1135300	624	642	279	344	0	362
PVP01_1222200	27	1239	6	20	0	10
PVP01_0816600	210	1056	13	196	0	16
PVP01_1253300	58	1208	8	49	0	3
PVP01_1430500	347	919	53	293	0	46
PVP01_0703200	88	1178	6	81	0	3
PVP01_1459400	49	1217	11	37	0	5
PVP01_1250300	75	1191	2	72	0	10
PVP01_1233700	205	1061	29	175	0	27
PVP01_1013200	289	977	43	245	0	54
PVP01_1301700	21	1245	4	16	0	9
PVP01_0822900	399	867	90	308	0	75
PVP01_1212000	137	1129	18	118	0	9
PVP01_0828700	44	1222	3	40	0	1
PVP01_0710000	60	1206	23	36	0	10
PVP01_1122500	35	1231	10	24	0	9
PVP01_0948400	1262	4	1258	3	0	2
PVP01_0614600	222	1044	64	157	0	19
PVP01_1005200	11	1255	4	6	0	3
PVP01_0510800	380	886	90	289	0	70
PVP01_0934500	392	874	140	251	0	53
PVP01_0948500	16	1250	6	9	0	6
PVP01_0723700	239	1027	24	214	0	29
PVP01_0404700	1263	3	393	870	0	3
PVP01_1214300	357	909	58	298	0	94
PVP01_0410900	210	1056	26	183	0	16
PVP01_1215200	228	1038	32	195	0	23
PVP01_0940500	831	435	626	205	0	92
PVP01_0816000	168	1098	14	153	0	6
PVP01_0311200	884	382	687	196	0	197
PVP01_0725000	1084	182	948	135	0	73
PVP01_0818100	291	975	32	258	0	48
PVP01_1214600	3	1263	1	1	0	1
PVP01_1311600	91	1175	26	64	0	1
PVP01_0713800	334	932	41	292	0	54
PVP01_1456000	981	285	816	164	0	43
PVP01_0624300	241	1025	31	209	0	15
PVP01_1032500	502	764	41	460	0	144
PVP01_1414500	401	865	132	268	0	235
PVP01_1403600	326	940	53	271	1	103
PVP01_1414600	105	1161	10	94	0	16
PVP01_0804600	70	1196	5	64	0	10
PVP01_1337200	240	1026	33	206	0	32
PVP01_0509700	169	1097	7	161	0	8
PVP01_0832500	587	679	353	233	0	161
PVP01_0706500	137	1129	28	108	0	15
PVP01_0809800	236	1030	26	209	0	75
PVP01_1467500	248	1018	27	220	0	53
PVP01_0304100	315	951	36	278	0	56
PVP01_0835600	1018	248	915	102	0	15
PVP01_0212400	47	1219	7	39	0	5
PVP01_1141100	504	762	203	300	0	178
PVP01_0916600	952	314	873	78	0	27
PVP01_0310000	801	465	640	160	0	109
PVP01_0934000	695	571	464	230	0	143
PVP01_1242100	130	1136	5	124	0	2
PVP01_0215400	177	1089	32	144	0	27
PVP01_1469700	265	1001	18	246	0	34
PVP01_1231000	285	981	88	196	0	23
PVP01_1207600	136	1130	17	118	0	16
PVP01_0600900	754	512	571	182	0	63
PVP01_0409900	373	893	58	314	0	184
PVP01_1447000	797	469	628	168	0	229
PVP01_0836800	131	1135	22	108	0	31
PVP01_0106600	11	1255	5	5	0	1
PVP01_0530200	585	681	286	298	0	220
PVP01_1121100	147	1119	18	128	0	18
PVP01_1233000	362	904	116	245	0	86
PVP01_0117200	234	1032	43	190	0	36
PVP01_0412700	94	1172	17	76	0	17
PVP01_0526900	146	1120	37	108	0	11
PVP01_1022400	139	1127	57	81	0	18
PVP01_0521500	98	1168	9	88	0	3
PVP01_1252600	245	1021	30	214	0	38
PVP01_1265500	442	824	126	315	0	19
PVP01_1433800	61	1205	4	56	0	8
PVP01_1266400	144	1122	81	62	0	12
PVP01_0408400	834	432	531	302	0	122
PVP01_1327800	294	972	31	262	0	60
PVP01_1106100	8	1258	0	7	0	1
PVP01_1131800	55	1211	7	47	0	5
PVP01_0517200	368	898	53	314	0	214
PVP01_1338100	22	1244	4	17	0	1
PVP01_0212300	353	913	120	232	0	61
PVP01_1245100	62	1204	7	54	0	6
PVP01_0106900	529	737	280	248	0	58
PVP01_1406300	331	935	82	248	0	60
PVP01_0307800	498	768	307	190	0	45
PVP01_1010300	11	1255	1	9	0	3
PVP01_1102700	265	1001	14	250	0	48
PVP01_1130000	305	961	25	279	0	49
PVP01_0733900	431	835	139	291	0	71
PVP01_1333600	93	1173	10	82	0	5
PVP01_0525600	113	1153	23	89	0	12
PVP01_1105400	224	1042	18	205	0	30
PVP01_1436700	129	1137	7	121	0	8
PVP01_1015700	27	1239	3	23	0	8
PVP01_0520700	19	1247	8	10	0	3
PVP01_1020500	201	1065	124	76	0	16
PVP01_1343500	357	909	45	311	0	130
PVP01_1114800	818	448	722	96	0	2
PVP01_0907500	547	719	332	214	0	85
PVP01_1317100	648	618	421	226	0	246
PVP01_1018800	95	1171	16	78	0	22
PVP01_1450400	103	1163	12	90	0	9
PVP01_0418500	294	972	22	271	0	30
PVP01_1237400	154	1112	7	146	0	19
PVP01_1215500	105	1161	40	64	0	2
PVP01_1405600	187	1079	4	182	0	6
PVP01_1127100	162	1104	4	157	0	10
PVP01_1005500	285	981	19	265	0	54
PVP01_1218000	108	1158	6	101	0	13
PVP01_1344600	168	1098	6	161	0	12
PVP01_0819700	262	1004	31	230	0	29
PVP01_1108600	237	1029	27	209	0	34
PVP01_1314800	7	1259	0	6	0	2
PVP01_0835000	818	448	632	185	0	110
PVP01_1251300	623	643	458	164	0	97
PVP01_0306000	251	1015	18	232	0	41
PVP01_0805200	452	814	226	224	1	115
PVP01_0519800	192	1074	55	136	0	33
PVP01_1314300	166	1100	13	152	0	34
PVP01_1327200	373	893	119	253	0	75
PVP01_0317200	449	817	153	295	0	121
PVP01_1013400	155	1111	9	145	0	6
PVP01_0532900	210	1056	20	189	0	32
PVP01_1343200	29	1237	6	22	0	6
PVP01_1112200	630	636	338	291	0	255
PVP01_0807100	100	1166	8	91	0	8
PVP01_1325200	578	688	206	371	0	146
PVP01_0620400	1076	190	987	88	0	74
PVP01_0308300	425	841	91	332	1	266
PVP01_0726200	34	1232	7	26	0	5
PVP01_0620200	486	780	334	149	2	29
PVP01_1424100	169	1097	7	161	0	8
PVP01_0415700	278	988	60	217	0	31
PVP01_1105800	100	1166	7	92	0	8
PVP01_1322400	10	1256	3	6	0	3
PVP01_1431600	259	1007	43	215	0	32
PVP01_1304500	579	687	205	373	0	127
PVP01_0528500	161	1105	14	146	0	16
PVP01_0302700	294	972	11	282	0	35
PVP01_1207500	48	1218	22	25	0	4
PVP01_1460700	13	1253	6	6	0	2
PVP01_0405400	250	1016	41	207	1	56
PVP01_0210300	207	1059	11	195	0	18
PVP01_1201500	112	1154	9	102	0	25
PVP01_1253000	263	1003	14	248	0	37
PVP01_1401900	895	371	780	114	0	31
PVP01_1205900	121	1145	4	116	0	7
PVP01_0313000	196	1070	61	134	0	29
PVP01_1269500	105	1161	13	91	0	4
PVP01_1335900	175	1091	21	153	0	20
PVP01_1220900	173	1093	34	138	0	27
PVP01_0211700	53	1213	7	45	0	19
PVP01_1259000	396	870	175	220	0	68
PVP01_0812600	97	1169	13	83	0	10
PVP01_0923900	546	720	147	398	0	47
PVP01_1124000	131	1135	11	119	0	15
PVP01_1404800	27	1239	5	21	0	4
PVP01_0715700	155	1111	25	129	0	11
PVP01_1144100	425	841	114	310	0	107
PVP01_1253200	186	1080	24	161	0	24
PVP01_1033300	290	976	26	263	0	63
PVP01_0317100	240	1026	164	75	0	8
PVP01_1025100	1202	64	1081	121	0	52
PVP01_0113500	823	443	614	208	0	85
PVP01_0725100	277	989	51	225	0	70
PVP01_1435700	205	1061	26	178	0	49
PVP01_0713100	148	1118	38	109	0	14
PVP01_1419600	214	1052	25	188	0	27
PVP01_1103000	298	968	67	230	0	45
PVP01_1105500	30	1236	4	25	0	3
PVP01_0112300	661	605	393	267	0	165
PVP01_0418800	413	853	74	338	0	320
PVP01_1414800	47	1219	14	32	0	16
PVP01_1115800	341	925	43	297	0	175
PVP01_1334300	485	781	220	264	0	34
PVP01_1138600	69	1197	13	55	0	8
PVP01_1319600	298	968	95	202	0	53
PVP01_1452500	228	1038	45	182	0	35
PVP01_1323000	309	957	27	281	0	79
PVP01_1342200	386	880	102	283	0	80
PVP01_1434300	1	1265	0	0	0	1
PVP01_1249600	70	1196	17	52	0	15
PVP01_1417500	242	1024	36	205	0	27
PVP01_0619900	180	1086	24	155	0	14
PVP01_1027900	117	1149	7	109	0	11
PVP01_1208400	916	350	774	142	0	217
PVP01_0824700	182	1084	15	166	0	25
PVP01_0316100	309	957	65	243	0	26
PVP01_0817500	951	315	837	113	0	221
PVP01_1210900	300	966	42	257	0	57
PVP01_1015900	245	1021	32	212	0	24
PVP01_0813900	169	1097	28	140	0	45
PVP01_0515100	208	1058	16	191	0	23
PVP01_1261600	324	942	121	202	0	58
PVP01_1404000	32	1234	4	27	0	5
PVP01_0421300	249	1017	40	208	0	22
PVP01_0511100	47	1219	9	37	0	10
PVP01_1127200	337	929	77	259	0	43
PVP01_0803200	426	840	82	343	0	189
PVP01_0306100	80	1186	17	62	0	12
PVP01_0734500	430	836	77	351	1	376
PVP01_0308900	289	977	32	256	0	54
PVP01_0734800	142	1124	7	134	0	7
PVP01_1147700	172	1094	10	161	0	17
PVP01_0830500	160	1106	29	130	0	31
PVP01_0617000	265	1001	48	216	0	47
PVP01_0215700	117	1149	6	110	0	9
PVP01_0213500	497	769	195	301	0	104
PVP01_1253800	320	946	49	270	0	89
PVP01_0948300	26	1240	3	22	0	6
PVP01_0319500	553	713	280	272	0	164
PVP01_0708900	296	970	30	265	0	70
PVP01_1242500	285	981	50	234	0	56
PVP01_1261300	137	1129	11	125	0	16
PVP01_0530700	1165	101	983	181	0	84
PVP01_1421200	151	1115	8	139	3	8
PVP01_1107000	121	1145	15	105	0	33
PVP01_0612300	169	1097	19	149	0	17
PVP01_0530900	272	994	35	236	0	9
PVP01_0529000	727	539	572	154	0	16
PVP01_1442500	274	992	41	232	0	26
PVP01_1116100	24	1242	8	15	0	2
PVP01_1461900	89	1177	12	76	0	7
PVP01_1233600	110	1156	23	86	0	20
PVP01_1463600	176	1090	31	144	0	15
PVP01_0702000	393	873	84	308	0	45
PVP01_1211000	688	578	476	212	0	396
PVP01_0948600	311	955	34	276	0	55
PVP01_1134600	159	1107	3	155	0	3
PVP01_0531500	406	860	206	199	0	32
PVP01_1418600	157	1109	7	149	0	7
PVP01_0606900	1156	110	1060	95	0	96
PVP01_0514000	236	1030	49	186	0	48
PVP01_1406200	417	849	81	335	0	209
PVP01_0733800	7	1259	5	1	0	1
PVP01_0117700	393	873	111	281	0	174
PVP01_0925400	34	1232	10	23	0	4
PVP01_0509600	204	1062	29	174	0	29
PVP01_0411500	82	1184	12	69	0	14
PVP01_0515300	450	816	178	271	0	94
PVP01_1251400	296	970	35	260	0	35
PVP01_0208700	92	1174	4	87	0	4
PVP01_0612600	4	1262	2	1	0	3
PVP01_1206800	369	897	97	271	0	81
PVP01_0728300	4	1262	1	2	0	1
PVP01_0419000	117	1149	14	102	0	11
PVP01_1260900	287	979	44	242	0	50
PVP01_1104200	730	536	494	235	0	73
PVP01_1232800	124	1142	13	110	0	9
PVP01_0918800	315	951	32	282	0	38
PVP01_1227700	518	748	376	141	0	21
PVP01_0318700	787	479	557	220	9	55
PVP01_0717500	100	1166	31	68	0	3
PVP01_1110700	171	1095	33	137	0	15
PVP01_1304900	553	713	229	323	0	309
PVP01_0934300	143	1123	20	122	0	20
PVP01_0707900	414	852	198	215	0	48
PVP01_1266200	222	1044	33	188	0	34
PVP01_0311100	406	860	93	312	0	164
PVP01_0710100	246	1020	89	156	0	41
PVP01_0708800	188	1078	46	141	0	24
PVP01_1227000	67	1199	8	58	0	13
PVP01_1401300	717	549	542	174	0	44
PVP01_1453600	1131	135	1010	117	3	37
PVP01_0518000	382	884	113	268	0	75
PVP01_1424200	79	1187	7	71	0	11
PVP01_1422800	53	1213	17	35	0	5
PVP01_0206000	332	934	89	242	0	38
PVP01_0113200	207	1059	17	189	0	17
PVP01_1249100	208	1058	34	173	0	37
PVP01_0927500	595	671	298	296	0	149
PVP01_0915400	266	1000	59	206	0	35
PVP01_0914800	129	1137	11	117	0	10
PVP01_0204700	598	668	500	97	0	10
PVP01_0716100	30	1236	5	24	0	9
PVP01_0822500	43	1223	10	32	0	1
PVP01_1241100	27	1239	8	18	0	10
PVP01_1239600	261	1005	15	245	0	50
PVP01_1308300	10	1256	2	7	0	2
PVP01_0935900	405	861	229	175	0	41
PVP01_1129700	1224	42	1164	59	0	31
PVP01_0826200	113	1153	80	32	0	13
PVP01_1128500	469	797	244	224	0	102
PVP01_1341000	124	1142	13	110	0	14
PVP01_0812700	210	1056	13	196	0	20
PVP01_1412000	11	1255	5	5	0	4
PVP01_0302400	294	972	30	256	7	37
PVP01_1212800	145	1121	12	132	0	14
PVP01_1224500	95	1171	31	63	0	10
PVP01_1439000	62	1204	14	47	0	11
PVP01_1405200	37	1229	2	34	0	9
PVP01_1214800	850	416	638	211	0	96
PVP01_0307000	529	737	228	300	0	116
PVP01_0811000	64	1202	19	41	3	17
PVP01_1413200	191	1075	8	182	0	12
PVP01_1235700	89	1177	7	81	0	1
PVP01_1253400	361	905	39	289	32	119
PVP01_1246300	975	291	845	129	0	192
PVP01_1236200	250	1016	35	212	2	23
PVP01_1321400	140	1126	13	126	0	7
PVP01_0304800	486	780	180	305	0	92
PVP01_0503700	225	1041	12	212	0	32
PVP01_0939100	51	1215	2	48	0	2
PVP01_1302200	50	1216	6	43	0	1
PVP01_0302900	340	926	70	269	0	98
PVP01_0115500	15	1251	6	8	0	7
PVP01_1225400	406	860	181	224	0	95
PVP01_1418200	51	1215	34	16	0	10
PVP01_1121300	486	780	200	285	0	209
PVP01_0936100	151	1115	7	143	0	17
PVP01_0208100	577	689	368	208	0	87
PVP01_0306200	530	736	139	390	0	219
PVP01_0103800	131	1135	14	116	0	11
PVP01_1028200	29	1237	6	22	0	3
PVP01_0933000	171	1095	15	155	0	5
PVP01_0921600	111	1155	11	99	0	4
PVP01_1316600	55	1211	10	44	0	8
PVP01_0703700	639	627	319	319	0	335
PVP01_1431000	400	866	144	255	0	70
PVP01_1112800	292	974	43	248	0	35
PVP01_1011500	891	375	173	717	0	270
PVP01_0820100	65	1201	29	35	0	2
PVP01_0509200	166	1100	13	152	0	6
PVP01_0828400	175	1091	29	145	0	25
PVP01_0921800	25	1241	6	18	0	4
PVP01_1126100	301	965	83	217	0	28
PVP01_0816100	196	1070	27	168	0	32
PVP01_1116700	391	875	134	256	0	79
PVP01_1250200	161	1105	6	154	0	6
PVP01_1312800	458	808	155	302	0	85
PVP01_0607800	242	1024	33	208	0	38
PVP01_0303100	453	813	211	241	0	55
PVP01_0825600	75	1191	18	56	0	10
PVP01_0947300	361	905	104	256	0	69
PVP01_0617300	587	679	408	178	0	29
PVP01_1138500	17	1249	6	10	0	7
PVP01_0701600	18	1248	5	12	0	1
PVP01_0833400	105	1161	11	93	0	6
PVP01_1429100	194	1072	32	161	0	52
PVP01_1457200	80	1186	10	67	2	3
PVP01_0907100	307	959	75	231	0	14
PVP01_0908900	377	889	148	228	0	99
PVP01_0607400	216	1050	15	200	0	32
PVP01_0813400	256	1010	21	234	0	39
PVP01_0210500	270	996	66	203	0	54
PVP01_1332400	180	1086	21	158	0	8
PVP01_1213300	289	977	40	248	0	43
PVP01_0404400	858	408	677	181	0	21
PVP01_1344200	330	936	71	258	0	36
PVP01_1118400	561	705	138	422	0	80
PVP01_0932000	206	1060	56	149	0	26
PVP01_1116400	415	851	249	165	0	18
PVP01_1310700	199	1067	20	178	0	22
PVP01_0915500	96	1170	51	41	3	10
PVP01_1019600	797	469	670	127	0	85
PVP01_0609500	191	1075	16	174	0	33
PVP01_1451400	852	414	634	217	0	189
PVP01_1409200	373	893	45	327	0	85
PVP01_1270000	326	940	26	299	0	99
PVP01_1217900	122	1144	12	109	0	14
PVP01_1444600	331	935	74	256	0	61
PVP01_0507900	69	1197	16	52	0	17
PVP01_0921100	349	917	113	234	1	50
PVP01_0818900	336	930	27	308	0	138
PVP01_1463400	317	949	69	247	0	40
PVP01_0911100	109	1157	19	89	0	22
PVP01_0421700	99	1167	6	92	0	3
PVP01_1133700	995	271	648	346	0	166
PVP01_0621900	176	1090	51	124	0	14
PVP01_1336200	475	791	148	326	0	84
PVP01_1254800	169	1097	22	146	0	26
PVP01_1013600	16	1250	4	11	0	4
PVP01_1020100	182	1084	22	159	0	4
PVP01_1462700	739	527	471	267	0	89
PVP01_1447900	629	637	342	286	0	77
PVP01_0928400	235	1031	53	181	0	40
PVP01_1406400	1130	136	985	145	0	24
PVP01_0407700	155	1111	47	107	0	3
PVP01_0207100	569	697	328	240	0	102
PVP01_0712500	365	901	66	298	0	121
PVP01_0414200	66	1200	5	60	0	12
PVP01_0936300	98	1168	7	90	0	13
PVP01_0825400	360	906	185	174	0	64
PVP01_1209500	6	1260	2	3	0	4
PVP01_1025900	709	557	424	284	0	124
PVP01_0803100	14	1252	2	11	0	3
PVP01_1443200	454	812	108	345	0	131
PVP01_1033600	168	1098	19	148	0	17
PVP01_1447300	455	811	120	334	0	207
PVP01_1454300	359	907	170	188	0	38
PVP01_1023500	337	929	90	246	0	26
PVP01_1407900	165	1101	2	162	0	14
PVP01_0517500	18	1248	6	10	1	1
PVP01_0722000	684	582	448	236	0	14
PVP01_1237000	32	1234	6	25	0	8
PVP01_0944700	31	1235	0	30	0	2
PVP01_1131700	4	1262	2	1	0	1
PVP01_1229700	175	1091	53	121	0	5
PVP01_1241600	176	1090	11	164	0	12
PVP01_0731800	460	806	154	305	0	58
PVP01_0311900	965	301	869	95	0	112
PVP01_1345300	85	1181	7	77	0	10
PVP01_0730000	1142	124	1046	95	0	15
PVP01_0722100	242	1024	37	204	0	28
PVP01_1009300	78	1188	10	67	0	14
PVP01_0931200	129	1137	4	124	0	2
PVP01_0811500	77	1189	6	70	0	4
PVP01_0725500	28	1238	6	21	0	4
PVP01_1234300	37	1229	5	31	0	7
PVP01_0113700	325	941	29	295	0	64
PVP01_1259700	140	1126	2	137	0	4
PVP01_1301100	47	1219	11	35	0	11
PVP01_0922200	164	1102	12	151	0	13
PVP01_1210000	61	1205	11	49	0	11
PVP01_0914000	78	1188	3	74	0	4
PVP01_1455500	174	1092	8	165	0	19
PVP01_0610100	335	931	36	298	0	117
PVP01_0704100	226	1040	14	209	2	10
PVP01_0601000	163	1103	35	127	0	25
PVP01_1243800	26	1240	12	13	0	8
PVP01_1439500	76	1190	4	71	0	3
PVP01_0418400	643	623	397	245	0	133
PVP01_1206700	83	1183	6	76	0	6
PVP01_0527300	266	1000	51	214	0	39
PVP01_0526300	942	324	878	63	0	143
PVP01_1223600	230	1036	26	203	0	45
PVP01_1137800	163	1103	20	142	0	26
PVP01_0302500	208	1058	13	194	0	22
PVP01_1309300	62	1204	15	46	0	8
PVP01_1438700	421	845	117	303	0	187
PVP01_0319200	315	951	117	197	0	24
PVP01_1022200	244	1022	42	201	0	10
PVP01_0719500	333	933	63	269	0	56
PVP01_1216700	248	1018	114	133	0	19
PVP01_0945200	86	1180	11	74	0	13
PVP01_0603400	1053	213	906	146	0	109
PVP01_1309200	772	494	567	204	0	263
PVP01_0321000	344	922	57	286	0	35
PVP01_1325600	523	743	233	289	0	121
PVP01_1130800	304	962	81	222	0	47
PVP01_0113800	534	732	277	256	0	181
PVP01_0834400	344	922	119	224	0	115
PVP01_1123100	191	1075	40	150	0	48
PVP01_0610200	416	850	131	285	0	46
PVP01_1462600	275	991	60	180	34	37
PVP01_1442000	157	1109	17	139	0	11
PVP01_1023600	132	1134	16	115	0	23
PVP01_1451200	261	1005	155	105	0	17
PVP01_0624200	81	1185	26	54	0	15
PVP01_0110600	567	699	330	236	0	147
PVP01_1125900	142	1124	22	118	1	19
PVP01_1459000	309	957	80	228	0	41
PVP01_0604700	657	609	523	133	0	54
PVP01_0820900	65	1201	10	54	0	3
PVP01_0711500	240	1026	19	220	0	57
PVP01_0836400	333	933	92	240	0	44
PVP01_1401800	39	1227	9	29	0	7
PVP01_1025300	891	375	778	112	0	187
PVP01_1409700	279	987	29	249	0	53
PVP01_1115700	53	1213	5	47	0	3
PVP01_1132600	901	365	797	103	0	147
PVP01_1210500	694	572	473	220	0	163
PVP01_0530000	104	1162	16	87	0	7
PVP01_1466900	419	847	102	316	0	189
PVP01_1408300	219	1047	32	186	0	23
PVP01_1432100	14	1252	2	11	0	8
PVP01_0620500	403	863	125	277	0	64
PVP01_1208300	213	1053	34	178	0	46
PVP01_0528400	298	968	58	239	0	66
PVP01_0726000	159	1107	38	120	0	8
PVP01_0929600	236	1030	25	210	0	39
PVP01_1220800	357	909	64	292	0	131
PVP01_1118300	337	929	42	294	0	83
PVP01_0517100	186	1080	46	139	0	1
PVP01_1239400	140	1126	16	123	0	11
PVP01_1417000	363	903	66	296	0	125
PVP01_0908200	135	1131	3	131	0	2
PVP01_0314600	95	1171	10	84	0	9
PVP01_0616800	138	1128	32	105	0	6
PVP01_1418000	139	1127	18	120	0	8
PVP01_0117500	252	1014	33	174	44	25
PVP01_1404700	569	697	235	333	0	440
PVP01_0832700	84	1182	11	72	0	9
PVP01_1333800	250	1016	30	219	0	21
PVP01_0728600	753	513	466	286	0	120
PVP01_0303600	235	1031	113	121	0	40
PVP01_0506200	387	879	73	313	0	116
PVP01_1147500	152	1114	21	130	0	12
PVP01_0318100	44	1222	24	19	0	8
PVP01_1416100	340	926	38	295	6	100
PVP01_1341500	218	1048	15	202	0	15
PVP01_0608900	136	1130	18	117	0	27
PVP01_0732300	151	1115	13	137	0	4
PVP01_0825300	239	1027	35	203	0	47
PVP01_1243000	63	1203	1	61	0	2
PVP01_0827100	357	909	123	233	0	47
PVP01_0212900	239	1027	42	196	0	21
PVP01_1202900	227	1039	41	185	0	51
PVP01_0410100	362	904	83	278	0	106
PVP01_1008600	425	841	122	302	0	149
PVP01_0203200	53	1213	16	36	0	12
PVP01_0318500	243	1023	30	212	0	47
PVP01_1458300	475	791	163	311	0	130
PVP01_1312100	283	983	52	229	1	58
PVP01_1246900	91	1175	7	81	2	11
PVP01_1216300	176	1090	26	149	0	22
PVP01_1305100	110	1156	5	104	0	14
PVP01_0419700	251	1015	32	218	0	6
PVP01_0706600	202	1064	22	179	0	34
PVP01_1301900	434	832	80	353	0	245
PVP01_1436600	6	1260	1	4	0	4
PVP01_1008500	260	1006	38	221	0	45
PVP01_1338600	903	363	493	410	0	200
PVP01_1331500	565	701	277	287	0	287
PVP01_0829200	200	1066	15	184	0	17
PVP01_1010000	131	1135	23	107	0	12
PVP01_1406900	488	778	174	313	0	174
PVP01_0909100	88	1178	4	83	0	6
PVP01_0423500	210	1056	20	189	0	20
PVP01_0726650	219	1047	89	129	0	19
PVP01_0213400	664	602	437	226	0	80
PVP01_0421800	55	1211	12	42	0	6
PVP01_1003800	78	1188	4	73	0	4
PVP01_1301600	518	748	132	385	0	414
PVP01_0119600	280	986	21	258	0	56
PVP01_1436900	227	1039	19	207	0	54
PVP01_1212400	206	1060	22	183	0	17
PVP01_0933600	107	1159	5	101	0	5
PVP01_0529500	352	914	144	207	0	39
PVP01_0938500	90	1176	6	83	0	3
PVP01_0916100	283	983	15	267	0	35
PVP01_0314300	299	967	54	244	0	73
PVP01_0947500	24	1242	10	13	0	6
PVP01_0716200	176	1090	13	162	0	30
PVP01_1229900	126	1140	26	99	0	4
PVP01_0618900	218	1048	52	165	0	45
PVP01_0804000	573	693	295	277	0	137
PVP01_1467300	215	1051	30	184	0	10
PVP01_0824100	312	954	46	265	0	24
PVP01_0815200	179	1087	14	163	1	17
PVP01_1417400	153	1113	30	122	0	30
PVP01_1228400	88	1178	11	76	0	11
PVP01_0532100	616	650	330	285	0	153
PVP01_0940000	166	1100	13	152	0	16
PVP01_1305900	241	1025	14	226	0	40
PVP01_0911300	376	890	117	258	0	76
PVP01_1106200	170	1096	16	153	0	17
PVP01_0203900	664	602	376	288	0	79
PVP01_0601500	527	739	266	260	0	48
PVP01_0605000	356	910	91	264	0	81
PVP01_0530100	86	1180	23	62	0	19
PVP01_1105100	349	917	72	276	0	46
PVP01_1023700	37	1229	2	34	0	13
PVP01_0828600	315	951	37	277	0	40
PVP01_1014800	126	1140	12	113	0	2
PVP01_1008900	225	1041	10	214	0	24
PVP01_0419100	640	626	293	346	0	174
PVP01_1343000	373	893	76	296	0	76
PVP01_0102800	309	957	45	263	0	21
PVP01_0517000	334	932	52	281	0	68
PVP01_1230500	280	986	40	239	0	8
PVP01_1033500	195	1071	77	117	0	18
PVP01_1033400	65	1201	5	59	0	5
PVP01_1224700	348	918	74	270	3	92
PVP01_1006900	100	1166	9	90	0	6
