gene_id	c_exc_s	c_inc_s	c_missing	c_het_calls	c_stop_codon	c_unq_h
PF3D7_1362300	1923	22502	155	1767	1	61
PF3D7_0627400	2032	22393	922	1110	0	34
PF3D7_1315300	1901	22524	456	1442	3	152
PF3D7_1206400	2040	22385	1297	742	1	120
PF3D7_1016500	18091	6334	15459	2626	1	257
PF3D7_1144400	11887	12538	7135	4750	2	1310
PF3D7_0501100	3157	21268	2359	646	0	21
PF3D7_1420900	2233	22192	1437	794	1	36
PF3D7_1302700	17705	6720	13519	4170	0	888
PF3D7_1305800	2244	22181	995	1249	0	154
PF3D7_1306500	12347	12078	4041	8306	0	3405
PF3D7_1210300	2602	21823	391	2211	0	127
PF3D7_0822100	1098	23327	236	860	2	79
PF3D7_1016200	3487	20938	2471	1016	0	102
PF3D7_0818500	559	23866	84	475	0	52
PF3D7_0720000	1040	23385	683	357	0	43
PF3D7_0310100	3446	20979	1961	1449	0	47
PF3D7_0919600	3542	20883	2586	955	1	165
PF3D7_0528900	2291	22134	2007	263	0	30
PF3D7_0319200	7089	17336	2230	4859	0	515
PF3D7_0808300	6106	18319	768	5336	0	34
PF3D7_0308800	2089	22336	1667	416	0	21
PF3D7_1341900	1227	23198	1061	151	0	10
PF3D7_0819500	2823	21602	1435	1271	0	9
PF3D7_1345700	4366	20059	3173	1192	1	134
PF3D7_0607600	8613	15812	4190	4363	0	238
PF3D7_0934500	1538	22887	1092	446	0	49
PF3D7_1308000	6101	18324	1054	5047	0	371
PF3D7_0717100	15759	8666	12680	3079	0	226
PF3D7_1143300	3266	21159	712	2554	0	103
PF3D7_0414300	2021	22404	1068	952	0	13
PF3D7_0413500	5178	19247	1225	3953	0	25
PF3D7_0824400	6891	17534	1522	5369	0	133
PF3D7_0820400	3397	21028	875	2520	0	240
PF3D7_0317100	6156	18269	2071	3150	0	175
PF3D7_0104200	6656	17769	1165	5491	0	245
PF3D7_1007200	10511	13914	9464	997	0	75
PF3D7_1207100	5229	19196	1242	3987	0	439
PF3D7_0513000	2430	21995	1856	574	0	40
PF3D7_1135800	1747	22678	296	1451	0	105
PF3D7_1303000	4259	20166	561	3697	0	24
PF3D7_0602300	3513	20912	2026	1486	1	99
PF3D7_1134500	10019	14406	3849	6170	0	1066
PF3D7_1426100	670	23755	363	307	0	11
PF3D7_0422600	3476	20949	1186	2290	0	24
PF3D7_0825700	6166	18259	1382	4784	0	263
PF3D7_1206600	9341	15084	5011	4329	1	331
PF3D7_0902500	9087	15338	2992	6095	0	356
PF3D7_0505100	18369	6056	15894	2361	0	456
PF3D7_0505200	3425	21000	1362	2063	0	233
PF3D7_0410500	4002	20423	1251	2751	0	42
PF3D7_1217200	13177	11248	7505	5671	1	668
PF3D7_1414000	2095	22330	1931	116	0	15
PF3D7_1230600	3563	20862	3296	267	0	22
PF3D7_1031800	4999	19426	2845	2152	0	104
PF3D7_0212200	4809	19616	4468	340	1	59
PF3D7_1349700	9470	14955	242	9225	1	39
PF3D7_0713700	2290	22135	2119	117	0	8
PF3D7_1107400	4855	19570	1284	3571	0	13
PF3D7_0415500	1633	22792	1313	318	0	17
PF3D7_0602400	6731	17694	4988	1743	0	146
PF3D7_0717200	18738	5687	17762	975	0	64
PF3D7_1240000	5724	18701	3805	1919	0	126
PF3D7_0528600	4868	19557	1618	3250	0	51
PF3D7_1468600	13853	10572	7866	5951	0	1379
PF3D7_0518100	10270	14155	4558	5712	0	832
PF3D7_1310400	10850	13575	6680	4169	1	685
PF3D7_0713900	18679	5746	14944	3728	7	2428
PF3D7_1355200	11217	13208	7596	3621	0	518
PF3D7_0920400	16222	8203	13434	2787	1	833
PF3D7_0929700	3291	21134	1580	1710	1	139
PF3D7_1431800	5192	19233	1973	3195	20	396
PF3D7_1032500	748	23677	574	166	0	24
PF3D7_0410800	16116	8309	11268	4847	1	1373
PF3D7_1422200	848	23577	130	718	0	62
PF3D7_0511900	4394	20031	1218	3176	0	248
PF3D7_0912900	1595	22830	1273	285	0	11
PF3D7_0114750	683	23742	522	153	8	16
PF3D7_1362200	3442	20983	2065	1373	4	61
PF3D7_0315400	1513	22912	189	1324	0	83
PF3D7_0934600	608	23817	311	273	0	35
PF3D7_0829100	1960	22465	1818	126	0	7
PF3D7_0718500	1469	22956	1359	104	0	1
PF3D7_1332500	4393	20032	878	3514	1	35
PF3D7_1013000	4204	20221	2496	1682	0	232
PF3D7_0204800	11073	13352	2692	8381	0	184
PF3D7_1250500	2815	21610	2762	50	0	6
PF3D7_1367600	1264	23161	796	361	0	37
PF3D7_1119200	1710	22715	378	1323	0	51
PF3D7_1121000	5721	18704	2135	3585	0	14
PF3D7_1472400	8972	15453	2493	6476	0	1240
PF3D7_0418100	16288	8137	10501	5787	0	630
PF3D7_1205900	9514	14911	5446	4068	0	381
PF3D7_0517200	10112	14313	5121	4989	2	389
PF3D7_0714400	1195	23230	496	692	0	51
PF3D7_1219900	1880	22545	1001	878	1	65
PF3D7_0917400	9074	15351	1748	7317	9	1160
PF3D7_1410000	5005	19420	386	4618	1	107
PF3D7_0704400	8336	16089	2302	6033	1	865
PF3D7_0208400	14970	9455	8769	6198	3	1175
PF3D7_1238900	5472	18953	1137	4335	0	155
PF3D7_1414900	8776	15649	3333	5443	0	773
PF3D7_1008400	3159	21266	1738	1421	0	15
PF3D7_0213300	562	23863	525	34	0	3
PF3D7_1242600	5718	18707	2060	3653	4	346
PF3D7_1460500	22648	1777	19663	1644	1341	416
PF3D7_1031600	17336	7089	12699	4637	0	557
PF3D7_0418900	3291	21134	1860	1243	0	119
PF3D7_1344600	2710	21715	1260	1450	0	148
PF3D7_0827900	7135	17290	5684	1410	1	47
PF3D7_1202900	558	23867	214	344	0	5
PF3D7_0711500	9221	15204	2323	6897	1	273
PF3D7_1434800	1477	22948	1142	334	1	27
PF3D7_0509500	16717	7708	14219	2498	0	89
PF3D7_1440100	5172	19253	1504	3667	1	526
PF3D7_1317800	1680	22745	1235	445	0	13
PF3D7_1145800	8759	15666	1095	7664	0	1389
PF3D7_1127700	3898	20527	1906	1988	0	163
PF3D7_0216800	22803	1622	21909	894	0	431
PF3D7_1344400	4486	19939	1192	3290	4	408
PF3D7_1303500	16689	7736	8754	7926	8	1122
PF3D7_1435700	3093	21332	1531	1395	0	110
PF3D7_1407800	6806	17619	2307	4499	0	142
PF3D7_0623000	6496	17929	1506	4989	1	169
PF3D7_0606200	673	23752	503	137	0	5
PF3D7_0716100	14759	9666	10213	4546	0	300
PF3D7_0818000	5716	18709	2699	3017	0	312
PF3D7_0211800	3249	21176	1770	1478	1	114
PF3D7_0220100	12821	11604	7387	5434	0	572
PF3D7_0316500	2464	21961	1650	814	0	56
PF3D7_0407400	523	23902	34	489	0	60
PF3D7_0929400	10416	14009	6676	3090	0	101
PF3D7_1007600	403	24022	113	290	0	29
PF3D7_1139300	10372	14053	3847	6482	36	1637
PF3D7_0509900	1487	22938	610	877	0	71
PF3D7_1412400	21890	2535	19733	2140	0	493
PF3D7_0405900	8596	15829	1752	6829	2	297
PF3D7_1448500	23364	1061	22336	1028	0	452
PF3D7_0714600	13311	11114	8019	5292	0	283
PF3D7_1407500	1984	22441	1806	175	0	23
PF3D7_1353900	1186	23239	802	318	0	9
PF3D7_1324400	2170	22255	1935	227	0	6
PF3D7_1249200	1500	22925	261	1239	0	99
PF3D7_0724200	3391	21034	818	2573	0	169
PF3D7_0619400	9698	14727	8209	1488	0	20
PF3D7_0414500	2098	22327	1247	833	0	5
PF3D7_0806000	22771	1654	21988	783	0	190
PF3D7_1022900	302	24123	166	129	4	4
PF3D7_0109700	3809	20616	754	3054	0	20
PF3D7_1464000	4186	20239	744	3434	8	403
PF3D7_1224500	421	24004	124	294	0	8
PF3D7_0419400	17113	7312	12957	4112	3	1404
PF3D7_0206800	22518	1907	21986	532	0	386
PF3D7_1428700	5461	18964	3007	2454	0	174
PF3D7_0106100	2001	22424	658	1343	0	37
PF3D7_1323600	3299	21126	2725	574	0	74
PF3D7_0530200	2256	22169	646	1610	0	151
PF3D7_0404800	14161	10264	8312	5845	0	353
PF3D7_0506000	1838	22587	624	1211	0	62
PF3D7_1020100	199	24226	57	142	0	11
PF3D7_1105600	7973	16452	1971	6002	0	536
PF3D7_1116100	10488	13937	5536	4952	0	906
PF3D7_1136100	4231	20194	1742	2489	0	361
PF3D7_1010200	11570	12855	7316	4254	0	1261
PF3D7_1023200	2823	21602	1616	1207	0	80
PF3D7_0906200	4722	19703	1641	3081	0	265
PF3D7_1345000	2267	22158	1901	137	0	15
PF3D7_0630800	6891	17534	1398	40	0	10
PF3D7_1238700	6310	18115	3861	2439	1	143
PF3D7_1103600	3251	21174	2140	1111	0	78
PF3D7_0204000	6340	18085	2043	4293	2	331
PF3D7_0404300	20115	4310	18223	1465	140	107
PF3D7_0831000	3299	21126	1171	2120	0	238
PF3D7_0708400	6886	17539	3639	3058	0	93
PF3D7_0615200	3280	21145	1963	386	0	38
PF3D7_0110000	4278	20147	839	3439	0	107
PF3D7_1469500	8881	15544	2264	6617	0	524
PF3D7_1324500	7682	16743	5809	1643	0	256
PF3D7_1403700	2544	21881	189	2347	0	74
PF3D7_1351600	5660	18765	3741	1919	0	91
PF3D7_1115900	2901	21524	2669	88	0	6
PF3D7_1423400	12737	11688	7867	4862	8	776
PF3D7_0317600	2701	21724	1398	1303	0	13
PF3D7_1231200	1601	22824	253	1348	0	148
PF3D7_1475100	8606	15819	2711	5895	0	1251
PF3D7_1352200	2366	22059	1047	1175	0	105
PF3D7_1327000	24369	56	24362	7	0	7
PF3D7_1123200	6389	18036	1892	4496	0	264
PF3D7_0703600	5002	19423	4844	18	0	3
PF3D7_0104100	10360	14065	4117	5856	0	1227
PF3D7_1347000	1514	22911	848	610	0	20
PF3D7_1237400	6175	18250	1647	4416	0	180
PF3D7_0320000	1024	23401	985	33	0	2
PF3D7_0612800	8743	15682	2739	6004	0	215
PF3D7_1128700	6954	17471	1403	5550	1	246
PF3D7_0108300	18637	5788	16040	2597	0	972
PF3D7_1038900	1727	22698	374	1310	43	37
PF3D7_1322800	1466	22959	1297	168	0	32
PF3D7_1034100	831	23594	681	144	0	6
PF3D7_0315700	4484	19941	2877	1607	0	160
PF3D7_1301700	2625	21800	1957	668	0	39
PF3D7_1327400	4026	20399	106	3920	0	115
PF3D7_0204700	7215	17210	3415	3800	0	41
PF3D7_1320900	889	23536	380	507	0	16
PF3D7_1220400	7358	17067	879	6478	1	347
PF3D7_0423900	4375	20050	2307	1949	26	79
PF3D7_1454100	1106	23319	978	121	0	16
PF3D7_1464800	6220	18205	6103	116	0	16
PF3D7_0408800	1295	23130	285	1009	1	97
PF3D7_0307500	7946	16479	5299	2647	0	106
PF3D7_1306300	5169	19256	3187	1819	0	315
PF3D7_0207700	15469	8956	12665	2642	0	255
PF3D7_0904700	438	23987	67	361	0	29
PF3D7_1408700	14047	10378	7863	6182	2	4137
PF3D7_0719000	1168	23257	844	324	0	46
PF3D7_0532500	5533	18892	966	4553	0	58
PF3D7_0706300	594	23831	179	414	0	59
PF3D7_1245000	2509	21916	390	2119	0	208
PF3D7_0614300	4933	19492	2341	2589	1	186
PF3D7_0411200	10454	13971	4247	6196	11	738
PF3D7_1241300	4783	19642	795	3988	0	229
PF3D7_1208900	8959	15466	3954	5005	0	431
PF3D7_0504900	675	23750	599	70	0	3
PF3D7_1474000	15164	9261	9718	5446	0	1868
PF3D7_0314900	3584	20841	1565	2019	0	184
PF3D7_1448700	5030	19395	1057	3972	1	262
PF3D7_0918800	4504	19921	921	3583	0	211
PF3D7_1319900	12741	11684	5690	7050	1	1317
PF3D7_0424600	6468	17957	1632	4834	1	94
PF3D7_1433200	8963	15462	2718	6244	1	904
PF3D7_0212300	7531	16894	7209	322	0	5
PF3D7_1466700	1989	22436	1853	56	0	7
PF3D7_0404500	7193	17232	1011	6179	3	263
PF3D7_1461700	899	23526	771	125	2	18
PF3D7_1200700	11479	12946	5477	6002	0	361
PF3D7_1345100	1058	23367	700	331	0	7
PF3D7_0518500	13725	10700	10834	2890	1	390
PF3D7_0827300	16840	7585	13553	3286	1	496
PF3D7_0203400	3458	20967	798	2660	0	23
PF3D7_0109800	2664	21761	1139	1525	0	190
PF3D7_0509400	20591	3834	10141	4431	6019	1415
PF3D7_1454800	2074	22351	793	1280	1	60
PF3D7_1121300	8807	15618	5545	3027	1	310
PF3D7_0914500	9661	14764	4045	5391	0	1082
PF3D7_1027800	3129	21296	2674	455	0	17
PF3D7_0630200	650	23775	576	66	0	9
PF3D7_0805300	7930	16495	3718	4211	1	508
PF3D7_0206500	17351	7074	14583	2768	0	507
PF3D7_1470700	3747	20678	403	3344	0	331
PF3D7_1401800	1869	22556	287	1580	2	69
PF3D7_0107900	1434	22991	398	1036	0	96
PF3D7_1122000	3334	21091	2398	935	0	83
PF3D7_1410400	9461	14964	3121	6339	1	744
PF3D7_0618800	6720	17705	1721	4697	0	249
PF3D7_1110200	10690	13735	5519	5095	0	439
PF3D7_0703100	1634	22791	686	947	1	42
PF3D7_1340500	6671	17754	961	5710	0	938
PF3D7_0931100	14385	10040	10679	3706	0	253
PF3D7_1006800	1566	22859	1217	346	0	23
PF3D7_1139200	3046	21379	1805	1235	0	133
PF3D7_1024500	936	23489	257	679	0	109
PF3D7_0923900	1504	22921	1369	110	0	4
PF3D7_0416300	8963	15462	6145	2818	0	300
PF3D7_1338100	2414	22011	867	1542	0	98
PF3D7_1314800	3696	20729	224	3469	1	39
PF3D7_0716700	15247	9178	11346	3901	0	1753
PF3D7_0807100	11699	12726	4163	7536	0	774
PF3D7_1476800	2773	21652	328	2389	56	135
PF3D7_0914200	2848	21577	2057	561	0	13
PF3D7_0911900	4442	19983	1484	2957	0	229
PF3D7_0605900	2068	22357	1877	182	0	13
PF3D7_0621200	1522	22903	994	525	3	30
PF3D7_0421700	16635	7790	5708	10909	2	2320
PF3D7_0814600	5380	19045	2129	3250	1	48
PF3D7_0411900	13308	11117	7413	5880	0	431
PF3D7_1004300	16560	7865	11716	4844	0	618
PF3D7_0512500	5136	19289	2352	2783	0	185
PF3D7_1027400	1794	22631	1614	180	0	9
PF3D7_0630600	8668	15757	2283	6283	1	177
PF3D7_1105100	395	24030	175	220	0	4
PF3D7_0937000	6053	18372	781	2847	2425	184
PF3D7_0730300	8421	16004	2278	6141	2	718
PF3D7_0904800	3450	20975	1144	2306	0	45
PF3D7_0313600	20148	4277	18692	1421	1	1024
PF3D7_1210500	3270	21155	1101	2168	1	214
PF3D7_0721500	10627	13798	5699	4924	4	385
PF3D7_1110800	1990	22435	1833	150	0	18
PF3D7_0932300	5467	18958	3144	2323	0	114
PF3D7_1406800	603	23822	208	385	0	8
PF3D7_1320300	4049	20376	708	3341	0	246
PF3D7_1325800	13827	10598	8890	4934	3	697
PF3D7_1243400	4034	20391	308	3726	0	308
PF3D7_1349300	15159	9266	10162	4931	66	702
PF3D7_0923000	2294	22131	1175	1119	0	68
PF3D7_0731300	1825	22600	1098	722	3	59
PF3D7_0813400	4094	20331	1626	2465	1	152
PF3D7_0512600	1986	22439	1872	113	0	1
PF3D7_1340300	11656	12769	6219	5437	0	412
PF3D7_1023000	3263	21162	740	2522	1	132
PF3D7_1413600	2856	21569	406	2394	0	207
PF3D7_1236200	19567	4858	17391	2173	3	423
PF3D7_0830900	4481	19944	558	3911	0	101
PF3D7_0529400	10339	14086	5924	4134	0	577
PF3D7_1349600	909	23516	233	666	0	41
PF3D7_1004200	12391	12034	4724	7643	2	2694
PF3D7_0321800	17195	7230	12562	4633	0	2874
PF3D7_0102700	7173	17252	2544	4628	1	114
PF3D7_1012600	5252	19173	2632	2620	0	195
PF3D7_1403900	1138	23287	315	823	0	49
PF3D7_1222900	3925	20500	2294	1624	0	163
PF3D7_0306100	4504	19921	712	3786	3	423
PF3D7_0713100	14169	10256	5292	8261	501	182
PF3D7_0506400	2698	21727	2600	96	1	8
PF3D7_1222000	4245	20180	1059	3186	0	269
PF3D7_1404600	6761	17664	6037	398	0	40
PF3D7_1138200	1340	23085	788	549	1	29
PF3D7_0604200	805	23620	692	112	0	10
PF3D7_1307100	10085	14340	6012	4073	0	471
PF3D7_1025100	16762	7663	13794	2959	9	143
PF3D7_1366100	714	23711	450	264	0	13
PF3D7_0316000	1809	22616	477	1331	1	97
PF3D7_1435000	4565	19860	3172	1393	0	169
PF3D7_0104400	6053	18372	4797	1256	0	132
PF3D7_1306100	1432	22993	545	887	0	72
PF3D7_1463000	721	23704	235	485	1	28
PF3D7_1358600	8024	16401	2031	5993	0	703
PF3D7_1104700	2666	21759	2629	29	0	1
PF3D7_0926200	120	24305	44	76	0	8
PF3D7_1251100	934	23491	380	529	0	66
PF3D7_0206000	11241	13184	6090	5146	5	865
PF3D7_1014300	12398	12027	8082	4316	0	918
PF3D7_1356600	2615	21810	1433	1182	0	51
PF3D7_0109950	4289	20136	3840	233	0	14
PF3D7_0709800	3906	20519	3056	850	0	13
PF3D7_1416400	4814	19611	3931	375	0	10
PF3D7_1447600	415	24010	227	69	0	10
PF3D7_1338700	5318	19107	1801	3516	1	212
PF3D7_0518300	1880	22545	1583	295	0	21
PF3D7_0106600	4999	19426	408	4591	0	137
PF3D7_1410600	2895	21530	1975	920	0	20
PF3D7_0210600	2642	21783	2077	547	0	29
PF3D7_1141900	6417	18008	431	5983	3	334
PF3D7_0924200	7801	16624	2298	5503	0	592
PF3D7_1331500	19152	5273	15912	3240	0	316
PF3D7_1344100	6632	17793	3069	3563	0	374
PF3D7_1440400	6721	17704	1743	4973	3	742
PF3D7_0710400	7445	16980	368	7077	0	274
PF3D7_0526300	4104	20321	3339	765	0	103
PF3D7_1421300	8097	16328	2253	5751	6	458
PF3D7_1313500	9475	14950	3395	5843	84	1156
PF3D7_1419600	3427	20998	2951	363	1	49
PF3D7_0216300	10095	14330	4475	5608	12	1277
PF3D7_0306800	6265	18160	5175	1090	0	59
PF3D7_1206900	5915	18510	2687	3222	1	310
PF3D7_0912200	5335	19090	1363	3972	0	232
PF3D7_1112500	6194	18231	1848	4345	1	149
PF3D7_0107600	14800	9625	10693	4102	5	943
PF3D7_1369700	1435	22990	1142	290	0	12
PF3D7_1308700	11864	12561	8959	2904	1	294
PF3D7_0823000	10149	14276	4792	5350	4	1101
PF3D7_1343800	15029	9396	9755	5272	2	3093
PF3D7_1243600	322	24103	292	30	0	3
PF3D7_1215100	5697	18728	1587	4110	0	391
PF3D7_0212400	20196	4229	17246	2849	0	1090
PF3D7_0824300	7152	17273	2196	4956	0	309
PF3D7_1462100	7888	16537	1995	5890	3	677
PF3D7_0731700	2730	21695	570	1901	259	74
PF3D7_0606300	470	23955	326	144	0	15
PF3D7_1001600	8129	16296	2978	5151	0	249
PF3D7_1038600	7509	16916	1780	5728	1	211
PF3D7_1114400	3823	20602	1955	1868	0	243
PF3D7_0624800	7037	17388	1759	5139	0	249
PF3D7_1237500	12805	11620	7362	5436	7	1079
PF3D7_1315700	4359	20066	541	3818	0	145
PF3D7_0106000	13227	11198	9069	4157	1	314
PF3D7_1102300	15510	8915	13328	2174	0	115
PF3D7_0217200	18371	6054	15799	2572	0	639
PF3D7_1149400	8710	15715	505	8205	0	92
PF3D7_0723400	9548	14877	4911	4634	3	800
PF3D7_0817200	12051	12374	6896	5153	2	393
PF3D7_1467200	9109	15316	5903	3206	0	328
PF3D7_1028600	682	23743	522	152	0	22
PF3D7_0903700	2426	21999	1695	731	0	7
PF3D7_1005500	10890	13535	5424	5463	3	731
PF3D7_0513200	20601	3824	17660	2941	0	1055
PF3D7_0709500	2476	21949	2069	390	0	17
PF3D7_0221000	11965	12460	5043	5320	1602	186
PF3D7_1324900	4323	20102	2947	1376	0	19
PF3D7_0515200	2127	22298	1803	324	0	51
PF3D7_0424800	4264	20161	982	3213	69	118
PF3D7_0215600	13369	11056	11363	2006	0	164
PF3D7_1440900	2814	21611	1832	743	0	22
PF3D7_1415600	7165	17260	1392	5773	0	1153
PF3D7_1142400	1658	22767	685	972	1	56
PF3D7_1301500	1824	22601	982	803	36	88
PF3D7_0212800	11843	12582	7310	4533	0	678
PF3D7_0711400	8282	16143	984	7298	0	508
PF3D7_0517100	11548	12877	3137	8411	0	143
PF3D7_1212800	1946	22479	688	1231	27	103
PF3D7_0103800	2399	22026	2330	46	0	2
PF3D7_1131000	11788	12637	6760	5028	0	130
PF3D7_1321000	6890	17535	4242	2648	0	204
PF3D7_1323700	849	23576	619	223	0	12
PF3D7_0529300	5492	18933	478	5014	0	98
PF3D7_0830700	1382	23043	638	743	0	51
PF3D7_1340800	964	23461	787	173	0	18
PF3D7_1009900	7874	16551	3479	4395	0	260
PF3D7_1342700	443	23982	368	75	0	2
PF3D7_1031500	10209	14216	8030	2141	0	345
PF3D7_0710200	24313	112	24264	49	0	57
PF3D7_0805400	398	24027	299	80	0	11
PF3D7_1344300	10051	14374	3143	6891	17	1086
PF3D7_0505600	1974	22451	381	1593	0	145
PF3D7_1460400	1557	22868	1184	151	0	12
PF3D7_1453600	8597	15828	3067	5528	1	1323
PF3D7_1325900	22370	2055	20514	1856	0	858
PF3D7_1403500	2768	21657	2403	37	0	6
PF3D7_1214000	750	23675	488	262	0	22
PF3D7_0524800	3295	21130	872	2420	1	259
PF3D7_1210900	4451	19974	2268	2180	0	95
PF3D7_1415500	9586	14839	5927	3654	0	476
PF3D7_0930900	1094	23331	487	606	0	49
PF3D7_1018600	14240	10185	8869	5371	0	1118
PF3D7_0303700	4439	19986	1457	2982	0	198
PF3D7_0214200	1729	22696	1388	341	0	28
PF3D7_0528200	7994	16431	5067	2925	2	68
PF3D7_1416000	2194	22231	1478	666	0	33
PF3D7_0807500	778	23647	523	254	0	10
PF3D7_1468200	2206	22219	484	1722	0	169
PF3D7_1428400	12356	12069	7057	5295	1	837
PF3D7_1404700	6253	18172	436	5817	0	227
PF3D7_1426400	3024	21401	2810	213	0	25
PF3D7_1128600	2619	21806	655	1964	0	277
PF3D7_0527600	8780	15645	8042	198	0	34
PF3D7_0413700	4643	19782	4369	274	0	27
PF3D7_1309500	1525	22900	473	1052	0	79
PF3D7_1005600	15530	8895	8339	5783	1408	558
PF3D7_1223700	570	23855	173	396	0	11
PF3D7_0607900	5181	19244	1676	3502	3	346
PF3D7_1403800	12152	12273	4381	7768	3	1182
PF3D7_0505900	1623	22802	1526	69	0	10
PF3D7_1328800	1728	22697	1151	575	2	36
PF3D7_1453500	9963	14462	6373	3590	0	234
PF3D7_0705200	13338	11087	5611	7722	5	1458
PF3D7_1023600	1797	22628	1220	438	0	44
PF3D7_1446200	5925	18500	4127	1797	1	126
PF3D7_1405700	9246	15179	6385	2861	0	410
PF3D7_1442400	10429	13996	2647	7779	3	1617
PF3D7_1353600	875	23550	673	202	0	3
PF3D7_0603600	10440	13985	4150	6208	0	1526
PF3D7_1229100	17185	7240	14393	2792	0	1236
PF3D7_1357800	3763	20662	3053	707	2	52
PF3D7_1459900	712	23713	120	592	0	49
PF3D7_1433600	2153	22272	271	1882	0	21
PF3D7_1432500	3353	21072	2204	1147	0	116
PF3D7_0506500	22530	1895	21312	1211	0	646
PF3D7_0929500	3338	21087	3038	299	0	24
PF3D7_1021200	7989	16436	5010	2979	0	263
PF3D7_1208100	14156	10269	8308	5847	0	2660
PF3D7_1037700	718	23707	649	68	0	5
PF3D7_1435800	4371	20054	1311	3060	0	198
PF3D7_1455700	7798	16627	4911	2807	4	269
PF3D7_1451700	1643	22782	1602	38	0	3
PF3D7_1033600	9679	14746	5778	3901	0	401
PF3D7_0310300	17780	6645	13443	4337	0	285
PF3D7_1219800	135	24290	91	44	0	5
PF3D7_1462300	9679	14746	4927	4752	0	472
PF3D7_1009300	3976	20449	2082	1894	0	211
PF3D7_1357700	8139	16286	4227	3869	0	672
PF3D7_1438700	1779	22646	1673	16	0	2
PF3D7_1005400	3711	20714	1216	2495	0	188
PF3D7_1446900	2147	22278	1111	1010	0	72
PF3D7_1475900	14049	10376	9470	4579	0	2016
PF3D7_0935500	5894	18531	1640	4249	0	76
PF3D7_1474400	17712	6713	15566	1296	0	123
PF3D7_0310700	807	23618	621	186	0	8
PF3D7_1129500	5514	18911	1792	3715	4	265
PF3D7_1441400	2768	21657	1246	1522	0	81
PF3D7_1412600	5568	18857	970	4598	0	168
PF3D7_1349100	4797	19628	1018	3767	1	16
PF3D7_0807300	2562	21863	1578	980	0	1
PF3D7_1117700	765	23660	535	229	0	2
PF3D7_1366700	5482	18943	364	5118	0	392
PF3D7_1107200	5011	19414	2484	1448	0	106
PF3D7_0801600	679	23746	126	553	0	26
PF3D7_1251600	7022	17403	987	6035	0	780
PF3D7_1235100	2296	22129	316	1980	0	9
PF3D7_1342500	6035	18390	1707	3851	0	66
PF3D7_0727900	9692	14733	3914	5777	1	1477
PF3D7_0924400	14174	10251	10691	3480	0	679
PF3D7_1142000	4318	20107	325	3993	0	436
PF3D7_1440700	5877	18548	1089	4788	0	321
PF3D7_0103600	12756	11669	4433	8321	2	3694
PF3D7_0920600	9752	14673	4201	5551	0	718
PF3D7_1127100	835	23590	109	726	0	43
PF3D7_1430800	1148	23277	550	598	0	22
PF3D7_1348900	815	23610	461	353	1	60
PF3D7_0927600	5602	18823	1379	4216	7	378
PF3D7_0707200	17682	6743	13153	4525	4	1202
PF3D7_0522800	899	23526	532	365	0	12
PF3D7_1466300	8837	15588	4756	4081	0	338
PF3D7_0407200	617	23808	529	47	0	8
PF3D7_1439300	10514	13911	4125	6389	0	1081
PF3D7_1304100	6244	18181	4050	2122	1	197
PF3D7_1354800	4505	19920	1924	2581	0	324
PF3D7_1227600	10512	13913	5327	5185	0	571
PF3D7_1117100	5161	19264	1161	4000	0	132
PF3D7_0910800	6143	18282	2334	3808	1	184
PF3D7_1352100	6468	17957	1563	4905	0	521
PF3D7_1124400	628	23797	303	317	0	32
PF3D7_1457900	16935	7490	10868	6066	1	2321
PF3D7_0519800	6525	17900	5415	977	0	100
PF3D7_0323500	2952	21473	2682	239	0	28
PF3D7_1211900	11193	13232	6456	4736	1	462
PF3D7_1458500	9391	15034	3025	6362	4	1488
PF3D7_0825400	1247	23178	1025	220	0	18
PF3D7_1340900	11480	12945	9243	2237	0	122
PF3D7_1128200	1493	22932	1182	311	0	17
PF3D7_1458700	2458	21967	1338	1107	13	39
PF3D7_1104600	6670	17755	1895	4775	0	527
PF3D7_1020700	10214	14211	7331	2882	0	336
PF3D7_1124200	2794	21631	1871	903	0	93
PF3D7_1233400	5290	19135	2746	1955	500	141
PF3D7_1364400	18689	5736	14568	4120	1	1254
PF3D7_0615800	10572	13853	4082	6218	260	350
PF3D7_1350600	4754	19671	588	4153	0	97
PF3D7_0508500	20067	4358	15675	4392	0	682
PF3D7_1309000	1882	22543	394	1483	5	107
PF3D7_1429300	6880	17545	5850	97	0	4
PF3D7_1120600	22750	1675	22111	639	0	457
PF3D7_0906300	2056	22369	221	1831	4	272
PF3D7_0914000	14948	9477	10417	4529	2	1358
PF3D7_1421500	530	23895	435	94	0	12
PF3D7_1338900	9697	14728	3855	5841	1	580
PF3D7_1243000	1521	22904	287	1234	0	108
PF3D7_1321700	13132	11293	9034	4095	0	402
PF3D7_1147500	9610	14815	4904	4705	1	616
PF3D7_0722400	3910	20515	3585	325	0	22
PF3D7_1364100	9189	15236	2913	6276	0	824
PF3D7_1409600	8889	15536	2881	6008	0	690
PF3D7_0411700	1991	22434	201	1789	1	86
PF3D7_0109850	3825	20600	2575	680	0	64
PF3D7_0409700	1823	22602	1530	283	0	39
PF3D7_0702600	1026	23399	56	965	5	36
PF3D7_1248700	16052	8373	11652	4400	0	2000
PF3D7_0415800	14386	10039	5284	8849	253	872
PF3D7_0803000	5278	19147	711	4567	0	426
PF3D7_1226700	3056	21369	751	2305	0	210
PF3D7_0727800	10778	13647	4819	5958	1	1512
PF3D7_0729300	6807	17618	3162	3644	1	383
PF3D7_1360100	1079	23346	800	261	0	17
PF3D7_1364600	11971	12454	7792	4179	0	370
PF3D7_0605500	6825	17600	5225	1599	1	182
PF3D7_1448400	5166	19259	2694	2467	0	186
PF3D7_1328600	2131	22294	1774	317	0	19
PF3D7_1015000	5441	18984	2984	2455	2	88
PF3D7_1232400	6496	17929	1712	4774	10	230
PF3D7_0706500	9765	14660	3235	6530	0	1070
PF3D7_0508700	9538	14887	4722	4816	0	637
PF3D7_1401400	1884	22541	200	1684	0	61
PF3D7_1368500	4472	19953	1578	2894	0	401
PF3D7_0620600	4037	20388	151	3885	1	157
PF3D7_1142700	6001	18424	1193	4800	8	535
PF3D7_1121400	6698	17727	4239	2456	1	108
PF3D7_1302600	5831	18594	554	5276	1	245
PF3D7_0516400	3098	21327	911	2186	1	94
PF3D7_1328300	2053	22372	1518	525	0	27
PF3D7_0507400	716	23709	375	341	0	41
PF3D7_1231700	2484	21941	290	2194	0	7
PF3D7_0606100	4996	19429	2692	2173	1	157
PF3D7_1228700	8333	16092	3147	5184	2	384
PF3D7_0806800	6959	17466	3520	3438	1	170
PF3D7_0317800	7443	16982	6306	1137	0	90
PF3D7_1237300	2558	21867	1762	788	0	56
PF3D7_0826300	4197	20228	1069	3128	0	270
PF3D7_1036400	24228	197	24147	81	0	37
PF3D7_1309400	21110	3315	18755	2353	2	841
PF3D7_1425300	2291	22134	2121	108	0	16
PF3D7_0407500	1125	23300	336	787	0	49
PF3D7_1353500	1621	22804	209	1412	0	87
PF3D7_1109200	4380	20045	3554	653	0	45
PF3D7_1453700	4065	20360	3555	510	0	31
PF3D7_1115200	12950	11475	9982	2951	0	194
PF3D7_0403700	15562	8863	11903	3577	9	310
PF3D7_1112900	1116	23309	914	75	0	14
PF3D7_1426700	8297	16128	3188	5108	1	250
PF3D7_1007800	8074	16351	2540	5534	0	876
PF3D7_0217600	18223	6202	15184	3021	0	526
PF3D7_0917700	2578	21847	1211	1366	1	123
PF3D7_0525800	2720	21705	805	1915	0	46
PF3D7_1217700	15868	8557	8652	7216	0	278
PF3D7_1329800	20154	4271	15789	4365	0	489
PF3D7_0628800	12162	12263	9981	2180	1	160
PF3D7_1401500	1639	22786	441	1198	0	20
PF3D7_1358400	1556	22869	1476	73	0	9
PF3D7_0818200	2193	22232	1454	738	0	2
PF3D7_0417400	23297	1128	22093	1204	0	718
PF3D7_0518400	4028	20397	576	3451	1	44
PF3D7_1368200	6660	17765	4962	1698	0	53
PF3D7_1007900	6068	18357	1301	4767	0	149
PF3D7_1405400	6876	17549	3383	2934	1	306
PF3D7_0110500	22903	1522	21786	1117	0	376
PF3D7_1306900	2527	21898	390	2137	0	201
PF3D7_1108100	22139	2286	19761	2378	0	390
PF3D7_0808450	851	23574	433	416	0	17
PF3D7_0113300	20644	3781	18175	2469	0	730
PF3D7_1134400	3053	21372	2866	177	0	15
PF3D7_1421600	3845	20580	2119	1613	1	121
PF3D7_0731200	1254	23171	587	667	0	82
PF3D7_1427300	8804	15621	7580	1223	0	145
PF3D7_1113900	4963	19462	2350	2613	0	74
PF3D7_1242800	2634	21791	1806	827	0	38
PF3D7_1343100	2824	21601	360	2463	1	120
PF3D7_1323300	5092	19333	2208	2884	0	119
PF3D7_0620400	9273	15152	3425	5848	0	1065
PF3D7_1464900	7356	17069	4268	3088	0	111
PF3D7_0112800	5575	18850	1203	4372	0	50
PF3D7_0524500	872	23553	227	645	0	39
PF3D7_1445700	1351	23074	837	497	0	35
PF3D7_1436100	12587	11838	6096	6491	0	884
PF3D7_1462000	1425	23000	1049	376	0	41
PF3D7_1469900	3792	20633	273	2732	1	217
PF3D7_1005700	8010	16415	3639	4363	1	440
PF3D7_0703200	18938	5487	15822	3116	0	1816
PF3D7_1209300	19919	4506	18542	1377	0	548
PF3D7_1365300	7095	17330	1617	5478	0	505
PF3D7_1022300	1119	23306	964	147	0	15
PF3D7_1201700	1973	22452	98	1875	0	72
PF3D7_1312700	5247	19178	1419	3828	0	243
PF3D7_0803500	22399	2026	20622	1777	0	242
PF3D7_1316700	4401	20024	2936	1301	0	117
PF3D7_1035200	24399	26	24388	11	0	3
PF3D7_1434100	5687	18738	2069	3614	4	213
PF3D7_0822700	15700	8725	12070	3630	0	957
PF3D7_0705600	6249	18176	2409	3840	0	602
PF3D7_1432900	2088	22337	1420	668	0	36
PF3D7_1349200	8786	15639	4375	4406	5	361
PF3D7_0403800	5988	18437	1404	4573	11	424
PF3D7_0412200	6699	17726	456	6243	0	114
PF3D7_1344200	6718	17707	3273	3445	0	382
PF3D7_1244800	3999	20426	3873	77	0	11
PF3D7_1118800	1180	23245	805	287	0	21
PF3D7_0419900	23363	1062	22269	1092	2	762
PF3D7_1316100	9880	14545	4104	5776	0	978
PF3D7_0907100	18106	6319	5412	12675	19	831
PF3D7_1124900	1083	23342	937	144	0	9
PF3D7_1434300	3186	21239	2222	964	0	76
PF3D7_1403400	6847	17578	4428	1545	0	54
PF3D7_0927100	809	23616	42	766	1	52
PF3D7_1332200	10221	14204	6308	3849	0	346
PF3D7_1428100	5161	19264	805	4354	2	389
PF3D7_1138000	10763	13662	3920	6842	1	2197
PF3D7_0530100	851	23574	288	562	0	67
PF3D7_1306600	5196	19229	1187	3990	0	44
PF3D7_1205100	5249	19176	3408	1804	3	202
PF3D7_1122900	17388	7037	13937	3428	12	808
PF3D7_1244100	11242	13183	7491	3695	0	506
PF3D7_1451600	7159	17266	4572	2586	1	308
PF3D7_0607000	9691	14734	5719	3972	0	131
PF3D7_1447300	961	23464	844	115	0	12
PF3D7_1247900	3543	20882	862	2681	0	57
PF3D7_0625900	5835	18590	784	5049	2	221
PF3D7_0103000	1437	22988	1173	112	11	5
PF3D7_0723900	7418	17007	2463	4948	0	582
PF3D7_0926300	10180	14245	9213	484	3	43
PF3D7_0405000	2552	21873	1245	771	0	90
PF3D7_1201200	3021	21404	1052	1535	325	58
PF3D7_0526700	9912	14513	4570	5342	0	610
PF3D7_1007300	5453	18972	2543	2877	0	254
PF3D7_1455200	1276	23149	1179	80	0	4
PF3D7_0409500	3200	21225	1393	1806	0	25
PF3D7_1123500	12166	12259	7858	4308	0	331
PF3D7_1452100	5731	18694	5334	396	1	79
PF3D7_0930300	22492	1933	21678	814	0	1276
PF3D7_0933900	2566	21859	1327	1236	0	100
PF3D7_1457600	5271	19154	318	4952	0	379
PF3D7_0623700	9380	15045	4319	5061	0	618
PF3D7_1451400	11615	12810	6149	5466	0	921
PF3D7_1144800	17597	6828	16142	1437	18	343
PF3D7_0530750	648	23777	551	95	0	14
PF3D7_1468400	7824	16601	3131	4693	0	719
PF3D7_1430400	13657	10768	9283	4374	0	341
PF3D7_0909800	2272	22153	2107	155	0	4
PF3D7_1423000	2650	21775	1079	1571	0	128
PF3D7_1225400	1616	22809	404	1212	0	106
PF3D7_1477400	2933	21492	896	2037	0	101
PF3D7_0603500	2256	22169	1502	754	0	45
PF3D7_1348300	9116	15309	4596	4408	37	459
PF3D7_1356900	3205	21220	2977	206	0	9
PF3D7_0705300	6416	18009	2768	3647	1	243
PF3D7_1138800	13918	10507	9296	4304	4	660
PF3D7_1437900	3848	20577	2351	1494	3	44
PF3D7_1414500	19954	4471	16640	3266	1	547
PF3D7_1235400	15813	8612	13452	2359	2	403
PF3D7_1351000	9372	15053	3584	5787	0	1341
PF3D7_1356300	1925	22500	1748	168	0	5
PF3D7_1218100	2690	21735	1064	1620	0	88
PF3D7_1356000	7610	16815	890	6701	19	1197
PF3D7_1013800	3299	21126	1177	2071	0	166
PF3D7_0319500	3834	20591	3410	325	1	40
PF3D7_0519600	16698	7727	13610	3084	4	337
PF3D7_1411300	6316	18109	1699	4617	0	367
PF3D7_0919900	22601	1824	21201	1400	0	705
PF3D7_0607400	1442	22983	1071	154	0	2
PF3D7_0722100	2479	21946	1373	1105	1	120
PF3D7_1446600	1195	23230	665	530	0	3
PF3D7_0813100	4486	19939	1483	3003	0	285
PF3D7_1410200	6551	17874	3476	3075	0	240
PF3D7_0323100	7936	16489	1447	6488	1	947
PF3D7_0906600	4924	19501	1362	3560	2	354
PF3D7_0708500	12665	11760	5289	7376	0	466
PF3D7_1310600	975	23450	913	40	1	8
PF3D7_1037900	1715	22710	903	788	0	20
PF3D7_1437500	3046	21379	218	2828	0	108
PF3D7_0402000	10632	13793	5111	5521	0	502
PF3D7_1146500	4055	20370	779	3276	0	129
PF3D7_1109900	2231	22194	1112	1119	0	27
PF3D7_0906500	5830	18595	447	5383	0	202
PF3D7_1470950	736	23689	202	477	57	48
PF3D7_1216100	1776	22649	557	1218	1	85
PF3D7_1338400	4351	20074	4074	117	0	17
PF3D7_1331700	8170	16255	6373	1794	3	224
PF3D7_1345300	484	23941	327	156	0	22
PF3D7_1127000	4996	19429	3119	956	0	19
PF3D7_1202800	2064	22361	1598	461	0	35
PF3D7_1023400	982	23443	793	89	0	9
PF3D7_0521200	2458	21967	286	2172	0	106
PF3D7_0110800	2235	22190	1350	881	0	23
PF3D7_0414600	6370	18055	990	5380	0	30
PF3D7_1004800	6453	17972	825	3525	0	43
PF3D7_0409200	4749	19676	3247	1501	1	104
PF3D7_1354600	2909	21516	1427	1473	0	50
PF3D7_1444700	943	23482	635	307	0	54
PF3D7_1238200	3519	20906	780	2739	0	129
PF3D7_0508800	5704	18721	291	5413	0	67
PF3D7_0720100	2783	21642	626	2157	0	123
PF3D7_0209400	4474	19951	3990	257	0	22
PF3D7_0624200	1359	23066	999	296	0	50
PF3D7_0803100	23666	759	23090	576	0	236
PF3D7_1145300	745	23680	647	97	0	9
PF3D7_0624300	909	23516	621	243	0	19
PF3D7_1448800	1561	22864	450	1012	0	42
PF3D7_0909100	7183	17242	836	6346	1	793
PF3D7_0705000	9701	14724	5270	4414	0	279
PF3D7_1005100	8586	15839	2152	6421	13	818
PF3D7_0408300	4107	20318	2896	1205	1	122
PF3D7_1431500	15033	9392	11727	3300	6	245
PF3D7_1406700	640	23785	179	459	2	39
PF3D7_1302100	2744	21681	1674	1070	0	36
PF3D7_0110400	1459	22966	758	701	0	53
PF3D7_1122100	3077	21348	2502	571	0	91
PF3D7_0705100	18382	6043	13969	4413	0	727
PF3D7_0416500	1071	23354	412	659	0	56
PF3D7_0406000	3927	20498	1102	2825	0	223
PF3D7_1215300	1357	23068	758	599	0	5
PF3D7_0422400	1582	22843	1365	216	1	16
PF3D7_1320500	659	23766	245	397	0	24
PF3D7_1365400	4709	19716	1200	3508	1	274
PF3D7_0921700	6645	17780	2686	3947	0	160
PF3D7_1233600	22609	1816	20229	2380	0	1100
PF3D7_1003400	12625	11800	6223	6401	1	1520
PF3D7_1348700	7251	17174	6795	291	0	48
PF3D7_0211500	10761	13664	6513	4248	0	370
PF3D7_1025300	6482	17943	3083	3399	0	276
PF3D7_0804800	857	23568	343	514	0	40
PF3D7_0603300	6392	18033	5194	1198	0	139
PF3D7_0208100	12471	11954	7847	3436	0	488
PF3D7_1022600	7133	17292	4231	2902	0	226
PF3D7_1135300	3911	20514	644	3267	0	111
PF3D7_1407600	12921	11504	8101	4818	2	1781
PF3D7_1121600	5262	19163	300	4961	0	61
PF3D7_0503300	2186	22239	397	1789	0	62
PF3D7_0616700	4434	19991	1083	3350	1	214
PF3D7_1032000	6614	17811	3408	2898	308	304
PF3D7_1113100	625	23800	104	521	0	24
PF3D7_1310700	742	23683	79	663	0	24
PF3D7_1232000	5343	19082	2982	2361	0	149
PF3D7_0202600	17337	7088	15322	2015	0	734
PF3D7_1308300	489	23936	393	96	0	5
PF3D7_0525200	22211	2214	20758	1453	0	455
PF3D7_0724600	10790	13635	4543	6148	99	1002
PF3D7_1231600	9074	15351	5238	3783	53	300
PF3D7_1244700	2587	21838	717	1870	0	64
PF3D7_0322600	7477	16948	2079	3096	0	347
PF3D7_1345900	1324	23101	1174	133	0	15
PF3D7_0818100	3710	20715	1696	2014	0	195
PF3D7_1415700	2246	22179	1031	1214	1	67
PF3D7_0422200	21293	3132	10867	10421	5	1872
PF3D7_0322900	3034	21391	2331	702	1	10
PF3D7_1133900	10921	13504	6435	4486	0	649
PF3D7_0806300	13005	11420	8304	4701	0	258
PF3D7_0817300	17276	7149	13760	3515	1	784
PF3D7_0202100	5879	18546	981	4898	0	145
PF3D7_1146800	15087	9338	8840	6235	0	1758
PF3D7_1419400	13590	10835	6697	6892	0	1093
PF3D7_1120400	13103	11322	9744	3355	0	135
PF3D7_1213600	247	24178	122	125	0	1
PF3D7_0916700	2802	21623	974	1827	1	71
PF3D7_0906910	2364	22061	116	2247	1	72
PF3D7_1430000	2429	21996	558	1764	0	50
PF3D7_1462600	1917	22508	717	1157	0	100
PF3D7_1033000	8047	16378	2356	5691	0	260
PF3D7_1135700	452	23973	330	101	21	11
PF3D7_0704500	14665	9760	9469	5193	3	1161
PF3D7_1018800	4963	19462	1475	3488	0	332
PF3D7_0927200	11844	12581	6106	5711	0	829
PF3D7_1431900	5572	18853	2046	3510	1	233
PF3D7_0524100	12568	11857	2723	9845	0	1096
PF3D7_1474700	4389	20036	833	3552	0	486
PF3D7_1239900	9860	14565	4298	5562	0	213
PF3D7_0621000	5170	19255	1876	3294	0	291
PF3D7_0715100	4487	19938	4359	128	0	25
PF3D7_1239500	8150	16275	3933	4216	1	420
PF3D7_0405100	9769	14656	5881	3745	1	388
PF3D7_1220000	4446	19979	1355	3091	0	95
PF3D7_1242700	1846	22579	1576	270	0	9
PF3D7_1458000	6707	17718	1275	5432	0	502
PF3D7_0715700	1413	23012	1090	323	0	14
PF3D7_0622300	8287	16138	4158	4126	2	189
PF3D7_0207300	10589	13836	5518	4813	0	221
PF3D7_1369400	10699	13726	3902	6794	3	3023
PF3D7_1363100	8382	16043	4102	4279	1	524
PF3D7_1473100	3196	21229	1261	1857	1	177
PF3D7_1341800	4828	19597	903	3925	0	264
PF3D7_1436300	10480	13945	4482	5997	1	731
PF3D7_1106600	8027	16398	4032	3995	0	609
PF3D7_0906890	1763	22662	1109	645	9	71
PF3D7_0604600	7089	17336	3076	3798	1	432
PF3D7_1435600	11405	13020	5538	5867	0	1081
PF3D7_0414200	5188	19237	1126	4022	0	11
PF3D7_1205600	1919	22506	1425	367	0	28
PF3D7_1438600	3330	21095	585	2745	0	58
PF3D7_1427700	2360	22065	1024	1336	0	9
PF3D7_0911000	2106	22319	1767	185	0	7
PF3D7_1436500	6831	17594	3148	3683	0	186
PF3D7_1348600	2084	22341	1356	726	0	68
PF3D7_1328200	11469	12956	6429	5008	0	1178
PF3D7_1304700	1606	22819	1183	363	0	39
PF3D7_0318800	2078	22347	842	1234	0	73
PF3D7_1463600	769	23656	515	253	1	27
PF3D7_0714200	10585	13840	5306	5274	5	663
PF3D7_1334500	11707	12718	6582	5125	0	723
PF3D7_1450400	9072	15353	2178	6837	0	1009
PF3D7_0827100	10259	14166	3692	6563	4	1200
PF3D7_1359300	5911	18514	2154	3757	0	504
PF3D7_1133800	5191	19234	2350	2824	0	206
PF3D7_0617900	504	23921	243	261	0	2
PF3D7_0808200	9984	14441	5261	4723	0	103
PF3D7_1241800	11250	13175	7782	3468	0	473
PF3D7_1442700	13600	10825	7983	5615	2	2134
PF3D7_0815400	1200	23225	435	759	0	25
PF3D7_1205000	9939	14486	4340	5577	0	331
PF3D7_0309800	898	23527	770	88	0	12
PF3D7_1137500	637	23788	274	363	0	30
PF3D7_1303800	24087	338	23159	928	0	253
PF3D7_1429800	14412	10013	8956	5456	0	219
PF3D7_1370300	4153	20272	2928	487	0	16
PF3D7_0829000	19937	4488	15254	4656	0	732
PF3D7_1469300	4131	20294	1221	2910	0	78
PF3D7_1441300	9849	14576	3252	6544	1	1684
PF3D7_0507000	2770	21655	2465	303	2	10
PF3D7_1319300	10464	13961	6735	3729	0	311
PF3D7_1346600	1552	22873	738	814	0	97
PF3D7_1438800	4079	20346	2835	1210	0	129
PF3D7_1026400	6772	17653	2665	4107	0	237
PF3D7_1360000	1733	22692	1240	493	0	30
PF3D7_0505300	6823	17602	3841	2979	3	190
PF3D7_1350000	3180	21245	2691	366	0	25
PF3D7_1031200	2949	21476	147	2802	0	62
PF3D7_0816300	8258	16167	3482	4757	2	394
PF3D7_1331600	1203	23222	1022	178	0	15
PF3D7_1131700	1207	23218	1139	62	0	14
PF3D7_0903500	10763	13662	4354	6409	0	1081
PF3D7_1104400	5835	18590	3982	1851	0	51
PF3D7_0526800	3307	21118	904	2403	0	169
PF3D7_0827400	1616	22809	563	1053	0	80
PF3D7_1133100	15916	8509	13807	2109	0	290
PF3D7_1033800	2259	22166	1593	527	1	80
PF3D7_1126100	18144	6281	14630	3514	0	1783
PF3D7_0823900	2206	22219	1293	913	0	61
PF3D7_1345200	3228	21197	415	2812	1	288
PF3D7_0620300	4314	20111	688	3614	12	407
PF3D7_1368400	1839	22586	1652	124	0	6
PF3D7_1426600	8997	15428	2540	6457	0	1055
PF3D7_1327500	6626	17799	1804	4749	2	101
PF3D7_0904400	846	23579	143	703	0	38
PF3D7_1351100	1372	23053	1079	288	1	15
PF3D7_0707500	8681	15744	2647	6034	0	1196
PF3D7_0425100	8521	15904	2446	6073	2	165
PF3D7_1002200	9013	15412	2805	6190	14	347
PF3D7_0816500	1316	23109	799	517	0	17
PF3D7_1341700	670	23755	498	160	0	20
PF3D7_0419100	1373	23052	543	828	1	68
PF3D7_1208700	2370	22055	445	1924	0	171
PF3D7_1463200	2623	21802	2100	522	0	40
PF3D7_0923200	6606	17819	5301	1305	0	213
PF3D7_0420200	7926	16499	981	6945	0	478
PF3D7_0219800	4023	20402	700	3322	0	118
PF3D7_0111300	9781	14644	3786	5995	0	540
PF3D7_1428800	1971	22454	1075	893	1	89
PF3D7_1356500	816	23609	499	305	0	27
PF3D7_1207800	12227	12198	8271	3952	4	877
PF3D7_1119300	2257	22168	734	1522	1	64
PF3D7_1104000	5524	18901	3885	1633	5	214
PF3D7_1351400	1839	22586	1621	216	0	17
PF3D7_1317500	419	24006	178	241	0	14
PF3D7_1346200	1600	22825	1330	270	0	35
PF3D7_0820700	8279	16146	4429	3848	2	170
PF3D7_1313800	15520	8905	11138	4382	0	1651
PF3D7_0817600	9761	14664	5315	4445	1	591
PF3D7_1250400	7930	16495	1838	6092	0	736
PF3D7_0731100	8007	16418	5245	2761	1	260
PF3D7_0935000	1635	22790	1017	617	1	48
PF3D7_1244600	2617	21808	113	2504	0	56
PF3D7_1437400	8039	16386	3590	4449	0	488
PF3D7_1318900	7165	17260	1419	5745	1	484
PF3D7_1317700	2055	22370	149	1906	0	65
PF3D7_0512800	22477	1948	21918	559	0	256
PF3D7_1033200	6617	17808	1476	5140	1	249
PF3D7_1142100	13914	10511	7778	6135	1	2011
PF3D7_1231900	7023	17402	2168	4852	3	510
PF3D7_1236700	3308	21117	791	2516	1	226
PF3D7_1356200	1049	23376	68	981	0	15
PF3D7_1404500	6169	18256	3907	2262	0	185
PF3D7_1029800	3291	21134	1495	1796	0	108
PF3D7_0902800	7986	16439	4932	3033	1	307
PF3D7_1249400	768	23657	355	413	0	47
PF3D7_1133200	18578	5847	16214	2363	0	725
PF3D7_0807400	1559	22866	1362	195	0	17
PF3D7_1407100	10599	13826	7598	3001	0	64
PF3D7_0311400	16626	7799	10572	6052	1	1358
PF3D7_1141000	13680	10745	6871	6808	1	465
PF3D7_1027600	5422	19003	4865	474	0	51
PF3D7_0625200	4288	20137	769	3518	1	208
PF3D7_1436200	13053	11372	7429	5624	0	1558
PF3D7_1023500	601	23824	176	425	0	14
PF3D7_1402200	1336	23089	442	894	0	65
PF3D7_0932400	2026	22399	778	1231	6	67
PF3D7_0822500	536	23889	450	65	2	9
PF3D7_0608300	13744	10681	6987	6757	0	1478
PF3D7_1322900	3620	20805	3545	28	0	7
PF3D7_0418800	2355	22070	2178	168	1	9
PF3D7_0723500	1588	22837	131	1456	1	53
PF3D7_1453900	10115	14310	4915	5196	4	919
PF3D7_1217000	517	23908	142	375	0	51
PF3D7_1018500	2438	21987	2361	77	0	3
PF3D7_0420500	1399	23026	1290	67	0	16
PF3D7_1117200	14118	10307	9985	4130	3	1047
PF3D7_1455800	9582	14843	6156	3422	0	362
PF3D7_0205800	542	23883	438	102	0	5
PF3D7_1008700	3797	20628	987	2807	1	4
PF3D7_1474100	293	24132	141	152	0	8
PF3D7_1347700	6411	18014	1279	5127	5	159
PF3D7_1466100	7931	16494	4574	3356	1	172
PF3D7_0804300	22441	1984	20744	1696	1	250
PF3D7_1108700	3468	20957	1692	1776	0	120
PF3D7_1410100	2339	22086	1676	577	0	41
PF3D7_0824200	8770	15655	3634	5134	0	478
PF3D7_0215700	8747	15678	6191	2556	0	109
PF3D7_0602900	3080	21345	394	1013	0	102
PF3D7_1236300	2506	21919	921	1584	1	164
PF3D7_1353100	6158	18267	1296	4858	1	106
PF3D7_1230400	985	23440	792	188	0	6
PF3D7_1002500	667	23758	400	264	0	19
PF3D7_1333700	912	23513	368	544	0	41
PF3D7_0515900	915	23510	288	627	0	31
PF3D7_0706700	5892	18533	2800	3092	0	299
PF3D7_1447400	1497	22928	1307	175	0	13
PF3D7_0604900	367	24058	237	128	2	18
PF3D7_1404400	1013	23412	508	505	0	67
PF3D7_0527300	1323	23102	643	564	0	34
PF3D7_1316000	1945	22480	1849	51	0	8
PF3D7_1023800	9392	15033	4743	4647	2	464
PF3D7_1307700	6823	17602	1158	5664	1	995
PF3D7_1133700	8671	15754	4085	4556	0	272
PF3D7_0512100	1747	22678	805	942	0	28
PF3D7_1136300	7918	16507	2248	5670	0	511
PF3D7_1104300	11745	12680	6648	5085	12	845
PF3D7_0934800	3146	21279	3084	57	0	9
PF3D7_0904000	2264	22161	889	1374	1	136
PF3D7_0730100	6710	17715	1750	4960	0	483
PF3D7_1118500	9223	15202	5394	3826	3	209
PF3D7_1038800	8008	16417	3704	4302	2	393
PF3D7_1015600	4431	19994	3981	448	0	17
PF3D7_0903600	6441	17984	2093	4101	0	30
PF3D7_1311600	4199	20226	507	3691	1	368
PF3D7_1464100	10989	13436	5271	5718	0	592
PF3D7_1428600	1426	22999	648	712	0	30
PF3D7_0526400	4613	19812	1612	3001	0	93
PF3D7_0822000	6663	17762	5178	1484	0	138
PF3D7_1217400	9166	15259	5125	4041	0	457
PF3D7_0208500	1186	23239	442	739	0	41
PF3D7_0902200	4094	20331	1492	2602	0	183
PF3D7_1468300	1371	23054	513	857	0	86
PF3D7_1232300	605	23820	416	173	1	12
PF3D7_1434900	3211	21214	2415	738	0	90
PF3D7_1472300	4694	19731	1339	3336	0	91
PF3D7_1248300	882	23543	420	462	0	28
PF3D7_0529100	1680	22745	1150	528	0	45
PF3D7_0402300	14781	9644	8681	6099	1	4614
PF3D7_0820600	879	23546	304	487	0	62
PF3D7_0604700	3032	21393	2516	390	0	9
PF3D7_1105800	4521	19904	714	3779	0	7
PF3D7_0917300	3333	21092	1228	2105	0	47
PF3D7_1337400	7028	17397	4265	2747	0	225
PF3D7_0323800	4224	20201	1353	2864	7	233
PF3D7_0908200	13239	11186	7443	5795	0	859
PF3D7_0501400	24251	174	23942	309	0	28
PF3D7_1028200	3093	21332	856	2237	0	56
PF3D7_1474800	1081	23344	601	475	0	28
PF3D7_0613300	8564	15861	2741	5819	1	841
PF3D7_0313100	4660	19765	2746	1902	0	139
PF3D7_0420000	21598	2827	19598	2000	0	1229
PF3D7_1148800	8434	15991	4640	3793	0	141
PF3D7_0206900	3688	20737	426	3259	0	43
PF3D7_0905400	6227	18198	3160	3015	2	63
PF3D7_0207800	11956	12469	10430	1368	0	185
PF3D7_0520000	1839	22586	1482	355	0	5
PF3D7_1234100	22018	2407	20402	1616	0	1206
PF3D7_1004500	875	23550	101	774	0	33
PF3D7_1447100	1156	23269	829	301	1	28
PF3D7_1120700	11319	13106	6387	4931	1	552
PF3D7_1132500	11307	13118	4926	6380	1	1071
PF3D7_0514100	16647	7778	13450	3197	0	535
PF3D7_1239700	7080	17345	4351	2729	0	217
PF3D7_0612100	11390	13035	8357	3032	1	145
PF3D7_0702500	4354	20071	636	3705	12	102
PF3D7_1472900	1942	22483	529	1413	0	40
PF3D7_1120500	5773	18652	4220	1553	0	230
PF3D7_0319600	1681	22744	977	633	0	27
PF3D7_1441200	1882	22543	1630	252	0	10
PF3D7_1106300	9249	15176	6177	3056	8	159
PF3D7_1248900	3328	21097	2215	1112	1	41
PF3D7_1450000	1655	22770	1378	243	0	5
PF3D7_0216500	9877	14548	3507	6368	2	1041
PF3D7_1467000	7081	17344	1087	5994	0	564
PF3D7_0504700	24409	16	24406	3	0	0
PF3D7_0618900	2743	21682	725	1888	0	195
PF3D7_1470200	2121	22304	660	1460	0	40
PF3D7_1007100	789	23636	659	130	0	17
PF3D7_1324100	2184	22241	1467	717	0	68
PF3D7_0205300	4320	20105	1498	2543	0	266
PF3D7_1432000	6043	18382	3603	2440	0	143
PF3D7_0218400	3625	20800	1425	2198	2	176
PF3D7_1113500	8933	15492	4747	4186	0	368
PF3D7_0521100	9498	14927	8016	814	1	85
PF3D7_1102400	7807	16618	1345	6461	1	409
PF3D7_1433700	9419	15006	3939	5477	2	1199
PF3D7_0715500	1445	22980	1346	86	0	7
PF3D7_0302100	11720	12705	6550	5170	0	514
PF3D7_0220600	1743	22682	1112	610	0	44
PF3D7_0817800	505	23920	365	140	0	12
PF3D7_1338300	4088	20337	1543	2544	1	203
PF3D7_1417000	3434	20991	780	2654	0	232
PF3D7_1464200	6775	17650	607	6168	0	141
PF3D7_1462700	2276	22149	1657	618	1	49
PF3D7_0812200	2169	22256	1849	165	0	8
PF3D7_0625000	1265	23160	817	433	0	28
PF3D7_1307500	500	23925	38	441	21	34
PF3D7_1461900	8014	16411	4553	3461	0	469
PF3D7_0411400	15044	9381	9305	5738	1	698
PF3D7_0928800	10868	13557	6381	4487	0	415
PF3D7_0322300	6542	17883	1123	5419	0	182
PF3D7_1438100	2314	22111	1594	719	0	36
PF3D7_1342600	8905	15520	5776	3128	1	85
PF3D7_0612700	3480	20945	1060	2417	3	149
PF3D7_0815200	5246	19179	4335	911	0	40
PF3D7_0926400	3899	20526	1770	2127	0	155
PF3D7_1304600	9873	14552	4471	5402	0	1042
PF3D7_0610700	1722	22703	1673	49	0	7
PF3D7_1335100	7403	17022	809	6594	0	389
PF3D7_0919400	2059	22366	1205	842	0	95
PF3D7_1450900	4463	19962	2992	1469	1	151
PF3D7_1433100	7121	17304	2539	4574	0	412
PF3D7_1205500	10462	13963	3616	6835	11	871
PF3D7_1330100	796	23629	117	679	0	50
PF3D7_1225800	7282	17143	4673	2609	0	204
PF3D7_0213400	2690	21735	1952	671	0	38
PF3D7_0921000	1627	22798	1540	87	0	1
PF3D7_0918900	22554	1871	21642	912	0	134
PF3D7_1127900	4159	20266	1131	3027	1	133
PF3D7_1433900	12070	12355	3374	8689	7	1517
PF3D7_1406000	1052	23373	874	178	0	15
PF3D7_0709100	17566	6859	9212	8354	0	860
PF3D7_0524000	8829	15596	5831	2998	0	49
PF3D7_0926900	1079	23346	560	512	0	24
PF3D7_0627100	9480	14945	5768	3712	0	427
PF3D7_1307400	1915	22510	255	1516	0	73
PF3D7_1241200	19577	4848	15468	4109	0	501
PF3D7_0415700	7877	16548	2712	5165	0	109
PF3D7_0415100	2745	21680	523	2221	1	85
PF3D7_1038300	1748	22677	1168	210	0	20
PF3D7_0720400	7971	16454	2585	5312	0	123
PF3D7_1339000	1146	23279	557	571	0	68
PF3D7_0826900	7975	16450	2688	5284	3	614
PF3D7_1473900	10365	14060	5949	4416	0	856
PF3D7_1239200	10532	13893	3822	6710	0	1797
PF3D7_1001200	3484	20941	1725	1759	0	17
PF3D7_0613600	17484	6941	15239	2243	2	313
PF3D7_0205700	2025	22400	1968	45	0	7
PF3D7_1015300	4647	19778	3002	1645	0	170
PF3D7_0924900	1195	23230	708	119	0	13
PF3D7_1437200	4109	20316	2921	1186	0	49
PF3D7_0407000	3765	20660	402	3362	1	222
PF3D7_1475000	1633	22792	309	1324	0	25
PF3D7_0202400	16511	7914	9582	5109	1820	431
PF3D7_0304700	11008	13417	2280	7530	1198	366
PF3D7_0922400	6890	17535	4582	2307	0	212
PF3D7_1106800	17981	6444	13962	4018	0	1136
PF3D7_0628400	2853	21572	2740	55	0	12
PF3D7_0807700	8223	16202	2926	3588	2	125
PF3D7_1457300	5628	18797	1180	4448	0	241
PF3D7_0310600	1594	22831	340	1254	0	52
PF3D7_1475800	9579	14846	2990	6462	1	1393
PF3D7_0624000	4435	19990	3588	847	0	16
PF3D7_0612400	769	23656	370	399	0	52
PF3D7_1475500	9755	14670	7261	2494	0	307
PF3D7_1303100	6360	18065	555	5799	0	161
PF3D7_0204500	7276	17149	2705	4571	0	139
PF3D7_0933600	3662	20763	2868	794	0	60
PF3D7_1228200	3635	20790	726	2909	0	354
PF3D7_0929800	2187	22238	2060	127	0	15
PF3D7_1246500	5974	18451	1142	4831	1	231
PF3D7_0211100	6716	17709	2936	3780	0	457
PF3D7_1130600	13135	11290	6728	6404	0	423
PF3D7_0512000	2473	21952	2389	83	0	3
PF3D7_0309100	1206	23219	863	268	0	7
PF3D7_0904900	14864	9561	10150	4708	6	1836
PF3D7_1009000	1212	23213	470	741	1	99
PF3D7_1326000	2296	22129	1471	824	1	21
PF3D7_1347800	2372	22053	2189	148	0	21
PF3D7_1473300	5888	18537	3173	2561	1	288
PF3D7_0202300	1975	22450	1301	668	0	79
PF3D7_0102800	4018	20407	787	3231	0	253
PF3D7_1028500	13781	10644	7780	5995	6	569
PF3D7_0617100	4978	19447	2661	2226	0	128
PF3D7_1209500	6460	17965	2078	4367	0	361
PF3D7_0605700	4809	19616	1780	3028	1	145
PF3D7_0825000	8689	15736	2813	5875	1	1370
PF3D7_1339500	1209	23216	1152	56	1	6
PF3D7_1334200	5547	18878	1241	4306	0	141
PF3D7_0908600	4116	20309	1450	2666	0	293
PF3D7_0625400	4614	19811	121	4493	0	165
PF3D7_1433000	582	23843	478	104	0	10
PF3D7_0822200	9550	14875	4028	5508	0	1208
PF3D7_0908800	3506	20919	1006	2500	0	235
PF3D7_0210700	3219	21206	247	2972	0	74
PF3D7_0722200	9899	14526	6295	3604	0	302
PF3D7_1330600	3442	20983	1697	1745	0	97
PF3D7_0207000	6979	17446	979	4472	0	69
PF3D7_0305900	2905	21520	1193	1711	1	88
PF3D7_1341500	6657	17768	3691	2966	0	291
PF3D7_0616100	465	23960	188	274	0	29
PF3D7_0620100	276	24149	65	210	0	16
PF3D7_0805800	3570	20855	105	3447	18	181
PF3D7_1411900	2921	21504	246	2675	0	105
PF3D7_0614900	5368	19057	665	4632	0	273
PF3D7_1406100	10455	13970	4318	6137	0	1163
PF3D7_0620700	4780	19645	357	4423	0	170
PF3D7_1210200	9126	15299	2813	6313	0	1137
PF3D7_0609400	2554	21871	1266	1288	0	142
PF3D7_1010500	1640	22785	1504	132	0	8
PF3D7_0721600	1205	23220	282	923	0	11
PF3D7_1202200	3421	21004	378	3043	0	80
PF3D7_0910200	23362	1063	20775	1897	690	776
PF3D7_1242900	410	24015	301	102	1	15
PF3D7_0210000	960	23465	249	711	0	3
PF3D7_0913100	7162	17263	2593	4569	0	597
PF3D7_1033300	1740	22685	1313	426	1	13
PF3D7_1237200	23703	722	23222	481	0	192
PF3D7_1465600	4165	20260	2397	219	0	18
PF3D7_0824600	821	23604	517	292	0	32
PF3D7_1324200	5759	18666	3435	2319	0	152
PF3D7_0912000	10271	14154	3069	7201	1	1823
PF3D7_0714500	6335	18090	2671	3664	0	123
PF3D7_0507800	23156	1269	22341	815	0	515
PF3D7_0626500	6377	18048	1990	4382	5	421
PF3D7_0624100	2632	21793	1785	847	0	74
PF3D7_0814100	2187	22238	1957	229	0	4
PF3D7_1005900	3930	20495	2540	1390	0	209
PF3D7_0113200	9617	14808	2877	6739	1	1800
PF3D7_0510800	4930	19495	4631	197	0	30
PF3D7_0220000	24329	96	24228	101	0	42
PF3D7_0823300	11799	12626	7713	4079	0	524
PF3D7_1413000	4337	20088	1189	3147	1	263
PF3D7_1027300	4624	19801	1254	3367	0	191
PF3D7_0525700	695	23730	302	393	0	31
PF3D7_0609900	15960	8465	12831	3129	0	476
PF3D7_0517600	2824	21601	1067	1756	1	77
PF3D7_1112400	2002	22423	613	1389	0	37
PF3D7_1332600	7675	16750	3283	4392	0	267
PF3D7_1031400	10016	14409	5577	4435	0	431
PF3D7_1357600	3836	20589	3731	105	0	20
PF3D7_1320700	15651	8774	5872	5433	4346	1158
PF3D7_0925600	834	23591	321	513	0	10
PF3D7_1350800	1603	22822	440	1163	0	117
PF3D7_1148700	9101	15324	5227	3832	42	255
PF3D7_0921100	2551	21874	1931	609	0	48
PF3D7_1437800	926	23499	449	477	0	39
PF3D7_1114500	2421	22004	521	1895	5	222
PF3D7_0936100	1910	22515	277	1632	1	107
PF3D7_1462400	14312	10113	8983	5327	2	2764
PF3D7_0531100	11660	12765	4728	6920	12	2694
PF3D7_0322000	1330	23095	461	869	0	17
PF3D7_1420000	9485	14940	5282	4199	3	216
PF3D7_0605800	20522	3903	14736	5786	0	705
PF3D7_0518700	10181	14244	5408	3380	1	318
PF3D7_0831500	1849	22576	443	1396	7	114
PF3D7_1036900	8398	16027	2812	5586	0	598
PF3D7_0320300	5745	18680	5079	666	0	42
PF3D7_1218900	9306	15119	3779	5527	0	748
PF3D7_0218000	1573	22852	874	699	0	45
PF3D7_0309600	1162	23263	144	1018	0	20
PF3D7_1320600	1612	22813	1433	176	0	6
PF3D7_1132000	9900	14525	5575	4325	0	392
PF3D7_1034600	8906	15519	4572	4334	0	131
PF3D7_1129000	2291	22134	616	1612	0	37
PF3D7_0904500	762	23663	462	300	0	11
PF3D7_1205300	3741	20684	1624	2117	0	181
PF3D7_0711000	9631	14794	2733	6898	0	345
PF3D7_0917000	9599	14826	3721	5877	1	909
PF3D7_1337900	2860	21565	121	2739	0	146
PF3D7_1026600	19605	4820	17152	2451	2	660
PF3D7_1008000	19006	5419	14620	4386	0	1111
PF3D7_1310800	22099	2326	20357	1735	0	463
PF3D7_0312800	1514	22911	1291	222	1	7
PF3D7_0703300	766	23659	292	474	0	64
PF3D7_1145100	6504	17921	3124	3380	0	334
PF3D7_0824800	13552	10873	7522	5377	653	487
PF3D7_1122400	3618	20807	2147	1451	1	190
PF3D7_0821000	2409	22016	1458	949	0	29
PF3D7_1456000	13937	10488	9273	4664	0	593
PF3D7_0314600	5168	19257	1082	4074	12	113
PF3D7_1367300	4409	20016	3254	1111	0	36
PF3D7_1305500	4958	19467	2412	2545	1	397
PF3D7_1209800	624	23801	184	440	0	60
PF3D7_1313100	10662	13763	3344	7316	2	2164
PF3D7_1149100	8129	16296	6738	1390	1	56
PF3D7_1236400	5343	19082	2107	3232	0	150
PF3D7_1112700	15964	8461	12540	3418	0	519
PF3D7_1142600	599	23826	392	201	0	15
PF3D7_1444100	22214	2211	20175	2025	9	973
PF3D7_1137100	5419	19006	1552	3867	0	200
PF3D7_1018100	5263	19162	2552	2711	0	177
PF3D7_0203700	18439	5986	16702	1737	0	191
PF3D7_0514600	5473	18952	5090	362	0	11
PF3D7_1215500	1573	22852	1531	42	0	3
PF3D7_0313700	3159	21266	2958	9	0	3
PF3D7_1439500	11502	12923	5470	6032	0	836
PF3D7_0626800	2941	21484	2514	417	0	17
PF3D7_0707900	1882	22543	774	1108	0	51
PF3D7_1221400	8157	16268	2985	5171	1	228
PF3D7_1453400	7881	16544	3567	4313	1	909
PF3D7_1136600	10701	13724	5417	5284	0	1102
PF3D7_0529700	19911	4514	19017	894	0	154
PF3D7_1103900	1820	22605	1264	556	0	37
PF3D7_1249600	11589	12836	7138	4447	2	414
PF3D7_0708200	8934	15491	2738	6187	0	477
PF3D7_0305300	4713	19712	1536	3069	19	383
PF3D7_0313200	1016	23409	446	569	1	64
PF3D7_0409800	6494	17931	2077	4417	0	254
PF3D7_0520400	3924	20501	324	3600	0	70
PF3D7_0417700	3628	20797	2144	1477	0	94
PF3D7_1252600	4896	19529	692	4204	0	57
PF3D7_1321300	15791	8634	11268	4514	9	1783
PF3D7_0806700	24237	188	23951	286	0	115
PF3D7_1123400	2761	21664	1586	1158	0	69
PF3D7_1213800	7038	17387	4652	2385	1	174
PF3D7_0317300	23862	563	23423	439	0	406
PF3D7_0934700	8660	15765	1475	7184	1	178
PF3D7_1001400	8067	16358	3050	5017	0	350
PF3D7_0507500	9172	15253	4579	4592	1	251
PF3D7_1208300	1160	23265	803	357	0	53
PF3D7_0512200	8296	16129	2577	5718	1	426
PF3D7_1209100	4892	19533	529	4363	0	672
PF3D7_1013200	11189	13236	5276	5913	0	720
PF3D7_0714300	6995	17430	2390	4586	0	423
PF3D7_0413900	9280	15145	5066	4212	0	132
PF3D7_0411000	13613	10812	7217	6396	0	858
PF3D7_0605400	4237	20188	3946	291	0	49
PF3D7_1129700	723	23702	163	560	0	39
PF3D7_1124800	1782	22643	1415	363	0	40
PF3D7_1323900	4098	20327	1992	1926	180	135
PF3D7_0406100	5726	18699	2496	3230	0	18
PF3D7_0219100	3542	20883	1458	2083	1	184
PF3D7_1014100	10108	14317	4651	5457	0	695
PF3D7_1363800	5889	18536	4417	937	0	122
PF3D7_0416400	7089	17336	4073	3016	0	272
PF3D7_0214000	4217	20208	3214	1002	1	94
PF3D7_0313300	1175	23250	1050	67	0	5
PF3D7_1320800	4512	19913	3141	1364	1	116
PF3D7_1118200	13728	10697	9882	3846	0	398
PF3D7_1116000	13044	11381	9470	3561	12	476
PF3D7_1221500	6766	17659	3634	3132	0	305
PF3D7_1450300	6090	18335	1549	4541	0	485
PF3D7_1217600	2520	21905	175	2345	0	115
PF3D7_1220100	6779	17646	1049	5730	0	242
PF3D7_1123700	2201	22224	1841	360	0	44
PF3D7_1249700	13397	11028	7536	4322	1539	365
PF3D7_0907500	1618	22807	1464	152	0	21
PF3D7_1125000	1180	23245	1044	98	0	8
PF3D7_0306700	8215	16210	8142	69	1	12
PF3D7_0102900	5494	18931	1390	4104	0	217
PF3D7_0619200	9549	14876	4597	4946	0	587
PF3D7_1022100	1022	23403	485	536	0	36
PF3D7_0214600	9762	14663	4405	5357	0	940
PF3D7_1017200	4139	20286	3304	833	1	167
PF3D7_1435900	4485	19940	512	3972	1	99
PF3D7_1235900	17174	7251	6437	10732	0	323
PF3D7_0205100	10026	14399	6901	2699	2	223
PF3D7_0922100	10300	14125	4471	5827	2	1173
PF3D7_1469000	1869	22556	382	1487	0	84
PF3D7_0810100	292	24133	191	98	0	4
PF3D7_1246400	4514	19911	375	4139	0	41
PF3D7_1120900	370	24055	46	324	0	25
PF3D7_1470000	789	23636	648	137	0	8
PF3D7_1353700	673	23752	386	287	0	43
PF3D7_0303900	2195	22230	1747	430	0	41
PF3D7_1224900	1380	23045	1160	220	0	13
PF3D7_1465700	2672	21753	2430	42	0	6
PF3D7_1029200	4909	19516	801	4106	2	264
PF3D7_0731600	8357	16068	4073	4284	0	125
PF3D7_0813900	2405	22020	1833	572	0	3
PF3D7_1204500	1570	22855	700	870	0	65
PF3D7_1129100	8158	16267	2627	5530	1	448
PF3D7_0914100	15142	9283	8217	6925	0	1125
PF3D7_0103400	15548	8877	11214	4331	3	1080
PF3D7_1369100	6397	18028	1510	4887	0	457
PF3D7_1365500	3519	20906	2567	952	0	103
PF3D7_1133400	11743	12682	5724	6019	0	1860
PF3D7_1419700	5461	18964	1863	3598	0	180
PF3D7_1129800	5936	18489	4506	1430	0	102
PF3D7_0112100	1808	22617	1690	118	0	15
PF3D7_1228300	18770	5655	16395	2374	1	109
PF3D7_0926700	8107	16318	5481	2626	0	320
PF3D7_0724800	6122	18303	4266	1833	15	36
PF3D7_0826700	1331	23094	872	459	0	20
PF3D7_1356800	13768	10657	8557	5205	6	2833
PF3D7_0502600	6150	18275	985	4733	0	349
PF3D7_0821600	6819	17606	1073	5745	1	364
PF3D7_0307900	22142	2283	21126	972	0	741
PF3D7_1449700	7303	17122	1713	5589	1	1001
PF3D7_1241900	10041	14384	7622	2419	0	261
PF3D7_0722000	1640	22785	505	1135	0	147
PF3D7_1456600	1783	22642	572	1211	0	80
PF3D7_1403200	5074	19351	916	4150	0	86
PF3D7_1473400	5519	18906	1402	4117	0	582
PF3D7_0323200	3638	20787	1079	2559	0	183
PF3D7_0319700	12582	11843	6643	5939	0	1502
PF3D7_0525100	8285	16140	2746	5538	1	434
PF3D7_1307900	11380	13045	7749	3619	4	312
PF3D7_1467600	24349	76	24192	156	0	26
PF3D7_1147700	838	23587	347	491	0	28
PF3D7_0609300	12945	11480	8483	4462	0	460
PF3D7_0418500	2363	22062	1146	96	0	6
PF3D7_0517500	13066	11359	8672	4394	0	185
PF3D7_1314700	6026	18399	3099	2925	2	280
PF3D7_0213200	582	23843	305	275	1	34
PF3D7_1248600	7650	16775	3227	4423	0	539
PF3D7_1416900	744	23681	479	249	0	26
PF3D7_1406900	2751	21674	2076	675	0	80
PF3D7_1236500	1887	22538	109	1778	0	120
PF3D7_0617800	331	24094	104	227	0	2
PF3D7_1034700	1008	23417	690	318	0	9
PF3D7_1435500	2275	22150	904	1371	0	102
PF3D7_0903100	2016	22409	152	1864	0	58
PF3D7_0814200	2586	21839	279	2306	1	27
PF3D7_1111400	1303	23122	658	645	0	69
PF3D7_1013100	5726	18699	1978	3620	1	360
PF3D7_1002600	4417	20008	452	3965	0	330
PF3D7_0510400	6126	18299	4498	1628	0	137
PF3D7_1114700	3819	20606	3099	406	0	49
PF3D7_0924800	651	23774	545	104	0	5
PF3D7_0807900	4070	20355	874	3191	0	42
PF3D7_0829400	2761	21664	575	2186	0	184
PF3D7_0715000	8616	15809	6037	2579	0	89
PF3D7_1340700	7118	17307	6897	221	0	9
PF3D7_1137300	7929	16496	1257	6671	1	266
PF3D7_0312900	3882	20543	2704	1172	2	103
PF3D7_1120300	5731	18694	1997	3731	1	142
PF3D7_0404100	22951	1474	22012	938	0	320
PF3D7_1442800	5323	19102	2926	2397	0	253
PF3D7_0812100	12702	11723	8634	4068	0	645
PF3D7_1118700	3770	20655	2877	296	5	9
PF3D7_1347100	7451	16974	5126	2325	0	145
PF3D7_1004400	8670	15755	3691	4969	10	737
PF3D7_1448100	2237	22188	598	1639	0	85
PF3D7_0628200	20388	4037	18053	2335	0	528
PF3D7_0617300	1435	22990	1074	355	0	5
PF3D7_1107500	1151	23274	982	153	0	9
PF3D7_1024000	5808	18617	2462	3346	0	179
PF3D7_1344800	2758	21667	1586	1146	0	77
PF3D7_0708800	6689	17736	3727	2962	0	106
PF3D7_0809400	9676	14749	3304	6372	0	700
PF3D7_1251500	7491	16934	3324	4165	2	367
PF3D7_0903400	12584	11841	7175	5403	0	2046
PF3D7_1216400	10896	13529	6361	4533	2	480
PF3D7_1201800	846	23579	52	793	1	79
PF3D7_1216300	925	23500	502	421	2	28
PF3D7_1350500	7960	16465	2834	5122	4	891
PF3D7_0509100	14167	10258	9514	4653	0	576
PF3D7_1227000	3180	21245	1501	1679	0	55
PF3D7_1234400	5017	19408	3904	986	0	85
PF3D7_1303700	8002	16423	2460	5540	0	875
PF3D7_0621400	6356	18069	2254	4102	0	282
PF3D7_1342200	11911	12514	5485	6384	42	919
PF3D7_0220700	3774	20651	356	2860	538	75
PF3D7_0713400	6829	17596	1285	5544	0	25
PF3D7_1312300	1597	22828	508	1089	0	124
PF3D7_0715600	7026	17399	4474	2552	0	96
PF3D7_0831300	15502	8923	11274	4202	1	744
PF3D7_0416200	3405	21020	1613	1792	0	50
PF3D7_0108800	3304	21121	3159	114	1	8
PF3D7_0217700	1667	22758	708	937	0	49
PF3D7_0106300	9249	15176	4198	5025	0	368
PF3D7_0628600	1675	22750	1369	256	0	30
PF3D7_1326800	1369	23056	269	1100	0	177
PF3D7_1117300	560	23865	153	407	0	21
PF3D7_0707300	20417	4008	17718	2699	0	631
PF3D7_0409600	6360	18065	3206	3154	0	409
PF3D7_1451200	12096	12329	7937	4156	3	1122
PF3D7_1018000	8010	16415	1542	6468	0	317
PF3D7_1238400	5110	19315	5007	70	4	18
PF3D7_1419900	2155	22270	256	1899	0	127
PF3D7_0920000	4047	20378	1589	2458	0	258
PF3D7_1306700	3038	21387	928	2077	5	176
PF3D7_0931300	5171	19254	2486	2685	0	156
PF3D7_0524600	1368	23057	231	1137	0	85
PF3D7_1227200	10466	13959	4321	6143	2	915
PF3D7_1121700	5109	19316	2875	2234	0	143
PF3D7_0910900	4350	20075	2759	1589	2	82
PF3D7_0611600	4847	19578	1813	3034	0	217
PF3D7_0315900	1316	23109	841	458	0	21
PF3D7_0826600	1535	22890	522	1013	0	49
PF3D7_1227800	7947	16478	4678	3268	1	306
PF3D7_1229800	16786	7639	13308	3474	2	1289
PF3D7_1106500	21509	2916	19632	1876	0	370
PF3D7_0303400	3823	20602	2554	1251	0	93
PF3D7_0902100	4943	19482	2656	1486	731	145
PF3D7_0718000	22724	1701	20240	1039	1442	524
PF3D7_0304200	2712	21713	1649	1063	0	25
PF3D7_1302200	1782	22643	205	1572	5	59
PF3D7_1350300	6493	17932	4786	1705	2	188
PF3D7_1017400	1735	22690	1093	105	0	6
PF3D7_0730900	22216	2209	21018	1198	0	140
PF3D7_1404100	1078	23347	760	318	0	3
PF3D7_0935900	10184	14241	6579	3603	0	102
PF3D7_1475600	6189	18236	764	5425	0	269
PF3D7_0629600	1057	23368	514	543	0	64
PF3D7_1338800	4920	19505	1753	3060	0	23
PF3D7_1415100	7661	16764	4867	2792	1	205
PF3D7_0722800	5213	19212	4358	855	0	145
PF3D7_0111400	2886	21539	1027	1858	1	197
PF3D7_1109100	11938	12487	5641	6276	0	1199
PF3D7_1404800	12155	12270	6609	5545	1	941
PF3D7_1452500	1033	23392	768	114	0	8
PF3D7_1007700	12488	11937	7476	5010	2	645
PF3D7_0111000	14015	10410	9596	4388	12	616
PF3D7_0321200	5484	18941	1227	2037	0	36
PF3D7_0825900	6801	17624	2690	4111	0	353
PF3D7_1019000	19212	5213	16522	2690	0	1024
PF3D7_0801500	3692	20733	1752	1940	0	173
PF3D7_1315500	2185	22240	1163	1005	0	22
PF3D7_1132900	1315	23110	681	632	2	62
PF3D7_1213200	4102	20323	2301	1801	0	121
PF3D7_1037400	7289	17136	1441	5847	1	862
PF3D7_1124500	4648	19777	488	4160	0	249
PF3D7_1124600	2576	21849	1055	1520	1	76
PF3D7_0919000	3796	20629	3295	501	0	20
PF3D7_1444500	8717	15708	3313	5403	0	710
PF3D7_0216100	12479	11946	4260	8219	0	432
PF3D7_1134000	9673	14752	6314	3359	0	59
PF3D7_1427900	3474	20951	821	2653	0	29
PF3D7_1342100	7640	16785	4576	3063	1	224
PF3D7_0606700	8657	15768	3228	5429	0	438
PF3D7_1353300	9881	14544	3967	5914	0	1636
PF3D7_0213700	605	23820	376	228	0	4
PF3D7_0304100	6183	18242	1801	4381	1	219
PF3D7_0523800	9829	14596	3650	6179	0	234
PF3D7_1236600	757	23668	440	316	1	36
PF3D7_1026000	6900	17525	1872	5023	3	260
PF3D7_1035300	19424	5001	16747	2677	0	905
PF3D7_1242100	274	24151	158	116	0	24
PF3D7_1465500	5396	19029	2520	2876	0	420
PF3D7_1470300	778	23647	122	615	41	70
PF3D7_1108300	1830	22595	1719	110	0	13
PF3D7_0530600	16409	8016	14699	1710	0	101
PF3D7_1367700	13495	10930	9998	3497	0	698
PF3D7_0203800	2284	22141	1867	392	0	36
PF3D7_0933100	8053	16372	2611	5357	0	154
PF3D7_0509700	2933	21492	2317	159	0	23
PF3D7_0922900	3240	21185	2715	514	3	43
PF3D7_1208800	11059	13366	5900	5156	3	741
PF3D7_1134100	3805	20620	2716	1089	0	92
PF3D7_0810200	4570	19855	1153	3412	5	201
PF3D7_1334600	4773	19652	3308	1462	3	149
PF3D7_1408800	2550	21875	941	1608	0	108
PF3D7_1129900	6387	18038	1851	4535	1	132
PF3D7_0619300	17564	6861	9122	8354	79	1501
PF3D7_1315100	5461	18964	2446	3015	0	61
PF3D7_0311800	15317	9108	12908	2409	0	67
PF3D7_1125400	2699	21726	1446	1211	1	77
PF3D7_0301600	9797	14628	5080	4716	1	433
PF3D7_1123100	17958	6467	15005	2953	0	390
PF3D7_0618400	3413	21012	1803	1549	0	143
PF3D7_0916000	8671	15754	2352	6316	0	1093
PF3D7_0920700	6867	17558	574	6293	0	447
PF3D7_0726100	23638	787	12146	4119	7373	280
PF3D7_0107500	13335	11090	9011	4303	1	386
PF3D7_0302800	3913	20512	459	3454	0	176
PF3D7_1416800	5341	19084	1527	3814	0	296
PF3D7_1305600	4239	20186	971	3261	0	38
PF3D7_1457100	7169	17256	2311	4854	4	687
PF3D7_1478100	7405	17020	2061	5341	0	140
PF3D7_1459800	1065	23360	834	226	0	17
PF3D7_1233800	3363	21062	2601	762	0	47
PF3D7_0612200	17399	7026	13241	4156	2	949
PF3D7_1229700	626	23799	552	74	0	13
PF3D7_0105300	1264	23161	692	572	0	47
PF3D7_1336300	1704	22721	708	996	0	60
PF3D7_1430200	2818	21607	2223	494	0	68
PF3D7_1454900	4770	19655	236	4534	0	29
PF3D7_1454400	7641	16784	3157	4484	0	320
PF3D7_1445200	10839	13586	7104	3724	1	409
PF3D7_0919100	1117	23308	708	315	0	10
PF3D7_0827200	15224	9201	11569	3653	2	751
PF3D7_0103700	6222	18203	1936	4160	0	245
PF3D7_1224700	9081	15344	4600	4481	0	650
PF3D7_1221300	3334	21091	1348	1259	29	131
PF3D7_1361700	2069	22356	1351	718	0	77
PF3D7_1201500	5145	19280	855	4290	0	138
PF3D7_0418400	1711	22714	1462	205	0	14
PF3D7_1235500	5114	19311	1273	3841	0	164
PF3D7_0706600	4801	19624	1594	3203	4	490
PF3D7_1107900	8482	15943	3393	5088	1	782
PF3D7_0323000	282	24143	208	74	0	2
PF3D7_0410700	4933	19492	2926	2006	1	226
PF3D7_1456400	7316	17109	1381	5933	0	1021
PF3D7_1213400	5832	18593	3868	1963	1	104
PF3D7_0902000	7155	17270	1002	6151	1	296
PF3D7_0937200	11477	12948	3222	3187	5068	153
PF3D7_1028100	6600	17825	2710	3890	0	230
PF3D7_1428000	4242	20183	3677	560	0	31
PF3D7_0602600	7513	16912	1810	5372	2	304
PF3D7_1011400	769	23656	240	529	0	37
PF3D7_0722700	521	23904	372	149	0	15
PF3D7_1139700	2776	21649	1264	1511	1	133
PF3D7_1344000	8333	16092	4024	4309	0	553
PF3D7_1316600	7214	17211	4094	3119	1	172
PF3D7_0506200	4424	20001	2431	1992	1	120
PF3D7_1252900	1217	23208	634	583	0	60
PF3D7_0619500	9056	15369	2592	6464	0	722
PF3D7_0317900	6592	17833	5171	1421	0	161
PF3D7_1427000	8817	15608	4690	4127	0	471
PF3D7_0112200	8332	16093	5300	3022	10	210
PF3D7_1305300	14857	9568	9929	4928	0	1807
PF3D7_0607300	3994	20431	363	3631	0	104
PF3D7_1214900	647	23778	449	170	0	7
PF3D7_0107300	2567	21858	1925	628	0	65
PF3D7_0104800	2780	21645	579	2196	5	133
PF3D7_1408300	4799	19626	681	4114	0	73
PF3D7_1134600	10130	14295	3561	6568	1	1631
PF3D7_0306200	2396	22029	2058	304	0	36
PF3D7_1413800	2797	21628	452	2345	0	114
PF3D7_0204900	2956	21469	2165	791	0	107
PF3D7_1368700	5230	19195	271	4959	0	335
PF3D7_1469600	13096	11329	6744	6351	0	3376
PF3D7_1428500	9310	15115	3534	5772	0	830
PF3D7_1333900	20980	3445	18694	2272	0	198
PF3D7_0622200	6268	18157	2466	3801	1	343
PF3D7_1433500	10589	13836	5736	4822	1	182
PF3D7_0812300	5208	19217	2366	2841	1	108
PF3D7_1214100	14086	10339	11614	2402	0	300
PF3D7_1140000	5331	19094	1322	3991	7	328
PF3D7_1422500	5147	19278	1457	3675	0	27
PF3D7_1369200	11771	12654	6134	5637	0	1995
PF3D7_0323600	6868	17557	2538	4314	0	119
PF3D7_0414400	4148	20277	614	3532	2	144
PF3D7_0721100	1255	23170	804	451	0	40
PF3D7_0930100	16406	8019	14512	1894	0	235
PF3D7_1410300	21405	3020	19771	1634	0	760
PF3D7_1350700	16078	8347	12605	3471	2	391
PF3D7_0916200	10542	13883	5513	5029	0	493
PF3D7_0924300	2562	21863	1211	1333	18	195
PF3D7_0616900	8267	16158	3507	4760	0	848
PF3D7_1328500	10045	14380	5904	4140	1	437
PF3D7_0828000	1064	23361	441	595	0	41
PF3D7_0403200	16586	7839	14483	2103	0	227
PF3D7_0620200	4725	19700	3091	1634	0	80
PF3D7_0305400	1053	23372	844	197	0	8
PF3D7_1202300	13412	11013	8043	4243	0	389
PF3D7_1475400	18028	6397	13118	4908	2	2686
PF3D7_0505700	14979	9446	11599	3378	2	390
PF3D7_0322500	16038	8387	13915	2123	0	125
PF3D7_0515400	9694	14731	7578	2062	0	191
PF3D7_1203700	4600	19825	2970	1625	0	17
PF3D7_0528400	4751	19674	1989	815	1	43
PF3D7_0505000	23188	1237	22676	512	0	551
PF3D7_1239100	1170	23255	178	992	0	26
PF3D7_1247500	19188	5237	14997	4191	0	755
PF3D7_1012900	1563	22862	528	1027	0	21
PF3D7_1122300	1857	22568	355	1502	0	62
PF3D7_0815100	11201	13224	6174	5027	0	696
PF3D7_1134700	9489	14936	6511	2943	0	197
PF3D7_0609800	1876	22549	1446	428	0	11
PF3D7_0303600	741	23684	125	616	0	75
PF3D7_0515700	2204	22221	712	1492	0	43
PF3D7_0802400	8611	15814	4710	3898	2	375
PF3D7_1019400	1122	23303	963	159	0	5
PF3D7_0931200	830	23595	207	623	0	33
PF3D7_1204600	5891	18534	4412	1479	0	152
PF3D7_1010100	4467	19958	2859	1608	0	133
PF3D7_0801000	24086	339	23451	633	2	58
PF3D7_1237800	564	23861	436	128	0	6
PF3D7_1335000	4520	19905	2947	1565	8	183
PF3D7_1428300	5853	18572	1367	4484	1	42
PF3D7_1230700	8109	16316	3645	4462	2	480
PF3D7_0306400	5193	19232	4102	1091	0	93
PF3D7_1463300	4084	20341	2519	1559	6	122
PF3D7_0107200	3762	20663	3525	155	0	25
PF3D7_1146700	5296	19129	2161	3016	0	306
PF3D7_1009400	4231	20194	2402	1827	2	153
PF3D7_1444200	488	23937	260	223	0	14
PF3D7_0410600	2786	21639	2235	549	1	32
PF3D7_0918400	10618	13807	6562	3803	0	201
PF3D7_1102700	1338	23087	181	1156	1	49
PF3D7_1024200	878	23547	437	441	0	46
PF3D7_0713800	2324	22101	485	1839	0	36
PF3D7_0709900	14840	9585	10678	3682	0	194
PF3D7_1012000	6272	18153	2870	3304	0	103
PF3D7_1343300	6133	18292	1829	4304	0	412
PF3D7_1407900	7242	17183	4253	2987	2	203
PF3D7_0624600	14889	9536	10416	4466	7	688
PF3D7_1468000	7910	16515	4044	3320	2	414
PF3D7_0204400	1253	23172	710	542	0	9
PF3D7_0420300	17207	7218	11837	5367	3	2601
PF3D7_1448000	10857	13568	5941	4910	6	598
PF3D7_0611700	1079	23346	1057	22	0	2
PF3D7_1205400	7995	16430	1675	6243	77	1089
PF3D7_0811500	7367	17058	3711	3656	0	278
PF3D7_1470800	6267	18158	2298	3968	1	329
PF3D7_0527400	3768	20657	761	2340	667	104
PF3D7_1018300	9328	15097	4183	5145	0	437
PF3D7_1469800	2569	21856	455	2110	1	133
PF3D7_1149600	10499	13926	3720	6757	3	764
PF3D7_0515000	11972	12453	6868	5097	7	377
PF3D7_0114500	9341	15084	1940	6662	739	215
PF3D7_1237900	20110	4315	16871	3239	0	374
PF3D7_0908900	22397	2028	19582	2815	0	483
PF3D7_1108500	3742	20683	2686	1052	0	63
PF3D7_0826500	10093	14332	5718	4356	19	551
PF3D7_1435300	14050	10375	10363	3687	0	836
PF3D7_0409400	6945	17480	2780	4164	1	186
PF3D7_0212000	2594	21831	1629	223	0	22
PF3D7_0901800	4149	20276	948	2897	0	64
PF3D7_0618300	678	23747	419	248	0	8
PF3D7_0102300	1203	23222	857	344	0	32
PF3D7_0909900	6944	17481	3042	3899	3	513
PF3D7_1335400	24409	16	24409	0	0	0
PF3D7_0630100	7526	16899	2277	5246	3	425
PF3D7_0213000	871	23554	287	584	0	46
PF3D7_1036000	9152	15273	7303	1849	0	98
PF3D7_1202000	3951	20474	2839	866	0	121
PF3D7_1449500	10949	13476	6715	4218	1	335
PF3D7_1437300	892	23533	461	423	0	54
PF3D7_0919700	2009	22416	652	1357	0	88
PF3D7_1019800	19892	4533	17934	1957	1	137
PF3D7_1360300	4493	19932	530	3963	0	264
PF3D7_0729000	310	24115	234	68	0	8
PF3D7_1211300	9317	15108	4181	5135	1	339
PF3D7_0902900	6514	17911	48	6466	0	174
PF3D7_0729900	15439	8986	11805	3634	0	688
PF3D7_1216900	7516	16909	3418	4096	2	424
PF3D7_1330500	17516	6909	15925	1591	0	169
PF3D7_1006300	2312	22113	2276	26	0	4
PF3D7_0402600	8450	15975	3703	4425	322	492
PF3D7_0105800	3303	21122	1567	1521	1	132
PF3D7_1037600	7614	16811	5264	2316	0	59
PF3D7_0612000	1232	23193	1107	124	0	13
PF3D7_1143000	2959	21466	1504	1455	0	140
PF3D7_0825800	7417	17008	1761	5656	0	241
PF3D7_1203300	17827	6598	14300	3527	0	597
PF3D7_0708100	592	23833	85	507	0	6
PF3D7_0626300	5110	19315	2608	2497	0	93
PF3D7_1361100	8280	16145	5493	2757	0	170
PF3D7_1136200	6652	17773	3084	1321	6	139
PF3D7_1359900	15665	8760	10923	4742	0	1248
PF3D7_1334300	13588	10837	9850	3738	0	230
PF3D7_1449600	5827	18598	1302	4525	0	323
PF3D7_1112100	18040	6385	14799	3222	19	958
PF3D7_1035000	10503	13922	2098	8404	1	1403
PF3D7_1460200	1690	22735	191	1484	15	181
PF3D7_1230300	1364	23061	793	571	0	46
PF3D7_0811100	1433	22992	697	736	0	48
PF3D7_0818300	3511	20914	1359	1717	0	175
PF3D7_0507700	2815	21610	1233	1582	0	114
PF3D7_1470500	5164	19261	3511	1569	0	87
PF3D7_0905900	5784	18641	3034	2747	3	278
PF3D7_0312200	8580	15845	5269	3311	0	622
PF3D7_1348000	9502	14923	4813	4685	0	903
PF3D7_0501700	7417	17008	2543	4874	0	213
PF3D7_0307300	3584	20841	700	2884	0	240
PF3D7_1111900	2321	22104	977	1344	0	56
PF3D7_0621300	9846	14579	4476	5370	0	493
PF3D7_1405800	6036	18389	779	4818	7	328
PF3D7_0512900	3106	21319	2496	610	0	90
PF3D7_1117900	13581	10844	9878	3703	0	1175
PF3D7_1308400	19913	4512	16507	3301	0	1668
PF3D7_0913150	524	23901	432	91	1	19
PF3D7_1335700	7751	16674	2638	5094	0	393
PF3D7_0918000	1504	22921	448	1056	0	67
PF3D7_0521800	6652	17773	5732	907	0	102
PF3D7_1443800	3588	20837	1132	2454	2	183
PF3D7_0608500	1528	22897	1170	358	0	17
PF3D7_1139100	16142	8283	11926	4216	0	1148
PF3D7_0301500	2607	21818	1594	1010	2	105
PF3D7_0916300	1916	22509	1473	238	39	15
PF3D7_0215200	1541	22884	895	646	0	40
PF3D7_1414300	2107	22318	1651	456	0	11
PF3D7_1319800	1236	23189	836	400	0	16
PF3D7_1026800	1815	22610	1432	383	0	11
PF3D7_0911500	1092	23333	752	112	4	22
PF3D7_1007000	2088	22337	1982	35	0	5
PF3D7_1324300	23625	800	22894	728	1	352
PF3D7_1333000	1560	22865	1421	100	0	11
PF3D7_1443100	5860	18565	467	5390	3	298
PF3D7_1402900	18543	5882	14791	3752	0	491
PF3D7_0312000	2938	21487	2853	85	0	12
PF3D7_0715200	18014	6411	13194	3923	897	1005
PF3D7_1351200	11470	12955	5479	5982	9	922
PF3D7_0805500	6859	17566	2179	4680	0	332
PF3D7_0207400	11556	12869	8510	2731	0	155
PF3D7_0918300	1376	23049	688	686	1	39
PF3D7_1236650	152	24273	76	76	0	7
PF3D7_1319400	7089	17336	2157	4913	0	300
PF3D7_0713600	9834	14591	2414	7403	1	585
PF3D7_0105200	2593	21832	1108	1485	0	153
PF3D7_1030300	8606	15819	1645	6961	0	960
PF3D7_1228800	22744	1681	21435	1309	0	553
PF3D7_1115600	2722	21703	1965	756	1	25
PF3D7_0628900	8183	16242	2714	5469	0	470
PF3D7_0113700	1562	22863	629	573	0	32
PF3D7_1459700	1408	23017	992	339	0	7
PF3D7_1442000	1422	23003	923	499	0	19
PF3D7_1368900	3772	20653	2370	1395	5	189
PF3D7_1311700	1494	22931	103	1387	4	39
PF3D7_0306000	663	23762	293	370	0	33
PF3D7_1226200	4616	19809	1124	3492	0	199
PF3D7_1361600	4072	20353	995	3077	0	56
PF3D7_0321900	9073	15352	2801	6269	0	647
PF3D7_1444900	1098	23327	271	827	0	91
PF3D7_0721800	249	24176	165	82	0	12
PF3D7_1021000	3609	20816	3239	348	0	12
PF3D7_0509800	16594	7831	12108	4486	0	522
PF3D7_1316900	6664	17761	1836	4827	1	482
PF3D7_0604500	15218	9207	8532	6686	0	1310
PF3D7_1234500	2667	21758	629	2036	2	113
PF3D7_0516000	11909	12516	8950	2959	0	414
PF3D7_1406300	6505	17920	4064	2441	0	197
PF3D7_0610200	12735	11690	4365	8370	0	418
PF3D7_0624500	384	24041	41	343	0	6
PF3D7_1014800	6256	18169	3943	157	0	31
PF3D7_0412000	17175	7250	13348	3827	0	642
PF3D7_0922000	4625	19800	2218	2339	0	233
PF3D7_0318000	3796	20629	3096	700	0	108
PF3D7_0417500	4754	19671	4666	59	0	8
PF3D7_0318500	17332	7093	10698	6634	0	1758
PF3D7_0809700	6263	18162	1543	4673	0	28
PF3D7_0629000	2785	21640	2474	311	0	38
PF3D7_0925100	6514	17911	893	5621	0	206
PF3D7_0306500	4656	19769	3919	737	0	79
PF3D7_0315500	632	23793	93	539	0	34
PF3D7_0726500	16965	7460	10994	5970	1	1325
PF3D7_0503900	9823	14602	4248	5575	0	221
PF3D7_1147900	1569	22856	1373	196	0	29
PF3D7_1030100	10179	14246	8176	1084	0	44
PF3D7_0815800	13728	10697	8212	5514	2	1118
PF3D7_1004100	5433	18992	1545	579	2	72
PF3D7_0820900	9881	14544	3538	5925	1	963
PF3D7_1243100	2104	22321	1065	1039	0	133
PF3D7_0728600	19811	4614	16040	3770	0	841
PF3D7_1329200	2368	22057	672	1680	1	65
PF3D7_0625800	3744	20681	1150	2589	5	355
PF3D7_0823800	7378	17047	2470	4908	0	351
PF3D7_1359000	16657	7768	11011	5645	1	2120
PF3D7_1204100	19898	4527	16855	3043	0	752
PF3D7_0526900	2750	21675	2341	298	0	25
PF3D7_0316100	1686	22739	393	1292	1	90
PF3D7_1361800	15984	8441	13068	2916	0	523
PF3D7_1021900	17631	6794	13516	4115	0	663
PF3D7_1326100	2205	22220	990	1213	0	86
PF3D7_0814400	4173	20252	1710	2445	1	170
PF3D7_1014700	4543	19882	1527	3012	4	34
PF3D7_1342900	21940	2485	19845	2095	0	838
PF3D7_0302000	8049	16376	3366	4681	0	175
PF3D7_1445900	2811	21614	870	1936	1	32
PF3D7_0322800	1896	22529	1278	600	0	30
PF3D7_1458200	949	23476	418	522	0	35
PF3D7_0317200	10153	14272	6236	3917	0	681
PF3D7_0304400	852	23573	712	139	0	3
PF3D7_0527000	10212	14213	8753	1458	1	138
PF3D7_0310400	8172	16253	4671	3501	0	388
PF3D7_1433400	19692	4733	15140	4552	0	1878
PF3D7_1436400	8927	15498	5561	3366	0	559
PF3D7_1116300	903	23522	833	52	0	2
PF3D7_1234800	10022	14403	8363	1658	0	158
PF3D7_0807600	22078	2347	20627	1450	0	365
PF3D7_0910400	7815	16610	2712	5102	1	703
PF3D7_1361500	2706	21719	2484	53	0	2
PF3D7_0628100	18363	6062	15282	3081	0	1350
PF3D7_1316500	6511	17914	3527	2984	0	377
PF3D7_1027100	15552	8873	12622	2925	5	346
PF3D7_1431000	997	23428	372	624	0	40
PF3D7_1106200	4206	20219	1552	2654	0	313
PF3D7_1021800	19277	5148	17026	2250	0	396
PF3D7_0909200	7437	16988	3822	3603	1	133
PF3D7_1429700	2676	21749	1607	1062	7	61
PF3D7_0905500	2598	21827	1128	1470	0	45
PF3D7_1020900	1287	23138	1166	117	0	2
PF3D7_0801400	2609	21816	232	2377	0	3
PF3D7_1427600	8131	16294	6721	1410	0	70
PF3D7_1221000	22322	2103	20717	1605	0	569
PF3D7_1226500	18764	5661	12530	6234	0	866
PF3D7_1212500	4632	19793	848	3784	0	72
PF3D7_1308500	1951	22474	109	1841	1	169
PF3D7_1124300	4452	19973	2538	1910	0	192
PF3D7_0615100	6772	17653	880	5891	1	180
PF3D7_0213500	2391	22034	1260	1089	0	105
PF3D7_1252800	4055	20370	717	3336	0	224
PF3D7_1011200	1303	23122	1150	134	0	12
PF3D7_1033400	4163	20262	661	3500	2	59
PF3D7_1432600	9820	14605	6288	3531	1	454
PF3D7_1244400	10335	14090	4039	6296	0	1566
PF3D7_1432300	10747	13678	6290	3489	0	362
PF3D7_0915600	1635	22790	275	1360	0	158
PF3D7_1405600	1908	22517	435	1473	0	22
PF3D7_1118600	5930	18495	1321	4609	0	116
PF3D7_1119400	18409	6016	15270	3139	0	823
PF3D7_0314800	4436	19989	1126	3274	1	289
PF3D7_1246600	12373	12052	7997	4374	2	279
PF3D7_1359100	5744	18681	3313	2431	0	393
PF3D7_0921900	5181	19244	202	4979	0	230
PF3D7_0215500	23334	1091	23035	299	0	48
PF3D7_1024400	2401	22024	439	1961	0	235
PF3D7_0307700	19093	5332	16619	2470	0	548
PF3D7_0630400	6336	18089	726	5610	0	120
PF3D7_1113300	2657	21768	1361	1296	0	59
PF3D7_1126200	1843	22582	1744	98	1	9
PF3D7_0302500	24352	73	23787	97	0	3
PF3D7_0416700	398	24027	278	120	0	11
PF3D7_1141400	1441	22984	509	782	0	44
PF3D7_0211600	4147	20278	1644	2503	0	34
PF3D7_0309200	21830	2595	19171	2659	0	914
PF3D7_1209900	4761	19664	1541	3219	1	331
PF3D7_1215700	8798	15627	3628	5170	0	1141
PF3D7_1037800	3816	20609	3025	31	0	5
PF3D7_1022500	6903	17522	5437	1466	0	61
PF3D7_0626400	9828	14597	4612	5216	0	404
PF3D7_0907200	8933	15492	2687	6246	0	933
PF3D7_1135600	11370	13055	7515	3695	0	575
PF3D7_1408400	5636	18789	1610	4026	0	303
PF3D7_0317000	2334	22091	304	2030	0	24
PF3D7_1117600	1306	23119	1282	22	0	7
PF3D7_1417500	2542	21883	1682	860	0	93
PF3D7_1308800	5945	18480	2355	3383	0	3
PF3D7_0217900	6085	18340	1521	4563	1	371
PF3D7_0931900	1017	23408	757	234	2	30
PF3D7_0421900	2363	22062	152	2211	0	36
PF3D7_0105900	2503	21922	295	2208	0	181
PF3D7_0824000	6991	17434	3408	3583	0	442
PF3D7_1243300	585	23840	461	122	2	15
PF3D7_1468100	15095	9330	10390	4700	5	1134
PF3D7_0514500	760	23665	480	69	0	11
PF3D7_0724400	426	23999	284	142	0	8
PF3D7_1459000	6284	18141	3206	3077	1	338
PF3D7_1409500	11143	13282	4434	6706	2	1403
PF3D7_1416700	846	23579	590	243	0	14
PF3D7_0934100	11384	13041	7087	4296	1	415
PF3D7_1103100	1066	23359	906	159	0	9
PF3D7_1455400	2080	22345	379	1689	0	28
PF3D7_1333500	8165	16260	3364	4801	0	289
PF3D7_1245600	16312	8113	12508	3804	0	2039
PF3D7_1362700	24335	90	24166	169	0	52
PF3D7_1221800	5891	18534	2955	2936	0	156
PF3D7_0912700	1207	23218	799	408	0	47
PF3D7_0214800	14775	9650	9598	5176	1	768
PF3D7_1320200	3298	21127	906	2361	31	201
PF3D7_1474600	1052	23373	594	426	0	26
PF3D7_1218300	5191	19234	355	4836	0	149
PF3D7_1148000	11837	12588	7059	4778	0	530
PF3D7_0410000	21426	2999	19073	2353	0	246
PF3D7_0406200	2955	21470	464	2491	0	29
PF3D7_1411600	4739	19686	1790	2949	0	318
PF3D7_1352700	10443	13982	3534	6909	0	1898
PF3D7_0509300	1282	23143	505	775	2	30
PF3D7_0907000	1392	23033	1118	272	1	27
PF3D7_1457700	10132	14293	3739	6388	5	874
PF3D7_1330000	809	23616	619	176	0	8
PF3D7_0720600	4605	19820	3624	952	0	8
PF3D7_0214300	22662	1763	21063	1599	0	697
PF3D7_1305900	2539	21886	1264	1243	11	153
PF3D7_0613900	16582	7843	13418	3163	1	795
PF3D7_0313400	16762	7663	10944	5818	0	532
PF3D7_0530300	8812	15613	2233	6574	0	1024
PF3D7_1345800	8819	15606	3382	5421	0	831
PF3D7_0922700	3615	20810	3535	58	0	6
PF3D7_0802900	550	23875	387	160	1	16
PF3D7_1028700	6203	18222	1282	4921	0	419
PF3D7_1453200	8404	16021	4490	64	0	10
PF3D7_1021600	958	23467	270	688	0	23
PF3D7_0507600	7088	17337	3179	3909	0	272
PF3D7_1125100	6248	18177	263	5985	0	377
PF3D7_0504500	7687	16738	7576	95	0	16
PF3D7_0820800	10824	13601	5939	4885	0	284
PF3D7_0320800	1813	22612	977	830	0	7
PF3D7_1139600	6690	17735	1041	5646	3	531
PF3D7_1145500	8129	16296	3233	4894	0	413
PF3D7_0721300	12946	11479	8374	4565	7	451
PF3D7_0908400	2691	21734	322	2368	1	132
PF3D7_0706100	11465	12960	7879	2848	0	151
PF3D7_0419300	19272	5153	16663	2609	0	74
PF3D7_0218600	18326	6099	12774	5552	0	1544
PF3D7_0928900	940	23485	402	538	0	19
PF3D7_0931400	1904	22521	1274	629	0	56
PF3D7_1422800	6381	18044	1271	5110	0	190
PF3D7_0208300	23870	555	23705	165	0	72
PF3D7_1436900	1135	23290	595	540	0	28
PF3D7_0507200	13273	11152	9488	3785	0	232
PF3D7_1402100	13046	11379	8263	4783	0	1360
PF3D7_1315900	8758	15667	6354	2400	0	265
PF3D7_1463400	4508	19917	902	3606	0	191
PF3D7_0529500	3814	20611	3685	119	0	7
PF3D7_0905200	11745	12680	7844	3899	2	942
PF3D7_0903200	1082	23343	868	165	0	4
PF3D7_0531400	7424	17001	1836	5588	0	975
PF3D7_0905800	9957	14468	1592	8364	1	1145
PF3D7_1126400	1569	22856	1228	340	0	37
PF3D7_1224100	812	23613	494	316	0	5
PF3D7_1250800	11687	12738	6671	5015	1	951
PF3D7_1221200	701	23724	512	183	0	14
PF3D7_1004700	4137	20288	1440	2686	0	27
PF3D7_0411300	6709	17716	3231	3478	0	386
PF3D7_0823700	1345	23080	1129	215	0	12
PF3D7_0511600	5795	18630	5040	755	0	46
PF3D7_1302800	4027	20398	398	3626	0	14
PF3D7_0919500	7598	16827	2783	4632	183	256
PF3D7_0906400	5270	19155	1763	3507	0	554
PF3D7_0521900	12363	12062	8259	4104	0	765
PF3D7_1414200	8204	16221	636	7567	1	422
PF3D7_1249900	9113	15312	5639	3474	0	256
PF3D7_1339800	531	23894	390	141	0	5
PF3D7_0822900	15636	8789	12582	3054	0	810
PF3D7_1421200	5509	18916	1489	4020	0	16
PF3D7_1243200	1397	23028	514	883	0	42
PF3D7_1422300	5065	19360	2418	2647	0	124
PF3D7_1364000	3516	20909	687	2829	0	235
PF3D7_1402700	4426	19999	3008	782	0	77
PF3D7_0602200	2610	21815	2159	440	0	26
PF3D7_1466900	18199	6226	15834	2359	5	651
PF3D7_1131800	15977	8448	11615	4362	0	1368
PF3D7_0705900	846	23579	766	78	0	1
PF3D7_0928600	3490	20935	204	3284	2	35
PF3D7_0515500	8506	15919	3700	3889	0	104
PF3D7_0522600	3782	20643	450	3332	0	48
PF3D7_1024800	20069	4356	18021	2048	0	471
PF3D7_1008200	2544	21881	576	1968	0	79
PF3D7_0913200	2464	21961	1034	1430	0	108
PF3D7_1359400	3182	21243	1003	2173	0	54
PF3D7_0110600	20608	3817	16780	3827	0	308
PF3D7_0914800	3973	20452	131	3842	0	19
PF3D7_0308500	1914	22511	1632	277	3	18
PF3D7_1439400	2673	21752	1276	1397	0	52
PF3D7_0930500	10795	13630	5211	5580	4	814
PF3D7_0804700	15720	8705	10845	4875	0	1030
PF3D7_0530900	16579	7846	12238	4341	0	1286
PF3D7_1026200	12319	12106	8654	3654	11	243
PF3D7_0825100	452	23973	361	84	0	16
PF3D7_1239800	20680	3745	16789	3891	0	2147
PF3D7_1025900	8640	15785	5785	770	0	61
PF3D7_0610500	722	23703	393	329	0	19
PF3D7_1138400	12452	11973	6682	5770	0	2110
PF3D7_1032600	3574	20851	897	2677	0	137
PF3D7_1343700	6971	17454	3434	3537	0	155
PF3D7_0210900	1411	23014	796	615	0	72
PF3D7_0914400	973	23452	837	112	0	4
PF3D7_1405000	4950	19475	2678	2222	0	263
PF3D7_1355800	1355	23070	1304	51	0	10
PF3D7_1450200	1095	23330	540	555	0	45
PF3D7_1307600	5820	18605	1972	3848	0	148
PF3D7_1245100	7931	16494	2691	5239	0	539
PF3D7_0418200	3561	20864	665	2896	0	47
PF3D7_0624700	4075	20350	3033	170	1	15
PF3D7_1218700	3079	21346	860	2217	2	298
PF3D7_0412300	8177	16248	1216	6959	2	353
PF3D7_1113700	4506	19919	3299	1206	1	90
PF3D7_1465800	14465	9960	10309	4084	4	1638
PF3D7_0613800	23332	1093	22604	724	1	600
PF3D7_0720500	5127	19298	5083	42	0	3
PF3D7_1366600	3560	20865	702	2858	0	193
PF3D7_0710300	1894	22531	925	851	0	6
PF3D7_1413700	11750	12675	9001	2717	3	630
PF3D7_0913700	10583	13842	8380	2203	0	116
PF3D7_1017100	4268	20157	2890	1378	0	111
PF3D7_0104000	2077	22348	1715	362	0	35
PF3D7_1427200	1188	23237	657	531	0	54
PF3D7_0718900	4587	19838	1364	3206	1	45
PF3D7_1112000	693	23732	609	83	0	8
PF3D7_0423700	3333	21092	123	3210	0	49
PF3D7_1363200	3338	21087	2064	1269	5	169
PF3D7_1359800	1031	23394	450	570	0	33
PF3D7_1456800	5242	19183	2145	3097	0	128
PF3D7_0414000	7749	16676	2893	183	0	7
PF3D7_0921200	10776	13649	6727	3291	0	465
PF3D7_1111800	906	23519	554	324	0	52
PF3D7_0520100	7371	17054	2099	5269	0	220
PF3D7_0920200	8201	16224	4091	4109	1	379
PF3D7_0307600	7685	16740	2290	5395	0	544
PF3D7_0714000	514	23911	90	424	0	2
PF3D7_0308700	5137	19288	3218	1834	1	228
PF3D7_1001500	3239	21186	522	2717	0	34
PF3D7_1102500	9372	15053	3906	5466	0	367
PF3D7_1016000	2957	21468	1017	1940	0	203
PF3D7_1009700	3848	20577	1779	2067	2	158
PF3D7_1034400	6558	17867	4949	1609	0	86
PF3D7_1020400	4678	19747	2683	1994	1	248
PF3D7_0603000	10509	13916	4654	5855	0	266
PF3D7_0933700	2116	22309	1869	246	0	22
PF3D7_1140500	9556	14869	4705	4834	0	671
PF3D7_0517800	5547	18878	4053	1494	0	84
PF3D7_0211900	2218	22207	1100	1114	4	141
PF3D7_0937100	13782	10643	1093	6908	5780	212
PF3D7_0924100	8370	16055	5461	2908	1	370
PF3D7_1413400	4994	19431	1300	3694	0	320
PF3D7_1036500	9769	14656	6723	2990	56	241
PF3D7_1460300	679	23746	603	75	0	11
PF3D7_0621900	9462	14963	4574	4888	0	351
PF3D7_0407800	18472	5953	16416	2056	0	734
PF3D7_0519700	1224	23201	852	369	0	32
PF3D7_1471200	5051	19374	3889	1074	0	25
PF3D7_0818400	1194	23231	409	785	0	25
PF3D7_1130100	716	23709	582	134	0	13
PF3D7_1323100	3726	20699	3523	203	0	12
PF3D7_1202600	19832	4593	17752	2062	16	681
PF3D7_1337800	4027	20398	2588	1439	0	63
PF3D7_1448600	2764	21661	892	1872	0	108
PF3D7_0909300	1582	22843	1393	178	0	3
PF3D7_1214800	3501	20924	2779	698	0	15
PF3D7_0405400	15509	8916	11320	4189	0	808
PF3D7_0727200	7306	17119	1331	5975	0	280
PF3D7_1423100	3810	20615	2141	1668	1	166
PF3D7_1408500	1775	22650	701	1074	0	122
PF3D7_0818900	9852	14573	7887	1965	0	11
PF3D7_0220300	3744	20681	1520	2217	6	28
PF3D7_1412800	4708	19717	3765	942	0	45
PF3D7_0831400	7676	16749	2259	5410	7	342
PF3D7_0710600	393	24032	145	246	1	22
PF3D7_1354900	5902	18523	1364	4538	0	416
PF3D7_1446800	1463	22962	1262	120	0	13
PF3D7_0615300	10255	14170	6583	3672	0	344
PF3D7_1020200	6719	17706	1202	5510	0	325
PF3D7_0719600	1001	23424	728	273	0	5
PF3D7_0511400	7344	17081	390	6954	0	484
PF3D7_1227500	12755	11670	5478	7232	0	2702
PF3D7_1129300	11246	13179	5083	6163	0	1181
PF3D7_0628700	5017	19408	930	4087	0	226
PF3D7_1365800	1231	23194	773	454	0	16
PF3D7_1451900	8016	16409	2853	5160	3	583
PF3D7_0608310	5804	18621	2014	3790	0	102
PF3D7_1227700	4735	19690	2058	1044	0	77
PF3D7_0520700	6371	18054	489	5876	6	474
PF3D7_1317300	5010	19415	1557	3451	1	83
PF3D7_0414700	5253	19172	1185	4066	2	133
PF3D7_1328100	1909	22516	1220	689	0	19
PF3D7_1024300	617	23808	324	293	0	14
PF3D7_1458900	985	23440	261	717	0	60
PF3D7_0713500	10162	14263	3585	6577	0	984
PF3D7_1445100	9984	14441	4403	5579	2	786
PF3D7_1416500	5895	18530	2520	3375	0	59
PF3D7_0315000	1686	22739	1146	540	0	26
PF3D7_1429600	2815	21610	1578	1236	1	47
PF3D7_0208000	8240	16185	3120	5100	1	279
PF3D7_0513700	7021	17404	4096	2900	0	171
PF3D7_1402500	888	23537	656	231	0	19
PF3D7_1416100	7228	17197	3445	3781	2	356
PF3D7_0412100	3872	20553	936	2936	0	125
PF3D7_1228100	1944	22481	565	1362	0	110
PF3D7_1315800	2290	22135	851	1439	0	137
PF3D7_1438900	1589	22836	669	920	0	21
PF3D7_0525400	2800	21625	606	2192	2	195
PF3D7_1002900	1168	23257	1079	87	0	15
PF3D7_0209800	4631	19794	3344	1286	1	9
PF3D7_0807200	1214	23211	503	668	0	55
PF3D7_0529900	2391	22034	2095	294	0	10
PF3D7_1247400	1485	22940	719	766	0	59
PF3D7_1003700	12290	12135	7600	4690	0	619
PF3D7_1019100	20839	3586	16578	4260	1	1092
PF3D7_1319100	10430	13995	6950	3480	0	212
PF3D7_1453300	449	23976	251	198	0	8
PF3D7_1027700	2259	22166	2220	37	0	1
PF3D7_0308100	18169	6256	13384	4785	0	2618
PF3D7_1118000	3172	21253	292	2878	1	14
PF3D7_0821800	478	23947	337	141	0	9
PF3D7_1030600	7018	17407	4964	2053	1	198
PF3D7_1355600	6913	17512	2875	3946	28	156
PF3D7_1251800	6616	17809	2890	3726	0	455
PF3D7_1312000	4139	20286	451	3688	0	180
PF3D7_0812900	12239	12186	8861	3366	2	321
PF3D7_0728700	3636	20789	690	2903	1	270
PF3D7_0108000	1449	22976	1218	230	0	15
PF3D7_1032800	2049	22376	948	1092	8	44
PF3D7_1439000	929	23496	438	481	0	38
PF3D7_1402400	2907	21518	333	2574	0	297
PF3D7_1348100	2315	22110	2127	169	0	12
PF3D7_0921800	2886	21539	2264	618	0	52
PF3D7_1360200	1445	22980	1035	73	0	6
PF3D7_0933800	5466	18959	1213	4253	0	261
PF3D7_0501300	11852	12573	8951	2734	0	41
PF3D7_1129200	2938	21487	2642	239	0	23
PF3D7_1024900	18244	6181	15865	2379	0	697
PF3D7_1460600	1741	22684	457	1283	1	12
PF3D7_1014600	12061	12364	7356	4705	0	1095
PF3D7_1442300	3254	21171	1881	1373	0	143
PF3D7_0409300	10047	14378	5885	4162	0	549
PF3D7_1343600	5195	19230	3169	2026	0	345
PF3D7_1338200	1463	22962	871	592	0	23
PF3D7_1460000	3708	20717	805	2898	5	281
PF3D7_0304900	1360	23065	139	1221	0	40
PF3D7_1117800	7832	16593	4838	2994	0	256
PF3D7_0909400	6689	17736	2904	3785	0	463
PF3D7_0424200	10553	13872	5786	4582	185	955
PF3D7_1251300	2833	21592	2695	130	0	7
PF3D7_1340100	1115	23310	178	937	0	71
PF3D7_0821200	2360	22065	1687	673	0	86
PF3D7_0308000	6497	17928	4457	2040	0	97
PF3D7_0719700	1894	22531	1787	107	0	4
PF3D7_0518600	8388	16037	4090	4296	2	412
PF3D7_0423300	15314	9111	9786	5528	0	247
PF3D7_1130900	13344	11081	8357	4987	0	759
PF3D7_1011700	1939	22486	534	1405	0	189
PF3D7_0306300	1444	22981	1365	77	1	8
PF3D7_0616000	21010	3415	20258	752	0	60
PF3D7_0105100	469	23956	42	427	0	48
PF3D7_1248100	6935	17490	4070	2865	0	207
PF3D7_0407900	4804	19621	1908	2896	0	139
PF3D7_1126600	9654	14771	3716	5938	0	441
PF3D7_0106400	652	23773	551	81	0	11
PF3D7_1011100	6976	17449	2998	3977	1	489
PF3D7_0923100	2411	22014	535	1876	0	76
PF3D7_0704200	16022	8403	12125	3897	0	534
PF3D7_1473600	576	23849	208	366	2	17
PF3D7_0813200	2927	21498	2202	657	0	24
PF3D7_0614600	3150	21275	1064	2086	0	157
PF3D7_1018900	13689	10736	4883	8797	9	296
PF3D7_0924500	18616	5809	17655	828	0	86
PF3D7_0726050	3668	20757	2083	1575	10	115
PF3D7_1222500	2707	21718	2400	242	1	26
PF3D7_1448300	13835	10590	10297	3538	0	1195
PF3D7_0503000	5886	18539	5753	84	0	12
PF3D7_1135100	6608	17817	1626	4883	99	409
PF3D7_1025400	19454	4971	17272	2075	0	252
PF3D7_0604100	9660	14765	4009	5651	0	1185
PF3D7_1214400	1095	23330	557	538	0	24
PF3D7_1017600	19450	4975	15612	3837	1	488
PF3D7_0716500	3449	20976	2737	565	0	22
PF3D7_1213300	4126	20299	3236	883	3	39
PF3D7_0915800	3242	21183	268	2974	0	84
PF3D7_1428900	14178	10247	9165	5013	0	427
PF3D7_0915300	5284	19141	2272	3008	4	466
PF3D7_1218400	1665	22760	1500	68	0	2
PF3D7_1443700	607	23818	260	290	0	16
PF3D7_0303800	5235	19190	2878	2356	1	209
PF3D7_0716800	5260	19165	1681	3577	0	14
PF3D7_1233300	11571	12854	6954	4617	0	721
PF3D7_0420600	15225	9200	10516	4709	0	292
PF3D7_0417900	9561	14864	3314	6247	0	562
PF3D7_1355700	5993	18432	1744	4248	1	698
PF3D7_0917200	4017	20408	3079	776	0	37
PF3D7_1452200	6867	17558	4762	2105	0	225
PF3D7_0615000	2037	22388	966	1071	0	74
PF3D7_0419200	613	23812	363	250	0	33
PF3D7_0504400	9493	14932	5423	4069	1	273
PF3D7_0934000	5485	18940	2189	3295	1	173
PF3D7_1111700	6522	17903	1262	5260	0	454
PF3D7_1126700	8117	16308	5261	1510	43	94
PF3D7_1456700	2804	21621	856	1948	0	100
PF3D7_1126800	9326	15099	2322	6993	11	1416
PF3D7_1317100	8311	16114	4247	4063	1	132
PF3D7_0619100	4238	20187	828	3336	0	47
PF3D7_1204300	412	24013	107	305	0	7
PF3D7_1206000	2515	21910	946	1569	0	58
PF3D7_1135400	2997	21428	268	2729	0	47
PF3D7_0517900	4012	20413	2880	1114	0	94
PF3D7_1358900	2349	22076	2231	89	0	6
PF3D7_0613700	3652	20773	2045	1607	0	156
PF3D7_1351300	1976	22449	601	1254	48	174
PF3D7_0216000	15780	8645	12873	2907	0	440
PF3D7_1030200	8001	16424	3455	4545	1	118
PF3D7_0520500	1122	23303	584	538	0	47
PF3D7_1122600	5310	19115	3399	705	0	81
PF3D7_0922500	5193	19232	3777	1416	0	52
PF3D7_1032300	7068	17357	1015	6052	1	515
PF3D7_1115300	14662	9763	10268	4394	0	164
PF3D7_1334700	2829	21596	2391	438	0	73
PF3D7_1138600	3840	20585	2509	1330	0	182
PF3D7_1235600	6379	18046	3407	2972	0	28
PF3D7_0501900	3522	20903	871	2632	0	54
PF3D7_1305700	3463	20962	478	2984	1	87
PF3D7_1407700	5074	19351	1647	3426	1	140
PF3D7_1472800	1865	22560	1477	328	5	24
PF3D7_1224600	996	23429	766	190	0	5
PF3D7_1440300	1369	23056	814	326	4	30
PF3D7_1368800	12915	11510	6614	6296	5	1972
PF3D7_0519100	826	23599	516	310	0	15
PF3D7_0514200	10811	13614	5416	5393	2	360
PF3D7_1110100	6978	17447	2572	4406	0	537
PF3D7_0918200	1849	22576	1186	652	0	18
PF3D7_0804400	8267	16158	4219	4047	1	289
PF3D7_0813000	4507	19918	1421	3086	0	146
PF3D7_1251700	3716	20709	1107	2603	0	206
PF3D7_0516100	22908	1517	21752	1156	0	695
PF3D7_1327700	1206	23219	685	519	2	57
PF3D7_1248400	2738	21687	1014	1724	0	166
PF3D7_1407000	10914	13511	7989	2924	1	286
PF3D7_1440000	11798	12627	6325	5459	12	1553
PF3D7_0323400	11793	12632	7846	3947	0	386
PF3D7_0419000	5177	19248	3053	1788	1	37
PF3D7_0926800	14062	10363	10588	3474	0	375
PF3D7_1209700	1962	22463	1767	187	0	25
PF3D7_0309500	5219	19206	3526	1692	1	83
PF3D7_1458300	10214	14211	5377	4832	0	847
PF3D7_0806200	10002	14423	6683	1352	12	63
PF3D7_0625500	2772	21653	1064	1708	0	109
PF3D7_0415300	19261	5164	17323	1935	0	189
PF3D7_0312500	5661	18764	1195	4462	4	291
PF3D7_1347600	2287	22138	1751	343	2	11
PF3D7_1402300	5129	19296	1955	3174	0	187
PF3D7_0103200	3927	20498	494	3429	0	98
PF3D7_1311500	4464	19961	3596	866	2	10
PF3D7_1423600	4897	19528	4741	143	0	7
PF3D7_0301800	4998	19427	2874	2064	0	56
PF3D7_1363600	1475	22950	279	1196	0	148
PF3D7_0213900	16995	7430	14553	2442	0	460
PF3D7_0916500	1623	22802	1251	112	0	14
PF3D7_1336600	2196	22229	277	1919	0	7
PF3D7_1231400	8839	15586	4952	3886	0	640
PF3D7_0114100	20750	3675	11327	9423	0	39
PF3D7_0708300	6907	17518	3926	2974	0	47
PF3D7_0210100	2386	22039	2329	57	0	6
PF3D7_1111200	5887	18538	3178	2709	0	309
PF3D7_1303300	4316	20109	234	4081	1	208
PF3D7_1139900	1360	23065	1095	247	0	25
PF3D7_0934900	4313	20112	3321	982	0	118
PF3D7_1035400	18792	5633	14141	3201	1450	49
PF3D7_0206100	1871	22554	1114	754	0	53
PF3D7_1010600	3591	20834	1527	2064	0	8
PF3D7_1217800	453	23972	209	244	0	16
PF3D7_0730800	8332	16093	4557	3775	0	127
PF3D7_0513800	1205	23220	307	898	0	10
PF3D7_1465900	4792	19633	4644	148	0	2
PF3D7_0107000	849	23576	762	80	0	5
PF3D7_0723100	4199	20226	2572	1626	1	138
PF3D7_1225500	5542	18883	2546	2994	0	113
PF3D7_0809600	14032	10393	6438	7593	1	3284
PF3D7_1025700	2339	22086	379	1960	0	70
PF3D7_1211200	11180	13245	5005	6174	1	1203
PF3D7_0204600	11127	13298	6252	4873	2	677
PF3D7_0102200	23766	659	22018	1713	35	116
PF3D7_1421900	1072	23353	262	809	1	61
PF3D7_1250200	7183	17242	3855	3286	0	284
PF3D7_1431400	8495	15930	3506	4987	2	484
PF3D7_1351700	9590	14835	3853	5737	0	990
PF3D7_1459300	849	23576	160	521	168	42
PF3D7_1209000	857	23568	365	491	0	52
PF3D7_0420100	10452	13973	4862	5589	1	329
PF3D7_1131400	14406	10019	6300	7817	1	518
PF3D7_1212700	9859	14566	6935	2924	0	316
PF3D7_0321300	10638	13787	4151	6487	0	1336
PF3D7_1205700	1130	23295	156	973	1	92
PF3D7_1323000	1621	22804	1073	546	0	71
PF3D7_0527200	9734	14691	6808	2919	1	277
PF3D7_1304900	1771	22654	1677	89	0	8
PF3D7_0814900	1815	22610	839	976	0	23
PF3D7_1032400	2911	21514	2551	349	0	14
PF3D7_1004600	9667	14758	3255	6368	0	644
PF3D7_1409000	9812	14613	6395	3417	0	319
PF3D7_0623800	12530	11895	5517	7012	1	1854
PF3D7_0511000	1233	23192	1101	132	0	18
PF3D7_1459600	7522	16903	4576	2925	0	299
PF3D7_1233900	6226	18199	2042	4184	0	610
PF3D7_1125700	8577	15848	4933	3188	1	160
PF3D7_0717400	11816	12609	6941	4875	0	971
PF3D7_1013400	6174	18251	3866	507	0	48
PF3D7_1321600	5172	19253	4542	428	0	28
PF3D7_0822300	503	23922	387	116	0	7
PF3D7_1349900	2098	22327	1425	673	0	80
PF3D7_1104200	11680	12745	6778	4895	0	305
PF3D7_0414100	14030	10395	8580	5410	2	491
PF3D7_0515800	2343	22082	28	2315	0	18
PF3D7_0613200	426	23999	189	237	0	8
PF3D7_1365700	1059	23366	262	781	0	46
PF3D7_0730400	616	23809	488	122	0	7
PF3D7_1132600	3998	20427	2389	1606	2	167
PF3D7_1476200	4960	19465	1190	3753	7	234
PF3D7_1318800	5367	19058	2776	2591	0	44
PF3D7_1416200	20880	3545	18251	2629	0	664
PF3D7_1339600	4801	19624	298	4503	0	488
PF3D7_1032900	11296	13129	4848	6447	1	1651
PF3D7_1132400	15195	9230	10790	4404	1	830
PF3D7_1302050	1256	23169	910	328	18	31
PF3D7_1131600	14939	9486	10294	4644	1	1383
PF3D7_1412100	5313	19112	1772	3541	0	377
PF3D7_0626100	1867	22558	1261	146	0	16
PF3D7_1203500	3951	20474	966	2983	2	288
PF3D7_0911800	1220	23205	316	904	0	136
PF3D7_0210800	6347	18078	284	6063	0	282
PF3D7_0619900	862	23563	587	275	0	29
PF3D7_0729600	1832	22593	1614	136	0	12
PF3D7_0523700	8326	16099	3548	4777	0	854
PF3D7_1119900	11830	12595	6625	5189	16	1285
PF3D7_1012800	11496	12929	9178	2318	0	249
PF3D7_0212500	17239	7186	14503	2666	1	1289
PF3D7_0901900	4659	19766	1420	3215	11	123
PF3D7_0727300	8186	16239	1764	6422	0	675
PF3D7_1420300	6527	17898	4479	2048	0	125
PF3D7_0932900	1021	23404	142	879	0	74
PF3D7_0902300	4004	20421	2442	1555	1	121
PF3D7_0425200	18805	5620	9835	8968	1	246
PF3D7_1344500	3176	21249	2824	342	1	48
PF3D7_1022200	4660	19765	819	3789	1	83
PF3D7_1108200	1734	22691	1031	703	0	31
PF3D7_0727500	5981	18444	3285	2696	0	252
PF3D7_0932000	1612	22813	1570	32	0	1
PF3D7_1439800	606	23819	279	326	0	28
PF3D7_1469700	1252	23173	52	1190	10	77
PF3D7_1354100	1828	22597	359	1469	0	221
PF3D7_1144000	830	23595	741	89	0	6
PF3D7_1337000	8613	15812	5082	3528	3	351
PF3D7_0910600	2154	22271	2081	57	1	5
PF3D7_1250700	732	23693	454	276	0	33
PF3D7_1143500	9560	14865	3969	5591	0	729
PF3D7_1103400	9895	14530	6649	3244	2	345
PF3D7_1343200	3276	21149	989	2284	3	218
PF3D7_0928400	1377	23048	194	1183	0	46
PF3D7_1037500	5251	19174	3378	1872	1	43
PF3D7_0525600	3000	21425	812	2188	0	180
PF3D7_1408600	848	23577	422	393	0	7
PF3D7_1422900	5786	18639	311	5475	0	115
PF3D7_0508600	6636	17789	2197	4435	4	235
PF3D7_0112000	1989	22436	1590	398	1	26
PF3D7_0418600	12566	11859	6541	5993	32	1060
PF3D7_0104600	16182	8243	12554	3628	0	620
PF3D7_1228900	9715	14710	5955	1397	0	8
PF3D7_0709400	9075	15350	4595	3591	0	266
PF3D7_0621800	1305	23120	1122	181	0	8
PF3D7_1441700	2637	21788	423	2214	0	167
PF3D7_1031700	760	23665	537	151	0	14
PF3D7_0933400	1960	22465	946	1014	0	69
PF3D7_1107600	10047	14378	3808	6239	0	714
PF3D7_1031300	14971	9454	10624	4347	0	548
PF3D7_1332400	7687	16738	3403	4284	0	466
PF3D7_1248000	2898	21527	1372	1526	0	116
PF3D7_1207700	6697	17728	6590	89	0	11
PF3D7_1029400	3513	20912	1230	2283	0	95
PF3D7_1208400	11005	13420	4636	6367	2	725
PF3D7_0410900	15501	8924	13001	2500	0	359
PF3D7_1329100	12432	11993	7977	4455	0	802
PF3D7_0311100	10470	13955	6187	4280	1	328
PF3D7_0316300	2721	21704	1174	1543	0	44
PF3D7_0930400	9511	14914	4852	4645	1	278
PF3D7_1322200	12622	11803	6910	5506	0	1486
PF3D7_0936500	4480	19945	551	3908	20	138
PF3D7_0107400	536	23889	158	378	0	33
PF3D7_1227300	5014	19411	610	4403	1	583
PF3D7_0710700	6164	18261	405	5759	0	140
PF3D7_1417300	8223	16202	1710	6510	3	709
PF3D7_0109500	643	23782	429	214	0	16
PF3D7_1455000	1258	23167	849	403	0	18
PF3D7_0502000	9179	15246	4305	4872	1	480
PF3D7_0415200	18107	6318	14717	3390	0	1520
PF3D7_1433800	17950	6475	12286	5663	1	1134
PF3D7_1318300	24385	40	24359	26	0	19
PF3D7_1461600	8759	15666	4236	4521	0	295
PF3D7_0625300	19044	5381	13065	5979	0	461
PF3D7_1369600	9575	14850	5079	4496	0	358
PF3D7_0915700	4125	20300	513	3611	1	48
PF3D7_0715300	3896	20529	2731	1089	0	94
PF3D7_1309800	4457	19968	1475	2980	0	107
PF3D7_0314000	990	23435	823	147	0	8
PF3D7_1311900	4803	19622	3866	937	0	44
PF3D7_1145200	11541	12884	6071	5470	0	2159
PF3D7_0726600	3102	21323	688	2407	0	295
PF3D7_1247700	4736	19689	228	4508	0	262
PF3D7_0819900	2087	22338	2008	78	0	10
PF3D7_0523900	982	23443	605	377	0	43
PF3D7_1404000	3863	20562	265	3597	0	35
PF3D7_1234600	16675	7750	13419	3256	0	271
PF3D7_0916800	258	24167	146	112	0	14
PF3D7_1215800	3636	20789	1192	2444	0	211
PF3D7_1115700	16170	8255	8148	8022	0	102
PF3D7_1319000	18122	6303	13854	4267	1	856
PF3D7_1337200	10382	14043	5397	4985	0	844
PF3D7_0611100	572	23853	426	127	19	6
PF3D7_1413500	2268	22157	622	1646	0	98
PF3D7_1333200	10775	13650	5530	5245	0	1219
PF3D7_1225100	9004	15421	3612	5200	0	375
PF3D7_0731500	17872	6553	14363	3508	0	765
PF3D7_0904100	10352	14073	4547	5799	1	874
PF3D7_0424000	6337	18088	2405	3914	17	286
PF3D7_0613100	267	24158	214	52	0	7
PF3D7_0516200	676	23749	602	70	0	1
PF3D7_1452400	12738	11687	9172	3566	0	459
PF3D7_1115400	6523	17902	3229	3293	1	158
PF3D7_0810600	6398	18027	1422	4968	8	144
PF3D7_1413300	3282	21143	3213	69	0	15
PF3D7_1251000	1062	23363	973	44	0	7
PF3D7_1246300	5598	18827	3535	388	0	18
PF3D7_1037300	1724	22701	677	1047	0	13
PF3D7_1143700	4774	19651	1277	2575	0	77
PF3D7_0924000	14374	10051	9293	5081	0	624
PF3D7_1454700	4975	19450	4035	940	0	77
PF3D7_0304800	7824	16601	1496	6328	0	749
PF3D7_1033100	14643	9782	9225	5417	1	3107
PF3D7_0627900	1455	22970	1004	425	0	36
PF3D7_1305100	3326	21099	329	2997	0	165
PF3D7_1356100	7359	17066	2521	4837	1	587
PF3D7_0507900	2502	21923	2435	67	0	16
PF3D7_1211000	14560	9865	9755	4794	0	472
PF3D7_1456900	818	23607	585	222	0	12
PF3D7_1137800	1826	22599	134	1692	0	59
PF3D7_0935700	2136	22289	1091	1021	22	81
PF3D7_1467900	9412	15013	2814	6598	0	657
PF3D7_1215400	6981	17444	3898	3083	0	258
PF3D7_1445300	7517	16908	3454	4063	0	302
PF3D7_1436600	7001	17424	5653	1253	0	51
PF3D7_1418900	6617	17808	3589	3028	0	301
PF3D7_0803700	4210	20215	2092	2118	0	9
PF3D7_1467700	814	23611	548	260	1	22
PF3D7_0417800	14126	10299	8152	5974	0	240
PF3D7_1011000	1193	23232	892	300	0	6
PF3D7_1346300	4033	20392	2996	562	469	19
PF3D7_1357100	16417	8008	15674	743	0	4
PF3D7_0416800	671	23754	344	327	0	8
PF3D7_0726800	495	23930	283	212	0	14
PF3D7_0402100	8012	16413	3624	4375	13	275
PF3D7_0717600	4257	20168	1790	2405	1	153
PF3D7_1030800	1541	22884	495	1046	0	80
PF3D7_0110200	2124	22301	1637	487	0	27
PF3D7_0519900	5690	18735	555	5132	3	278
PF3D7_1442600	24169	256	23861	308	0	134
PF3D7_0919300	982	23443	507	471	0	25
PF3D7_0809200	9820	14605	2184	7635	1	1438
PF3D7_0416600	3676	20749	767	2909	0	48
PF3D7_1019600	14164	10261	9429	4695	40	1037
PF3D7_1420400	7431	16994	3207	4223	1	332
PF3D7_1024700	3731	20694	717	3014	0	186
PF3D7_0314100	1728	22697	1556	158	0	10
PF3D7_0728200	3384	21041	1634	1749	1	215
PF3D7_0723200	1923	22502	1107	810	0	28
PF3D7_0716900	5219	19206	488	4731	0	14
PF3D7_0623500	2581	21844	2479	54	0	5
PF3D7_1149000	24295	130	24106	189	0	88
PF3D7_0704600	16048	8377	10942	5096	4	2396
PF3D7_0523100	4545	19880	3802	739	0	69
PF3D7_0704000	13042	11383	6337	6695	10	3376
PF3D7_0207200	1640	22785	1419	221	0	31
PF3D7_0502300	1579	22846	225	1349	5	115
PF3D7_1314600	4583	19842	1796	2787	0	95
PF3D7_0106800	967	23458	920	41	0	6
PF3D7_1027000	19972	4453	17735	2237	0	733
PF3D7_1415400	18117	6308	14247	3870	0	1038
PF3D7_1324700	937	23488	413	524	0	25
PF3D7_1465000	1568	22857	565	1003	0	86
PF3D7_0220500	7203	17222	6551	652	0	17
PF3D7_1426300	5437	18988	4178	1258	1	95
PF3D7_0532200	6113	18312	524	5588	0	185
PF3D7_0415000	4828	19597	658	4170	0	35
PF3D7_1247000	1641	22784	1429	178	2	20
PF3D7_0820100	2433	21992	1802	525	0	33
PF3D7_1326500	12396	12029	6661	5735	0	1001
PF3D7_1028000	6841	17584	6022	81	0	14
PF3D7_1243800	3978	20447	3295	680	0	90
PF3D7_1459100	6890	17535	3761	3129	0	424
PF3D7_0109300	1157	23268	649	508	0	44
PF3D7_1012500	7455	16970	5567	1888	0	116
PF3D7_1461200	688	23737	301	387	0	37
PF3D7_1224200	4703	19722	2842	1860	0	124
PF3D7_0931700	8860	15565	5013	3779	56	197
PF3D7_0906700	3749	20676	232	3516	1	483
PF3D7_0716400	1187	23238	1112	68	3	3
PF3D7_1202100	17115	7310	7925	2667	6049	32
PF3D7_0810800	6131	18294	1813	4317	0	85
PF3D7_0508100	12740	11685	8279	4459	2	759
PF3D7_0708000	6819	17606	3069	3746	0	241
PF3D7_0309700	5533	18892	2410	3103	20	350
PF3D7_0311600	7405	17020	3327	3677	0	170
PF3D7_0618100	5041	19384	2645	2396	0	336
PF3D7_0103500	19609	4816	17733	1687	4	272
PF3D7_0302200	24402	23	23251	869	0	4
PF3D7_1244000	5905	18520	1711	4166	1	367
PF3D7_0918700	10034	14391	5264	4219	2	492
PF3D7_1318700	7739	16686	5113	2626	0	307
PF3D7_0816700	2501	21924	2388	111	0	16
PF3D7_1412900	2394	22031	1901	363	0	30
PF3D7_0417000	882	23543	712	149	0	24
PF3D7_1318000	809	23616	284	524	1	62
PF3D7_1368100	6397	18028	3850	2545	1	11
PF3D7_1362900	23307	1118	21900	1406	0	215
PF3D7_1118300	14562	9863	10486	4075	1	484
PF3D7_1303200	1416	23009	1201	208	0	13
PF3D7_1360400	1728	22697	402	1326	0	208
PF3D7_1332100	4966	19459	1882	3075	9	284
PF3D7_1245800	15134	9291	13371	1732	0	112
PF3D7_0215300	9558	14867	4239	5318	1	448
PF3D7_1311400	4394	20031	3157	1237	0	32
PF3D7_1451100	8655	15770	7733	922	0	11
PF3D7_1127600	2387	22038	2160	215	1	8
PF3D7_1008800	2344	22081	1153	1191	0	104
PF3D7_1221600	4800	19625	1236	3564	0	251
PF3D7_0932800	11092	13333	6730	4361	0	295
PF3D7_1238300	21837	2588	19952	1885	0	369
PF3D7_1366400	17605	6820	14024	3581	0	1076
PF3D7_1457000	3653	20772	3191	439	0	31
PF3D7_1430100	1583	22842	1262	320	0	43
PF3D7_0935300	920	23505	847	72	0	4
PF3D7_1343900	6688	17737	2960	3728	0	325
PF3D7_1219600	11048	13377	6714	4333	0	182
PF3D7_1313600	9579	14846	3734	5845	0	1236
PF3D7_1233700	3269	21156	520	2745	4	327
PF3D7_1424100	2835	21590	2171	663	1	35
PF3D7_1426900	442	23983	123	319	0	12
PF3D7_1455900	2032	22393	1658	205	0	7
PF3D7_0518900	1313	23112	1088	215	2	28
PF3D7_1403300	9288	15137	2289	6860	139	667
PF3D7_0618200	1252	23173	779	473	0	45
PF3D7_1241700	2293	22132	1659	633	1	16
PF3D7_0318200	15066	9359	10843	4223	0	1297
PF3D7_1301400	2744	21681	1452	1290	2	105
PF3D7_1304500	1603	22822	268	1335	0	69
PF3D7_1239400	863	23562	234	629	0	74
PF3D7_1143100	15597	8828	11388	4209	0	1413
PF3D7_1339900	7808	16617	3981	3825	2	395
PF3D7_1313900	2294	22131	842	1397	55	152
PF3D7_1452800	2368	22057	1232	1109	0	77
PF3D7_0705800	990	23435	836	129	2	12
PF3D7_1221700	12787	11638	10713	2073	1	191
PF3D7_1110700	2309	22116	1607	694	0	60
PF3D7_1468900	5746	18679	1894	3851	1	456
PF3D7_1237000	6353	18072	2429	3923	0	281
PF3D7_1231300	6224	18201	3699	2525	0	288
PF3D7_1201100	9823	14602	4372	5448	2	283
PF3D7_1221900	9951	14474	4768	5180	3	537
PF3D7_0514800	15336	9089	1749	6292	7295	634
PF3D7_1420200	7617	16808	2214	5402	1	586
PF3D7_0319400	19136	5289	17055	2081	0	322
PF3D7_0610900	8830	15595	4473	4356	1	289
PF3D7_1302400	734	23691	504	203	0	4
PF3D7_1031100	963	23462	434	527	1	88
PF3D7_0813800	5179	19246	3328	1851	0	38
PF3D7_0208800	1532	22893	325	1206	1	99
PF3D7_0528800	5565	18860	619	4945	1	292
PF3D7_0103100	15294	9131	10145	5146	3	1150
PF3D7_1339300	1487	22938	298	1189	0	50
PF3D7_1218200	10098	14327	3312	6786	0	1815
PF3D7_0913600	11452	12973	6560	4892	0	932
PF3D7_1234300	5943	18482	5450	409	0	26
PF3D7_1204700	709	23716	577	128	0	16
PF3D7_0310200	24323	102	24212	111	0	46
PF3D7_1471100	1989	22436	313	1661	0	37
PF3D7_1475300	1783	22642	439	1344	0	76
PF3D7_0209300	2011	22414	952	1058	0	61
PF3D7_0303100	12507	11918	8097	4410	0	947
PF3D7_1437600	6470	17955	3088	3381	1	466
PF3D7_1328000	11703	12722	4929	6774	0	825
PF3D7_0928100	9285	15140	4156	5129	0	255
PF3D7_1311100	6233	18192	2936	3296	1	265
PF3D7_0203200	7159	17266	2909	4250	0	299
PF3D7_1032100	11957	12468	5131	6822	4	1696
PF3D7_1326400	1611	22814	1460	97	0	15
PF3D7_0913500	2045	22380	1498	525	0	25
PF3D7_0219900	2392	22033	859	1226	0	54
PF3D7_0114000	20880	3545	18785	2078	17	247
PF3D7_0921500	2297	22128	294	2003	0	196
PF3D7_0714100	4478	19947	1840	2638	0	207
PF3D7_0820200	6789	17636	697	6092	0	503
PF3D7_0724500	1588	22837	1152	427	0	47
PF3D7_1019700	24010	415	23651	359	0	100
PF3D7_1356400	6595	17830	2650	3944	1	548
PF3D7_1014200	9164	15261	6043	3120	1	146
PF3D7_1008100	14936	9489	10052	4884	0	1883
PF3D7_0927900	6161	18264	1639	4521	1	26
PF3D7_1250900	3383	21042	2322	1061	0	102
PF3D7_0612900	9304	15121	2506	6736	62	254
PF3D7_1106000	4430	19995	673	3757	0	60
PF3D7_0530700	12544	11881	7875	4647	0	767
PF3D7_0907700	3135	21290	958	2177	0	41
PF3D7_0914700	4382	20043	839	3543	0	170
PF3D7_0104300	21217	3208	18668	2548	0	1102
PF3D7_1331400	5769	18656	2271	3493	5	156
PF3D7_0913300	4759	19666	1589	2794	0	197
PF3D7_1144200	3747	20678	909	2835	0	188
PF3D7_0727400	4123	20302	3790	326	0	16
PF3D7_1211500	3234	21191	1994	1238	2	149
PF3D7_1312200	3087	21338	655	2420	0	93
PF3D7_1231000	5620	18805	2888	2630	5	265
PF3D7_1322500	4839	19586	3409	1160	0	44
PF3D7_0318400	3234	21191	2313	165	1	15
PF3D7_0603900	3104	21321	703	2401	0	122
PF3D7_0623300	6634	17791	2835	3530	0	14
PF3D7_1364800	2526	21899	2487	37	0	1
PF3D7_1479000	9352	15073	4199	5019	134	787
PF3D7_1318100	1369	23056	673	696	0	49
PF3D7_0513100	2394	22031	1783	611	0	15
PF3D7_0703800	19926	4499	17685	2241	0	332
PF3D7_1213500	3308	21117	1063	2244	0	194
PF3D7_1354000	4372	20053	1492	2871	9	439
PF3D7_1301600	11032	13393	6454	4571	0	343
PF3D7_0114800	6981	17444	1730	5185	66	124
PF3D7_0110100	21404	3021	19172	2232	0	178
PF3D7_0721700	4159	20266	2929	1230	0	109
PF3D7_0204200	631	23794	474	152	0	15
PF3D7_1466800	9954	14471	5650	4304	0	161
PF3D7_0607100	3004	21421	2638	106	0	19
PF3D7_0707600	1755	22670	401	1354	0	73
PF3D7_0726900	2326	22099	424	1902	0	241
PF3D7_0910100	7920	16505	5053	2862	2	124
PF3D7_1110900	4529	19896	585	3940	4	368
PF3D7_0108600	1712	22713	1455	109	0	9
PF3D7_1438400	18756	5669	13629	5125	0	1558
PF3D7_0722500	4230	20195	2544	1686	0	93
PF3D7_0419600	2263	22162	817	1408	38	46
PF3D7_1302300	832	23593	249	579	0	28
PF3D7_0721000	23708	717	23222	469	0	341
PF3D7_0522700	708	23717	429	274	0	50
PF3D7_0917100	8808	15617	3446	5358	4	690
PF3D7_0816900	5052	19373	1248	3804	0	96
PF3D7_1146000	6185	18240	3324	2859	2	374
PF3D7_0814000	1484	22941	1152	309	3	16
PF3D7_1302900	8967	15458	1348	7619	0	814
PF3D7_0311500	269	24156	50	219	0	10
PF3D7_0530500	6445	17980	1908	4523	1	471
PF3D7_0319900	718	23707	98	620	0	79
PF3D7_1349000	4054	20371	3627	192	0	19
PF3D7_0715900	6443	17982	439	6004	0	169
PF3D7_1444800	3132	21293	1606	1526	0	57
PF3D7_1122500	10626	13799	5890	4735	1	681
PF3D7_0310800	485	23940	93	392	0	21
PF3D7_0407600	12532	11893	7853	4679	0	735
PF3D7_1225700	6843	17582	2704	4139	0	527
PF3D7_0220800	12276	12149	7058	4277	0	59
PF3D7_1312500	271	24154	83	188	0	16
PF3D7_0823100	3146	21279	763	153	0	16
PF3D7_1352600	2539	21886	2249	137	0	15
PF3D7_1458100	703	23722	532	171	0	21
PF3D7_0106200	2743	21682	332	2410	0	88
PF3D7_0214900	17519	6906	12978	4518	0	343
PF3D7_1038200	861	23564	734	127	0	13
PF3D7_1119600	9975	14450	6434	3536	5	338
PF3D7_0403600	8976	15449	3366	5599	0	385
PF3D7_1238000	1240	23185	1115	124	0	12
PF3D7_1459400	1718	22707	673	1045	0	101
PF3D7_1217500	7666	16759	5069	2594	3	65
PF3D7_0216200	4261	20164	820	3440	1	125
PF3D7_1315600	1926	22499	1820	65	1	8
PF3D7_1418000	1318	23107	1227	75	0	14
PF3D7_1305200	1721	22704	482	1239	0	129
PF3D7_0510100	15318	9107	10207	5110	1	1524
PF3D7_1243700	18114	6311	15306	2807	1	129
PF3D7_1007400	2124	22301	994	1129	1	98
PF3D7_1002100	14274	10151	12173	2101	0	79
PF3D7_0626700	3779	20646	1670	2108	1	87
PF3D7_1471900	14296	10129	10164	4034	1	989
PF3D7_0302600	10358	14067	3412	6946	0	983
PF3D7_1461300	1305	23120	245	1060	0	1
PF3D7_1028300	2796	21629	658	2134	4	155
PF3D7_0622100	8491	15934	3059	5427	5	731
PF3D7_1420600	6448	17977	1617	4766	55	252
PF3D7_0318600	5619	18806	3093	2525	1	312
PF3D7_1020600	21413	3012	19271	2142	0	532
PF3D7_0718100	11790	12635	7852	3835	0	509
PF3D7_1017500	265	24160	194	66	0	6
PF3D7_0311300	5212	19213	3468	1696	0	178
PF3D7_0936400	1799	22626	469	1330	0	82
PF3D7_1139800	9736	14689	3998	5738	0	1334
PF3D7_0527100	1098	23327	928	167	0	4
PF3D7_1324000	24039	386	23946	93	0	80
PF3D7_0528000	1820	22605	1290	530	0	29
PF3D7_1453800	8857	15568	5049	3808	0	301
PF3D7_0623200	2101	22324	576	1525	0	116
PF3D7_1450600	4743	19682	647	4096	0	337
PF3D7_0816100	1272	23153	1048	221	0	23
PF3D7_1329600	12229	12196	11527	702	0	89
PF3D7_1007500	1669	22756	1166	503	0	65
PF3D7_1359700	16932	7493	12442	4490	0	2338
PF3D7_1449900	2725	21700	241	2484	0	240
PF3D7_0706000	8963	15462	5939	3024	0	128
PF3D7_1413100	5678	18747	439	5235	0	360
PF3D7_0728100	19157	5268	14527	4626	4	2416
PF3D7_1432700	2124	22301	1709	413	1	8
PF3D7_0925900	1788	22637	1356	432	0	21
PF3D7_1223600	11645	12780	8623	3014	0	425
PF3D7_1232100	6348	18077	4615	1723	0	52
PF3D7_0319300	543	23882	175	368	0	11
PF3D7_1445000	3504	20921	1770	1734	0	180
PF3D7_0710900	6357	18068	1333	5024	0	190
PF3D7_1359200	2393	22032	2237	144	0	13
PF3D7_0931800	2225	22200	257	1968	0	62
PF3D7_0821500	5651	18774	1661	3990	0	216
PF3D7_0315800	2621	21804	434	2187	0	175
PF3D7_1405200	583	23842	180	402	0	50
PF3D7_1361200	12928	11497	7573	5343	0	1295
PF3D7_1364500	5911	18514	4238	1673	0	244
PF3D7_0625600	5539	18886	2150	3389	0	86
PF3D7_0932600	3110	21315	1558	1552	0	45
PF3D7_0607200	2748	21677	542	2206	0	83
PF3D7_0519300	16433	7992	11574	4859	0	303
PF3D7_0311200	10994	13431	6739	4244	0	526
PF3D7_0212100	20308	4117	17818	2487	3	653
PF3D7_1322700	3894	20531	2358	1535	1	121
PF3D7_0802600	21666	2759	19437	2217	11	604
PF3D7_1143200	3521	20904	861	2658	0	133
PF3D7_1207600	7725	16700	3718	4004	3	266
PF3D7_0824500	1728	22697	278	1060	0	98
PF3D7_1417100	2883	21542	298	2584	1	178
PF3D7_1234700	9857	14568	5571	4229	1	462
PF3D7_1431100	1550	22875	428	1122	0	61
PF3D7_0703900	22170	2255	20184	1985	1	1543
PF3D7_0911400	8840	15585	2873	5966	0	550
PF3D7_1031000	1269	23156	286	983	0	32
PF3D7_0933500	15625	8800	12534	3091	0	378
PF3D7_0917600	8787	15638	5662	3125	0	211
PF3D7_1411400	10572	13853	4714	5858	0	793
PF3D7_1010900	2809	21616	1199	1595	0	132
PF3D7_1237600	3557	20868	1035	2480	0	186
PF3D7_1003800	8862	15563	4952	3910	0	520
PF3D7_1350400	5876	18549	3003	2873	0	260
PF3D7_1346900	1067	23358	286	775	6	79
PF3D7_0611900	1623	22802	1174	448	0	16
PF3D7_1233050	1572	22853	1543	29	0	5
PF3D7_0731800	7868	16557	1459	6409	0	228
PF3D7_0523300	554	23871	349	204	0	6
PF3D7_0909000	13311	11114	7043	6264	1	282
PF3D7_0216900	16687	7738	12688	3999	0	454
PF3D7_1322000	7559	16866	3318	4185	0	265
PF3D7_1357400	8706	15719	3718	4988	0	739
PF3D7_0925000	1682	22743	1456	106	0	17
PF3D7_1478800	3585	20840	737	2427	421	149
PF3D7_0809800	11029	13396	5318	5705	5	345
PF3D7_1105000	308	24117	118	190	0	1
PF3D7_1001800	1297	23128	198	1089	0	63
PF3D7_0826200	6683	17742	844	5838	1	367
PF3D7_0321600	5717	18708	1786	3928	0	307
PF3D7_1469100	1564	22861	373	1191	0	124
PF3D7_1038000	531	23894	394	136	0	1
PF3D7_1024100	16561	7864	12873	3688	0	391
PF3D7_1114200	2737	21688	2668	60	0	9
PF3D7_0416100	9122	15303	5489	3633	0	185
PF3D7_0912100	5288	19137	2910	2302	76	256
PF3D7_1309700	11504	12921	5211	6290	3	1802
PF3D7_1333600	14197	10228	10179	4018	0	914
PF3D7_1415800	2690	21735	1340	1340	10	86
PF3D7_1329000	14588	9837	11171	3352	0	477
PF3D7_0823400	3455	20970	2915	486	0	18
PF3D7_0801900	23733	692	23069	653	11	500
PF3D7_0612600	3961	20464	2335	1626	0	159
PF3D7_0935200	14093	10332	10049	4044	0	564
PF3D7_0109200	2158	22267	1577	581	0	39
PF3D7_1249500	5312	19113	4784	493	0	10
PF3D7_1214500	2355	22070	2010	335	0	34
PF3D7_1340000	12851	11574	9439	3412	0	474
PF3D7_1147100	586	23839	459	105	1	16
PF3D7_1311800	7773	16652	4264	3509	0	244
PF3D7_0308200	10290	14135	4729	5561	0	49
PF3D7_1224300	6566	17859	2753	3812	1	127
PF3D7_0306900	1718	22707	1449	268	0	5
PF3D7_1226800	2310	22115	1938	365	0	34
PF3D7_1467300	7109	17316	4007	3101	1	201
PF3D7_0320400	13968	10457	9443	4525	0	2365
PF3D7_0603800	11786	12639	7973	2579	0	209
PF3D7_1140200	9487	14938	3982	5503	2	387
PF3D7_1369300	3565	20860	1044	2509	9	309
PF3D7_1454000	2942	21483	951	1991	0	277
PF3D7_1227400	12384	12041	8875	3508	1	465
PF3D7_1145400	7487	16938	3907	3579	1	125
PF3D7_0612500	2884	21541	2637	247	0	31
PF3D7_0108700	21412	3013	18094	3314	4	444
PF3D7_1117000	11974	12451	7492	4477	1	512
PF3D7_1410700	3914	20511	1633	2277	0	64
PF3D7_0720800	4165	20260	3661	102	0	14
PF3D7_1121900	3424	21001	621	2803	0	213
PF3D7_1119100	4278	20147	1734	2541	1	68
PF3D7_1345500	1702	22723	649	1053	0	125
PF3D7_0727700	7739	16686	1519	6220	0	879
PF3D7_1451500	800	23625	155	645	0	72
PF3D7_1038500	6803	17622	3183	3617	0	85
PF3D7_1406600	8140	16285	2524	5615	1	704
PF3D7_1132200	4054	20371	2506	1548	0	57
PF3D7_1228500	1890	22535	1129	760	0	95
PF3D7_0802500	14027	10398	9336	4691	0	436
PF3D7_0911300	13040	11385	7424	5616	0	2530
PF3D7_0531200	964	23461	113	851	0	36
PF3D7_0920800	4124	20301	2180	1944	0	73
PF3D7_1326600	23382	1043	22305	1077	0	497
PF3D7_1002700	9470	14955	4161	5299	10	486
PF3D7_1137600	4531	19894	585	3914	0	451
PF3D7_1322100	12773	11652	6959	5809	0	1325
PF3D7_0113100	16401	8024	11044	5148	71	3356
PF3D7_1106400	2804	21621	2189	615	0	31
PF3D7_1358700	775	23650	118	657	0	18
PF3D7_1118100	265	24160	92	173	0	4
PF3D7_1429000	2109	22316	528	1581	0	94
PF3D7_1017800	7864	16561	2833	5028	0	450
PF3D7_0813600	1472	22953	340	1034	0	80
PF3D7_1003100	448	23977	267	174	6	11
PF3D7_1212900	6284	18141	1368	4915	1	430
PF3D7_0320500	4384	20041	239	4144	1	142
PF3D7_1318400	7189	17236	3115	4074	0	161
PF3D7_1420700	7952	16473	4382	3569	0	414
PF3D7_1313700	2442	21983	1264	1177	1	175
PF3D7_1019500	6141	18284	5643	188	0	9
PF3D7_0502700	1085	23340	497	545	17	38
PF3D7_1223000	1275	23150	1024	236	1	26
PF3D7_1133000	4350	20075	428	3922	0	18
PF3D7_1208000	778	23647	524	253	0	27
PF3D7_1454200	8043	16382	3462	4581	0	601
PF3D7_0610400	666	23759	58	607	1	1
PF3D7_1230100	6237	18188	3114	3123	0	217
PF3D7_0321400	1924	22501	1386	519	0	44
PF3D7_0419700	2136	22289	233	1903	0	124
PF3D7_1132800	2105	22320	415	1690	0	31
PF3D7_0907800	4623	19802	740	3882	1	108
PF3D7_1455300	7501	16924	1055	6432	14	799
PF3D7_0932100	16496	7929	12547	3946	0	466
PF3D7_1464700	5059	19366	2976	2083	0	45
PF3D7_0730500	11167	13258	4760	6407	0	1862
PF3D7_0410300	13577	10848	9345	4232	0	364
PF3D7_1477100	2480	21945	350	2018	35	206
PF3D7_1130000	10505	13920	6039	4441	25	678
PF3D7_1436700	5556	18869	2705	2850	0	495
PF3D7_1009500	6613	17812	5231	1379	0	159
PF3D7_0710000	15606	8819	11014	4512	0	3284
PF3D7_1026500	483	23942	260	223	0	19
PF3D7_0408700	12165	12260	8027	2111	0	28
PF3D7_0805000	1345	23080	1200	117	0	8
PF3D7_1341200	1851	22574	1580	271	0	24
PF3D7_1016900	5311	19114	219	5092	0	49
PF3D7_0311900	16524	7901	11587	4937	0	706
PF3D7_0315600	4234	20191	2551	1368	5	86
PF3D7_1111000	7113	17312	2896	4217	0	396
PF3D7_0521500	2070	22355	696	1368	0	148
PF3D7_0405200	8095	16330	7591	378	0	10
PF3D7_1210000	1892	22533	773	1105	0	72
PF3D7_1108800	1045	23380	559	483	0	67
PF3D7_1209600	3555	20870	1231	2324	0	267
PF3D7_1352000	19421	5004	17333	2088	0	1030
PF3D7_1131300	8171	16254	1008	7163	0	382
PF3D7_0920500	2276	22149	2025	239	0	9
PF3D7_1365200	398	24027	290	108	0	9
PF3D7_1103700	801	23624	173	628	0	32
PF3D7_1360700	7702	16723	3348	4303	3	401
PF3D7_0605300	7385	17040	6395	986	0	4
PF3D7_0517300	592	23833	317	271	0	10
PF3D7_1208500	10126	14299	3135	6991	0	1939
PF3D7_0936700	6359	18066	3930	2324	105	214
PF3D7_1141800	1366	23059	990	306	0	22
PF3D7_1120200	381	24044	258	123	0	4
PF3D7_1336400	4123	20302	864	3257	0	15
PF3D7_0815500	2560	21865	1234	1239	0	63
PF3D7_0935800	10136	14289	6010	2156	0	47
PF3D7_0514300	14883	9542	9678	5205	0	762
PF3D7_1472100	1632	22793	1336	245	0	16
PF3D7_0913000	1575	22850	1369	204	1	28
PF3D7_0614800	8019	16406	2430	4649	940	219
PF3D7_0821300	7466	16959	3443	3974	0	199
PF3D7_1457500	2617	21808	1324	1293	0	97
PF3D7_1353800	1152	23273	354	798	0	32
PF3D7_1351900	10245	14180	5318	4926	1	192
PF3D7_0420400	6836	17589	459	6377	0	136
PF3D7_0214400	4721	19704	992	3727	0	286
PF3D7_0210200	21257	3168	20168	1089	0	918
PF3D7_1407200	3798	20627	2251	1532	0	40
PF3D7_0530400	12493	11932	6484	6008	1	1664
PF3D7_1132100	7206	17219	1450	5756	0	841
PF3D7_1317400	3436	20989	299	3136	1	123
PF3D7_0608100	22061	2364	20092	1969	0	188
PF3D7_1121500	5285	19140	3142	2143	0	156
PF3D7_1226400	5784	18641	677	4848	70	166
PF3D7_1455500	9030	15395	3420	5610	0	360
PF3D7_1442500	3940	20485	1578	2173	7	163
PF3D7_0619800	20218	4207	17867	2351	0	935
PF3D7_1237700	825	23600	304	502	19	33
PF3D7_1015100	4516	19909	3446	1070	0	179
PF3D7_0517000	1102	23323	732	370	0	10
PF3D7_1474200	17000	7425	11496	5475	29	3290
PF3D7_1326900	12291	12134	7848	4443	0	442
PF3D7_1004000	1712	22713	902	810	0	31
PF3D7_0728000	1281	23144	820	461	0	20
PF3D7_1245400	2580	21845	1740	840	0	53
PF3D7_1214300	1603	22822	737	849	1	82
PF3D7_1445500	1007	23418	122	853	32	84
PF3D7_1217300	18665	5760	16694	1966	5	201
PF3D7_0817900	683	23742	466	217	0	6
PF3D7_0827700	10424	14001	3336	7088	0	1184
PF3D7_0318300	14582	9843	9791	4788	0	354
PF3D7_1036300	20548	3877	16518	4029	1	402
PF3D7_0215100	2883	21542	1631	1227	1	14
PF3D7_0218500	397	24028	172	224	1	11
PF3D7_1111300	1915	22510	847	1068	0	89
PF3D7_1110400	12635	11790	7822	4811	0	634
PF3D7_1462800	5764	18661	3256	2508	0	22
PF3D7_0927400	7766	16659	4670	3084	0	329
PF3D7_0320900	1843	22582	1753	89	0	2
PF3D7_1128000	16617	7808	13723	2892	0	616
PF3D7_0525500	18217	6208	15228	2989	0	941
PF3D7_0728800	4073	20352	1689	2384	0	269
PF3D7_1357000	20125	4300	17131	2994	0	3
PF3D7_1409400	4697	19728	1540	3157	0	12
PF3D7_1138700	12128	12297	6598	5530	0	1192
PF3D7_0516800	21096	3329	18467	2629	0	439
PF3D7_1476000	2087	22338	1034	1052	1	16
PF3D7_0705500	13567	10858	8534	5033	0	1537
PF3D7_1321800	1840	22585	1390	447	0	55
PF3D7_0204100	21019	3406	19076	1943	0	719
PF3D7_1205200	1398	23027	300	1097	1	124
PF3D7_0804900	8385	16040	1815	6570	0	221
PF3D7_1472600	4110	20315	2545	1416	0	196
PF3D7_0616800	4589	19836	1627	2962	0	61
PF3D7_1245500	4716	19709	4251	214	1	21
PF3D7_1110000	4398	20027	979	3419	0	42
PF3D7_0726400	15576	8849	8715	6827	2	3056
PF3D7_1229000	11775	12650	7066	4709	0	594
PF3D7_0609100	4671	19754	2022	939	0	38
PF3D7_0623400	1954	22471	506	1448	0	91
PF3D7_0402400	8078	16347	1846	5899	333	176
PF3D7_0220200	1660	22765	742	918	0	21
PF3D7_1461800	21846	2579	19599	2247	0	671
PF3D7_0408400	1498	22927	604	882	3	73
PF3D7_0715400	1953	22472	513	1440	0	38
PF3D7_0626200	3629	20796	817	2812	0	222
PF3D7_0720900	6949	17476	5601	1324	0	55
PF3D7_1358100	7062	17363	2447	4615	0	400
PF3D7_0108100	4516	19909	1252	3263	1	213
PF3D7_0719100	1749	22676	1636	111	0	7
PF3D7_1146300	5215	19210	2016	3199	0	121
PF3D7_1325100	6396	18029	4740	1656	0	39
PF3D7_0933300	10714	13711	4413	6301	0	507
PF3D7_0908500	11192	13233	7162	2450	3	326
PF3D7_0108500	18225	6200	13462	4761	2	269
PF3D7_0313900	14188	10237	6930	7258	0	1064
PF3D7_0531300	3287	21138	390	2897	0	148
PF3D7_0510300	4116	20309	3956	159	1	22
PF3D7_1417900	886	23539	705	157	0	27
PF3D7_0302700	408	24017	99	309	0	26
PF3D7_1301900	3722	20703	536	3186	0	27
PF3D7_0613400	1982	22443	1645	335	0	32
PF3D7_1306800	2537	21888	98	2438	1	204
PF3D7_1123800	8590	15835	3424	5166	0	450
PF3D7_0301400	5992	18433	526	5465	1	131
PF3D7_1247100	1032	23393	531	482	0	75
PF3D7_0934300	789	23636	252	454	83	35
PF3D7_0401600	12582	11843	6772	5810	0	1198
PF3D7_1143600	4487	19938	1750	2737	0	150
PF3D7_0419800	969	23456	94	875	0	60
PF3D7_1243900	22264	2161	21621	491	0	62
PF3D7_1226000	5987	18438	2610	3371	0	263
PF3D7_1409900	6179	18246	2039	4140	0	240
PF3D7_0819300	7092	17333	1255	5837	0	810
PF3D7_0111800	3010	21415	1728	1133	1	82
PF3D7_1022800	6020	18405	2916	3104	0	179
PF3D7_0829500	17137	7288	6287	10850	0	2046
PF3D7_1027200	5682	18743	1929	3752	1	129
PF3D7_1450700	7489	16936	3087	4393	9	624
PF3D7_0111900	276	24149	184	91	0	4
PF3D7_0724000	11149	13276	2430	8718	1	747
PF3D7_1214700	674	23751	224	450	0	34
PF3D7_1337500	24354	71	24309	45	0	33
PF3D7_1128900	4800	19625	2567	849	0	48
PF3D7_0615600	20127	4298	18827	1285	0	952
PF3D7_0617200	1541	22884	861	465	0	15
PF3D7_1246100	3294	21131	1756	1535	1	158
PF3D7_1348200	1702	22723	473	1222	7	63
PF3D7_0213100	1082	23343	725	356	0	13
PF3D7_1342300	5568	18857	4824	744	0	85
PF3D7_0304600	19459	4966	16112	3347	0	273
PF3D7_1463800	339	24086	105	234	0	20
PF3D7_1010400	9781	14644	7510	1542	74	30
PF3D7_1107300	16252	8173	11245	5007	0	1915
PF3D7_1244200	12555	11870	9598	2957	0	493
PF3D7_0504100	3952	20473	1080	2866	0	13
PF3D7_1307300	5478	18947	2856	2622	0	186
PF3D7_1365900	1472	22953	1250	221	0	3
PF3D7_1441800	1595	22830	929	665	0	68
PF3D7_1410800	396	24029	356	34	0	4
PF3D7_1430700	3228	21197	1989	1238	1	104
PF3D7_0614000	3846	20579	2617	1228	1	185
PF3D7_1431300	18009	6416	15612	2397	0	668
PF3D7_1105200	1831	22594	1165	95	3	10
PF3D7_1201300	3848	20577	307	3541	0	22
PF3D7_1105300	9291	15134	2761	6530	0	294
PF3D7_0516500	4829	19596	4522	301	0	38
PF3D7_1138350	1283	23142	925	344	9	44
PF3D7_0924700	3299	21126	286	3013	0	178
PF3D7_0417100	1741	22684	1146	413	0	14
PF3D7_1423200	8122	16303	5094	2273	588	66
PF3D7_1308600	8536	15889	1645	6889	2	1530
PF3D7_1330800	7591	16834	4259	3331	1	257
PF3D7_1410500	523	23902	169	353	0	42
PF3D7_1017300	6087	18338	2152	3933	2	318
PF3D7_0706400	450	23975	153	297	0	9
PF3D7_1313400	5044	19381	646	4398	0	443
PF3D7_0501000	4262	20163	1318	2944	0	65
PF3D7_1135000	1662	22763	1614	34	0	10
PF3D7_0317400	2139	22286	808	1312	4	42
PF3D7_1446400	4379	20046	518	3857	4	147
PF3D7_0825300	639	23786	106	532	1	41
PF3D7_0219700	4074	20351	693	3338	4	87
PF3D7_1207900	3369	21056	1386	1980	2	208
PF3D7_1430600	20934	3491	19572	1362	0	142
PF3D7_0729200	2039	22386	898	1139	0	34
PF3D7_1231500	402	24023	175	226	1	2
PF3D7_1401700	14239	10186	8303	5936	0	271
PF3D7_1322600	6295	18130	1915	4379	1	366
PF3D7_1130200	3240	21185	2820	420	0	53
PF3D7_0820500	8006	16419	1969	6036	1	550
PF3D7_1220600	1750	22675	511	1194	0	53
PF3D7_1243500	616	23809	561	40	0	1
PF3D7_0815000	4580	19845	3178	1402	0	13
PF3D7_1422400	16346	8079	11162	5182	2	1926
PF3D7_0502900	263	24162	153	108	1	5
PF3D7_0908000	3717	20708	856	2700	0	117
PF3D7_1456500	9917	14508	3377	6540	0	1315
PF3D7_1415000	4233	20192	2526	1707	0	69
PF3D7_0719800	4567	19858	2775	1792	0	62
PF3D7_1476700	1817	22608	691	1124	2	132
PF3D7_1114600	1961	22464	137	1824	0	188
PF3D7_0207100	15718	8707	10887	4831	0	671
PF3D7_0824700	3755	20670	1627	1812	1	42
PF3D7_1116600	9151	15274	5998	3153	0	229
PF3D7_1236100	2752	21673	1391	1361	0	92
PF3D7_0924600	12436	11989	6409	4572	1269	696
PF3D7_0511800	3663	20762	2617	1040	0	43
PF3D7_0404200	1445	22980	792	653	0	53
PF3D7_1312600	6936	17489	3909	3017	10	91
PF3D7_0524400	2672	21753	1939	733	0	14
PF3D7_1217900	7512	16913	1763	5749	0	238
PF3D7_1473000	4298	20127	328	3967	3	96
PF3D7_0519000	3922	20503	1454	2468	0	113
PF3D7_0608200	1705	22720	1278	420	1	17
PF3D7_1431600	4394	20031	3298	1096	0	73
PF3D7_0902600	11062	13363	6265	4794	3	314
PF3D7_1144600	2700	21725	1545	1155	0	115
PF3D7_1039000	9083	15342	2752	6329	0	571
PF3D7_0805700	7630	16795	4156	3474	0	440
PF3D7_1325700	349	24076	274	73	0	24
PF3D7_0219600	6047	18378	3475	2572	0	213
PF3D7_0722300	13125	11300	9958	3166	1	362
PF3D7_0514900	3612	20813	194	3418	0	216
PF3D7_1222300	5489	18936	4399	1090	0	87
PF3D7_0423800	2502	21923	1146	1218	0	70
PF3D7_1252500	7646	16779	2874	4009	763	178
PF3D7_1309900	1540	22885	414	1126	0	145
PF3D7_0918100	1685	22740	270	348	0	19
PF3D7_0806400	3135	21290	2909	226	0	42
PF3D7_0913900	8737	15688	3688	1848	0	210
PF3D7_1441500	3221	21204	959	2241	0	87
PF3D7_1114800	4392	20033	4013	229	0	25
PF3D7_0707700	13988	10437	11714	2274	0	241
PF3D7_1239000	4706	19719	2078	2628	0	201
PF3D7_1025500	23292	1133	22766	292	0	90
PF3D7_0414800	894	23531	288	598	8	95
PF3D7_0810400	4435	19990	1763	2672	0	129
PF3D7_1120800	626	23799	67	559	0	19
PF3D7_0822400	6277	18148	5220	437	0	57
PF3D7_0208900	12184	12241	7266	4918	0	1274
PF3D7_1319200	10970	13455	8307	2662	1	399
PF3D7_0202700	5210	19215	2241	2969	0	80
PF3D7_1213700	705	23720	582	122	0	3
PF3D7_1337300	10705	13720	8398	2255	0	248
PF3D7_0205400	4083	20342	1831	2252	0	73
PF3D7_0813700	16593	7832	11769	4823	1	498
PF3D7_0419500	3632	20793	940	2692	0	195
PF3D7_0520300	2061	22364	1591	469	1	10
PF3D7_1325600	566	23859	369	197	0	11
PF3D7_1033900	971	23454	822	138	0	9
PF3D7_1203900	1710	22715	1592	102	0	1
PF3D7_0907900	1357	23068	927	423	0	34
PF3D7_0903000	1204	23221	93	1111	0	65
PF3D7_1317900	7548	16877	1728	5819	1	754
PF3D7_1115500	1389	23036	983	398	0	43
PF3D7_1105500	567	23858	309	257	0	26
PF3D7_0203900	8616	15809	5333	3283	0	294
PF3D7_0936200	4876	19549	795	4081	0	75
PF3D7_0609200	2412	22013	705	1705	0	151
PF3D7_0208700	1107	23318	1046	46	0	5
PF3D7_1134800	3654	20771	2192	1461	1	73
PF3D7_0504800	21444	2981	19083	2361	0	1020
PF3D7_1457400	13757	10668	5453	8304	0	2377
PF3D7_1135900	3117	21308	3014	71	0	4
PF3D7_0532600	6539	17886	615	5259	665	87
PF3D7_0316200	14197	10228	9190	3981	0	515
PF3D7_0527500	12502	11923	8183	4317	2	172
PF3D7_1244500	15300	9125	9946	5354	0	342
PF3D7_0614400	4198	20227	103	4095	0	111
PF3D7_1229400	1615	22810	1194	416	5	15
PF3D7_1247300	3390	21035	1322	2066	0	227
PF3D7_0607700	19587	4838	15945	3642	0	1402
PF3D7_1356700	634	23791	413	191	0	20
PF3D7_1220900	639	23786	114	525	0	23
PF3D7_1454500	2406	22019	1977	429	0	40
PF3D7_0113000	17084	7341	11891	5138	55	894
PF3D7_0828900	1678	22747	1246	427	3	29
PF3D7_0702000	12363	12062	7325	5026	3	173
PF3D7_1457200	1505	22920	179	1326	0	14
PF3D7_1103800	15857	8568	10841	5016	0	1647
PF3D7_1010300	2897	21528	947	1919	0	23
PF3D7_1478600	24121	304	23990	125	0	44
PF3D7_0404900	7404	17021	2279	5111	14	220
PF3D7_1341600	5175	19250	2024	3151	0	363
PF3D7_0406400	3200	21225	2814	74	0	2
PF3D7_0422000	5081	19344	1201	3802	0	38
PF3D7_1211800	23205	1220	23195	10	0	1
PF3D7_1121100	13563	10862	9491	4047	12	295
PF3D7_0812600	484	23941	307	176	0	9
PF3D7_1306000	7992	16433	1390	6602	0	1478
PF3D7_0724700	18763	5662	10378	8356	1	810
PF3D7_1312400	7611	16814	2713	4898	0	458
PF3D7_1409700	7929	16496	1851	6078	0	560
PF3D7_1215900	7384	17041	1044	6340	0	300
PF3D7_0314500	871	23554	475	396	0	53
PF3D7_0212700	3501	20924	588	2913	0	227
PF3D7_0809250	1948	22477	323	1625	0	35
PF3D7_1215200	2569	21856	1191	1377	1	47
PF3D7_1125200	2886	21539	2423	455	1	23
PF3D7_0602000	8041	16384	3057	4984	0	453
PF3D7_1415900	744	23681	630	113	0	9
PF3D7_1142300	11460	12965	6391	5068	0	1154
PF3D7_1106900	720	23705	410	308	0	28
PF3D7_0909500	9551	14874	7963	1588	0	95
PF3D7_1117400	4411	20014	1368	3043	0	206
PF3D7_1011300	8074	16351	6978	1096	0	164
PF3D7_1144900	694	23731	275	418	0	13
PF3D7_1324800	4687	19738	4026	640	5	67
PF3D7_1406500	15231	9194	12164	2671	0	337
PF3D7_1352300	7883	16542	1682	6201	0	384
PF3D7_0630500	4300	20125	2184	2116	0	164
PF3D7_1404200	544	23881	142	401	0	42
PF3D7_0518000	3642	20783	1223	2355	0	26
PF3D7_0321700	16344	8081	13003	3336	0	940
PF3D7_1403100	12029	12396	5763	6266	0	1540
PF3D7_0610600	2246	22179	1645	595	0	34
PF3D7_1461400	4258	20167	742	3504	2	19
PF3D7_1120000	24290	135	24131	159	0	15
PF3D7_0526500	16341	8084	13133	2733	475	560
PF3D7_1035500	12189	12236	8489	3700	0	140
PF3D7_1338000	6134	18291	5955	104	0	15
PF3D7_1446700	2586	21839	1423	779	0	6
PF3D7_0321100	16672	7753	11155	5512	5	1006
PF3D7_1449000	7216	17209	589	6626	0	364
PF3D7_0905700	3597	20828	2214	360	0	10
PF3D7_0720700	12295	12130	7138	5133	13	1446
PF3D7_0903900	516	23909	290	225	1	11
PF3D7_1411800	5668	18757	730	4935	3	224
PF3D7_1441900	858	23567	479	379	0	12
PF3D7_1020500	3183	21242	966	2217	0	179
PF3D7_0521700	6157	18268	4559	1597	1	263
PF3D7_1363000	8610	15815	4049	4560	1	623
PF3D7_0617000	1948	22477	1111	837	0	66
PF3D7_1404900	1613	22812	489	1124	0	73
PF3D7_1437000	6712	17713	2057	4654	0	195
PF3D7_0702900	1898	22527	1731	140	0	4
PF3D7_0112900	3750	20675	218	3528	1	30
PF3D7_0717800	16694	7731	9178	7516	0	553
PF3D7_0417200	4608	19817	1825	2783	0	31
PF3D7_1226600	3850	20575	248	3600	1	12
PF3D7_0614200	10280	14145	5760	4520	0	538
PF3D7_1128400	3191	21234	2708	165	0	12
PF3D7_1114100	719	23706	351	361	0	19
PF3D7_0916400	15222	9203	9748	5471	3	3118
PF3D7_1449300	8860	15565	3396	5464	0	533
PF3D7_0505400	6795	17630	5400	1394	1	187
PF3D7_0411800	23954	471	23722	232	0	186
PF3D7_0701900	19364	5061	16305	2684	375	1145
PF3D7_1305400	5155	19270	842	4303	0	366
PF3D7_0718300	13482	10943	10796	2551	0	170
PF3D7_1472700	13357	11068	10158	3198	1	323
PF3D7_0825500	8569	15856	1836	6731	2	324
PF3D7_1132700	2765	21660	2026	739	0	76
PF3D7_1140600	10589	13836	4779	5809	1	1223
PF3D7_0928200	6838	17587	1569	4952	0	410
PF3D7_1118900	1175	23250	745	428	0	41
PF3D7_0424100	5780	18645	1341	4439	0	169
PF3D7_1332300	3698	20727	3054	644	0	29
PF3D7_0512300	1627	22798	1019	608	0	43
PF3D7_0904300	11739	12686	5819	5917	1	1748
PF3D7_1346400	14428	9997	10099	4329	0	3002
PF3D7_0515300	22044	2381	19966	2078	0	320
PF3D7_1428200	7257	17168	1121	6136	0	341
PF3D7_1250100	19806	4619	16520	3286	0	1270
PF3D7_1357900	2087	22338	1636	404	2	51
PF3D7_1474300	6717	17708	1756	4950	0	667
PF3D7_1130400	3593	20832	3006	586	1	31
PF3D7_1425200	1659	22766	537	1121	1	102
PF3D7_1136000	19572	4853	16380	3191	1	1571
PF3D7_0320700	1039	23386	749	168	0	5
PF3D7_0310900	4263	20162	1294	2968	1	285
PF3D7_1426000	1224	23201	847	377	0	9
PF3D7_1249000	6672	17753	1845	4827	0	395
PF3D7_0926100	19950	4475	17748	2202	0	1101
PF3D7_1116700	7498	16927	3273	4224	1	237
PF3D7_1029700	8697	15728	5410	3286	0	237
PF3D7_1443200	3721	20704	980	2710	5	216
PF3D7_1414600	5041	19384	478	4504	59	201
PF3D7_0915200	2345	22080	708	1637	0	183
PF3D7_1476300	10514	13911	3737	5715	1062	348
PF3D7_0921600	7897	16528	1783	6098	0	967
PF3D7_1214600	1753	22672	1629	94	0	2
PF3D7_0921300	5152	19273	1733	3394	0	82
PF3D7_0301300	3862	20563	740	3102	18	98
PF3D7_0719200	2753	21672	2706	31	0	2
PF3D7_1420800	3854	20571	3667	171	0	19
PF3D7_0320200	8051	16374	5180	2871	0	242
PF3D7_0305500	15944	8481	9970	5973	1	1663
PF3D7_0515600	9960	14465	6925	2545	0	151
PF3D7_0801700	16804	7621	12623	4104	25	946
PF3D7_1442100	746	23679	689	56	0	5
PF3D7_1454600	3697	20728	3088	609	0	54
PF3D7_0903300	13226	11199	6281	6829	116	3734
PF3D7_0613500	20431	3994	18474	1957	0	410
PF3D7_0703500	13135	11290	8139	4996	0	917
PF3D7_0408500	10079	14346	8226	1851	2	167
PF3D7_0404000	244	24181	92	146	0	15
PF3D7_0523000	11160	13265	6278	4882	0	377
PF3D7_1145000	4063	20362	2666	1029	0	124
PF3D7_0524300	7585	16840	2444	5140	1	318
PF3D7_0323700	10200	14225	2667	7533	0	245
PF3D7_1130500	6584	17841	4362	1595	0	198
PF3D7_0104700	5084	19341	1926	3157	1	291
PF3D7_1207200	17411	7014	10040	7369	2	2040
PF3D7_1478000	6482	17943	699	5780	3	217
PF3D7_0307400	2130	22295	301	1829	0	121
PF3D7_1366900	11883	12542	6610	5243	16	380
PF3D7_0508400	5630	18795	1621	4006	0	79
PF3D7_0422300	5034	19391	4212	723	0	5
PF3D7_1439900	1406	23019	525	873	0	64
PF3D7_1136500	1465	22960	1352	107	0	1
PF3D7_1311300	4225	20200	2458	1765	0	57
PF3D7_0406600	599	23826	192	407	0	39
PF3D7_1129400	3995	20430	1171	2822	2	272
PF3D7_1431200	13582	10843	9030	4552	0	1597
PF3D7_0923700	2877	21548	2381	471	0	31
PF3D7_1223100	2194	22231	1204	939	0	44
PF3D7_0522200	3137	21288	3012	76	1	14
PF3D7_1421400	1208	23217	681	379	0	32
PF3D7_0219500	1214	23211	537	647	0	39
PF3D7_0925800	17397	7028	15089	2308	0	568
PF3D7_1436800	956	23469	280	673	3	53
PF3D7_1128300	7308	17117	4848	2006	0	92
PF3D7_1225300	3701	20724	2522	1177	0	137
PF3D7_0102500	12954	11471	8110	4838	4	989
PF3D7_0525900	1484	22941	1236	134	0	24
PF3D7_1461000	15382	9043	11761	3621	0	85
PF3D7_1352900	9986	14439	3492	6494	0	1667
PF3D7_1422100	1768	22657	488	1280	0	94
PF3D7_0215000	12716	11709	7110	5606	0	679
PF3D7_1429400	23539	886	23022	517	0	334
PF3D7_1472200	19072	5353	15058	4014	0	737
PF3D7_0618700	1876	22549	708	1167	0	118
PF3D7_0509600	8159	16266	3443	4715	0	243
PF3D7_0523600	524	23901	450	70	0	2
PF3D7_1447700	1235	23190	385	850	0	72
PF3D7_0908300	2943	21482	2843	69	0	11
PF3D7_0211700	21294	3131	18309	2985	0	1259
PF3D7_1213900	10810	13615	6709	4101	0	518
PF3D7_1367500	2904	21521	684	2216	0	76
PF3D7_1119000	4149	20276	884	3265	0	117
PF3D7_1435100	3050	21375	1451	1599	0	147
PF3D7_1308900	8792	15633	2645	6147	0	1177
PF3D7_0111200	778	23647	710	68	0	9
PF3D7_0218700	2857	21568	1310	1546	1	173
PF3D7_1340400	5697	18728	397	5290	7	284
PF3D7_1020300	5611	18814	2850	2761	0	219
PF3D7_0521600	1113	23312	740	372	1	32
PF3D7_1216200	4166	20259	1454	2687	0	36
PF3D7_1016300	14000	10425	12022	1977	0	51
PF3D7_0925200	4107	20318	777	3330	0	162
PF3D7_1021400	3605	20820	2940	637	0	31
PF3D7_0528500	3539	20886	2982	115	0	13
PF3D7_0403900	11351	13074	5389	5962	0	738
PF3D7_0935600	17040	7385	13124	3796	0	87
PF3D7_1319700	8129	16296	2648	5481	0	233
PF3D7_0628000	1741	22684	1474	267	0	22
PF3D7_0314400	699	23726	288	410	1	12
PF3D7_1335900	11159	13266	5859	5296	4	2764
PF3D7_0312100	10576	13849	5273	5303	0	343
PF3D7_1363700	5888	18537	2769	3119	0	403
PF3D7_1309600	1760	22665	236	1524	0	101
PF3D7_0408100	9866	14559	4605	5260	1	571
PF3D7_0204300	6930	17495	1409	5512	9	528
PF3D7_1020000	2841	21584	2322	281	0	17
PF3D7_0827500	1929	22496	797	1132	0	90
PF3D7_0803400	10117	14308	5964	4152	1	462
PF3D7_1439100	11566	12859	8860	2173	0	312
PF3D7_1136400	9262	15163	4329	4933	0	599
PF3D7_0628500	1090	23335	220	870	0	34
PF3D7_0104500	6828	17597	4326	2502	0	48
PF3D7_0516900	2292	22133	1250	1042	0	21
PF3D7_0513500	653	23772	533	120	0	10
PF3D7_1311200	4116	20309	2756	1360	0	147
PF3D7_0510200	7437	16988	3841	3596	0	185
PF3D7_1358500	6669	17756	3843	2810	16	255
PF3D7_1029600	4688	19737	3135	1553	0	74
PF3D7_1311000	2405	22020	2269	136	0	16
PF3D7_0722900	4433	19992	4341	77	0	6
PF3D7_1131200	2404	22021	2206	135	0	8
PF3D7_1401900	3134	21291	2516	96	0	15
PF3D7_1235000	2747	21678	1761	953	0	68
PF3D7_1112800	5288	19137	2208	3077	3	141
PF3D7_0920100	1244	23181	1053	61	0	3
PF3D7_0722600	15723	8702	3250	12469	4	114
PF3D7_0936600	4122	20303	1562	2559	0	73
PF3D7_1425400	7978	16447	1895	6082	1	887
PF3D7_1116200	1281	23144	1079	186	0	14
PF3D7_1471000	2411	22014	444	1967	0	229
PF3D7_1134900	6380	18045	3099	3281	0	321
PF3D7_1016800	5415	19010	725	4632	57	71
PF3D7_1467500	6811	17614	3780	3029	1	139
PF3D7_1034800	7039	17386	2233	1953	0	11
PF3D7_1327800	5579	18846	2926	2653	0	76
PF3D7_1204000	2561	21864	2359	172	0	20
PF3D7_0110700	3567	20858	835	2731	1	78
PF3D7_0934200	3283	21142	606	2677	0	30
PF3D7_1427400	5147	19278	4882	263	0	26
PF3D7_1245900	3115	21310	1301	1386	428	112
PF3D7_0528700	4310	20115	249	4061	0	37
PF3D7_0922600	7651	16774	2480	5171	0	67
PF3D7_1116500	1907	22518	1010	897	0	34
PF3D7_1124000	6035	18390	4313	1095	0	20
PF3D7_1147000	17549	6876	12479	5062	6	1853
PF3D7_1125600	519	23906	344	170	0	21
PF3D7_1111100	4276	20149	3889	387	0	33
PF3D7_1138500	7216	17209	2644	4572	0	427
PF3D7_1146200	834	23591	170	660	0	69
PF3D7_1367800	18322	6103	16027	2295	0	461
PF3D7_1303400	12916	11509	9202	3713	1	677
PF3D7_1015900	5269	19156	3232	2037	0	37
PF3D7_1434500	23124	1301	21361	1763	0	833
PF3D7_1412000	2206	22219	326	1879	1	83
PF3D7_1236800	3382	21043	2055	1326	1	144
PF3D7_1334800	2718	21707	1983	735	0	95
PF3D7_0309000	9492	14933	4708	4778	1	147
PF3D7_1210700	12761	11664	7744	5017	0	275
PF3D7_1246200	1617	22808	1037	580	0	3
PF3D7_0422500	14137	10288	9080	5053	4	2028
PF3D7_1367900	6005	18420	1336	4669	0	499
PF3D7_0917900	8247	16178	6267	1980	0	32
PF3D7_1220500	4015	20410	378	3637	0	110
PF3D7_1136900	10886	13539	5723	5147	0	747
PF3D7_1230500	3737	20688	2417	1320	0	225
PF3D7_1222800	1255	23170	1123	115	0	10
PF3D7_0217000	7836	16589	3628	3770	2	76
PF3D7_1323800	11274	13151	5114	6147	13	734
PF3D7_1446500	18153	6272	14430	3723	0	1812
PF3D7_1147300	10442	13983	5084	5358	0	711
PF3D7_1434600	6314	18111	1059	5254	1	252
PF3D7_0818700	8793	15632	4341	4427	1	552
PF3D7_0606000	8362	16063	1444	6918	0	1738
PF3D7_0407700	21650	2775	19013	2632	0	210
PF3D7_0922800	16143	8282	10239	5904	0	2559
PF3D7_1405900	17570	6855	15191	2379	0	553
PF3D7_0830800	16665	7760	11102	5521	30	2460
PF3D7_0804600	3880	20545	1466	2406	8	174
PF3D7_0526600	24409	16	24403	6	0	0
PF3D7_0911700	12883	11542	10260	2623	0	288
PF3D7_1313000	522	23903	412	110	0	1
PF3D7_0921400	2046	22379	896	1121	22	60
PF3D7_1036600	2118	22307	1860	250	0	12
PF3D7_1302000	6265	18160	4127	2136	2	51
PF3D7_1035700	18633	5792	13298	3833	1502	474
PF3D7_1247800	5355	19070	4947	257	0	19
PF3D7_0106700	20718	3707	19219	1498	1	629
PF3D7_0829200	1125	23300	476	649	0	9
PF3D7_1450800	5452	18973	2855	2597	0	195
PF3D7_0622600	432	23993	365	65	0	7
PF3D7_0935400	7539	16886	1237	6301	1	446
PF3D7_1218000	2206	22219	1294	912	0	77
PF3D7_1408100	4287	20138	2046	2241	0	157
PF3D7_1002800	8510	15915	2220	6290	0	1290
PF3D7_1464300	6020	18405	1255	4762	0	554
PF3D7_0616400	16740	7685	12521	4219	0	1598
PF3D7_0105600	5892	18533	3133	2629	1	335
PF3D7_1314100	8389	16036	5910	2479	0	308
PF3D7_0811000	3813	20612	1738	2075	0	90
PF3D7_0106900	6239	18186	1781	4458	0	370
PF3D7_1464400	1900	22525	1699	201	0	24
PF3D7_1016400	5543	18882	974	4549	0	87
PF3D7_0709000	5293	19132	3535	1491	0	37
PF3D7_1006400	5221	19204	2276	2945	0	408
PF3D7_1003900	1356	23069	486	863	0	83
PF3D7_0605100	3435	20990	1770	1665	0	161
PF3D7_1235200	6322	18103	3469	2853	0	301
PF3D7_1327600	392	24033	87	305	0	14
PF3D7_0709200	8545	15880	5313	3232	0	105
PF3D7_1323500	6667	17758	1622	5043	2	248
PF3D7_1138300	1153	23272	406	725	22	102
PF3D7_1112600	7221	17204	1844	5377	0	361
PF3D7_1206700	3015	21410	233	2779	3	201
PF3D7_0719300	7387	17038	4018	3369	0	307
PF3D7_0207500	10594	13831	8117	2176	0	157
PF3D7_1470100	9768	14657	3586	6182	0	1897
PF3D7_0611200	3056	21369	899	2156	0	30
PF3D7_1250000	1631	22794	953	674	4	63
PF3D7_1434000	2515	21910	2037	214	0	19
PF3D7_1204400	1594	22831	1269	115	0	9
PF3D7_0923300	8768	15657	6104	2664	0	211
PF3D7_0823200	1964	22461	514	1445	0	13
PF3D7_1035800	23309	1116	22967	342	0	43
PF3D7_1232500	14915	9510	10268	4647	0	404
PF3D7_1203400	18277	6148	15259	3017	1	570
PF3D7_0205500	3793	20632	3035	758	0	7
PF3D7_1009800	14999	9426	9490	5508	1	1099
PF3D7_0113800	24077	348	23954	114	0	135
PF3D7_0524700	582	23843	113	469	0	28
PF3D7_0522900	9841	14584	3738	6102	1	1122
PF3D7_0405300	22499	1926	19945	2554	0	1333
PF3D7_0323300	2485	21940	996	1487	2	146
PF3D7_1452600	12329	12096	4531	7787	8	2463
PF3D7_0627000	500	23925	88	412	0	59
PF3D7_0812220	2427	21998	2211	193	0	14
PF3D7_0621700	13045	11380	8486	4556	1	543
PF3D7_1331200	5293	19132	1251	4042	0	187
PF3D7_1125500	285	24140	93	192	0	17
PF3D7_1142200	4037	20388	1614	2408	13	114
PF3D7_0523200	8624	15801	3173	5451	0	714
PF3D7_0602700	7714	16711	541	7172	1	265
PF3D7_1115800	2956	21469	534	2422	0	227
PF3D7_0818800	6865	17560	2088	4777	0	104
PF3D7_1466500	1323	23102	560	750	0	13
PF3D7_1246000	3609	20816	2033	1478	0	96
PF3D7_0314700	12576	11849	8609	3966	1	501
PF3D7_1222400	17759	6666	14539	3214	6	865
PF3D7_1010700	4725	19700	4628	77	0	10
PF3D7_0513300	3550	20875	957	2593	0	44
PF3D7_1338600	11635	12790	7652	3954	28	524
PF3D7_1349800	2180	22245	782	1398	0	150
PF3D7_1364300	9310	15115	4498	4811	1	601
PF3D7_0810000	2343	22082	810	1533	0	7
PF3D7_1336100	1331	23094	1118	213	0	21
PF3D7_0624400	4379	20046	504	3875	0	308
PF3D7_0726300	22047	2378	20643	1403	0	148
PF3D7_1352400	9414	15011	3082	6331	1	796
PF3D7_0316900	6420	18005	1042	5378	0	197
PF3D7_0514700	20923	3502	18905	2018	0	415
PF3D7_1330200	1848	22577	344	1504	0	95
PF3D7_1020800	2328	22097	1922	275	0	29
PF3D7_1411000	14684	9741	5050	9595	0	755
PF3D7_1021100	10418	14007	4859	5559	0	1094
PF3D7_0710100	8511	15914	2112	6399	0	241
PF3D7_1225000	12034	12391	6481	5537	3	477
PF3D7_1003000	11209	13216	2783	8414	12	619
PF3D7_0406500	24190	235	23941	248	1	114
PF3D7_0819100	4849	19576	467	4378	0	93
PF3D7_1229300	9663	14762	4262	5400	1	829
PF3D7_1354400	522	23903	223	293	0	3
PF3D7_0407300	3669	20756	58	3610	1	183
PF3D7_0627300	5191	19234	1476	3715	0	187
PF3D7_1218800	1764	22661	697	749	1	15
PF3D7_1314300	3154	21271	1449	1704	1	135
PF3D7_0727100	18313	6112	14686	3626	1	789
PF3D7_1325200	1589	22836	877	704	0	5
PF3D7_0405600	1099	23326	475	610	0	34
PF3D7_0318700	2197	22228	76	2121	0	68
PF3D7_1346500	6089	18336	2397	3692	0	425
PF3D7_0521300	19401	5024	5991	13410	0	271
PF3D7_1366800	6315	18110	1941	752	0	17
PF3D7_1452000	18372	6053	14803	3569	0	858
PF3D7_0604800	8183	16242	4864	3319	0	563
PF3D7_1034900	10634	13791	4821	5813	0	416
PF3D7_1442200	8169	16256	4567	3602	0	528
PF3D7_0625700	335	24090	155	180	0	21
PF3D7_1427800	2060	22365	1397	663	0	45
PF3D7_1360500	13196	11229	8530	2749	0	297
PF3D7_0830300	9930	14495	4160	5769	1	1003
PF3D7_0625100	3578	20847	1055	2523	0	76
PF3D7_1135500	1612	22813	1048	537	16	72
PF3D7_1418200	1364	23061	916	445	0	65
PF3D7_0815600	2234	22191	2114	101	0	1
PF3D7_0606800	2359	22066	916	1442	1	48
PF3D7_0422900	943	23482	509	395	0	13
PF3D7_0305200	21952	2473	20446	1506	0	153
PF3D7_0405800	535	23890	198	337	0	28
PF3D7_0629700	21366	3059	18762	2604	0	883
PF3D7_1429900	9552	14873	3290	6262	0	859
PF3D7_0614500	796	23629	350	445	0	14
PF3D7_1029300	14514	9911	8971	5543	0	417
PF3D7_1210100	1134	23291	209	924	1	48
PF3D7_1247200	1850	22575	695	1155	0	77
PF3D7_1212100	3888	20537	1129	2759	0	216
PF3D7_0606400	2763	21662	2376	36	0	4
PF3D7_0831700	3136	21289	2917	219	0	8
PF3D7_1445400	10151	14274	5282	4869	0	383
PF3D7_0817400	15413	9012	12522	2887	3	263
PF3D7_1032200	1244	23181	875	364	0	24
PF3D7_1015200	5182	19243	3035	2140	7	121
PF3D7_0520900	4338	20087	3361	976	1	67
PF3D7_1013500	6178	18247	1541	4626	0	520
PF3D7_1458400	5226	19199	1985	3240	1	238
PF3D7_1141100	12209	12216	6711	5496	2	1689
PF3D7_1104500	5275	19150	1715	3559	1	318
PF3D7_1362800	9942	14483	5896	3302	0	568
PF3D7_0716200	13171	11254	9670	3501	0	472
PF3D7_1409100	10644	13781	5698	4946	0	659
PF3D7_1107700	7198	17227	2867	4331	0	371
PF3D7_0528100	10625	13800	7725	2823	0	65
PF3D7_0717300	2469	21956	1338	169	0	6
PF3D7_1223300	7614	16811	5013	2601	0	264
PF3D7_1432100	927	23498	734	42	0	5
PF3D7_1467800	774	23651	413	359	0	20
PF3D7_0408600	11696	12729	7029	4667	0	1230
PF3D7_1216600	8134	16291	1307	6827	0	798
PF3D7_1362500	3550	20875	1476	1395	0	225
PF3D7_1238800	6033	18392	1707	4326	0	230
PF3D7_0821400	1252	23173	660	592	0	39
PF3D7_1471400	5897	18528	1137	4760	0	196
PF3D7_1035900	24071	354	23966	105	0	10
PF3D7_0408200	3201	21224	851	2350	0	305
PF3D7_1028400	10762	13663	8256	2505	1	170
PF3D7_1125300	12436	11989	8396	4040	0	368
PF3D7_0501800	14562	9863	8543	5989	30	428
PF3D7_0627800	12316	12109	8304	4012	0	473
PF3D7_0810900	1551	22874	1367	183	0	15
PF3D7_0221400	9179	15246	4349	4122	708	125
PF3D7_1011900	2048	22377	1953	56	0	7
PF3D7_1207300	438	23987	383	51	0	7
PF3D7_0913400	1182	23243	934	248	0	21
PF3D7_1212300	6471	17954	3418	2701	0	200
PF3D7_1030500	5700	18725	1548	4150	2	101
PF3D7_0930600	4988	19437	1853	3127	2	171
PF3D7_0532100	4385	20040	460	3925	0	111
PF3D7_0520600	491	23934	364	120	0	17
PF3D7_1341300	1771	22654	1626	142	0	16
PF3D7_0915900	1254	23171	106	1148	0	84
PF3D7_0320100	1303	23122	1248	50	0	6
PF3D7_1038400	24409	16	24409	0	0	0
PF3D7_0811800	7200	17225	2401	4799	0	193
PF3D7_1219000	20187	4238	18656	1477	54	604
PF3D7_1113400	1782	22643	1021	746	0	50
PF3D7_0819400	4983	19442	463	4520	0	258
PF3D7_0424700	23429	996	22700	729	0	87
PF3D7_0518800	1271	23154	1044	193	0	16
PF3D7_1406200	12841	11584	7538	5303	0	1177
PF3D7_1207500	1227	23198	1130	95	0	21
PF3D7_1144100	1613	22812	1552	52	0	2
PF3D7_0822600	8224	16201	4163	4061	0	43
PF3D7_1369500	6762	17663	3930	2830	0	301
PF3D7_0503200	9067	15358	1781	7286	0	682
PF3D7_1142800	9607	14818	5667	3940	0	72
PF3D7_1026100	1159	23266	706	445	0	23
PF3D7_1423300	3906	20519	3546	165	0	33
PF3D7_1461100	4505	19920	1117	3384	0	443
PF3D7_1354500	2739	21686	1886	850	0	49
PF3D7_1224800	2257	22168	517	1740	0	84
PF3D7_0206600	989	23436	782	207	0	9
PF3D7_1343000	3675	20750	988	2682	0	43
PF3D7_1334100	6738	17687	1930	4807	1	375
PF3D7_1364200	11675	12750	5012	6662	1	1689
PF3D7_0313800	4463	19962	1262	3154	0	94
PF3D7_0730200	3205	21220	736	2369	1	202
PF3D7_1013600	9356	15069	3455	5901	0	1239
PF3D7_0216600	5042	19383	1543	3499	0	345
PF3D7_1413900	1335	23090	710	612	0	22
PF3D7_0221200	7491	16934	2981	3748	1	106
PF3D7_0504300	1989	22436	1847	121	0	20
PF3D7_1365100	1930	22495	1658	271	0	10
PF3D7_1329300	4013	20412	2241	1772	0	86
PF3D7_1368000	1394	23031	1255	135	1	11
PF3D7_1014500	7897	16528	4134	3763	0	703
PF3D7_0619700	4093	20332	1002	885	0	81
PF3D7_0724900	12067	12358	7246	4821	0	925
PF3D7_1444400	7355	17070	5022	2330	0	263
PF3D7_0725100	20717	3708	18693	2024	0	1532
PF3D7_0316800	381	24044	248	133	0	3
PF3D7_0110900	628	23797	120	508	0	62
PF3D7_1451300	407	24018	281	92	0	22
PF3D7_1467400	5143	19282	2948	2195	0	73
PF3D7_1224400	4874	19551	1934	2937	0	161
PF3D7_1137700	3803	20622	740	3063	0	445
PF3D7_1003600	1033	23392	350	683	0	38
PF3D7_0105700	16636	7789	11864	4753	19	1628
PF3D7_1336000	3492	20933	2850	632	0	32
PF3D7_0509200	3551	20874	3012	418	0	19
PF3D7_1348400	24353	72	24052	301	0	49
PF3D7_1211700	6632	17793	5980	651	0	21
PF3D7_1222100	3391	21034	1857	1534	0	119
PF3D7_1228000	1148	23277	108	1040	0	38
PF3D7_1223500	12319	12106	6408	5906	3	1551
PF3D7_0307100	1534	22891	758	776	0	12
PF3D7_1405500	3893	20532	536	3357	0	320
PF3D7_1204200	6951	17474	3452	3497	2	311
PF3D7_0608600	5144	19281	1163	3976	2	111
PF3D7_1233000	4558	19867	3285	1273	0	124
PF3D7_1006500	3720	20705	1099	2618	3	191
PF3D7_1011800	11232	13193	4684	6545	3	764
PF3D7_1004900	5476	18949	1651	3825	0	126
PF3D7_1366300	17398	7027	12257	5130	0	1907
PF3D7_1340600	5309	19116	1433	3876	0	423
PF3D7_1206500	15826	8599	13419	2407	0	177
PF3D7_1331000	6440	17985	1461	4974	5	310
PF3D7_0915100	928	23497	802	124	0	3
PF3D7_1208600	380	24045	217	163	0	12
PF3D7_0805200	404	24021	83	321	0	21
PF3D7_0629900	2051	22374	1258	790	0	34
PF3D7_0819000	13868	10557	10208	3650	0	428
PF3D7_1034000	4466	19959	1554	2911	1	142
PF3D7_0203300	878	23547	190	688	0	66
PF3D7_0415900	1872	22553	812	1060	0	10
PF3D7_0828100	6232	18193	2339	2915	0	470
PF3D7_1424400	2936	21489	2403	487	0	24
PF3D7_1434700	622	23803	166	456	0	6
PF3D7_0917500	6351	18074	4114	2237	0	216
PF3D7_0711300	2845	21580	192	2653	0	42
PF3D7_1003200	2717	21708	517	405	0	31
PF3D7_0529200	21670	2755	18992	2546	0	75
PF3D7_1464600	10867	13558	6840	4017	0	536
PF3D7_1419300	1742	22683	179	1563	0	41
PF3D7_0824100	2671	21754	566	2105	0	239
PF3D7_0215900	1954	22471	1720	91	1	15
PF3D7_0502500	3727	20698	654	3073	0	283
PF3D7_1453100	4073	20352	334	3739	0	393
PF3D7_1362600	2902	21523	1951	908	0	54
PF3D7_0520800	9713	14712	4254	5459	0	755
PF3D7_1103500	6887	17538	5601	1007	0	41
PF3D7_1453000	5799	18626	977	4822	0	643
PF3D7_0206700	6566	17859	2147	4419	0	102
PF3D7_1329700	5103	19322	1982	3121	0	196
PF3D7_0704800	14427	9998	10816	3611	0	763
PF3D7_0107100	4625	19800	1689	2936	0	185
PF3D7_1112300	9358	15067	5571	3780	3	342
PF3D7_1122700	735	23690	96	639	0	78
PF3D7_1440800	5491	18934	1272	4195	0	202
PF3D7_0532300	8253	16172	1509	6743	1	236
PF3D7_0109400	4578	19847	875	3703	0	54
PF3D7_0408000	3950	20475	221	3729	0	93
PF3D7_1361300	2317	22108	1816	208	0	20
PF3D7_0529800	19999	4426	17525	2464	0	711
PF3D7_0801800	5766	18659	1393	4372	1	374
PF3D7_1005000	7528	16897	2280	5247	1	544
PF3D7_0808000	15747	8678	10922	4818	7	524
PF3D7_1147600	3787	20638	1584	2163	0	135
PF3D7_0925500	1213	23212	998	64	0	12
PF3D7_1009600	14924	9501	10410	4514	0	146
PF3D7_1126000	10363	14062	5807	4555	1	527
PF3D7_0523400	2541	21884	1369	1172	0	77
PF3D7_0903800	10758	13667	5177	5581	0	949
PF3D7_0406900	13835	10590	8914	4917	0	970
PF3D7_1113600	8352	16073	3518	4834	0	263
PF3D7_0702400	1665	22760	315	1349	0	22
PF3D7_1030900	2722	21703	444	2277	1	91
PF3D7_1333100	17440	6985	14706	2733	1	360
PF3D7_1314900	2112	22313	1704	401	0	41
PF3D7_0211400	2065	22360	1854	190	0	15
PF3D7_1146900	902	23523	575	321	0	12
PF3D7_0929000	2587	21838	985	1602	0	74
PF3D7_0603100	9831	14594	7658	2173	0	149
PF3D7_0931500	1457	22968	1005	434	1	19
PF3D7_0316600	5759	18666	1375	4383	0	33
PF3D7_0708700	3746	20679	926	2819	1	52
PF3D7_1312800	11566	12859	6213	5350	3	1807
PF3D7_1462900	6704	17721	2166	4538	0	733
PF3D7_1016600	1284	23141	372	910	0	101
PF3D7_1242400	2256	22169	1588	584	3	55
PF3D7_0304000	7593	16832	5683	1688	1	145
PF3D7_0802700	2713	21712	2213	443	2	70
PF3D7_1357300	692	23733	349	343	0	39
PF3D7_0423100	414	24011	174	222	0	13
PF3D7_1405100	12590	11835	9355	3191	16	300
PF3D7_0717900	2869	21556	1662	127	0	13
PF3D7_1029100	17005	7420	12354	4648	0	704
PF3D7_0721400	1715	22710	831	871	0	14
PF3D7_0926000	12312	12113	6661	5463	0	652
PF3D7_0603400	10344	14081	5586	4758	0	900
PF3D7_1310900	5176	19249	2096	3079	1	80
PF3D7_0925300	5336	19089	716	4620	0	184
PF3D7_1206300	22843	1582	21077	1766	0	440
PF3D7_0503100	4992	19433	851	4141	0	376
PF3D7_0608800	4948	19477	3554	1394	0	30
PF3D7_0821100	9081	15344	5884	3188	0	319
PF3D7_0322100	10903	13522	8645	2246	12	218
PF3D7_0219200	1869	22556	1572	297	0	4
PF3D7_1131900	6953	17472	1611	5341	1	420
PF3D7_1367400	7158	17267	1999	5159	0	720
PF3D7_1315200	6873	17552	3679	3194	0	459
PF3D7_1443600	8959	15466	4109	4848	2	730
PF3D7_0729100	20037	4388	17838	2199	0	728
PF3D7_0624900	3818	20607	3545	93	0	16
PF3D7_0811900	7731	16694	3080	4635	0	290
PF3D7_0929300	12186	12239	8273	3913	0	342
PF3D7_1425700	2530	21895	1494	1023	0	68
PF3D7_0910300	3037	21388	1457	1578	2	150
PF3D7_0209000	17110	7315	11020	6090	0	3551
PF3D7_1473200	7608	16817	3051	4557	0	376
PF3D7_1401100	7488	16937	1556	5929	2	344
PF3D7_1307200	2112	22313	923	1189	0	179
PF3D7_1431700	1912	22513	1723	185	0	15
PF3D7_1421100	13849	10576	8952	4897	0	1322
PF3D7_0904200	5496	18929	1688	3808	0	188
PF3D7_1001700	5982	18443	646	4736	597	96
PF3D7_1127500	2180	22245	1297	799	0	15
PF3D7_1221100	1675	22750	1228	125	0	16
PF3D7_0622700	8128	16297	6160	1968	0	129
PF3D7_1123300	13317	11108	7659	5658	0	170
PF3D7_1111600	6505	17920	1506	4900	0	352
PF3D7_1338500	6565	17860	2574	3991	0	356
PF3D7_1246800	1319	23106	736	522	0	21
PF3D7_0911600	7008	17417	2622	4386	0	293
PF3D7_1441000	6791	17634	1854	4937	0	283
PF3D7_1130800	5717	18708	1514	4203	0	70
PF3D7_1355500	6279	18146	4125	2154	0	255
PF3D7_0203600	6322	18103	533	5789	0	308
PF3D7_0530800	2567	21858	2375	152	0	16
PF3D7_0206200	3178	21247	1443	1735	0	63
PF3D7_0605200	2544	21881	2337	182	0	12
PF3D7_1245200	16457	7968	12994	3463	0	1027
PF3D7_0615400	19773	4652	15231	4230	0	649
PF3D7_1141600	1401	23024	659	742	0	75
PF3D7_1009100	6521	17904	816	5700	5	463
PF3D7_1225200	10596	13829	5789	4807	0	395
PF3D7_1015800	3633	20792	1677	1915	1	18
PF3D7_1401200	4648	19777	1500	3140	0	121
PF3D7_1367100	4737	19688	3160	1577	0	176
PF3D7_0203000	16453	7972	13059	3392	2	776
PF3D7_0808100	13275	11150	7894	5381	0	1286
PF3D7_1002400	2062	22363	708	499	0	8
PF3D7_0424500	7010	17415	3069	3941	0	182
PF3D7_0923800	6562	17863	3057	3504	1	131
PF3D7_1340200	413	24012	293	120	0	12
PF3D7_1463700	3655	20770	2834	817	4	102
PF3D7_1316400	1089	23336	949	124	0	3
PF3D7_0723300	8501	15924	6657	1844	0	221
PF3D7_1231100	1930	22495	1852	53	0	1
PF3D7_1368300	2730	21695	2197	502	3	32
PF3D7_1425900	1593	22832	1248	335	1	36
PF3D7_0523500	949	23476	840	108	0	10
PF3D7_1406400	4990	19435	3328	1662	0	178
PF3D7_0216700	14874	9551	10912	3847	1	198
PF3D7_1331800	991	23434	837	153	1	3
PF3D7_1323200	1333	23092	1235	97	0	14
PF3D7_0829600	6554	17871	252	6302	0	174
PF3D7_0923500	11482	12943	10818	657	0	30
PF3D7_1137900	6230	18195	1715	4502	0	759
PF3D7_1441600	4376	20049	1643	2717	16	238
PF3D7_1359600	16205	8220	12533	3672	0	1425
PF3D7_1233100	1058	23367	757	301	0	47
PF3D7_0805900	1550	22875	1172	354	0	38
PF3D7_1409300	2406	22019	1006	1400	0	91
PF3D7_0831100	23084	1341	21400	1638	45	330
PF3D7_1347900	11145	13280	5636	5509	0	1086
PF3D7_0932700	16858	7567	13503	3351	4	461
PF3D7_1443000	8748	15677	3768	4977	3	851
PF3D7_1011500	4277	20148	1159	3117	1	25
PF3D7_1252200	1059	23366	133	926	0	40
PF3D7_1242200	4345	20080	667	3678	0	278
PF3D7_1419000	11105	13320	4815	6284	6	584
PF3D7_1106700	9010	15415	4744	4266	0	393
PF3D7_1123000	15637	8788	8670	6966	1	1270
PF3D7_1132300	1190	23235	684	506	0	23
PF3D7_0503500	8179	16246	1961	6217	1	493
PF3D7_1013700	786	23639	397	370	0	50
PF3D7_1316800	3964	20461	3280	656	0	28
PF3D7_1215600	1864	22561	1155	709	0	78
PF3D7_1211600	18081	6344	13717	4364	0	1831
PF3D7_1444300	1028	23397	314	707	0	31
PF3D7_1022400	7186	17239	5112	2074	0	152
PF3D7_0615700	811	23614	759	35	0	5
PF3D7_0905000	2578	21847	1150	1427	1	142
PF3D7_0805600	3340	21085	1371	1968	1	57
PF3D7_1451000	7919	16506	3536	4383	0	705
PF3D7_0422100	6600	17825	1127	5473	0	218
PF3D7_0313000	8573	15852	5333	3239	1	190
PF3D7_1425500	1181	23244	540	639	1	42
PF3D7_1022700	830	23595	533	297	0	19
PF3D7_0925700	2565	21860	1512	1053	0	18
PF3D7_0627500	3073	21352	1145	1928	0	16
PF3D7_1018700	5606	18819	918	4684	4	445
PF3D7_0416000	3423	21002	2643	612	4	55
PF3D7_1208200	12172	12253	5179	6993	0	3435
PF3D7_1131500	1442	22983	103	1339	0	103
PF3D7_1335300	24409	16	24409	0	0	0
PF3D7_0920900	2742	21683	373	2248	1	123
PF3D7_1233200	13564	10861	7239	6164	0	1196
PF3D7_0212600	3467	20958	921	2546	0	36
PF3D7_1455600	12898	11527	6363	6535	0	623
PF3D7_0820300	8136	16289	1508	6628	0	1103
PF3D7_1123600	5721	18704	2907	2813	1	279
PF3D7_1009200	7621	16804	1371	6250	0	560
PF3D7_0709600	10340	14085	5171	5130	2	712
PF3D7_1418100	13487	10938	7791	5696	0	2239
PF3D7_0909700	7702	16723	2069	5632	1	651
PF3D7_0828700	7730	16695	2196	5532	2	893
PF3D7_1234900	1361	23064	1120	239	0	39
PF3D7_1434400	1271	23154	652	611	0	53
PF3D7_0615500	9246	15179	2152	7094	0	122
PF3D7_0304300	8496	15929	2694	5802	0	925
PF3D7_1460700	1256	23169	820	426	3	13
PF3D7_1441100	3080	21345	2045	1035	0	88
PF3D7_1365600	5031	19394	3183	1707	0	163
PF3D7_0704300	22480	1945	21081	1399	0	354
PF3D7_0716300	8564	15861	2804	5760	0	223
PF3D7_0705400	7631	16794	6533	1096	2	69
PF3D7_0815300	14423	10002	10199	4224	0	417
PF3D7_0911200	1189	23236	400	789	0	55
PF3D7_0522400	15881	8544	10901	4934	0	2530
PF3D7_0522000	3539	20886	2679	51	0	3
PF3D7_1235700	6530	17895	5984	546	0	46
PF3D7_1405300	8184	16241	3452	4732	0	640
PF3D7_1451800	9575	14850	6140	3433	1	79
PF3D7_0822800	3177	21248	497	2680	0	149
PF3D7_1309300	6713	17712	2164	4548	1	526
PF3D7_0214100	13045	11380	9791	3253	0	389
PF3D7_1444000	4643	19782	4347	255	0	39
PF3D7_0103900	3651	20774	1345	2306	0	188
PF3D7_1471500	2152	22273	1619	482	0	38
PF3D7_0827600	19453	4972	16565	2871	17	850
PF3D7_1124100	12963	11462	6733	6230	0	1501
PF3D7_0309300	23065	1360	22474	591	0	41
PF3D7_0403500	1804	22621	341	1463	0	97
PF3D7_1447900	13180	11245	8310	4868	2	383
PF3D7_1308200	12305	12120	7168	5137	0	1084
PF3D7_1120100	1293	23132	977	315	1	13
PF3D7_0915000	2836	21589	1252	1584	0	60
PF3D7_0607500	6412	18013	721	5688	3	347
PF3D7_1105700	5898	18527	2226	3672	0	137
PF3D7_0614100	12760	11665	7475	5285	0	882
PF3D7_1454300	5136	19289	416	4718	2	496
PF3D7_1238100	2435	21990	1212	1223	0	51
PF3D7_1334000	3018	21407	1092	1926	0	136
PF3D7_0608400	2379	22046	2081	298	0	37
PF3D7_1440500	2512	21913	773	1739	0	131
PF3D7_1226100	2392	22033	595	1797	0	105
PF3D7_0928150	345	24080	65	280	0	25
PF3D7_1238600	1106	23319	478	628	0	44
PF3D7_1324600	16743	7682	13454	3289	0	415
PF3D7_1358300	2536	21889	1545	991	0	102
PF3D7_1325400	19643	4782	15289	4354	0	1338
PF3D7_1021500	3562	20863	1209	2349	4	264
PF3D7_1106100	1815	22610	1096	538	170	54
PF3D7_0707400	5035	19390	2448	2587	0	108
PF3D7_1246900	6429	17996	2692	3225	0	135
PF3D7_0819200	4990	19435	1449	3538	3	186
PF3D7_1332900	10479	13946	7227	3252	0	257
PF3D7_1250300	1495	22930	552	943	0	20
PF3D7_0725200	1727	22698	1625	100	0	7
PF3D7_0802300	9931	14494	5075	4856	0	464
PF3D7_0404400	3280	21145	1524	1756	0	95
PF3D7_1358000	12682	11743	7607	5073	1	1227
PF3D7_1219100	12065	12360	6593	5472	0	415
PF3D7_0401800	21285	3140	18888	2397	0	333
PF3D7_1334400	6632	17793	1911	4716	5	215
PF3D7_1435400	823	23602	170	653	0	63
PF3D7_1219700	1282	23143	174	1108	0	32
PF3D7_0929600	3280	21145	2494	785	0	32
PF3D7_0710800	3599	20826	870	2728	1	179
PF3D7_1321200	1362	23063	943	419	0	2
PF3D7_1130700	13075	11350	9455	3619	1	1189
PF3D7_1216700	9425	15000	5203	4221	1	429
PF3D7_0611300	951	23474	751	199	0	20
PF3D7_1314200	9395	15030	3097	6294	4	1249
PF3D7_0529000	8619	15806	3613	5006	0	130
PF3D7_1102900	3460	20965	688	1997	714	91
PF3D7_0511700	1667	22758	521	1102	39	22
PF3D7_0935100	768	23657	693	75	0	7
PF3D7_1013300	3581	20844	1044	2537	0	353
PF3D7_0811700	7708	16717	2184	5524	0	291
PF3D7_0912600	6301	18124	2190	3934	1	449
PF3D7_0925400	2431	21994	1568	761	1	27
PF3D7_0205900	9843	14582	8665	1173	0	112
PF3D7_1114000	1729	22696	907	822	0	72
PF3D7_0611400	6065	18360	4901	1164	0	182
PF3D7_0618000	4409	20016	1314	3095	0	264
PF3D7_0409900	7960	16465	3633	4326	0	50
PF3D7_1125800	7705	16720	3769	3913	0	51
PF3D7_0706200	638	23787	578	57	0	17
PF3D7_1133600	5689	18736	3095	2594	0	236
PF3D7_1029500	1764	22661	850	914	0	87
PF3D7_1429100	3483	20942	1977	1505	1	76
PF3D7_1116400	5447	18978	1299	4148	0	264
PF3D7_0502200	1938	22487	211	1727	0	183
PF3D7_1415200	1462	22963	1422	39	0	6
PF3D7_0904600	14418	10007	9491	4926	1	1179
PF3D7_0905600	8384	16041	2214	6138	0	879
PF3D7_0109600	981	23444	695	282	1	29
PF3D7_1114900	13789	10636	5980	7808	1	1120
PF3D7_1203100	1980	22445	761	1214	2	106
PF3D7_0211300	1932	22493	1818	85	12	4
PF3D7_1325500	4645	19780	3159	1484	0	170
PF3D7_0817500	1601	22824	1487	113	0	13
PF3D7_0718400	1493	22932	1296	195	0	6
PF3D7_0203100	18364	6061	14396	3968	0	916
PF3D7_0611500	3679	20746	1895	1784	0	54
PF3D7_1432400	5368	19057	3692	543	0	35
PF3D7_0114200	14894	9531	13241	1560	93	182
PF3D7_0704900	1924	22501	535	1389	0	89
PF3D7_0305700	1722	22703	377	1342	0	19
PF3D7_1001900	1756	22669	661	1094	0	40
PF3D7_1476100	4784	19641	380	4404	0	38
PF3D7_1312450	2440	21985	141	2299	0	51
PF3D7_1362100	1285	23140	1123	68	0	8
PF3D7_1331300	1362	23063	898	407	0	12
PF3D7_0919800	12880	11545	8084	4796	0	1205
PF3D7_1443400	7470	16955	2050	5419	1	482
PF3D7_0507300	8301	16124	2944	5353	4	851
PF3D7_1347400	539	23886	151	384	4	53
PF3D7_1137400	3167	21258	1230	1937	0	93
PF3D7_1323400	1672	22753	1452	214	0	5
PF3D7_1327200	2620	21805	303	2312	5	132
PF3D7_0803600	10878	13547	6953	1777	11	224
PF3D7_0532400	6983	17442	2693	4232	52	103
PF3D7_0802100	14632	9793	9122	5510	0	1944
PF3D7_0721200	9523	14902	3844	5678	1	640
PF3D7_1469200	4309	20116	2753	1556	0	106
PF3D7_1473700	14083	10342	10211	3867	5	652
PF3D7_1412200	5769	18656	2148	3613	0	437
PF3D7_1112200	3978	20447	3497	481	0	53
PF3D7_1201000	13126	11299	11180	1945	1	176
PF3D7_0703400	9800	14625	4838	4961	1	628
PF3D7_0403400	19264	5161	16929	2261	0	1251
PF3D7_0209600	6751	17674	5930	517	0	34
PF3D7_0518200	485	23940	102	383	0	28
PF3D7_1333400	6147	18278	2283	3861	3	66
PF3D7_1204900	2151	22274	1980	86	0	9
PF3D7_1140800	6453	17972	2290	4163	0	406
PF3D7_0208600	4051	20374	1983	2068	0	241
PF3D7_1216500	3307	21118	684	2623	0	73
PF3D7_0819600	1456	22969	693	722	2	71
PF3D7_0831600	14693	9732	10086	1887	0	48
PF3D7_1315400	1842	22583	735	1106	1	43
PF3D7_1036800	4809	19616	2169	2536	37	54
PF3D7_1327100	3093	21332	3028	12	0	3
PF3D7_1416300	2446	21979	1254	1191	0	165
PF3D7_1446300	7080	17345	2421	4658	1	617
PF3D7_1472500	1650	22775	1188	307	0	17
PF3D7_1238500	23074	1351	22362	709	3	562
PF3D7_0812400	6124	18301	5663	461	0	9
PF3D7_0826400	3973	20452	3024	629	0	15
PF3D7_0311000	3797	20628	1043	2721	0	42
PF3D7_1005800	751	23674	306	445	0	47
PF3D7_1310000	1250	23175	544	706	0	89
PF3D7_1136800	1800	22625	1115	652	0	40
PF3D7_1310200	1338	23087	458	880	0	54
PF3D7_1350200	1461	22964	1314	147	0	9
PF3D7_1321900	5300	19125	170	5130	0	127
PF3D7_1452900	2114	22311	506	1608	0	111
PF3D7_1459500	6124	18301	1804	4320	0	658
PF3D7_0416900	18015	6410	14060	3955	0	320
PF3D7_0718800	3420	21005	2956	431	0	12
PF3D7_1414400	771	23654	498	262	0	2
PF3D7_0214500	1945	22480	1117	826	2	108
PF3D7_1230800	5744	18681	3860	1880	0	130
PF3D7_0512400	1895	22530	316	1579	0	122
PF3D7_1232800	3387	21038	1697	1687	1	31
PF3D7_1248200	4549	19876	3270	1279	0	141
PF3D7_1144300	708	23717	662	46	0	1
PF3D7_1027900	2721	21704	2633	60	0	7
PF3D7_0720300	489	23936	144	339	0	27
PF3D7_0423200	1474	22951	98	1376	0	23
PF3D7_0609600	11051	13374	5366	5657	0	898
PF3D7_0720200	818	23607	636	179	0	18
PF3D7_1031900	7755	16670	3677	4020	0	120
PF3D7_0521000	4168	20257	1386	2782	0	267
PF3D7_0926600	11813	12612	6611	5168	0	416
PF3D7_0828800	10537	13888	4698	5839	0	398
PF3D7_0405700	14965	9460	8285	6630	50	1716
PF3D7_1432200	9573	14852	4226	5190	0	581
PF3D7_1232600	3469	20956	568	2901	0	166
PF3D7_1346000	3899	20526	1283	2600	8	392
PF3D7_1465300	6634	17791	3629	2976	0	426
PF3D7_1344700	9261	15164	3143	6117	1	1187
PF3D7_1034300	6034	18391	3843	2189	2	251
PF3D7_1419100	6615	17810	2712	3902	1	579
PF3D7_1363500	7043	17382	1598	5417	0	752
PF3D7_1361900	2306	22119	2068	238	0	12
PF3D7_1019200	2017	22408	70	1941	6	189
PF3D7_1018400	3327	21098	1630	1679	9	28
PF3D7_1223400	8807	15618	3844	4936	0	220
PF3D7_0605000	890	23535	430	460	0	26
PF3D7_0619000	17251	7174	9851	7207	131	435
PF3D7_0928500	2310	22115	1027	1275	3	25
PF3D7_1439700	1741	22684	861	828	0	24
PF3D7_0502400	10093	14332	5014	5078	1	584
PF3D7_0811300	11566	12859	7586	3979	1	334
PF3D7_0217100	6030	18395	4748	1282	0	52
PF3D7_1358800	1012	23413	762	250	0	5
PF3D7_0504600	7895	16530	7448	445	2	44
PF3D7_0626600	650	23775	195	455	0	48
PF3D7_1023700	7034	17391	1360	5670	4	312
PF3D7_1477200	6380	18045	553	5208	619	356
PF3D7_1016100	2386	22039	984	1401	1	121
PF3D7_1141500	1502	22923	1271	113	0	22
PF3D7_1218600	5861	18564	4384	1389	1	47
PF3D7_0406700	3936	20489	3169	56	0	5
PF3D7_1015700	5079	19346	3063	1539	0	27
PF3D7_1241600	2574	21851	985	771	0	31
PF3D7_1005200	1018	23407	981	35	1	8
PF3D7_1209400	11060	13365	8092	2968	0	458
PF3D7_1450100	3296	21129	1938	1357	1	69
PF3D7_1438000	4949	19476	1858	3091	0	184
PF3D7_1460800	5590	18835	1665	3925	0	280
PF3D7_1017000	8377	16048	6275	2102	0	90
PF3D7_1140700	17875	6550	14839	3035	1	1047
PF3D7_1317600	4047	20378	1545	2498	0	279
PF3D7_1139500	3249	21176	2556	459	0	41
PF3D7_1360800	8660	15765	5588	3071	1	373
PF3D7_0934400	1602	22823	1148	453	1	30
PF3D7_1462200	308	24117	153	155	0	13
PF3D7_0525300	6502	17923	1675	4826	1	184
PF3D7_1314400	369	24056	201	167	0	23
PF3D7_0623600	4806	19619	2431	2372	0	184
PF3D7_0621350	1167	23258	908	255	4	14
PF3D7_1461500	2099	22326	2020	69	0	13
PF3D7_0718700	3295	21130	1675	1620	0	176
PF3D7_1250600	4910	19515	2287	2623	0	282
PF3D7_1006000	7953	16472	5296	2656	0	151
PF3D7_0831200	12873	11552	7641	5232	0	694
PF3D7_1104100	4256	20169	2874	1380	0	63
PF3D7_0409000	16289	8136	11043	5243	3	2064
PF3D7_1426800	15114	9311	11765	3348	0	502
PF3D7_1113200	1464	22961	389	1074	0	56
PF3D7_0318100	2876	21549	1671	1203	2	51
PF3D7_0302900	7913	16512	3579	4334	0	131
PF3D7_1465100	8831	15594	5149	3682	0	478
PF3D7_1325000	1483	22942	1120	363	0	9
PF3D7_0803200	6742	17683	2388	4290	0	252
PF3D7_0622400	1585	22840	1277	308	0	40
PF3D7_1464500	14574	9851	8858	5715	0	2638
PF3D7_1115100	3048	21377	2464	109	1	7
PF3D7_1200800	4718	19707	1655	3057	0	169
PF3D7_1476500	3441	20984	291	3149	1	252
PF3D7_0315300	6630	17795	3566	2725	0	219
PF3D7_0413800	5673	18752	4146	1527	0	43
PF3D7_1227900	11571	12854	7774	3797	0	322
PF3D7_0819800	13164	11261	9534	1380	1	165
PF3D7_0103300	8276	16149	874	7402	0	898
PF3D7_1460100	1697	22728	531	1166	0	104
PF3D7_1235300	10771	13654	5177	5594	0	740
PF3D7_1201400	14039	10386	8479	5559	1	1908
PF3D7_0602800	8863	15562	730	8133	0	520
PF3D7_1212600	1400	23025	1221	174	1	33
PF3D7_1116900	1926	22499	1650	68	0	6
PF3D7_1449400	13612	10813	9257	4354	1	1714
PF3D7_1107800	11293	13132	4744	5702	0	325
PF3D7_1107100	3475	20950	2503	768	0	107
PF3D7_0821700	1021	23404	795	223	0	13
PF3D7_1002300	2644	21781	189	2455	0	105
PF3D7_1352800	6740	17685	3079	3657	1	245
PF3D7_1037100	6235	18190	3284	2951	0	185
PF3D7_0607800	4868	19557	2475	2392	0	195
PF3D7_0923600	2235	22190	917	1261	57	88
PF3D7_1415300	1852	22573	292	1560	0	46
PF3D7_1126900	831	23594	710	82	0	6
PF3D7_1218500	7537	16888	4004	3483	0	78
PF3D7_1245300	2641	21784	2422	219	0	14
PF3D7_1206200	8799	15626	7020	1779	0	195
PF3D7_0807800	8059	16366	3106	4953	0	102
PF3D7_0113900	7096	17329	1825	5266	5	74
PF3D7_0709300	23489	936	22394	1095	0	613
PF3D7_1216000	4296	20129	1206	3090	0	247
PF3D7_1403000	13902	10523	11668	1587	1	103
PF3D7_1143800	9866	14559	4931	4933	2	503
PF3D7_1458800	6376	18049	1691	4684	1	557
PF3D7_0316700	2158	22267	242	1915	0	19
PF3D7_0610100	2930	21495	1147	1781	0	96
PF3D7_1242000	6704	17721	1494	5210	0	211
PF3D7_0308900	12651	11774	8184	4467	0	604
PF3D7_1013900	5518	18907	1510	4007	1	384
PF3D7_0727600	8679	15746	2409	6268	0	922
PF3D7_0828500	2044	22381	923	1116	0	64
PF3D7_0411100	1190	23235	453	737	0	43
PF3D7_0212900	1569	22856	1115	452	2	36
PF3D7_0622500	3170	21255	750	2420	0	217
PF3D7_1420500	11579	12846	7587	3992	0	418
PF3D7_0717500	2697	21728	2310	370	0	16
PF3D7_0202500	1240	23185	981	259	0	30
PF3D7_0321500	14198	10227	8469	5726	3	901
PF3D7_0826000	14240	10185	9532	4708	0	863
PF3D7_1005300	5872	18553	2247	3623	1	145
PF3D7_0619600	8099	16326	653	7446	0	1261
PF3D7_1466200	17100	7325	14114	2986	0	1316
PF3D7_1351800	3865	20560	261	2845	759	123
PF3D7_1032700	19328	5097	16977	2351	0	161
PF3D7_1210400	9365	15060	4113	5252	0	513
PF3D7_0910000	9173	15252	2446	6727	0	1065
PF3D7_0219300	1701	22724	774	927	0	63
PF3D7_0717700	4208	20217	2537	1671	0	124
PF3D7_0725300	16786	7639	14458	2325	3	243
PF3D7_1401300	4793	19632	2233	2557	0	101
PF3D7_0213800	5600	18825	1753	3847	0	173
PF3D7_0806100	12214	12211	6746	5468	0	1209
PF3D7_1133500	2540	21885	2011	522	0	47
PF3D7_0611800	17764	6661	14318	3440	3	1128
PF3D7_1471300	6959	17466	3349	3528	17	281
PF3D7_0817700	11105	13320	7989	40	0	2
PF3D7_1012700	11911	12514	6573	5337	0	834
PF3D7_1303900	952	23473	872	58	0	9
PF3D7_0417600	15005	9420	12082	2890	1	183
PF3D7_0506100	2864	21561	2388	476	0	45
PF3D7_0308300	5465	18960	468	4997	0	207
PF3D7_1310500	2447	21978	622	1823	2	80
PF3D7_0909600	5371	19054	1623	3747	0	118
PF3D7_1321500	7572	16853	4103	1157	0	12
PF3D7_1110600	1934	22491	1803	126	0	14
PF3D7_0305800	14829	9596	12415	2413	1	749
PF3D7_1423500	22411	2014	20894	1516	1	353
PF3D7_1252700	5526	18899	1828	3698	0	129
PF3D7_0404700	18634	5791	17021	1603	10	282
PF3D7_1229900	5546	18879	4443	216	1	24
PF3D7_0727000	17868	6557	14932	2936	0	847
PF3D7_1028800	1334	23091	963	370	0	5
PF3D7_1329500	16272	8153	10476	5750	0	755
PF3D7_1146100	1454	22971	1130	288	1	22
PF3D7_0724300	1972	22453	1149	822	0	71
PF3D7_0215400	17982	6443	11531	6451	0	200
PF3D7_1365000	3631	20794	2102	1529	0	259
PF3D7_1408000	5911	18514	2409	3501	1	170
PF3D7_1468500	3480	20945	3256	193	0	7
PF3D7_0725000	14465	9960	6385	8080	0	505
PF3D7_1367000	604	23821	459	129	0	2
PF3D7_1110500	4774	19651	1213	3557	0	291
PF3D7_0503400	235	24190	130	105	0	3
PF3D7_0418700	11405	13020	8234	3171	0	439
PF3D7_1363400	7726	16699	1626	6100	0	562
PF3D7_1421000	2266	22159	1131	1090	0	29
PF3D7_1205800	19869	4556	16553	3315	0	1233
PF3D7_1350100	5478	18947	4108	1349	0	67
PF3D7_1345400	9102	15323	4809	3983	2	715
PF3D7_0802000	10394	14031	5281	5113	0	356
PF3D7_1423700	9855	14570	2350	7502	3	862
PF3D7_0616200	4268	20157	2297	1965	1	99
PF3D7_0629800	11385	13040	4895	6490	0	322
PF3D7_0606500	2807	21618	1282	1392	1	89
PF3D7_0718600	8837	15588	4677	4115	0	223
PF3D7_0708900	1955	22470	735	1219	1	109
PF3D7_1241100	9819	14606	6637	3182	0	58
PF3D7_1203200	1642	22783	1224	418	0	34
PF3D7_1249100	10021	14404	4635	5386	0	249
PF3D7_0914600	2314	22111	1164	1148	0	9
PF3D7_0723800	24362	63	24305	57	0	25
PF3D7_1014000	1817	22608	1763	38	0	4
PF3D7_0403300	2363	22062	2219	129	0	11
PF3D7_1140100	824	23601	724	91	0	3
PF3D7_0106500	13341	11084	6181	7160	0	1179
PF3D7_1030700	2279	22146	1197	1082	0	89
PF3D7_0409100	4674	19751	3088	1586	0	142
PF3D7_0519200	3007	21418	2299	622	0	5
PF3D7_0622900	12929	11496	8032	4897	0	889
PF3D7_0319000	10952	13473	6074	4878	0	366
PF3D7_0725400	2464	21961	2235	79	0	2
PF3D7_0213600	18908	5517	14874	3977	1	530
PF3D7_1222600	16232	8193	8671	7561	0	1948
PF3D7_0508200	5568	18857	5456	111	0	7
PF3D7_1146600	14531	9894	11466	3059	0	687
PF3D7_0512700	2652	21773	1368	1284	0	66
PF3D7_1134300	10142	14283	4449	5693	0	1691
PF3D7_0728900	7336	17089	1570	5497	15	82
PF3D7_0618500	1368	23057	664	704	0	28
PF3D7_0207600	17978	6447	16925	456	0	66
PF3D7_1336800	1906	22519	826	1080	0	71
PF3D7_1337700	3538	20887	2505	753	0	57
PF3D7_0413600	5029	19396	4035	994	0	8
PF3D7_0621500	3919	20506	2866	1053	0	95
PF3D7_0824900	10305	14120	3394	6895	16	664
PF3D7_0627700	7631	16794	2867	4763	1	224
PF3D7_0423000	1872	22553	178	1692	2	164
PF3D7_1304400	3700	20725	754	2937	7	328
PF3D7_1128500	12836	11589	8794	4042	0	411
PF3D7_1142900	3043	21382	590	2453	0	251
PF3D7_0933200	3180	21245	3072	90	0	1
PF3D7_1143400	1304	23121	1265	38	0	1
PF3D7_1316300	1011	23414	924	27	1	4
PF3D7_1136700	3025	21400	1338	1455	0	26
PF3D7_1319600	14197	10228	10252	3945	0	828
PF3D7_0209700	13164	11261	10279	2884	1	165
PF3D7_0526200	5915	18510	1630	4275	0	250
PF3D7_1304200	2898	21527	1983	914	0	37
PF3D7_1456100	2108	22317	442	1650	16	224
PF3D7_0622000	803	23622	605	178	0	19
PF3D7_1203000	6776	17649	2794	3976	6	404
PF3D7_1131100	11972	12453	7343	4629	0	579
PF3D7_1023300	510	23915	453	54	1	8
PF3D7_0915400	10750	13675	7457	3292	1	221
PF3D7_1332800	2457	21968	1650	807	0	21
PF3D7_0310500	14340	10085	9697	4643	0	1162
PF3D7_1239300	1153	23272	296	857	0	70
PF3D7_0219400	3066	21359	1167	1897	2	3
PF3D7_1354700	5443	18982	239	5184	20	225
PF3D7_0524900	23331	1094	20492	2839	0	93
PF3D7_1442900	17992	6433	12030	4452	1510	1457
PF3D7_1467100	3415	21010	1239	2174	2	282
PF3D7_0719900	16989	7436	13313	3670	6	2483
PF3D7_1412500	1808	22617	631	1110	0	4
PF3D7_1409800	4071	20354	506	3565	0	128
PF3D7_0322700	20785	3640	17997	2786	0	1354
PF3D7_0728500	1663	22762	1497	141	0	25
PF3D7_0916900	3196	21229	402	2782	12	239
PF3D7_0803800	2108	22317	1492	616	0	27
PF3D7_1444600	2800	21625	2217	583	0	55
PF3D7_1105400	1531	22894	894	637	0	19
PF3D7_0927000	1295	23130	526	769	0	27
PF3D7_1448900	483	23942	390	92	0	8
PF3D7_0506800	10237	14188	6550	3682	0	410
PF3D7_1021300	4651	19774	610	3961	0	64
PF3D7_1145700	7917	16508	1955	5962	0	352
PF3D7_1211100	2888	21537	1784	1101	3	92
PF3D7_1346700	5976	18449	1747	4229	0	91
PF3D7_0407100	4745	19680	311	4434	0	128
PF3D7_1445800	9283	15142	5236	4021	0	369
PF3D7_1143900	4435	19990	3329	928	1	106
PF3D7_1246700	4574	19851	1313	3261	0	214
PF3D7_0423600	22249	2176	21017	1232	0	353
PF3D7_0608700	3945	20480	2951	994	0	34
PF3D7_0301200	4500	19925	2045	2453	1	105
PF3D7_0531000	7496	16929	1885	5611	0	433
PF3D7_1147200	14715	9710	10211	4502	2	1784
PF3D7_1223900	787	23638	378	408	1	35
PF3D7_0912500	3663	20762	1527	2133	0	97
PF3D7_0929900	1621	22804	1353	260	0	25
PF3D7_0818600	7745	16680	1832	5691	12	107
PF3D7_0819700	11801	12624	9278	2523	0	280
PF3D7_1033500	8898	15527	6406	2492	0	296
PF3D7_1320100	2603	21822	2512	74	0	3
PF3D7_0828600	2801	21624	866	1928	7	123
PF3D7_1432800	6054	18371	2116	3937	1	356
PF3D7_0616500	19022	5403	16009	3013	0	683
PF3D7_1225600	6227	18198	3807	2375	9	153
PF3D7_1315000	1642	22783	1444	197	0	21
PF3D7_1314000	7016	17409	3160	3854	2	602
PF3D7_1430500	5058	19367	3378	1680	0	112
PF3D7_1147800	22850	1575	21963	887	0	191
PF3D7_0316400	7756	16669	4475	3281	0	361
PF3D7_0812000	2400	22025	1187	1213	0	108
PF3D7_0522300	1989	22436	1791	129	0	8
PF3D7_1364900	4954	19471	3332	1620	0	49
PF3D7_0217800	2087	22338	1583	504	0	4
PF3D7_1321100	17932	6493	14521	3401	0	1048
PF3D7_1126500	16013	8412	10954	5059	0	654
PF3D7_0810700	1523	22902	1410	73	1	7
PF3D7_1206800	7561	16864	4596	2965	0	321
PF3D7_1347300	1715	22710	1237	451	1	26
PF3D7_0313500	10542	13883	6399	4142	1	528
PF3D7_1212200	4074	20351	846	3228	0	423
PF3D7_1449200	2395	22030	2198	196	0	15
PF3D7_0730000	1261	23164	1101	160	0	17
PF3D7_0802800	4904	19521	1979	2881	44	105
PF3D7_1149300	4832	19593	1980	2852	0	214
PF3D7_1147400	1815	22610	1724	91	0	11
PF3D7_0613000	1656	22769	1624	28	0	1
PF3D7_1252300	939	23486	76	863	0	7
PF3D7_1426200	5666	18759	5483	183	0	21
PF3D7_1465200	2852	21573	1948	902	2	154
PF3D7_1439200	6415	18010	4191	1833	1	201
PF3D7_1326700	2072	22353	538	1534	0	135
PF3D7_1321400	2870	21555	2683	140	0	8
PF3D7_1025200	9677	14748	8910	767	0	82
PF3D7_1477800	644	23781	102	535	7	52
PF3D7_1006200	2404	22021	2195	199	9	3
PF3D7_0830400	1517	22908	993	521	0	40
PF3D7_0919200	691	23734	225	466	0	35
PF3D7_0630300	14128	10297	9170	4715	0	531
PF3D7_1227100	8086	16339	3544	4542	0	435
PF3D7_1435200	1857	22568	930	883	0	112
PF3D7_0927700	2487	21938	1292	1195	0	44
PF3D7_0801300	5395	19030	251	5144	0	55
PF3D7_1429500	8717	15708	4322	4393	2	390
PF3D7_1006700	11699	12726	10472	1227	0	85
PF3D7_1452700	1121	23304	752	61	0	6
PF3D7_0927800	4021	20404	3132	849	0	17
PF3D7_1407400	3210	21215	588	2617	5	126
PF3D7_1148900	2375	22050	199	2176	0	10
PF3D7_0905100	13294	11131	9744	3550	0	772
PF3D7_0527900	7366	17059	5603	1763	0	185
PF3D7_0218200	12460	11965	2343	10116	1	448
PF3D7_0202200	1196	23229	500	691	1	58
PF3D7_1141300	7372	17053	1405	5965	1	450
PF3D7_0726200	16999	7426	13861	3121	17	420
PF3D7_0507100	5890	18535	4035	1854	1	47
PF3D7_1417200	15832	8593	10475	5341	16	1925
PF3D7_0217400	994	23431	656	338	0	35
PF3D7_0315100	930	23495	703	227	0	13
PF3D7_1417600	17900	6525	13522	4375	3	1991
PF3D7_1251200	6725	17700	2065	4660	0	190
PF3D7_0205000	12562	11863	5670	6890	2	334
PF3D7_0102600	6629	17796	2155	4470	3	274
PF3D7_0501600	5523	18902	1458	4065	0	57
PF3D7_0804500	23520	905	22865	655	0	529
PF3D7_0929200	2206	22219	2155	34	0	4
PF3D7_0209100	3837	20588	3001	732	0	36
PF3D7_1420100	9812	14613	3703	6106	3	1211
PF3D7_0317700	23641	784	22088	1553	0	153
PF3D7_0421800	554	23871	74	479	1	28
PF3D7_1126300	11188	13237	7591	3594	1	330
PF3D7_0828400	6914	17511	1118	5794	2	512
PF3D7_1127300	1320	23105	619	701	0	81
PF3D7_0719400	18552	5873	13007	5545	0	816
PF3D7_1363300	4673	19752	1163	3510	0	116
PF3D7_0623100	9028	15397	7196	720	4	61
PF3D7_1335600	1786	22639	1130	656	0	70
PF3D7_1407300	5203	19222	3422	1398	0	96
PF3D7_0603200	4941	19484	2673	2267	1	134
PF3D7_1228400	24270	155	24204	66	0	26
PF3D7_1357200	4506	19919	3467	859	0	66
PF3D7_1414100	7969	16456	2835	5129	5	505
PF3D7_1401600	3019	21406	766	2248	0	227
PF3D7_0916600	985	23440	329	656	0	94
PF3D7_1018200	20384	4041	17923	2458	3	922
PF3D7_0511300	10696	13729	5373	5323	0	937
PF3D7_1011600	4674	19751	1602	3072	0	257
PF3D7_1342800	4686	19739	3772	914	0	66
PF3D7_0827000	12424	12001	7858	4448	118	1452
PF3D7_1215000	744	23681	67	677	0	60
PF3D7_0503800	935	23490	821	114	0	5
PF3D7_0629400	2899	21526	1257	1636	6	148
PF3D7_1426500	6636	17789	4482	2152	2	40
PF3D7_1306200	5160	19265	533	4627	0	171
PF3D7_1346100	4161	20264	2801	1358	2	15
PF3D7_0626000	8647	15778	2667	5980	0	998
PF3D7_1322300	10828	13597	4392	6435	1	539
PF3D7_0906000	9200	15225	5177	2753	0	463
PF3D7_1449100	6313	18112	1037	5262	0	722
PF3D7_0511200	10173	14252	7121	3051	0	66
PF3D7_0930000	5012	19413	3716	1296	0	140
PF3D7_1104800	969	23456	565	289	0	11
PF3D7_0927300	7513	16912	6451	1062	0	139
PF3D7_0218300	3211	21214	2049	1053	1	34
PF3D7_0516700	11730	12695	7552	4178	0	255
PF3D7_1252100	12994	11431	8492	4461	0	779
PF3D7_0414900	4338	20087	3934	27	0	1
PF3D7_0205600	2570	21855	1243	1327	0	97
PF3D7_0813500	5753	18672	776	4977	0	348
PF3D7_0729500	9052	15373	3854	5198	0	320
PF3D7_1474500	15749	8676	2241	6299	7209	489
PF3D7_1242300	882	23543	784	80	0	13
PF3D7_1353400	6801	17624	2061	4300	440	670
PF3D7_1412300	738	23687	548	190	0	4
PF3D7_1470600	4776	19649	1144	3626	1	325
PF3D7_0913800	4373	20052	2642	1731	0	31
PF3D7_1304300	2261	22164	712	1549	0	99
PF3D7_0728300	879	23546	186	691	2	68
PF3D7_0729400	18425	6000	17515	910	0	233
PF3D7_0715800	6508	17917	3182	3326	0	196
PF3D7_0603700	4742	19683	1912	2830	0	103
PF3D7_1248800	1552	22873	978	574	0	37
PF3D7_0813300	2636	21789	1781	855	0	55
PF3D7_0628300	2292	22133	2007	250	0	10
PF3D7_1108000	8421	16004	3422	4998	1	487
PF3D7_1332000	3574	20851	3436	127	0	7
PF3D7_1308100	2580	21845	2197	383	0	46
PF3D7_1307800	6451	17974	2794	3636	0	272
PF3D7_0606600	20198	4227	18571	1627	0	1391
PF3D7_0111600	1245	23180	189	1056	0	89
PF3D7_0910500	9555	14870	3300	6255	0	1351
PF3D7_0814300	10172	14253	4346	5826	0	865
PF3D7_0105400	276	24149	76	197	0	23
PF3D7_1423800	21908	2517	21009	889	0	155
PF3D7_0922300	2255	22170	2039	199	0	17
PF3D7_1214200	1576	22849	832	740	3	89
PF3D7_0209500	3107	21318	1220	1887	0	210
PF3D7_1443500	4019	20406	1511	2508	0	334
PF3D7_1348800	16308	8117	13838	2317	0	341
PF3D7_1475200	8301	16124	2954	5346	1	935
PF3D7_1331100	11849	12576	9044	2694	0	133
PF3D7_0403100	5058	19367	3012	2046	0	298
PF3D7_1344900	10709	13716	4408	6301	0	1118
PF3D7_1116800	6394	18031	4072	2310	0	52
PF3D7_1023900	14000	10425	9247	4720	33	1016
PF3D7_1330400	964	23461	749	210	0	8
PF3D7_1109400	3361	21064	2717	75	1	20
PF3D7_0610000	1835	22590	1491	340	0	22
PF3D7_1316200	2209	22216	996	1209	1	37
PF3D7_1030000	3793	20632	3664	127	0	22
PF3D7_1317200	17423	7002	14227	3194	2	1246
PF3D7_0716000	12969	11456	6881	6088	0	678
PF3D7_0705700	615	23810	545	70	0	3
PF3D7_0907300	2002	22423	511	1491	0	181
PF3D7_1443300	576	23849	479	97	0	10
PF3D7_0301000	8969	15456	3929	4975	65	274
PF3D7_0608000	3008	21417	2784	105	0	15
PF3D7_1203600	1963	22462	1385	575	0	28
PF3D7_0906800	6339	18086	936	5403	0	671
PF3D7_1248500	2269	22156	1621	648	0	41
PF3D7_0303300	1600	22825	360	1240	0	20
PF3D7_0809500	3456	20969	911	2545	0	16
PF3D7_1303600	687	23738	431	256	0	30
PF3D7_1226300	1256	23169	340	916	0	20
PF3D7_1229600	21691	2734	19955	1735	1	443
PF3D7_1206100	3672	20753	3534	80	0	1
PF3D7_0405500	2538	21887	1815	674	1	37
PF3D7_1220700	4216	20209	1767	2388	22	261
PF3D7_0910700	8856	15569	4067	4789	0	201
PF3D7_0627200	2745	21680	2426	149	0	17
PF3D7_0207900	14028	10397	10212	3590	1	422
PF3D7_0936300	12451	11974	7988	4373	90	234
PF3D7_1354300	10001	14424	5495	4505	0	447
PF3D7_1144500	1320	23105	372	944	4	103
PF3D7_0609500	6228	18197	4984	882	0	49
PF3D7_1318600	6154	18271	4194	1960	0	171
PF3D7_0424900	5865	18560	843	5021	1	146
PF3D7_0930200	5821	18604	4145	1588	1	69
PF3D7_1366200	770	23655	299	471	0	44
PF3D7_1472000	1508	22917	1365	124	1	17
PF3D7_0828300	6920	17505	781	6139	0	444
PF3D7_1427500	9582	14843	8214	1368	0	70
PF3D7_1414800	636	23789	103	530	0	66
PF3D7_0418000	19912	4513	16767	2813	0	480
PF3D7_1313200	5681	18744	2400	3281	0	319
PF3D7_1029900	13928	10497	8279	5648	1	638
PF3D7_0627600	2474	21951	456	2017	1	185
PF3D7_1456300	1977	22448	301	1675	1	216
PF3D7_1121200	1482	22943	1119	361	0	12
PF3D7_1466400	5910	18515	736	5174	0	260
PF3D7_0615900	22263	2162	18512	3751	0	730
PF3D7_1439600	502	23923	158	344	0	32
PF3D7_0505800	1541	22884	1410	130	0	5
PF3D7_0423500	1229	23196	665	559	0	18
PF3D7_0526000	15142	9283	10456	4686	0	526
PF3D7_1122200	1713	22712	1466	123	1	20
PF3D7_1336700	4704	19721	441	4263	0	68
PF3D7_1411500	14053	10372	9378	4675	0	664
PF3D7_0303000	5339	19086	2647	2624	68	247
PF3D7_0500800	22914	1511	21235	1679	0	92
PF3D7_0111500	1887	22538	1297	543	0	21
PF3D7_0623900	5350	19075	4244	1106	0	59
PF3D7_1413200	8544	15881	6310	2226	8	97
PF3D7_1024600	4815	19610	4619	72	0	8
PF3D7_0802200	1043	23382	379	663	1	54
PF3D7_0806500	10483	13942	6587	3896	0	159
PF3D7_1430900	1212	23213	503	709	0	29
PF3D7_1312900	9704	14721	4540	5164	0	617
PF3D7_0723000	2458	21967	1861	596	1	55
PF3D7_1447000	2764	21661	1738	1026	0	11
PF3D7_1026900	1998	22427	951	1047	0	64
PF3D7_1017900	6364	18061	3526	2837	0	85
PF3D7_0828200	9089	15336	4340	4749	0	889
PF3D7_0806600	7031	17394	3997	2927	21	287
PF3D7_0111700	438	23987	148	290	0	22
PF3D7_1463900	5974	18451	3994	37	0	2
PF3D7_0210400	469	23956	392	75	0	10
PF3D7_0108400	2037	22388	1710	202	2	12
PF3D7_1430300	19358	5067	16209	3149	0	567
PF3D7_1306400	2599	21826	1139	1460	0	27
PF3D7_0318900	2465	21960	616	1847	0	160
PF3D7_1446100	4580	19845	1994	2437	0	303
PF3D7_1249300	12975	11450	8998	3977	0	498
PF3D7_0901700	12354	12071	7843	4511	0	125
PF3D7_0319100	1037	23388	931	106	0	13
PF3D7_0930700	1828	22597	1047	775	0	105
PF3D7_0218100	3608	20817	2389	1218	0	82
PF3D7_0803300	721	23704	517	103	1	7
PF3D7_1026300	9664	14761	4933	4726	5	541
PF3D7_0606900	1130	23295	310	820	0	67
PF3D7_0809900	9195	15230	2658	6319	191	374
PF3D7_1123900	1597	22828	1504	91	0	6
PF3D7_1201600	4089	20336	165	3924	0	74
PF3D7_1141200	1034	23391	905	128	0	7
PF3D7_1037200	2530	21895	1616	180	0	25
PF3D7_0503600	6759	17666	3176	3466	0	32
PF3D7_0825600	344	24081	110	234	0	27
PF3D7_1140400	780	23645	285	492	0	46
PF3D7_1317000	3719	20706	714	3005	0	223
PF3D7_1119800	589	23836	192	397	0	22
PF3D7_0408900	4051	20374	1873	2000	0	110
PF3D7_0930800	12842	11583	7289	5552	1	1676
PF3D7_1012200	4375	20050	499	3866	0	90
PF3D7_1421800	11273	13152	7530	3741	2	178
PF3D7_1333300	1203	23222	798	405	0	41
PF3D7_0928700	17311	7114	11904	5407	0	860
PF3D7_0911100	6495	17930	2209	4283	0	479
PF3D7_0317500	17686	6739	14070	3614	1	1267
PF3D7_1014400	3447	20978	1140	2307	0	48
PF3D7_1320400	2209	22216	336	1873	0	151
PF3D7_0604300	9794	14631	4083	5711	0	622
PF3D7_0519500	17671	6754	13698	3965	0	631
PF3D7_1129600	14806	9619	11242	3564	0	807
PF3D7_1008600	5740	18685	1241	4499	0	196
PF3D7_0918600	4523	19902	1920	2603	0	340
PF3D7_0304500	1318	23107	1258	59	0	3
PF3D7_0914300	10807	13618	7714	3093	0	417
PF3D7_1038100	8861	15564	4053	4807	1	498
PF3D7_1318200	2191	22234	810	1381	0	121
PF3D7_1001300	5142	19283	2073	3051	18	72
PF3D7_0702300	18854	5571	17894	960	0	99
PF3D7_1103000	6262	18163	686	5250	0	80
PF3D7_1326200	1358	23067	447	903	0	63
PF3D7_1447800	17557	6868	13314	4242	1	1144
PF3D7_0800800	6273	18152	1590	4676	7	135
PF3D7_1232200	4075	20350	3054	1021	0	37
PF3D7_1450500	15150	9275	10894	4254	0	1445
PF3D7_1455100	1646	22779	1446	198	1	11
PF3D7_0216400	3041	21384	938	2102	1	196
PF3D7_1125900	2403	22022	2284	118	1	11
PF3D7_1207400	6172	18253	2255	3604	313	163
PF3D7_1343400	8865	15560	4820	4008	0	385
PF3D7_0301700	2206	22219	577	1626	0	48
PF3D7_1361000	7027	17398	2575	4451	1	416
PF3D7_1369000	5299	19126	4023	998	0	130
PF3D7_0724100	10144	14281	6842	2971	0	253
PF3D7_1207000	16342	8083	12364	3957	0	889
PF3D7_0626900	2406	22019	470	1936	0	159
PF3D7_0321000	4923	19502	445	4476	0	247
PF3D7_1440200	7097	17328	4555	1959	1	288
PF3D7_0704100	18133	6292	13526	4605	2	1683
PF3D7_0202900	1329	23096	1120	97	0	10
PF3D7_0524200	899	23526	514	359	0	18
PF3D7_0515100	4271	20154	1518	2726	0	173
PF3D7_1110300	9843	14582	5184	4651	7	161
PF3D7_0927500	1099	23326	983	113	0	7
PF3D7_0726700	986	23439	126	860	0	59
PF3D7_0314200	9934	14491	4053	5868	13	775
PF3D7_1346800	7492	16933	2554	4938	0	244
PF3D7_1212000	473	23952	301	157	4	16
PF3D7_0604400	4380	20045	917	3461	1	48
PF3D7_1223200	3510	20915	2058	1452	0	65
PF3D7_0109000	760	23665	316	444	0	25
PF3D7_1010800	3754	20671	712	3042	0	68
PF3D7_0812500	7427	16998	3904	3523	0	377
PF3D7_1149200	20379	4046	16582	3387	409	505
PF3D7_1102800	2148	22277	477	1671	0	28
PF3D7_1342000	2824	21601	1137	1685	2	104
PF3D7_1241400	11135	13290	4704	6420	11	1264
PF3D7_1035600	7672	16753	5128	2462	82	134
PF3D7_0609000	15862	8563	10584	5276	2	2977
PF3D7_0604000	10016	14409	3628	6387	1	1265
PF3D7_1477500	9925	14500	4557	5367	1	308
PF3D7_1314500	991	23434	409	509	0	17
PF3D7_0917800	3875	20550	1924	1948	3	170
PF3D7_0630900	7657	16768	2047	5477	5	146
PF3D7_1333800	5314	19111	683	4630	1	157
PF3D7_1235800	11178	13247	7725	2521	410	177
PF3D7_0214700	2073	22352	1894	91	6	10
PF3D7_1140300	2252	22173	741	1511	0	107
PF3D7_1145600	5609	18816	1166	4443	0	316
PF3D7_0610800	4547	19878	3587	959	1	75
PF3D7_0820000	21337	3088	18940	2395	2	622
PF3D7_1202500	9256	15169	3987	5269	0	736
PF3D7_1342400	5030	19395	4449	465	0	16
PF3D7_1003500	365	24060	173	191	0	1
PF3D7_1016700	8664	15761	2802	5858	1	919
PF3D7_0307200	2257	22168	1554	702	0	33
PF3D7_0906100	1597	22828	583	344	0	2
PF3D7_1425600	24403	22	13688	4370	6345	5
PF3D7_1008900	1204	23221	716	487	0	30
PF3D7_1236000	3335	21090	179	3156	0	178
PF3D7_1449800	936	23489	102	834	0	88
PF3D7_0814700	8699	15726	4169	4529	1	172
PF3D7_1457800	5533	18892	1266	4262	5	522
PF3D7_1437700	8036	16389	6074	1962	0	335
PF3D7_1353200	995	23430	418	575	0	41
PF3D7_0928300	1696	22729	1414	149	0	11
PF3D7_0817000	3650	20775	1697	1952	1	80
PF3D7_1411200	5479	18946	1350	4105	0	77
PF3D7_0211200	621	23804	216	405	0	30
PF3D7_1436000	8781	15644	2438	6335	8	135
PF3D7_1217100	2284	22141	1592	410	0	25
PF3D7_1447200	8315	16110	3307	5008	0	297
PF3D7_1419500	1242	23183	365	877	0	86
PF3D7_0205200	766	23659	531	205	0	38
PF3D7_1412700	11579	12846	6062	5516	1	1437
PF3D7_0622800	10462	13963	5431	5031	0	509
PF3D7_1028900	1655	22770	235	1412	4	126
PF3D7_1471700	8096	16329	4353	3742	1	451
PF3D7_0314300	2584	21841	1616	968	0	95
PF3D7_1447500	2117	22308	275	1842	0	45
PF3D7_1433300	5049	19376	3979	1056	0	61
PF3D7_0905300	18516	5909	13961	4555	0	1662
PF3D7_1361400	418	24007	166	251	1	9
PF3D7_1234000	2293	22132	381	1910	0	62
PF3D7_1107000	1306	23119	1069	227	0	9
PF3D7_1127800	17614	6811	9226	8388	0	457
PF3D7_1015500	6043	18382	4789	1252	2	196
PF3D7_1309100	609	23816	442	159	0	4
PF3D7_1437100	756	23669	308	421	0	54
PF3D7_0307800	11510	12915	9364	2146	0	142
PF3D7_0322200	4240	20185	2645	933	0	85
PF3D7_1367200	3397	21028	2266	1114	0	118
PF3D7_0322400	10399	14026	5959	4440	0	457
PF3D7_0620000	19130	5295	16895	2235	0	103
PF3D7_0315200	16436	7989	13455	2981	0	654
PF3D7_1414700	9759	14666	3342	6383	34	1040
PF3D7_1241500	2220	22205	393	1824	3	229
PF3D7_0415400	1381	23044	988	393	0	31
PF3D7_1034500	10950	13475	5953	4997	0	1328
PF3D7_1477600	24403	22	24328	75	0	4
PF3D7_1015400	6311	18114	4205	2105	1	424
PF3D7_0907400	7313	17112	2645	4668	0	407
PF3D7_1012300	1285	23140	1038	247	0	8
PF3D7_0530000	562	23863	43	519	0	65
PF3D7_0517700	7001	17424	5899	1102	0	32
PF3D7_1019900	3440	20985	139	3301	0	7
PF3D7_0502800	1362	23063	111	1251	0	47
PF3D7_1322400	15689	8736	12565	3124	0	193
PF3D7_1313300	2942	21483	2233	701	0	47
PF3D7_1017700	13262	11163	7385	5876	1	511
PF3D7_0804000	9474	14951	5726	3581	0	173
PF3D7_1422000	1142	23283	1129	11	0	2
PF3D7_1232900	2593	21832	2406	155	0	11
PF3D7_0908100	4863	19562	1580	3281	0	202
PF3D7_1002000	5661	18764	3157	2494	0	79
PF3D7_1119700	1991	22434	691	1300	0	106
PF3D7_1337100	2526	21899	2299	204	0	28
PF3D7_0525000	6893	17532	1191	5702	0	544
PF3D7_0516300	16614	7811	12657	3957	0	248
PF3D7_1408200	16860	7565	13102	3757	1	1184
PF3D7_0511100	3337	21088	3223	113	0	18
PF3D7_1201900	3100	21325	436	2664	0	58
PF3D7_0401900	16487	7938	11825	4661	1	1768
PF3D7_0618600	1619	22806	1076	458	0	5
PF3D7_0702200	2870	21555	685	2184	1	104
PF3D7_0717000	5948	18477	5196	110	0	12
PF3D7_1403600	1217	23208	1009	196	0	31
PF3D7_0309900	15575	8850	11162	4412	1	769
PF3D7_0105500	2096	22329	1176	919	1	111
PF3D7_0114700	11919	12506	1726	7080	3113	540
PF3D7_1127200	946	23479	849	96	0	13
PF3D7_1122800	13038	11387	8406	4626	0	450
PF3D7_1211400	2052	22373	1727	322	0	3
PF3D7_1327300	13424	11001	9056	4367	1	1020
PF3D7_1223800	2384	22041	400	1983	1	60
PF3D7_1411700	6894	17531	1037	5857	0	519
PF3D7_1410900	5834	18591	557	5178	4	271
PF3D7_1237100	24259	166	24061	198	0	137
PF3D7_0217500	7343	17082	6305	1038	0	20
PF3D7_0805100	4561	19864	3547	1014	0	124
PF3D7_0312400	6414	18011	5166	1195	0	13
PF3D7_1225900	6481	17944	3016	3464	1	224
PF3D7_1145900	2841	21584	2150	577	0	76
PF3D7_0305000	4580	19845	3286	1226	68	104
PF3D7_0614700	4566	19859	1249	3317	0	189
PF3D7_1366500	1047	23378	67	980	0	36
PF3D7_1471600	12082	12343	8098	3984	0	1345
PF3D7_1025000	10853	13572	6710	4119	0	291
PF3D7_0723700	17170	7255	13890	3273	7	443
PF3D7_1229500	8889	15536	4896	3993	0	40
PF3D7_0517400	11563	12862	7296	4258	9	376
PF3D7_1417700	1204	23221	818	377	0	27
PF3D7_1142500	1497	22928	737	750	0	20
PF3D7_0708600	2652	21773	2258	394	0	64
PF3D7_0501500	4417	20008	3314	1103	0	60
PF3D7_0912800	8117	16308	2705	5397	15	575
PF3D7_1419200	3827	20598	1685	2142	0	229
PF3D7_1422700	9678	14747	3241	6436	1	1140
PF3D7_1144700	3831	20594	3696	123	0	17
PF3D7_1212400	4163	20262	425	3738	0	167
PF3D7_1362400	14170	10255	9008	5161	1	1200
PF3D7_1434200	1292	23133	871	421	0	6
PF3D7_0608900	9425	15000	3962	5463	0	695
PF3D7_1121800	9486	14939	5837	3649	0	543
PF3D7_1368600	411	24014	80	331	0	13
PF3D7_1141700	2325	22100	1050	1271	0	124
PF3D7_0506300	7622	16803	5204	2395	23	177
PF3D7_0616300	1004	23421	305	699	0	73
PF3D7_1108900	3524	20901	674	2849	1	289
PF3D7_1117500	4532	19893	3090	1442	0	190
PF3D7_1006900	2102	22323	1954	143	0	17
PF3D7_1111500	634	23791	314	319	0	32
PF3D7_1466600	2321	22104	584	1736	1	150
PF3D7_1119500	3718	20707	2810	908	0	37
PF3D7_0500900	5248	19177	2121	3124	1	162
PF3D7_0827800	20481	3944	15176	5305	0	1414
PF3D7_1359500	1996	22429	375	1620	1	160
PF3D7_0816600	9581	14844	6310	3271	0	152
PF3D7_0812700	2270	22155	351	1919	0	77
PF3D7_1140900	11210	13215	4139	6862	2	687
PF3D7_1349500	20391	4034	17669	2721	0	1486
PF3D7_0528300	5198	19227	2216	2982	0	338
PF3D7_0508300	1700	22725	939	761	0	49
PF3D7_0811200	12790	11635	8085	4704	1	411
PF3D7_0502100	1508	22917	115	1393	0	103
PF3D7_1309200	6969	17456	3118	3850	1	369
PF3D7_1025600	344	24081	149	195	0	13
PF3D7_0710500	4365	20060	801	1646	0	3
PF3D7_0519400	4162	20263	954	3208	0	14
PF3D7_1350900	8071	16354	4447	3390	234	154
PF3D7_1006100	1349	23076	1260	85	0	11
PF3D7_0716600	13225	11200	9337	3887	0	118
PF3D7_0424400	20573	3852	18839	1500	234	1159
PF3D7_1348500	1006	23419	183	823	0	39
PF3D7_0629300	22524	1901	21998	519	7	73
PF3D7_1312100	9573	14852	2254	7239	80	821
PF3D7_1228600	13576	10849	11007	2568	1	404
PF3D7_1232700	5773	18652	3919	616	0	17
PF3D7_1347500	1719	22706	1292	420	0	25
PF3D7_1240100	4048	20377	2698	1350	0	52
PF3D7_1231800	15613	8812	10640	4972	1	1090
PF3D7_0830600	5529	18896	1126	4397	0	230
PF3D7_1465400	490	23935	280	210	0	14
PF3D7_0811600	9616	14809	6562	3054	0	182
PF3D7_0522100	7069	17356	1271	5798	0	353
PF3D7_1138100	625	23800	93	532	0	58
PF3D7_1022000	9638	14787	4071	5542	4	296
PF3D7_0814500	13721	10704	9259	4453	9	495
PF3D7_0107800	10143	14282	3918	6220	5	896
PF3D7_0936800	3252	21173	1617	1629	4	113
PF3D7_0916100	1249	23176	1088	133	1	12
PF3D7_0806900	3247	21178	450	2797	0	70
PF3D7_0721900	1672	22753	1592	80	0	1
PF3D7_0823600	2457	21968	669	1788	0	213
PF3D7_1307000	921	23504	390	528	0	62
PF3D7_1230000	21211	3214	18131	2498	485	414
PF3D7_0303500	16252	8173	11087	5165	0	643
PF3D7_1202700	6658	17767	2021	4637	0	177
PF3D7_0510000	15644	8781	13822	1808	0	94
PF3D7_1239600	4985	19440	1810	3175	0	126
PF3D7_1310100	8300	16125	2745	5554	1	694
PF3D7_1108600	6643	17782	3956	2687	0	51
PF3D7_0422800	8579	15846	3003	5349	0	100
PF3D7_1355300	3036	21389	2243	792	1	46
PF3D7_1366000	625	23800	159	466	0	57
PF3D7_1249800	19884	4541	15731	4146	0	1328
PF3D7_0602500	2774	21651	1356	1417	1	120
PF3D7_0931600	1720	22705	934	786	0	63
PF3D7_1038700	5238	19187	1800	3434	0	80
PF3D7_1355900	3004	21421	928	2073	3	267
PF3D7_1328900	4474	19951	1351	3106	17	70
PF3D7_0908700	2656	21769	2152	291	4	53
PF3D7_1339700	20771	3654	19119	1652	0	911
PF3D7_1014900	11056	13369	5420	5636	0	1766
PF3D7_0703000	12445	11980	6991	5451	3	1429
PF3D7_0928000	1570	22855	1490	78	0	10
PF3D7_1200900	4026	20399	848	3087	91	94
PF3D7_1118400	1353	23072	632	718	3	32
PF3D7_1236900	2539	21886	943	1580	0	117
PF3D7_0728400	1182	23243	222	957	0	46
PF3D7_0602100	11396	13029	6538	4858	0	443
PF3D7_1411100	1572	22853	1099	286	0	11
PF3D7_0202800	2628	21797	2259	369	0	34
PF3D7_1305000	8759	15666	3074	5684	1	789
PF3D7_1362000	908	23517	109	799	0	73
PF3D7_0217300	909	23516	757	149	0	5
PF3D7_0931000	5343	19082	2103	3240	0	390
PF3D7_0107700	6867	17558	2667	4200	0	122
PF3D7_0310000	2692	21733	276	2403	0	33
PF3D7_0210300	2908	21517	1825	1083	0	37
PF3D7_1251400	3558	20867	963	2593	2	201
PF3D7_1035100	10287	14138	3440	6834	13	825
PF3D7_1023100	22062	2363	20284	1778	0	401
PF3D7_0629200	1314	23111	600	714	0	33
PF3D7_1475700	4103	20322	2569	1533	1	72
PF3D7_0510700	4780	19645	3732	1048	0	112
PF3D7_1003300	591	23834	65	526	0	24
PF3D7_0922200	3064	21361	1856	1208	0	27
PF3D7_0926500	13674	10751	7751	5923	0	978
PF3D7_0829300	964	23461	812	150	0	9
PF3D7_1402000	3513	20912	2275	128	0	24
PF3D7_1427100	17593	6832	13862	3730	1	374
PF3D7_0406800	2694	21731	2421	202	1	9
PF3D7_1319500	187	24238	24	163	0	26
PF3D7_0811400	3928	20497	3344	583	0	38
PF3D7_0902400	5987	18438	4481	1458	18	151
PF3D7_1345600	3328	21097	2184	927	0	132
PF3D7_1474900	1115	23310	193	922	0	42
PF3D7_1463500	1609	22816	568	1011	0	19
PF3D7_0410400	2586	21839	1771	812	3	61
PF3D7_0810500	1183	23242	1016	95	0	3
PF3D7_0513600	21784	2641	9682	3882	8218	291
PF3D7_0932500	3284	21141	2177	839	0	22
PF3D7_1244900	7735	16690	1598	6130	0	378
PF3D7_1025800	357	24068	327	30	0	3
PF3D7_1034200	1151	23274	426	719	6	81
PF3D7_1113800	6307	18118	4952	1355	0	146
PF3D7_0816400	1777	22648	751	1026	0	17
PF3D7_1355100	8001	16424	6662	1339	0	70
PF3D7_0215800	7063	17362	3098	3963	2	296
PF3D7_1471800	3479	20946	1485	1994	0	159
PF3D7_1330300	2785	21640	525	2081	0	46
PF3D7_1318500	3090	21335	2634	133	0	8
PF3D7_0915500	5064	19361	636	4427	1	344
PF3D7_0817100	7366	17059	3706	3660	0	368
PF3D7_1473500	4582	19843	678	3902	2	500
PF3D7_1108400	1601	22824	738	863	0	12
PF3D7_1438500	6254	18171	3765	2489	0	304
PF3D7_1335800	3859	20566	1240	2588	31	152
PF3D7_0506700	16294	8131	13202	3092	0	522
PF3D7_0707800	8147	16278	4865	3281	0	407
PF3D7_0611000	1393	23032	1043	342	0	18
PF3D7_1247600	4269	20156	1706	2562	1	184
PF3D7_0711200	10483	13942	3704	6779	0	1190
PF3D7_1332700	5054	19371	2469	2585	0	203
PF3D7_0516600	14172	10253	10060	4112	0	814
PF3D7_0816800	3643	20782	3550	40	0	1
PF3D7_1417800	8592	15833	6577	2015	0	54
PF3D7_1008500	20093	4332	16978	3115	0	612
PF3D7_1210600	6405	18020	1429	4976	0	567
PF3D7_0629500	5506	18919	2688	2818	0	98
PF3D7_1224000	2680	21745	790	1890	0	124
PF3D7_1134200	10136	14289	4942	5194	0	1198
PF3D7_1418300	1079	23346	259	820	0	44
PF3D7_1339400	976	23449	340	611	23	15
PF3D7_1325300	951	23474	472	479	0	35
PF3D7_0301100	3397	21028	416	2858	118	134
PF3D7_1458600	9560	14865	3294	6254	12	943
PF3D7_0311700	4895	19530	3935	754	0	34
PF3D7_1209200	1188	23237	1086	97	0	9
PF3D7_1456200	7610	16815	4337	3273	0	354
PF3D7_0932200	841	23584	720	107	0	7
PF3D7_1419800	3384	21041	1289	2093	0	113
PF3D7_1006600	3068	21357	2805	263	0	22
PF3D7_0320600	2007	22418	1982	23	0	4
PF3D7_0703700	4662	19763	581	4081	0	178
PF3D7_1469400	5945	18480	1724	4216	5	322
PF3D7_0513900	908	23517	335	573	0	81
PF3D7_0912400	1076	23349	532	528	0	47
PF3D7_0526100	2930	21495	1152	1778	0	176
PF3D7_0404600	22288	2137	20032	2252	4	1372
PF3D7_1416600	11488	12937	5656	5832	0	2691
PF3D7_0109100	6997	17428	5267	1729	0	217
PF3D7_1304000	5940	18485	2263	3675	0	450
PF3D7_0504000	17136	7289	12923	4212	1	1106
PF3D7_1347200	4537	19888	2030	2506	1	89
PF3D7_0415600	1381	23044	773	608	0	45
PF3D7_1242500	3257	21168	1955	1301	1	161
PF3D7_0305100	23158	1267	14690	8468	0	839
PF3D7_1452300	2688	21737	1479	1208	1	133
PF3D7_1402800	18693	5732	14493	4200	0	1251
PF3D7_0816000	3043	21382	698	2344	1	186
PF3D7_0509000	1950	22475	1782	165	0	22
PF3D7_0508000	8815	15610	2702	6113	0	547
PF3D7_0208200	1411	23014	447	961	3	61
PF3D7_1012400	3656	20769	3311	314	31	4
PF3D7_0521400	4951	19474	2814	2132	5	156
PF3D7_0807000	1095	23330	1018	71	0	4
PF3D7_0808400	5903	18522	975	4928	0	69
PF3D7_0508900	23611	814	22579	1032	0	471
PF3D7_1021700	23164	1261	21247	1896	4	697
PF3D7_0423400	6272	18153	2466	3805	1	130
PF3D7_1019300	14343	10082	8560	5782	1	1026
PF3D7_0303200	17158	7267	14065	3093	0	345
PF3D7_0830500	10110	14315	4293	5817	0	521
PF3D7_1422600	9738	14687	4706	5032	0	363
PF3D7_1448200	8715	15710	4238	4400	2	408
PF3D7_1349400	6713	17712	3506	3204	0	103
PF3D7_1320000	11108	13317	5191	5917	0	678
PF3D7_1030400	6862	17563	4344	2509	0	104
PF3D7_1468700	4618	19807	4030	584	1	6
PF3D7_1230900	15150	9275	11710	3440	0	344
PF3D7_0825200	474	23951	295	178	0	22
PF3D7_0209200	1483	22942	1340	127	1	21
PF3D7_0501200	6279	18146	1855	4424	0	146
PF3D7_0816200	1024	23401	195	829	0	36
PF3D7_1429200	9097	15328	5008	4089	0	512
PF3D7_0914900	6711	17714	1078	5632	1	442
PF3D7_0306600	4707	19718	2174	2533	0	20
PF3D7_0815900	4488	19937	1775	2713	0	273
PF3D7_1328400	4302	20123	798	3504	0	297
PF3D7_1462500	5917	18508	5212	113	1	16
PF3D7_0513400	3982	20443	2664	1292	0	23
PF3D7_1220300	10024	14401	3146	6872	0	1370
PF3D7_0504200	6045	18380	2841	3184	0	99
PF3D7_0630700	7406	17019	1218	6188	0	560
PF3D7_1357500	8505	15920	6394	2111	0	214
PF3D7_1102600	7615	16810	2316	5093	203	141
PF3D7_0510500	5319	19106	3627	1692	0	145
PF3D7_1302500	11947	12478	7660	2978	22	385
PF3D7_1466000	3754	20671	3458	181	0	16
PF3D7_1470900	485	23940	246	238	0	13
PF3D7_0713200	9534	14891	2942	5931	661	186
PF3D7_0729800	1120	23305	908	212	0	18
PF3D7_0418300	16727	7698	12698	4029	0	575
PF3D7_1409200	1684	22741	999	669	1	93
PF3D7_1012100	2339	22086	1622	717	0	106
PF3D7_0305600	4738	19687	1992	2746	0	257
PF3D7_1404300	4375	20050	144	4231	0	65
PF3D7_1468800	7809	16616	5106	2703	0	417
PF3D7_1358200	14042	10383	8364	5678	0	1598
PF3D7_0616600	10760	13665	6610	4150	0	366
PF3D7_0711100	3845	20580	112	3733	0	68
PF3D7_1037000	14322	10103	10602	3720	0	933
PF3D7_0826100	17625	6800	12085	5540	0	3044
PF3D7_1445600	5225	19200	2533	2256	1	131
PF3D7_1310300	848	23577	246	602	0	63
PF3D7_0514000	3294	21131	2543	707	44	37
PF3D7_0505500	9043	15382	6695	2197	0	122
PF3D7_1336200	5276	19149	3747	1516	2	111
PF3D7_1027500	1844	22581	1760	84	0	16
PF3D7_1127400	1238	23187	935	293	5	28
PF3D7_0936000	17258	7167	674	4850	11632	27
PF3D7_0605600	15169	9256	11570	3592	0	1557
PF3D7_0601900	452	23973	352	95	0	3
PF3D7_0821900	526	23899	393	131	0	15
PF3D7_0621100	9101	15324	3001	6099	1	707
PF3D7_0522500	1505	22920	850	653	0	25
PF3D7_0729700	8141	16284	2054	5335	1	133
PF3D7_0422700	3097	21328	2400	697	0	24
PF3D7_1476600	10470	13955	4711	5472	287	1268
PF3D7_0620500	4357	20068	1520	2835	2	304
PF3D7_0609700	18991	5434	14423	4566	0	1438
PF3D7_1202400	2740	21685	1573	1157	0	11
PF3D7_1115000	631	23794	328	302	0	36
PF3D7_1459200	7718	16707	1327	6391	0	951
PF3D7_0612300	749	23676	375	374	0	30
PF3D7_0506900	12854	11571	7860	4993	1	348
PF3D7_0923400	12371	12054	7572	4799	0	658
PF3D7_0301900	8724	15701	4731	3992	1	107
PF3D7_1336900	4760	19665	3318	1442	0	111
PF3D7_1010000	1861	22564	1508	352	1	18
PF3D7_1477700	2910	21515	643	2142	2	111
PF3D7_1137200	6127	18298	1153	4974	0	231
PF3D7_1222700	448	23977	249	199	0	21
PF3D7_1330700	3168	21257	1735	1364	0	127
PF3D7_0319800	4126	20299	583	3543	0	196
PF3D7_1105900	2649	21776	648	2001	0	57
PF3D7_0812800	588	23837	312	276	0	9
PF3D7_0704700	9785	14640	2145	7640	0	943
PF3D7_0312300	1455	22970	763	692	0	57
PF3D7_1113000	14628	9797	8759	5724	6	2077
PF3D7_0113400	13258	11167	8822	4278	158	187
PF3D7_1329900	9495	14930	6004	3491	0	312
PF3D7_0723600	2078	22347	1745	328	0	35
PF3D7_1440600	3526	20899	1294	1915	0	16
PF3D7_0511500	21336	3089	19113	2222	1	1248
PF3D7_0630000	3704	20721	1722	1942	0	12
PF3D7_1226900	3853	20572	2532	1321	0	126
PF3D7_1408900	1562	22863	696	865	1	56
PF3D7_0929100	2337	22088	1514	818	0	79
PF3D7_0308600	3761	20664	2440	1321	0	129
PF3D7_1343500	4541	19884	3941	597	0	85
PF3D7_0709700	6364	18061	1607	4757	0	66
PF3D7_0402900	5439	18986	1825	3611	2	54
PF3D7_1443900	8349	16076	5993	2350	6	173
PF3D7_0823500	4760	19665	3011	1749	0	174
PF3D7_1104900	19573	4852	16335	3236	2	855
PF3D7_1360900	2387	22038	2163	209	0	15
PF3D7_0933000	3955	20470	707	3248	0	325
PF3D7_1470400	1133	23292	862	263	2	18
PF3D7_1477300	5820	18605	1849	3971	0	170
PF3D7_0629100	7097	17328	2807	4290	0	111
PF3D7_0907600	6806	17619	3144	3662	0	559
PF3D7_1124700	5891	18534	2991	2853	47	126
PF3D7_1036700	929	23496	841	46	0	8
PF3D7_1329400	5598	18827	3087	2366	0	43
PF3D7_1335500	3160	21265	2413	636	0	32
PF3D7_1352500	675	23750	263	402	0	21
PF3D7_0210500	8221	16204	4132	4089	0	528
PF3D7_0719500	1447	22978	659	753	0	28
PF3D7_0920300	2587	21838	511	1994	0	49
PF3D7_1128100	1059	23366	463	592	0	29
PF3D7_0810300	4713	19712	1069	3602	0	59
PF3D7_1425800	13289	11136	6234	7055	0	489
PF3D7_0417300	11448	12977	9829	1618	1	48
PF3D7_1133300	1205	23220	716	489	0	46
PF3D7_1326300	8667	15758	4053	4612	2	233
PF3D7_1354200	6965	17460	1996	4969	0	451
PF3D7_1033700	5508	18917	4059	1414	1	29
PF3D7_1460900	1511	22914	1299	190	0	24
PF3D7_0520200	6096	18329	2959	3136	1	326
PF3D7_0815700	2786	21639	1403	1383	0	120
PF3D7_1327900	3679	20746	3618	48	0	13
